document_id,ngo_id,document_type,document_name,document_year,source_url,source_type,publication_date,retrieved_at,document_hash,extraction_status,verification_status,extraction_confidence
DOC_FIN_NGO_00001_FY2025-26,NGO_00001,Audit,Audited Financial Statement FY2025-26,2025,https://eleos.org/docs/FIN_NGO_00001_FY2025-26.pdf,Public Repository,2025-09-30,2026-09-16T10:00:00,f4e402372f0e6c6ba221cdce3e901747c9566c89e3b3b5ca1a2ee5aa002ef17b,Success,Verified,0.95
DOC_REG_NGO_00001,NGO_00001,Registration,Trust Registration Certificate,2025,https://eleos.org/docs/reg_NGO_00001.pdf,Government,2025-01-03,2026-09-16T10:00:00,0fd16df81bec63a1a496104c787e6030246fb63b7842cb23ae587649876019ed,Success,Externally verified,0.98
DOC_FIN_NGO_00002_FY2025-26,NGO_00002,Audit,Audited Financial Statement FY2025-26,2025,https://eleos.org/docs/FIN_NGO_00002_FY2025-26.pdf,Public Repository,2025-09-30,2026-09-16T10:00:00,52b25218323d4a70ed33d559c6dca9510d49915f3bb9a30205218afbfcce837c,Success,Verified,0.95
DOC_FIN_NGO_00002_FY2024-25,NGO_00002,Audit,Audited Financial Statement FY2024-25,2024,https://eleos.org/docs/FIN_NGO_00002_FY2024-25.pdf,Public Repository,2024-09-30,2026-09-16T10:00:00,dc39c0bcc407e48828bc3dead77bf85e2db181378c038c870c516a46ee9d9784,Success,Verified,0.95
DOC_REG_NGO_00002,NGO_00002,Registration,Section 8 Registration Certificate,2019,https://eleos.org/docs/reg_NGO_00002.pdf,Government,2019-07-09,2026-09-16T10:00:00,881b5a6a7ccc24832aa03cf45b65a0a44e927c51a15f6d0f713a9c450c80b589,Success,Externally verified,0.98
DOC_FIN_NGO_00003_FY2025-26,NGO_00003,Audit,Audited Financial Statement FY2025-26,2025,https://eleos.org/docs/FIN_NGO_00003_FY2025-26.pdf,Public Repository,2025-09-30,2026-09-16T10:00:00,efc6681a50ba46875bf3374390ab94e7c84784bf6e023927850e61c1961b89cd,Success,Verified,0.95
DOC_FIN_NGO_00003_FY2024-25,NGO_00003,Audit,Audited Financial Statement FY2024-25,2024,https://eleos.org/docs/FIN_NGO_00003_FY2024-25.pdf,Public Repository,2024-09-30,2026-09-16T10:00:00,db52840e5f2069cdf954ad2b9f3fc885cda3446de0f9529db2ea114e17e26ff2,Success,Verified,0.95
DOC_REG_NGO_00003,NGO_00003,Registration,Trust Registration Certificate,2018,https://eleos.org/docs/reg_NGO_00003.pdf,Government,2018-03-24,2026-09-16T10:00:00,f272b9daa7e7e5f704447c26632c3109af4c22f8962246387dd4fa85c6d9a48e,Success,Externally verified,0.98
DOC_REG_NGO_00004,NGO_00004,Registration,Section 8 Registration Certificate,2025,https://eleos.org/docs/reg_NGO_00004.pdf,Government,2025-09-05,2026-09-16T10:00:00,f7b07441a296c97929f81207ec7c2185d3e17302afa69a9d167231e6c2270a3c,Success,Externally verified,0.98
DOC_FIN_NGO_00005_FY2025-26,NGO_00005,Audit,Audited Financial Statement FY2025-26,2025,https://eleos.org/docs/FIN_NGO_00005_FY2025-26.pdf,Public Repository,2025-09-30,2026-09-16T10:00:00,8b0e9db1f170a2d18aa6852e75d170a048c74685e5c558b68dab04e1aaf6abc3,Success,Verified,0.95
DOC_FIN_NGO_00005_FY2024-25,NGO_00005,Audit,Audited Financial Statement FY2024-25,2024,https://eleos.org/docs/FIN_NGO_00005_FY2024-25.pdf,Public Repository,2024-09-30,2026-09-16T10:00:00,6bf959776ae6021a92ec117b4c22edb7ef60a09446213d503eb9f937c6c009f8,Success,Verified,0.95
DOC_REG_NGO_00005,NGO_00005,Registration,Society Registration Certificate,2023,https://eleos.org/docs/reg_NGO_00005.pdf,Government,2023-02-12,2026-09-16T10:00:00,431bfc2335d8489f73bb0d8863bb6e25bd37b8c35d417732be8020d5fcb135f1,Success,Externally verified,0.98
DOC_FIN_NGO_00006_FY2025-26,NGO_00006,Audit,Audited Financial Statement FY2025-26,2025,https://eleos.org/docs/FIN_NGO_00006_FY2025-26.pdf,Public Repository,2025-09-30,2026-09-16T10:00:00,8fe8b9806f54fd38f0f9ee9c0aba970eee51a22fe9307c226d2412f5866a5847,Success,Verified,0.95
DOC_FIN_NGO_00006_FY2024-25,NGO_00006,Audit,Audited Financial Statement FY2024-25,2024,https://eleos.org/docs/FIN_NGO_00006_FY2024-25.pdf,Public Repository,2024-09-30,2026-09-16T10:00:00,210ef98e16a238f24772eeeadebaf56f12eb2d8bb5fab84383488e8e0bf4ff0a,Success,Verified,0.95
DOC_FIN_NGO_00006_FY2023-24,NGO_00006,Audit,Audited Financial Statement FY2023-24,2023,https://eleos.org/docs/FIN_NGO_00006_FY2023-24.pdf,Public Repository,2023-09-30,2026-09-16T10:00:00,fe0e4f1940e49075ced13c9e7b2abbae58780da74c2a404e42e2aa340a6892b6,Success,Verified,0.95
DOC_REG_NGO_00006,NGO_00006,Registration,Society Registration Certificate,2014,https://eleos.org/docs/reg_NGO_00006.pdf,Government,2014-09-16,2026-09-16T10:00:00,1a57828c675398e3b81368739caa91c5bcd7dc2084bba504a285188646ead4bd,Success,Self-reported,0.98
DOC_FIN_NGO_00007_FY2025-26,NGO_00007,Audit,Audited Financial Statement FY2025-26,2025,https://eleos.org/docs/FIN_NGO_00007_FY2025-26.pdf,Public Repository,2025-09-30,2026-09-16T10:00:00,b155c548730685ede1a3489b5077b8f2768a28e63f0c85ce0754d242cd268c9d,Success,Verified,0.95
DOC_REG_NGO_00007,NGO_00007,Registration,Trust Registration Certificate,2024,https://eleos.org/docs/reg_NGO_00007.pdf,Government,2024-04-21,2026-09-16T10:00:00,d75c22825050f84e6e296b7a4a0f48660cfda726cef0270416e5deb51af7675f,Success,Externally verified,0.98
DOC_FIN_NGO_00008_FY2025-26,NGO_00008,Audit,Audited Financial Statement FY2025-26,2025,https://eleos.org/docs/FIN_NGO_00008_FY2025-26.pdf,Public Repository,2025-09-30,2026-09-16T10:00:00,184d7b13a0242471a9c043c8c0209142e075df0bfc5df23e2fb2ad0ad1fef7ad,Success,Verified,0.95
DOC_FIN_NGO_00008_FY2024-25,NGO_00008,Audit,Audited Financial Statement FY2024-25,2024,https://eleos.org/docs/FIN_NGO_00008_FY2024-25.pdf,Public Repository,2024-09-30,2026-09-16T10:00:00,b981aceea949356fe0aa685e01151e6e15a7e708d2bc8f945df0f2760b8591a3,Success,Verified,0.95
DOC_REG_NGO_00008,NGO_00008,Registration,Section 8 Registration Certificate,2024,https://eleos.org/docs/reg_NGO_00008.pdf,Government,2024-03-16,2026-09-16T10:00:00,46c98367d0d5b52e12f15c0d1f4dfad179a6e16696d67df5e0abb7c50fc8135c,Success,Externally verified,0.98
DOC_FIN_NGO_00009_FY2025-26,NGO_00009,Audit,Audited Financial Statement FY2025-26,2025,https://eleos.org/docs/FIN_NGO_00009_FY2025-26.pdf,Public Repository,2025-09-30,2026-09-16T10:00:00,debf77e1c9e5a72dc4de504b10251e010bcdb78e43c7c3bc9c1ec92309ed38d0,Success,Verified,0.95
DOC_FIN_NGO_00009_FY2024-25,NGO_00009,Audit,Audited Financial Statement FY2024-25,2024,https://eleos.org/docs/FIN_NGO_00009_FY2024-25.pdf,Public Repository,2024-09-30,2026-09-16T10:00:00,e192323edacca3fd7c00cfb81b1defff0a3979e01a7aa57c1cd1a5c111e270b3,Success,Verified,0.95
DOC_REG_NGO_00009,NGO_00009,Registration,Society Registration Certificate,2022,https://eleos.org/docs/reg_NGO_00009.pdf,Government,2022-10-24,2026-09-16T10:00:00,ea0644e342aef7d8caeb396d8e89a56c491c1c26e9cdca98578e8f873a6c9f8a,Success,Self-reported,0.98
DOC_FIN_NGO_00010_FY2025-26,NGO_00010,Audit,Audited Financial Statement FY2025-26,2025,https://eleos.org/docs/FIN_NGO_00010_FY2025-26.pdf,Public Repository,2025-09-30,2026-09-16T10:00:00,9084036dd098b6499c433116faddbea773c71e2ca05e69461f8a6b6864809608,Success,Verified,0.95
DOC_FIN_NGO_00010_FY2024-25,NGO_00010,Audit,Audited Financial Statement FY2024-25,2024,https://eleos.org/docs/FIN_NGO_00010_FY2024-25.pdf,Public Repository,2024-09-30,2026-09-16T10:00:00,c28bbaa6af11b1ab3c6aacfdabf498b66c0038c26dfbbbd1dc22d89fb34bd69b,Success,Verified,0.95
DOC_REG_NGO_00010,NGO_00010,Registration,Section 8 Registration Certificate,2025,https://eleos.org/docs/reg_NGO_00010.pdf,Government,2025-10-25,2026-09-16T10:00:00,bf969c1c3eaa698d0d2ec5222a7ac87633892296e9860d4d2ebe24fff4fff08f,Success,Externally verified,0.98
DOC_FIN_NGO_00011_FY2025-26,NGO_00011,Audit,Audited Financial Statement FY2025-26,2025,https://eleos.org/docs/FIN_NGO_00011_FY2025-26.pdf,Public Repository,2025-09-30,2026-09-16T10:00:00,7c97bb9ea0ac7783ed9153092b935a720644513a82b7736e609e75d22e941894,Success,Verified,0.95
DOC_FIN_NGO_00011_FY2024-25,NGO_00011,Audit,Audited Financial Statement FY2024-25,2024,https://eleos.org/docs/FIN_NGO_00011_FY2024-25.pdf,Public Repository,2024-09-30,2026-09-16T10:00:00,183137a21d4ca29ea4d44c8ea228233701b1df59ea3329c7c8020b256d771cac,Success,Verified,0.95
DOC_REG_NGO_00011,NGO_00011,Registration,Trust Registration Certificate,2004,https://eleos.org/docs/reg_NGO_00011.pdf,Government,2004-09-15,2026-09-16T10:00:00,c022072476287aee3a04803634685509808c271c0fecaf16bd91f46ab704bb85,Success,Externally verified,0.98
DOC_FIN_NGO_00012_FY2025-26,NGO_00012,Audit,Audited Financial Statement FY2025-26,2025,https://eleos.org/docs/FIN_NGO_00012_FY2025-26.pdf,Public Repository,2025-09-30,2026-09-16T10:00:00,624f9d2dc0926049c90922be7fd562cc13502b61bd85a81923add1f66d6edc50,Success,Verified,0.95
DOC_FIN_NGO_00012_FY2024-25,NGO_00012,Audit,Audited Financial Statement FY2024-25,2024,https://eleos.org/docs/FIN_NGO_00012_FY2024-25.pdf,Public Repository,2024-09-30,2026-09-16T10:00:00,f13922c9c10911829f558659558c1900c6f6b1c931bc2eb96436e005f80fe750,Success,Verified,0.95
DOC_FIN_NGO_00012_FY2023-24,NGO_00012,Audit,Audited Financial Statement FY2023-24,2023,https://eleos.org/docs/FIN_NGO_00012_FY2023-24.pdf,Public Repository,2023-09-30,2026-09-16T10:00:00,aaa108d6e4bed96563118825757332cfac4ee622903803d1dabf956d57f20ccd,Success,Verified,0.95
DOC_REG_NGO_00012,NGO_00012,Registration,Society Registration Certificate,2021,https://eleos.org/docs/reg_NGO_00012.pdf,Government,2021-06-17,2026-09-16T10:00:00,4f97509ee88ba8d3d50aeff8b7966bfedfe48d1d9eda090a4a6f1ac696b6ba0a,Success,Externally verified,0.98
DOC_FIN_NGO_00013_FY2025-26,NGO_00013,Audit,Audited Financial Statement FY2025-26,2025,https://eleos.org/docs/FIN_NGO_00013_FY2025-26.pdf,Public Repository,2025-09-30,2026-09-16T10:00:00,a66188ec83715a57385609a584a6470b91c9a901a66c35764d0252a59e247838,Success,Verified,0.95
DOC_FIN_NGO_00013_FY2024-25,NGO_00013,Audit,Audited Financial Statement FY2024-25,2024,https://eleos.org/docs/FIN_NGO_00013_FY2024-25.pdf,Public Repository,2024-09-30,2026-09-16T10:00:00,affdcbf5930abb808466026604550340248ae77fb4190b76b4a06c572c0ded1f,Success,Verified,0.95
DOC_FIN_NGO_00013_FY2023-24,NGO_00013,Audit,Audited Financial Statement FY2023-24,2023,https://eleos.org/docs/FIN_NGO_00013_FY2023-24.pdf,Public Repository,2023-09-30,2026-09-16T10:00:00,10c8ff5abd9522747ae07ad26f2d46af81c70a07a82e90178b9549644ac2d289,Success,Verified,0.95
DOC_FIN_NGO_00013_FY2022-23,NGO_00013,Audit,Audited Financial Statement FY2022-23,2022,https://eleos.org/docs/FIN_NGO_00013_FY2022-23.pdf,Public Repository,2022-09-30,2026-09-16T10:00:00,180e1c052ab0f0d4070997731edfa70069fe998d2cd047cc2e1a1d865a17fc19,Success,Verified,0.95
DOC_FIN_NGO_00013_FY2021-22,NGO_00013,Audit,Audited Financial Statement FY2021-22,2021,https://eleos.org/docs/FIN_NGO_00013_FY2021-22.pdf,Public Repository,2021-09-30,2026-09-16T10:00:00,b42414f3c7d0ab51a0b3671372475b36a2487553486ab18a1ef79bed1bb3d526,Success,Verified,0.95
DOC_REG_NGO_00013,NGO_00013,Registration,Society Registration Certificate,2012,https://eleos.org/docs/reg_NGO_00013.pdf,Government,2012-11-17,2026-09-16T10:00:00,3a37fdfd66131f5433a928eedf23b9189b232d4d84f055c7e1c6b7d5ef938431,Success,Externally verified,0.98
DOC_FIN_NGO_00014_FY2025-26,NGO_00014,Audit,Audited Financial Statement FY2025-26,2025,https://eleos.org/docs/FIN_NGO_00014_FY2025-26.pdf,Public Repository,2025-09-30,2026-09-16T10:00:00,ed5ff409a213c44a0d9d7407e3ce94b2f7e42f543ae9c57ea13234300f38ea1e,Success,Verified,0.95
DOC_FIN_NGO_00014_FY2024-25,NGO_00014,Audit,Audited Financial Statement FY2024-25,2024,https://eleos.org/docs/FIN_NGO_00014_FY2024-25.pdf,Public Repository,2024-09-30,2026-09-16T10:00:00,c4752f35aa6fedc52b07ac49c3643471092070822bff6b5eb7d7a6c7106078f2,Success,Verified,0.95
DOC_REG_NGO_00014,NGO_00014,Registration,Section 8 Registration Certificate,2022,https://eleos.org/docs/reg_NGO_00014.pdf,Government,2022-06-06,2026-09-16T10:00:00,8094b4c0afb14cdf241eb4e32459fe59bdc10824cfc9f865cc25bea7391f3645,Success,Externally verified,0.98
DOC_FIN_NGO_00015_FY2025-26,NGO_00015,Audit,Audited Financial Statement FY2025-26,2025,https://eleos.org/docs/FIN_NGO_00015_FY2025-26.pdf,Public Repository,2025-09-30,2026-09-16T10:00:00,b0b8a7c8e85b6d13fe788efcf0627dba1efcd63c4cc98b3a6bb323620c7bc949,Success,Verified,0.95
DOC_FIN_NGO_00015_FY2024-25,NGO_00015,Audit,Audited Financial Statement FY2024-25,2024,https://eleos.org/docs/FIN_NGO_00015_FY2024-25.pdf,Public Repository,2024-09-30,2026-09-16T10:00:00,6f96b07adb633126894a7b3e6af722f385bc5f7c2361acbe1dfb47d59541987d,Success,Verified,0.95
DOC_FIN_NGO_00015_FY2023-24,NGO_00015,Audit,Audited Financial Statement FY2023-24,2023,https://eleos.org/docs/FIN_NGO_00015_FY2023-24.pdf,Public Repository,2023-09-30,2026-09-16T10:00:00,cfb03a307c8d0fe3ceda7e445010cdb540072a802929661dfd86692b6592938a,Success,Verified,0.95
DOC_FIN_NGO_00015_FY2022-23,NGO_00015,Audit,Audited Financial Statement FY2022-23,2022,https://eleos.org/docs/FIN_NGO_00015_FY2022-23.pdf,Public Repository,2022-09-30,2026-09-16T10:00:00,98ad4bd15f29f2b4b2044f8ad2765303ca66b609de5deeb38fecdeb2474ef40e,Success,Verified,0.95
DOC_FIN_NGO_00015_FY2021-22,NGO_00015,Audit,Audited Financial Statement FY2021-22,2021,https://eleos.org/docs/FIN_NGO_00015_FY2021-22.pdf,Public Repository,2021-09-30,2026-09-16T10:00:00,58cc15dcd84ce40ea5097b5bc6586cdcd0b8f71127d1108981bc4e3f98f8f97d,Success,Verified,0.95
DOC_REG_NGO_00015,NGO_00015,Registration,Society Registration Certificate,2000,https://eleos.org/docs/reg_NGO_00015.pdf,Government,2000-12-22,2026-09-16T10:00:00,e343cb10593aec11eac3ce17359cf6a53160d0c3e525df13d55a930ab2232de0,Success,Externally verified,0.98
DOC_FIN_NGO_00016_FY2025-26,NGO_00016,Audit,Audited Financial Statement FY2025-26,2025,https://eleos.org/docs/FIN_NGO_00016_FY2025-26.pdf,Public Repository,2025-09-30,2026-09-16T10:00:00,29c6b4dd87f58d9fffc098a4340c720a0e571eaa56092e6da109b08d41511f56,Success,Verified,0.95
DOC_FIN_NGO_00016_FY2024-25,NGO_00016,Audit,Audited Financial Statement FY2024-25,2024,https://eleos.org/docs/FIN_NGO_00016_FY2024-25.pdf,Public Repository,2024-09-30,2026-09-16T10:00:00,70b3c3b55aaada9b335256de5574d69dfc7414fc0c88296a8843a6a15b12f0d1,Success,Verified,0.95
DOC_REG_NGO_00016,NGO_00016,Registration,Trust Registration Certificate,2013,https://eleos.org/docs/reg_NGO_00016.pdf,Government,2013-06-05,2026-09-16T10:00:00,e7fd73da9d05dd0c2fc364a1c6576111ab30155fe87f45862ad4b8f10a0cfaba,Success,Externally verified,0.98
DOC_FIN_NGO_00017_FY2025-26,NGO_00017,Audit,Audited Financial Statement FY2025-26,2025,https://eleos.org/docs/FIN_NGO_00017_FY2025-26.pdf,Public Repository,2025-09-30,2026-09-16T10:00:00,cda827b6f85d8d7ead4077da56676bef08a7d37e7c06dea6d46ea71925bc2722,Success,Verified,0.95
DOC_REG_NGO_00017,NGO_00017,Registration,Trust Registration Certificate,2023,https://eleos.org/docs/reg_NGO_00017.pdf,Government,2023-08-07,2026-09-16T10:00:00,fe50802028062c6a95434dfc570692b3e2ae4d29f8292aaaeac793c9db880121,Success,Externally verified,0.98
DOC_FIN_NGO_00018_FY2025-26,NGO_00018,Audit,Audited Financial Statement FY2025-26,2025,https://eleos.org/docs/FIN_NGO_00018_FY2025-26.pdf,Public Repository,2025-09-30,2026-09-16T10:00:00,cee319403c2d47f464bd9723da41b54d9e007a99799536ea4e8af18f35d79cda,Success,Verified,0.95
DOC_FIN_NGO_00018_FY2024-25,NGO_00018,Audit,Audited Financial Statement FY2024-25,2024,https://eleos.org/docs/FIN_NGO_00018_FY2024-25.pdf,Public Repository,2024-09-30,2026-09-16T10:00:00,8340f1fe062808498753fdc24bd4d9e9a50249137743a1ccec65819f88193054,Success,Verified,0.95
DOC_REG_NGO_00018,NGO_00018,Registration,Section 8 Registration Certificate,2021,https://eleos.org/docs/reg_NGO_00018.pdf,Government,2021-05-05,2026-09-16T10:00:00,1e375d183d41511565496f327dc8118f2a18424e5c9941d903c6c09544553d68,Success,Externally verified,0.98
DOC_FIN_NGO_00019_FY2025-26,NGO_00019,Audit,Audited Financial Statement FY2025-26,2025,https://eleos.org/docs/FIN_NGO_00019_FY2025-26.pdf,Public Repository,2025-09-30,2026-09-16T10:00:00,df46a5a2bfc85408b7dd587265b17fd4aad9cd1c2373877970e665e210512eea,Success,Verified,0.95
DOC_FIN_NGO_00019_FY2024-25,NGO_00019,Audit,Audited Financial Statement FY2024-25,2024,https://eleos.org/docs/FIN_NGO_00019_FY2024-25.pdf,Public Repository,2024-09-30,2026-09-16T10:00:00,e1c2ad3c01389bfa205c323ed1092e932d990790ce5c89dbe8cea08182dd5a19,Success,Verified,0.95
DOC_FIN_NGO_00019_FY2023-24,NGO_00019,Audit,Audited Financial Statement FY2023-24,2023,https://eleos.org/docs/FIN_NGO_00019_FY2023-24.pdf,Public Repository,2023-09-30,2026-09-16T10:00:00,f3d9410caae083f7d8c84a457aaa00a789437f6662d1cf22b9cfb4734d2f41ca,Success,Verified,0.95
DOC_REG_NGO_00019,NGO_00019,Registration,Trust Registration Certificate,2020,https://eleos.org/docs/reg_NGO_00019.pdf,Government,2020-09-15,2026-09-16T10:00:00,76c0b94f0c103764ca68640761ab602245f581fc02d1c9a54a98c10c65978c9e,Success,Externally verified,0.98
DOC_FIN_NGO_00020_FY2025-26,NGO_00020,Audit,Audited Financial Statement FY2025-26,2025,https://eleos.org/docs/FIN_NGO_00020_FY2025-26.pdf,Public Repository,2025-09-30,2026-09-16T10:00:00,8d77b0af78dd5e558e089d90d3a667bbebb687b8e4d0b40eced3eb40656d43a0,Success,Verified,0.95
DOC_FIN_NGO_00020_FY2024-25,NGO_00020,Audit,Audited Financial Statement FY2024-25,2024,https://eleos.org/docs/FIN_NGO_00020_FY2024-25.pdf,Public Repository,2024-09-30,2026-09-16T10:00:00,e9be6c5f6593f0a99003f465e5e5528d5079fcea31d585507469a5d36509c584,Success,Verified,0.95
DOC_REG_NGO_00020,NGO_00020,Registration,Society Registration Certificate,2021,https://eleos.org/docs/reg_NGO_00020.pdf,Government,2021-05-18,2026-09-16T10:00:00,879076fba646a6250f97c91a62d2bea14c1753342024c90171aadce1d40a5532,Success,Externally verified,0.98
DOC_FIN_NGO_00021_FY2025-26,NGO_00021,Audit,Audited Financial Statement FY2025-26,2025,https://eleos.org/docs/FIN_NGO_00021_FY2025-26.pdf,Public Repository,2025-09-30,2026-09-16T10:00:00,e2478bcb946ca38b825fe13d853ccd5f5dc1412c23181493e0b36a57e82e6b33,Success,Verified,0.95
DOC_FIN_NGO_00021_FY2024-25,NGO_00021,Audit,Audited Financial Statement FY2024-25,2024,https://eleos.org/docs/FIN_NGO_00021_FY2024-25.pdf,Public Repository,2024-09-30,2026-09-16T10:00:00,d3ed9182acfa03123897e9bad3ce98d1d91855d3f98b529c4514a70e517564b8,Success,Verified,0.95
DOC_REG_NGO_00021,NGO_00021,Registration,Trust Registration Certificate,2021,https://eleos.org/docs/reg_NGO_00021.pdf,Government,2021-10-12,2026-09-16T10:00:00,f841ff58e4ddb7615a151ea9ef522437ed34e7b4a980a502683de34575466c99,Success,Externally verified,0.98
DOC_FIN_NGO_00022_FY2025-26,NGO_00022,Audit,Audited Financial Statement FY2025-26,2025,https://eleos.org/docs/FIN_NGO_00022_FY2025-26.pdf,Public Repository,2025-09-30,2026-09-16T10:00:00,d4f2ca71105baeb53e52f63712471f7ba0336f3acf9515f76ff8de3c630a1e7d,Success,Verified,0.95
DOC_FIN_NGO_00022_FY2024-25,NGO_00022,Audit,Audited Financial Statement FY2024-25,2024,https://eleos.org/docs/FIN_NGO_00022_FY2024-25.pdf,Public Repository,2024-09-30,2026-09-16T10:00:00,4eb34a3c802913f3cd024b4cdeb1342901740f4c3501d464c651d3b09c399b73,Success,Verified,0.95
DOC_REG_NGO_00022,NGO_00022,Registration,Trust Registration Certificate,2020,https://eleos.org/docs/reg_NGO_00022.pdf,Government,2020-06-21,2026-09-16T10:00:00,4c32dc316a730f1eef2371575cdca7bb2b9fc1990400271d9d11424c84d6de4e,Success,Externally verified,0.98
DOC_FIN_NGO_00023_FY2025-26,NGO_00023,Audit,Audited Financial Statement FY2025-26,2025,https://eleos.org/docs/FIN_NGO_00023_FY2025-26.pdf,Public Repository,2025-09-30,2026-09-16T10:00:00,41a13e0e8138d45f7c1d5e2b3f773caf1fd7c7284232d1db542b704900124d8c,Success,Verified,0.95
DOC_FIN_NGO_00023_FY2024-25,NGO_00023,Audit,Audited Financial Statement FY2024-25,2024,https://eleos.org/docs/FIN_NGO_00023_FY2024-25.pdf,Public Repository,2024-09-30,2026-09-16T10:00:00,4a140a2a0ad429a54c1a0530faa346ed17de036f5c16095cf8a48abbe28fbde1,Success,Verified,0.95
DOC_FIN_NGO_00023_FY2023-24,NGO_00023,Audit,Audited Financial Statement FY2023-24,2023,https://eleos.org/docs/FIN_NGO_00023_FY2023-24.pdf,Public Repository,2023-09-30,2026-09-16T10:00:00,6b8fb61b39c604b4173b47e45936f75109678683ce4563d76de283633c34a4e7,Success,Verified,0.95
DOC_FIN_NGO_00023_FY2022-23,NGO_00023,Audit,Audited Financial Statement FY2022-23,2022,https://eleos.org/docs/FIN_NGO_00023_FY2022-23.pdf,Public Repository,2022-09-30,2026-09-16T10:00:00,7c5655b6c23657f1172ea077fe4931bf4a38293a9709f7e99c28cb15740c5f02,Success,Verified,0.95
DOC_FIN_NGO_00023_FY2021-22,NGO_00023,Audit,Audited Financial Statement FY2021-22,2021,https://eleos.org/docs/FIN_NGO_00023_FY2021-22.pdf,Public Repository,2021-09-30,2026-09-16T10:00:00,eafd9a6f24fee750dfcef4208b5b844b37ef191f6e49fe29b109e21703bb185b,Success,Verified,0.95
DOC_REG_NGO_00023,NGO_00023,Registration,Society Registration Certificate,2020,https://eleos.org/docs/reg_NGO_00023.pdf,Government,2020-09-15,2026-09-16T10:00:00,033a18a8acafbb47e84829010fe23adcd041e4ad42fb1bf348d158dd72e06200,Success,Externally verified,0.98
DOC_FIN_NGO_00024_FY2025-26,NGO_00024,Audit,Audited Financial Statement FY2025-26,2025,https://eleos.org/docs/FIN_NGO_00024_FY2025-26.pdf,Public Repository,2025-09-30,2026-09-16T10:00:00,838de9d8739ac1d57e7e095dd49d57d9d91d705e63164c917691eb95e152b1c8,Success,Verified,0.95
DOC_FIN_NGO_00024_FY2024-25,NGO_00024,Audit,Audited Financial Statement FY2024-25,2024,https://eleos.org/docs/FIN_NGO_00024_FY2024-25.pdf,Public Repository,2024-09-30,2026-09-16T10:00:00,4b5d8422c23222eecd40d69ef7ba1bf14ad36e0fa1ab51bdbdd4e486a4441013,Success,Verified,0.95
DOC_FIN_NGO_00024_FY2023-24,NGO_00024,Audit,Audited Financial Statement FY2023-24,2023,https://eleos.org/docs/FIN_NGO_00024_FY2023-24.pdf,Public Repository,2023-09-30,2026-09-16T10:00:00,ae69de9aaeeb0405db47d88d7e7b620150898b334cd335609e4fde7ef316e9d0,Success,Verified,0.95
DOC_FIN_NGO_00024_FY2022-23,NGO_00024,Audit,Audited Financial Statement FY2022-23,2022,https://eleos.org/docs/FIN_NGO_00024_FY2022-23.pdf,Public Repository,2022-09-30,2026-09-16T10:00:00,a8beface898761bb698c9b95c6fb8d0076c6bfbda37fa31805da7972d5d4a33a,Success,Verified,0.95
DOC_REG_NGO_00024,NGO_00024,Registration,Trust Registration Certificate,2010,https://eleos.org/docs/reg_NGO_00024.pdf,Government,2010-07-13,2026-09-16T10:00:00,d1f19f4f7eaabafcf24f63f988dc4dd70ac78235c123feff288ef02e45c8a5f4,Success,Externally verified,0.98
DOC_FIN_NGO_00025_FY2025-26,NGO_00025,Audit,Audited Financial Statement FY2025-26,2025,https://eleos.org/docs/FIN_NGO_00025_FY2025-26.pdf,Public Repository,2025-09-30,2026-09-16T10:00:00,1aa1843124d756d42a7e017a364b10c8e6b4e82a25152ab852994a71f7928b97,Success,Verified,0.95
DOC_FIN_NGO_00025_FY2024-25,NGO_00025,Audit,Audited Financial Statement FY2024-25,2024,https://eleos.org/docs/FIN_NGO_00025_FY2024-25.pdf,Public Repository,2024-09-30,2026-09-16T10:00:00,e2b42e475376178b8271bf4ef1c9a2575d25b9102c6c000c5a2153dfdc24206c,Success,Verified,0.95
DOC_FIN_NGO_00025_FY2023-24,NGO_00025,Audit,Audited Financial Statement FY2023-24,2023,https://eleos.org/docs/FIN_NGO_00025_FY2023-24.pdf,Public Repository,2023-09-30,2026-09-16T10:00:00,e85ad4f6667ddd8d75bb876d3c2216bf49a4aabaa2a806773254603bf370e387,Success,Verified,0.95
DOC_REG_NGO_00025,NGO_00025,Registration,Society Registration Certificate,2003,https://eleos.org/docs/reg_NGO_00025.pdf,Government,2003-05-14,2026-09-16T10:00:00,90ca59460e32c7f290c0f3dde76f28e5e50403954445aed1b0237765e83a3ab3,Success,Externally verified,0.98
DOC_FIN_NGO_00026_FY2025-26,NGO_00026,Audit,Audited Financial Statement FY2025-26,2025,https://eleos.org/docs/FIN_NGO_00026_FY2025-26.pdf,Public Repository,2025-09-30,2026-09-16T10:00:00,30eaafda236060f21629ad8a334d060cc724422d592bdee2f000acde5d16db41,Success,Verified,0.95
DOC_FIN_NGO_00026_FY2024-25,NGO_00026,Audit,Audited Financial Statement FY2024-25,2024,https://eleos.org/docs/FIN_NGO_00026_FY2024-25.pdf,Public Repository,2024-09-30,2026-09-16T10:00:00,680cfeee7284f3e911277c50d89d1691769a29a9fea18e34aa2c62ccee31d570,Success,Verified,0.95
DOC_FIN_NGO_00026_FY2023-24,NGO_00026,Audit,Audited Financial Statement FY2023-24,2023,https://eleos.org/docs/FIN_NGO_00026_FY2023-24.pdf,Public Repository,2023-09-30,2026-09-16T10:00:00,f122103780e48d776e98603411b9a15b710fe3bde6ef13467d9b8b2191336abc,Success,Verified,0.95
DOC_REG_NGO_00026,NGO_00026,Registration,Society Registration Certificate,2009,https://eleos.org/docs/reg_NGO_00026.pdf,Government,2009-04-07,2026-09-16T10:00:00,2f00bb0a8584cb24132258884577c10d1a64e41b9b6eebb9bb312cf31debd945,Success,Externally verified,0.98
DOC_FIN_NGO_00027_FY2025-26,NGO_00027,Audit,Audited Financial Statement FY2025-26,2025,https://eleos.org/docs/FIN_NGO_00027_FY2025-26.pdf,Public Repository,2025-09-30,2026-09-16T10:00:00,ce84584c3e8c746e24aad4d882cc4d56f5b7295e8d6164edc322e4eeb0ba714a,Success,Verified,0.95
DOC_FIN_NGO_00027_FY2024-25,NGO_00027,Audit,Audited Financial Statement FY2024-25,2024,https://eleos.org/docs/FIN_NGO_00027_FY2024-25.pdf,Public Repository,2024-09-30,2026-09-16T10:00:00,c7dff66770afb87c8e81aa03c82d155c3903551e254ba562c84227db32e32bc7,Success,Verified,0.95
DOC_FIN_NGO_00027_FY2023-24,NGO_00027,Audit,Audited Financial Statement FY2023-24,2023,https://eleos.org/docs/FIN_NGO_00027_FY2023-24.pdf,Public Repository,2023-09-30,2026-09-16T10:00:00,62c0b03b06c22d4cf3354de2b0e4d5f90b1873aa197f6d31a7402a9cff11b565,Success,Verified,0.95
DOC_REG_NGO_00027,NGO_00027,Registration,Section 8 Registration Certificate,2014,https://eleos.org/docs/reg_NGO_00027.pdf,Government,2014-01-07,2026-09-16T10:00:00,343e09860f0201e52cb450eb7a2c1aa4c585e7fe148c4f772e7448247212b7a0,Success,Externally verified,0.98
DOC_FIN_NGO_00028_FY2025-26,NGO_00028,Audit,Audited Financial Statement FY2025-26,2025,https://eleos.org/docs/FIN_NGO_00028_FY2025-26.pdf,Public Repository,2025-09-30,2026-09-16T10:00:00,b80e7cba16f86d87e989e09ece74f212cd513cf5d06934cf00bedffe491ba18d,Success,Verified,0.95
DOC_FIN_NGO_00028_FY2024-25,NGO_00028,Audit,Audited Financial Statement FY2024-25,2024,https://eleos.org/docs/FIN_NGO_00028_FY2024-25.pdf,Public Repository,2024-09-30,2026-09-16T10:00:00,47516162830dd294c74ac3db64532d34b124cbed380ff4ece56f13c0e70e6026,Success,Verified,0.95
DOC_FIN_NGO_00028_FY2023-24,NGO_00028,Audit,Audited Financial Statement FY2023-24,2023,https://eleos.org/docs/FIN_NGO_00028_FY2023-24.pdf,Public Repository,2023-09-30,2026-09-16T10:00:00,601a0afe0f714125ac56a19c52bfc31befbf33fd13bf9d509dd17cd16d2c5e2e,Success,Verified,0.95
DOC_REG_NGO_00028,NGO_00028,Registration,Trust Registration Certificate,2014,https://eleos.org/docs/reg_NGO_00028.pdf,Government,2014-03-04,2026-09-16T10:00:00,ccbb61c6ede92ee9a6ae4b09418fc29535f5f32928cf7cefdce8dccf562ed721,Success,Externally verified,0.98
DOC_FIN_NGO_00029_FY2025-26,NGO_00029,Audit,Audited Financial Statement FY2025-26,2025,https://eleos.org/docs/FIN_NGO_00029_FY2025-26.pdf,Public Repository,2025-09-30,2026-09-16T10:00:00,5a4b3878fa3eacbc48b0b2f5cadb3a5e5643baf02bbb10d599ad7b30c3340225,Success,Verified,0.95
DOC_FIN_NGO_00029_FY2024-25,NGO_00029,Audit,Audited Financial Statement FY2024-25,2024,https://eleos.org/docs/FIN_NGO_00029_FY2024-25.pdf,Public Repository,2024-09-30,2026-09-16T10:00:00,c167f77386a373b72860484e785dd35f98e78c2038d3d6b4341971a8cb02f39a,Success,Verified,0.95
DOC_REG_NGO_00029,NGO_00029,Registration,Section 8 Registration Certificate,2024,https://eleos.org/docs/reg_NGO_00029.pdf,Government,2024-07-22,2026-09-16T10:00:00,b21866ffdc9da3e4770ef9b7bf4af3b39b99d5a377b0dbfc5f7045812d7eb642,Success,Externally verified,0.98
DOC_FIN_NGO_00030_FY2025-26,NGO_00030,Audit,Audited Financial Statement FY2025-26,2025,https://eleos.org/docs/FIN_NGO_00030_FY2025-26.pdf,Public Repository,2025-09-30,2026-09-16T10:00:00,74e2da9a81bf690d1ca51b0b3db8337cc7f79c0da1442d63bbd77ef756bbec8a,Success,Verified,0.95
DOC_FIN_NGO_00030_FY2024-25,NGO_00030,Audit,Audited Financial Statement FY2024-25,2024,https://eleos.org/docs/FIN_NGO_00030_FY2024-25.pdf,Public Repository,2024-09-30,2026-09-16T10:00:00,02a4825fffa138ee13df19cfeef3b35cf8901c4d4ca071a98e86a09336ee0b2a,Success,Verified,0.95
DOC_FIN_NGO_00030_FY2023-24,NGO_00030,Audit,Audited Financial Statement FY2023-24,2023,https://eleos.org/docs/FIN_NGO_00030_FY2023-24.pdf,Public Repository,2023-09-30,2026-09-16T10:00:00,2e689ded024fe99c87b2bc2704e64aeb83fc1bddbb945753fef8b543590dd509,Success,Verified,0.95
DOC_FIN_NGO_00030_FY2022-23,NGO_00030,Audit,Audited Financial Statement FY2022-23,2022,https://eleos.org/docs/FIN_NGO_00030_FY2022-23.pdf,Public Repository,2022-09-30,2026-09-16T10:00:00,158e8b3a41b878604d552aead0a19d1a2c6a2bbd62bbab33c966ce5cbc26ed0b,Success,Verified,0.95
DOC_REG_NGO_00030,NGO_00030,Registration,Section 8 Registration Certificate,2012,https://eleos.org/docs/reg_NGO_00030.pdf,Government,2012-08-02,2026-09-16T10:00:00,ffc8e2dac4d92c2d136d7a54c2fee81e972d9886d65ff2490fd00077559421d8,Success,Self-reported,0.98
DOC_FIN_NGO_00031_FY2025-26,NGO_00031,Audit,Audited Financial Statement FY2025-26,2025,https://eleos.org/docs/FIN_NGO_00031_FY2025-26.pdf,Public Repository,2025-09-30,2026-09-16T10:00:00,1ca2f7a708bb667b38a68722b61135ef4dc64854dfaf009aa59c668d31feb44f,Success,Verified,0.95
DOC_FIN_NGO_00031_FY2024-25,NGO_00031,Audit,Audited Financial Statement FY2024-25,2024,https://eleos.org/docs/FIN_NGO_00031_FY2024-25.pdf,Public Repository,2024-09-30,2026-09-16T10:00:00,061364b582cd4c62536fa94228bc73c80676111a370b8fa18b404098f1fac0e7,Success,Verified,0.95
DOC_FIN_NGO_00031_FY2023-24,NGO_00031,Audit,Audited Financial Statement FY2023-24,2023,https://eleos.org/docs/FIN_NGO_00031_FY2023-24.pdf,Public Repository,2023-09-30,2026-09-16T10:00:00,cc1a5ce736f952b20a493b66f2908dbeeae24e449a731042936a7081d0741e42,Success,Verified,0.95
DOC_REG_NGO_00031,NGO_00031,Registration,Society Registration Certificate,2003,https://eleos.org/docs/reg_NGO_00031.pdf,Government,2003-07-12,2026-09-16T10:00:00,524fe9143b925bcc04b10beec544b23c7d11b272861347de33a27fbb1d78e166,Success,Externally verified,0.98
DOC_FIN_NGO_00032_FY2025-26,NGO_00032,Audit,Audited Financial Statement FY2025-26,2025,https://eleos.org/docs/FIN_NGO_00032_FY2025-26.pdf,Public Repository,2025-09-30,2026-09-16T10:00:00,622a7581cbb5f8cfc0bc7f9f6c626a68b5b4bfff62642266363e131429c9f653,Success,Verified,0.95
DOC_REG_NGO_00032,NGO_00032,Registration,Trust Registration Certificate,2025,https://eleos.org/docs/reg_NGO_00032.pdf,Government,2025-11-14,2026-09-16T10:00:00,0a2b4fc65191155c2a3c36c7b9e87e2f61fc9d31b0e59bc0b8e32fbace663925,Success,Externally verified,0.98
DOC_FIN_NGO_00033_FY2025-26,NGO_00033,Audit,Audited Financial Statement FY2025-26,2025,https://eleos.org/docs/FIN_NGO_00033_FY2025-26.pdf,Public Repository,2025-09-30,2026-09-16T10:00:00,bf9779b35798b400366aba06f179b673bc51e8697b4fe260c08b5cd19ffdffd1,Success,Verified,0.95
DOC_FIN_NGO_00033_FY2024-25,NGO_00033,Audit,Audited Financial Statement FY2024-25,2024,https://eleos.org/docs/FIN_NGO_00033_FY2024-25.pdf,Public Repository,2024-09-30,2026-09-16T10:00:00,b54360fe4aad3c2c075bd4e9e801f7f38a952db749d81a4f1c064bc378b193fa,Success,Verified,0.95
DOC_REG_NGO_00033,NGO_00033,Registration,Society Registration Certificate,2023,https://eleos.org/docs/reg_NGO_00033.pdf,Government,2023-07-24,2026-09-16T10:00:00,47c7b97f18dc4ef657aa96f4d352812d0a48f100f833050b913968075e74e9e7,Success,Externally verified,0.98
DOC_FIN_NGO_00034_FY2025-26,NGO_00034,Audit,Audited Financial Statement FY2025-26,2025,https://eleos.org/docs/FIN_NGO_00034_FY2025-26.pdf,Public Repository,2025-09-30,2026-09-16T10:00:00,c3ef2a331df5e60c0b1bc6bd0d8565f84c65ad1b4f026c34bcd53e100fddb4bf,Success,Verified,0.95
DOC_FIN_NGO_00034_FY2024-25,NGO_00034,Audit,Audited Financial Statement FY2024-25,2024,https://eleos.org/docs/FIN_NGO_00034_FY2024-25.pdf,Public Repository,2024-09-30,2026-09-16T10:00:00,64a803d116b4225ec053d3e58422a74bf94b316293eaa2ede793106e99ab34cc,Success,Verified,0.95
DOC_FIN_NGO_00034_FY2023-24,NGO_00034,Audit,Audited Financial Statement FY2023-24,2023,https://eleos.org/docs/FIN_NGO_00034_FY2023-24.pdf,Public Repository,2023-09-30,2026-09-16T10:00:00,a42323cb9a74a5a5c113005d41dca10dbd6ac74b6fd6ecf07a7c0332a2c71b5c,Success,Verified,0.95
DOC_FIN_NGO_00034_FY2022-23,NGO_00034,Audit,Audited Financial Statement FY2022-23,2022,https://eleos.org/docs/FIN_NGO_00034_FY2022-23.pdf,Public Repository,2022-09-30,2026-09-16T10:00:00,023b734c20c2d2cb44427183f8d477e48970dc7447893b8f076f141cfd60c295,Success,Verified,0.95
DOC_REG_NGO_00034,NGO_00034,Registration,Trust Registration Certificate,1999,https://eleos.org/docs/reg_NGO_00034.pdf,Government,1999-10-13,2026-09-16T10:00:00,34be22f9b8e25cc5a65266998e50052d8a38c2638ad716c3f7bd6a7835248d78,Success,Externally verified,0.98
DOC_FIN_NGO_00035_FY2025-26,NGO_00035,Audit,Audited Financial Statement FY2025-26,2025,https://eleos.org/docs/FIN_NGO_00035_FY2025-26.pdf,Public Repository,2025-09-30,2026-09-16T10:00:00,23c727b07f81cd3a43e02227d65789cee2e7c5316c435df32c49785d110db71f,Success,Verified,0.95
DOC_FIN_NGO_00035_FY2024-25,NGO_00035,Audit,Audited Financial Statement FY2024-25,2024,https://eleos.org/docs/FIN_NGO_00035_FY2024-25.pdf,Public Repository,2024-09-30,2026-09-16T10:00:00,7ef7b69890c5eeb6bb41a7ecde3a958b741389e875e4301bfe28b5faf1947fdd,Success,Verified,0.95
DOC_FIN_NGO_00035_FY2023-24,NGO_00035,Audit,Audited Financial Statement FY2023-24,2023,https://eleos.org/docs/FIN_NGO_00035_FY2023-24.pdf,Public Repository,2023-09-30,2026-09-16T10:00:00,7584816d37e11d0ca2adade5d3476f9d6be0e02dcb1fe8093ead4d97c0b4bf0d,Success,Verified,0.95
DOC_REG_NGO_00035,NGO_00035,Registration,Society Registration Certificate,2021,https://eleos.org/docs/reg_NGO_00035.pdf,Government,2021-07-01,2026-09-16T10:00:00,b86c9a61dc32565f7fe8c484d779192fd513d7333a83b6e27c569a91d289b4a3,Success,Externally verified,0.98
DOC_FIN_NGO_00036_FY2025-26,NGO_00036,Audit,Audited Financial Statement FY2025-26,2025,https://eleos.org/docs/FIN_NGO_00036_FY2025-26.pdf,Public Repository,2025-09-30,2026-09-16T10:00:00,0854ad32356ee5ce2b031d4902c499d78540dca718e25a55103aad50908caa59,Success,Verified,0.95
DOC_FIN_NGO_00036_FY2024-25,NGO_00036,Audit,Audited Financial Statement FY2024-25,2024,https://eleos.org/docs/FIN_NGO_00036_FY2024-25.pdf,Public Repository,2024-09-30,2026-09-16T10:00:00,7521d9a51795e8cdf076a428c65752cc7752863f37691763ba9e674c85196049,Success,Verified,0.95
DOC_FIN_NGO_00036_FY2023-24,NGO_00036,Audit,Audited Financial Statement FY2023-24,2023,https://eleos.org/docs/FIN_NGO_00036_FY2023-24.pdf,Public Repository,2023-09-30,2026-09-16T10:00:00,9df6e36cbe5b563e270bac9ba1eca11f4acfe4607d6826094818c2234b96af1b,Success,Verified,0.95
DOC_REG_NGO_00036,NGO_00036,Registration,Section 8 Registration Certificate,2013,https://eleos.org/docs/reg_NGO_00036.pdf,Government,2013-10-01,2026-09-16T10:00:00,8fbd711dce27c637f33814f06c9c7eebdadb2911e24b84c7a3283969c7672078,Success,Self-reported,0.98
DOC_FIN_NGO_00037_FY2025-26,NGO_00037,Audit,Audited Financial Statement FY2025-26,2025,https://eleos.org/docs/FIN_NGO_00037_FY2025-26.pdf,Public Repository,2025-09-30,2026-09-16T10:00:00,d5c1218a273cc4cb3b4f5f4fe43215a9491eeca40a762ba7258a2de6cacd7ee2,Success,Verified,0.95
DOC_REG_NGO_00037,NGO_00037,Registration,Society Registration Certificate,2025,https://eleos.org/docs/reg_NGO_00037.pdf,Government,2025-11-27,2026-09-16T10:00:00,2b62db0b2f1a313c52831dc238a63cf99ab19780b3adcfdcb6b9b3455baae9c6,Success,Externally verified,0.98
DOC_REG_NGO_00038,NGO_00038,Registration,Society Registration Certificate,2025,https://eleos.org/docs/reg_NGO_00038.pdf,Government,2025-01-22,2026-09-16T10:00:00,dbaa2a83528aa7c455526f22bdeb45a007330716fb53e4c54ea2e931459812ef,Success,Externally verified,0.98
DOC_REG_NGO_00039,NGO_00039,Registration,Section 8 Registration Certificate,2025,https://eleos.org/docs/reg_NGO_00039.pdf,Government,2025-05-05,2026-09-16T10:00:00,2058763cf126e2a1901a7f5a51a9300dca9223e90411e5547ba8999fc283bd3a,Success,Externally verified,0.98
DOC_REG_NGO_00040,NGO_00040,Registration,Section 8 Registration Certificate,2025,https://eleos.org/docs/reg_NGO_00040.pdf,Government,2025-04-21,2026-09-16T10:00:00,3c43c15c3300381adf0aa665fc9985d8f2018f49ee8fddcd0aa0ff85060ab06e,Success,Externally verified,0.98
DOC_FIN_NGO_00041_FY2025-26,NGO_00041,Audit,Audited Financial Statement FY2025-26,2025,https://eleos.org/docs/FIN_NGO_00041_FY2025-26.pdf,Public Repository,2025-09-30,2026-09-16T10:00:00,0232a0e1f7027861dddc7f040ba2eeb9ace64de29ebf353e758c2fa1fa4dd329,Success,Verified,0.95
DOC_FIN_NGO_00041_FY2024-25,NGO_00041,Audit,Audited Financial Statement FY2024-25,2024,https://eleos.org/docs/FIN_NGO_00041_FY2024-25.pdf,Public Repository,2024-09-30,2026-09-16T10:00:00,1ee96ac98a79c242b20068eaf3df39ef1bd04b8860d98f2d3591a637e9b6f4b6,Success,Verified,0.95
DOC_FIN_NGO_00041_FY2023-24,NGO_00041,Audit,Audited Financial Statement FY2023-24,2023,https://eleos.org/docs/FIN_NGO_00041_FY2023-24.pdf,Public Repository,2023-09-30,2026-09-16T10:00:00,479eedda508c23d1782d75cf4fc0eee4aba1b4d818a4e018dd08483b00077557,Success,Verified,0.95
DOC_REG_NGO_00041,NGO_00041,Registration,Trust Registration Certificate,2015,https://eleos.org/docs/reg_NGO_00041.pdf,Government,2015-04-09,2026-09-16T10:00:00,e759b487b56f962908b78209bf503f2513d78b6ab99c54bf89532be6c4b2cbd8,Success,Externally verified,0.98
DOC_FIN_NGO_00042_FY2025-26,NGO_00042,Audit,Audited Financial Statement FY2025-26,2025,https://eleos.org/docs/FIN_NGO_00042_FY2025-26.pdf,Public Repository,2025-09-30,2026-09-16T10:00:00,5d3597413ca42a3644f1522a54ad1011021bc96ed5194ac342806def1370c68a,Success,Verified,0.95
DOC_FIN_NGO_00042_FY2024-25,NGO_00042,Audit,Audited Financial Statement FY2024-25,2024,https://eleos.org/docs/FIN_NGO_00042_FY2024-25.pdf,Public Repository,2024-09-30,2026-09-16T10:00:00,07742eaa1c39adf74798e87be91f84a502ab3329abc07949bb9d03534e23d406,Success,Verified,0.95
DOC_FIN_NGO_00042_FY2023-24,NGO_00042,Audit,Audited Financial Statement FY2023-24,2023,https://eleos.org/docs/FIN_NGO_00042_FY2023-24.pdf,Public Repository,2023-09-30,2026-09-16T10:00:00,a0b789945b5d9e9314f507ce9cca5c1a814447e42d4ece734b0380939259e629,Success,Verified,0.95
DOC_REG_NGO_00042,NGO_00042,Registration,Society Registration Certificate,2020,https://eleos.org/docs/reg_NGO_00042.pdf,Government,2020-05-28,2026-09-16T10:00:00,7edabed04261c1cf2ca2c341ef3b7fbfc7f3108895f83528ed3c5524d116d01d,Success,Externally verified,0.98
DOC_FIN_NGO_00043_FY2025-26,NGO_00043,Audit,Audited Financial Statement FY2025-26,2025,https://eleos.org/docs/FIN_NGO_00043_FY2025-26.pdf,Public Repository,2025-09-30,2026-09-16T10:00:00,0efc04ce95e55795c42c46a9be342e84a8387ebe871807ee2069f375f8bea4d1,Success,Verified,0.95
DOC_REG_NGO_00043,NGO_00043,Registration,Section 8 Registration Certificate,2023,https://eleos.org/docs/reg_NGO_00043.pdf,Government,2023-07-20,2026-09-16T10:00:00,8af1095f7fd28b35986d43980ed1a7421a5735f18343aaf6313b66e21c4e930d,Success,Externally verified,0.98
DOC_FIN_NGO_00044_FY2025-26,NGO_00044,Audit,Audited Financial Statement FY2025-26,2025,https://eleos.org/docs/FIN_NGO_00044_FY2025-26.pdf,Public Repository,2025-09-30,2026-09-16T10:00:00,963035b400c6bcd819b3228c126aa3d340b84cb440acba45963283190cc0c9d7,Success,Verified,0.95
DOC_FIN_NGO_00044_FY2024-25,NGO_00044,Audit,Audited Financial Statement FY2024-25,2024,https://eleos.org/docs/FIN_NGO_00044_FY2024-25.pdf,Public Repository,2024-09-30,2026-09-16T10:00:00,e7da2c643090f2f97b2703c231471b9afbb3ac4374a770a93849964591f20c72,Success,Verified,0.95
DOC_REG_NGO_00044,NGO_00044,Registration,Society Registration Certificate,2019,https://eleos.org/docs/reg_NGO_00044.pdf,Government,2019-07-21,2026-09-16T10:00:00,410a9d09e5acc03c232774d76d14ad1e84abcc7dd468435aa2f717d762bec1ee,Success,Externally verified,0.98
DOC_REG_NGO_00045,NGO_00045,Registration,Section 8 Registration Certificate,2025,https://eleos.org/docs/reg_NGO_00045.pdf,Government,2025-11-26,2026-09-16T10:00:00,7a54795cf3d0575583e7f2144eb57830ce1d007d82487725d2eb566df64dc195,Success,Externally verified,0.98
DOC_FIN_NGO_00046_FY2025-26,NGO_00046,Audit,Audited Financial Statement FY2025-26,2025,https://eleos.org/docs/FIN_NGO_00046_FY2025-26.pdf,Public Repository,2025-09-30,2026-09-16T10:00:00,eeddf527b081e21ac2a31bd83cc6482f266fd734f5311b72e0f5dc62650f5056,Success,Verified,0.95
DOC_FIN_NGO_00046_FY2024-25,NGO_00046,Audit,Audited Financial Statement FY2024-25,2024,https://eleos.org/docs/FIN_NGO_00046_FY2024-25.pdf,Public Repository,2024-09-30,2026-09-16T10:00:00,554c62a7c73bed24a00f5bf36bcd9394c13363e3d3a7fd855e33e3d7d4c51fa7,Success,Verified,0.95
DOC_FIN_NGO_00046_FY2023-24,NGO_00046,Audit,Audited Financial Statement FY2023-24,2023,https://eleos.org/docs/FIN_NGO_00046_FY2023-24.pdf,Public Repository,2023-09-30,2026-09-16T10:00:00,4f3c6f0b2287cea0ec61b83603bfa24b186ea7977e20a1ef3dfb3c438d85195b,Success,Verified,0.95
DOC_FIN_NGO_00046_FY2022-23,NGO_00046,Audit,Audited Financial Statement FY2022-23,2022,https://eleos.org/docs/FIN_NGO_00046_FY2022-23.pdf,Public Repository,2022-09-30,2026-09-16T10:00:00,b7b003272373a3c4b8635b864e70ccdfafa6ce4e994724149a1e137097aed7f4,Success,Verified,0.95
DOC_FIN_NGO_00046_FY2021-22,NGO_00046,Audit,Audited Financial Statement FY2021-22,2021,https://eleos.org/docs/FIN_NGO_00046_FY2021-22.pdf,Public Repository,2021-09-30,2026-09-16T10:00:00,ab6836a17a10896f947e83916bef722179d6ee41888bbd3c0dc8bd7b9dbc5a3f,Success,Verified,0.95
DOC_REG_NGO_00046,NGO_00046,Registration,Society Registration Certificate,1997,https://eleos.org/docs/reg_NGO_00046.pdf,Government,1997-10-28,2026-09-16T10:00:00,725d89f83a7547988aa04329e6ab2f0187ea18dc38681e7663f8100ee4adc6c9,Success,Externally verified,0.98
DOC_FIN_NGO_00047_FY2025-26,NGO_00047,Audit,Audited Financial Statement FY2025-26,2025,https://eleos.org/docs/FIN_NGO_00047_FY2025-26.pdf,Public Repository,2025-09-30,2026-09-16T10:00:00,841564b5aa7cbbd3b8c29cc0357a335dae4c368b97c022fe149c628909c6d993,Success,Verified,0.95
DOC_FIN_NGO_00047_FY2024-25,NGO_00047,Audit,Audited Financial Statement FY2024-25,2024,https://eleos.org/docs/FIN_NGO_00047_FY2024-25.pdf,Public Repository,2024-09-30,2026-09-16T10:00:00,21b48dca9ba797f5beb1e81cbf3a90e53f034189a8132d26bb98bb53c31fa601,Success,Verified,0.95
DOC_FIN_NGO_00047_FY2023-24,NGO_00047,Audit,Audited Financial Statement FY2023-24,2023,https://eleos.org/docs/FIN_NGO_00047_FY2023-24.pdf,Public Repository,2023-09-30,2026-09-16T10:00:00,5405358ec01b4c4e0af217de00d17531f068426189a86dba9731d35c18a355d5,Success,Verified,0.95
DOC_FIN_NGO_00047_FY2022-23,NGO_00047,Audit,Audited Financial Statement FY2022-23,2022,https://eleos.org/docs/FIN_NGO_00047_FY2022-23.pdf,Public Repository,2022-09-30,2026-09-16T10:00:00,5d70ccc827dae182a7dfe7f885e0e3bf3d1b67ea7a0733da618cb349ad22781b,Success,Verified,0.95
DOC_REG_NGO_00047,NGO_00047,Registration,Trust Registration Certificate,2019,https://eleos.org/docs/reg_NGO_00047.pdf,Government,2019-01-01,2026-09-16T10:00:00,2e0e96b0b705b6b565fd5a5fbf650923bb17de7549a60a93cc48e30edcf385d4,Success,Externally verified,0.98
DOC_FIN_NGO_00048_FY2025-26,NGO_00048,Audit,Audited Financial Statement FY2025-26,2025,https://eleos.org/docs/FIN_NGO_00048_FY2025-26.pdf,Public Repository,2025-09-30,2026-09-16T10:00:00,4b909777ec2b874c29d32f76bde0545de7e8a6d35b58d718527d4631e88c71f4,Success,Verified,0.95
DOC_FIN_NGO_00048_FY2024-25,NGO_00048,Audit,Audited Financial Statement FY2024-25,2024,https://eleos.org/docs/FIN_NGO_00048_FY2024-25.pdf,Public Repository,2024-09-30,2026-09-16T10:00:00,30c552a0498746228c27597fea7cd92021d8efb0e866c200f5a353b42e32b6a6,Success,Verified,0.95
DOC_FIN_NGO_00048_FY2023-24,NGO_00048,Audit,Audited Financial Statement FY2023-24,2023,https://eleos.org/docs/FIN_NGO_00048_FY2023-24.pdf,Public Repository,2023-09-30,2026-09-16T10:00:00,62be6ce05162c28bd0b63795a1e03e167b698b284a427e13c71230176e5f5aaa,Success,Verified,0.95
DOC_FIN_NGO_00048_FY2022-23,NGO_00048,Audit,Audited Financial Statement FY2022-23,2022,https://eleos.org/docs/FIN_NGO_00048_FY2022-23.pdf,Public Repository,2022-09-30,2026-09-16T10:00:00,89d1ef6f1bdd529c58681c26da8c26f457009e4c06bb6e5b36da8715cd7e8a40,Success,Verified,0.95
DOC_REG_NGO_00048,NGO_00048,Registration,Section 8 Registration Certificate,2015,https://eleos.org/docs/reg_NGO_00048.pdf,Government,2015-06-24,2026-09-16T10:00:00,31dab4eb1d7934daacbd45852dbb04cb5f01119eb0db9de5c700583291434e68,Success,Externally verified,0.98
DOC_FIN_NGO_00049_FY2025-26,NGO_00049,Audit,Audited Financial Statement FY2025-26,2025,https://eleos.org/docs/FIN_NGO_00049_FY2025-26.pdf,Public Repository,2025-09-30,2026-09-16T10:00:00,8d64cb0cc55603ce9f634932f7513421bf91ccf5c12d41339cbf688fba82f4fb,Success,Verified,0.95
DOC_FIN_NGO_00049_FY2024-25,NGO_00049,Audit,Audited Financial Statement FY2024-25,2024,https://eleos.org/docs/FIN_NGO_00049_FY2024-25.pdf,Public Repository,2024-09-30,2026-09-16T10:00:00,b46352a0693f54cf7f2615b2bdee4feb1d9e4895c68d3b5e611cfba33e736460,Success,Verified,0.95
DOC_REG_NGO_00049,NGO_00049,Registration,Trust Registration Certificate,2023,https://eleos.org/docs/reg_NGO_00049.pdf,Government,2023-10-08,2026-09-16T10:00:00,dcb6cd81812981e0e6ffcf3379b57e076bf8b34980d643cb1a44393c66cabb98,Success,Externally verified,0.98
DOC_FIN_NGO_00050_FY2025-26,NGO_00050,Audit,Audited Financial Statement FY2025-26,2025,https://eleos.org/docs/FIN_NGO_00050_FY2025-26.pdf,Public Repository,2025-09-30,2026-09-16T10:00:00,6ec5289f87b6106ef997cfb7f650c5e35bce6ac93fee9f6d87fa5f90ef578262,Success,Verified,0.95
DOC_FIN_NGO_00050_FY2024-25,NGO_00050,Audit,Audited Financial Statement FY2024-25,2024,https://eleos.org/docs/FIN_NGO_00050_FY2024-25.pdf,Public Repository,2024-09-30,2026-09-16T10:00:00,32989cd5461b7f5011e9afbbc04062c7a588b77f36e1e619d843852b2279ddaf,Success,Verified,0.95
DOC_FIN_NGO_00050_FY2023-24,NGO_00050,Audit,Audited Financial Statement FY2023-24,2023,https://eleos.org/docs/FIN_NGO_00050_FY2023-24.pdf,Public Repository,2023-09-30,2026-09-16T10:00:00,2b4f30105b7919e807a713eac7342d269d4ac6f789efa2e1786777026f11bdbf,Success,Verified,0.95
DOC_FIN_NGO_00050_FY2022-23,NGO_00050,Audit,Audited Financial Statement FY2022-23,2022,https://eleos.org/docs/FIN_NGO_00050_FY2022-23.pdf,Public Repository,2022-09-30,2026-09-16T10:00:00,05f5770b2ed346d71bdf4d5eb9861a26a8875d1aa7124700ed401232355a03a8,Success,Verified,0.95
DOC_REG_NGO_00050,NGO_00050,Registration,Society Registration Certificate,2020,https://eleos.org/docs/reg_NGO_00050.pdf,Government,2020-05-06,2026-09-16T10:00:00,e28b5aa6e2f5d50c2387ef6f8969830e83f2a993b7f93f34056947ebed14f34b,Success,Externally verified,0.98
DOC_FIN_NGO_00051_FY2025-26,NGO_00051,Audit,Audited Financial Statement FY2025-26,2025,https://eleos.org/docs/FIN_NGO_00051_FY2025-26.pdf,Public Repository,2025-09-30,2026-09-16T10:00:00,209adb0e77e3adae28b9f7a3efb42ae5ba15c8af4329e8a9f11e4b8460fc940a,Success,Verified,0.95
DOC_FIN_NGO_00051_FY2024-25,NGO_00051,Audit,Audited Financial Statement FY2024-25,2024,https://eleos.org/docs/FIN_NGO_00051_FY2024-25.pdf,Public Repository,2024-09-30,2026-09-16T10:00:00,296e9c6828fa135eaaa02c752b7a38f4957723961c2aa4886445ad7328292f2c,Success,Verified,0.95
DOC_FIN_NGO_00051_FY2023-24,NGO_00051,Audit,Audited Financial Statement FY2023-24,2023,https://eleos.org/docs/FIN_NGO_00051_FY2023-24.pdf,Public Repository,2023-09-30,2026-09-16T10:00:00,0594e38e290cbb0e08aeed42ca7e05369218d2339bad856431bc8755b0520432,Success,Verified,0.95
DOC_REG_NGO_00051,NGO_00051,Registration,Trust Registration Certificate,2021,https://eleos.org/docs/reg_NGO_00051.pdf,Government,2021-12-01,2026-09-16T10:00:00,914ec9481c2d74f3063bed432aba937b9507bea9b335cae3b165e7fd964f848f,Success,Externally verified,0.98
DOC_FIN_NGO_00052_FY2025-26,NGO_00052,Audit,Audited Financial Statement FY2025-26,2025,https://eleos.org/docs/FIN_NGO_00052_FY2025-26.pdf,Public Repository,2025-09-30,2026-09-16T10:00:00,f515b9b3437dc075ad9e95cda00088139a7e7099a8342449554824f30cc17f99,Success,Verified,0.95
DOC_FIN_NGO_00052_FY2024-25,NGO_00052,Audit,Audited Financial Statement FY2024-25,2024,https://eleos.org/docs/FIN_NGO_00052_FY2024-25.pdf,Public Repository,2024-09-30,2026-09-16T10:00:00,1fb89fb81c60322c19426a9157864e7ecebd0b49471fa12c0b32320241908bf8,Success,Verified,0.95
DOC_FIN_NGO_00052_FY2023-24,NGO_00052,Audit,Audited Financial Statement FY2023-24,2023,https://eleos.org/docs/FIN_NGO_00052_FY2023-24.pdf,Public Repository,2023-09-30,2026-09-16T10:00:00,2956fe9b6504a1a7203d7b43750c87f38112c8f83cec2d81f69b5609fd08f7f6,Success,Verified,0.95
DOC_REG_NGO_00052,NGO_00052,Registration,Society Registration Certificate,2012,https://eleos.org/docs/reg_NGO_00052.pdf,Government,2012-10-28,2026-09-16T10:00:00,c5e2c7e6f5cc27333280c59a6d2d126e49d8729ab08689fc0294f8a00677b291,Success,Self-reported,0.98
DOC_FIN_NGO_00053_FY2025-26,NGO_00053,Audit,Audited Financial Statement FY2025-26,2025,https://eleos.org/docs/FIN_NGO_00053_FY2025-26.pdf,Public Repository,2025-09-30,2026-09-16T10:00:00,de5dcaae18aac5f57d892c2c30a035c45417ad5653d10faa95014ac121cb076a,Success,Verified,0.95
DOC_FIN_NGO_00053_FY2024-25,NGO_00053,Audit,Audited Financial Statement FY2024-25,2024,https://eleos.org/docs/FIN_NGO_00053_FY2024-25.pdf,Public Repository,2024-09-30,2026-09-16T10:00:00,1f166c9740ccd08df5024555ed9efd0ed82b82c083e7701eae3b3caab63cd417,Success,Verified,0.95
DOC_FIN_NGO_00053_FY2023-24,NGO_00053,Audit,Audited Financial Statement FY2023-24,2023,https://eleos.org/docs/FIN_NGO_00053_FY2023-24.pdf,Public Repository,2023-09-30,2026-09-16T10:00:00,e3ca46d7b293ca22ae19281bc17f7e419b9f345d0b1e996c65249b61dee68b1d,Success,Verified,0.95
DOC_REG_NGO_00053,NGO_00053,Registration,Society Registration Certificate,2021,https://eleos.org/docs/reg_NGO_00053.pdf,Government,2021-11-16,2026-09-16T10:00:00,09531b11c3a88ddc253cd67614deca3c42ac9e4aa8ec77f5799b37559aed2604,Success,Self-reported,0.98
DOC_FIN_NGO_00054_FY2025-26,NGO_00054,Audit,Audited Financial Statement FY2025-26,2025,https://eleos.org/docs/FIN_NGO_00054_FY2025-26.pdf,Public Repository,2025-09-30,2026-09-16T10:00:00,659fdac26a0bb151d9010373f7c88eae147b87d8c147015e019d270819670ece,Success,Verified,0.95
DOC_REG_NGO_00054,NGO_00054,Registration,Society Registration Certificate,2024,https://eleos.org/docs/reg_NGO_00054.pdf,Government,2024-08-19,2026-09-16T10:00:00,019a24e2a9ad4ae0a809eeba63e38c2416298597278a48b507d488964fd9b759,Success,Externally verified,0.98
DOC_FIN_NGO_00055_FY2025-26,NGO_00055,Audit,Audited Financial Statement FY2025-26,2025,https://eleos.org/docs/FIN_NGO_00055_FY2025-26.pdf,Public Repository,2025-09-30,2026-09-16T10:00:00,86ea95e3275db91ec6f764fa71fb3d31a5f79aacbe22002e86c0ab23d25b3514,Success,Verified,0.95
DOC_FIN_NGO_00055_FY2024-25,NGO_00055,Audit,Audited Financial Statement FY2024-25,2024,https://eleos.org/docs/FIN_NGO_00055_FY2024-25.pdf,Public Repository,2024-09-30,2026-09-16T10:00:00,ea3881bcf9d84c1e7a2904ba0956d8af7bdf4b731d1478158220377b831ab387,Success,Verified,0.95
DOC_REG_NGO_00055,NGO_00055,Registration,Trust Registration Certificate,2022,https://eleos.org/docs/reg_NGO_00055.pdf,Government,2022-01-03,2026-09-16T10:00:00,1f90fdc87e80e97ce41e843b05c444622be95a1ed7266823940c8e6468967206,Success,Externally verified,0.98
DOC_FIN_NGO_00056_FY2025-26,NGO_00056,Audit,Audited Financial Statement FY2025-26,2025,https://eleos.org/docs/FIN_NGO_00056_FY2025-26.pdf,Public Repository,2025-09-30,2026-09-16T10:00:00,2d12222f985b76b0ccb0b198100630289518dd70f41ac390eba8e22516f5ea1f,Success,Verified,0.95
DOC_REG_NGO_00056,NGO_00056,Registration,Trust Registration Certificate,2025,https://eleos.org/docs/reg_NGO_00056.pdf,Government,2025-03-19,2026-09-16T10:00:00,43647dbb28d4b2a4189a1e1cd94a6306c2871b4d064d6141de02f997144212f4,Success,Externally verified,0.98
DOC_FIN_NGO_00057_FY2025-26,NGO_00057,Audit,Audited Financial Statement FY2025-26,2025,https://eleos.org/docs/FIN_NGO_00057_FY2025-26.pdf,Public Repository,2025-09-30,2026-09-16T10:00:00,1879b0e561d5eb37d4012f00f362c069957960aa318a0dedf4206463d413a65c,Success,Verified,0.95
DOC_REG_NGO_00057,NGO_00057,Registration,Society Registration Certificate,2023,https://eleos.org/docs/reg_NGO_00057.pdf,Government,2023-09-22,2026-09-16T10:00:00,1e96e21a69c3d6bcc3b172b3150804062867e77593fb033b2caa7cfe1889f460,Success,Self-reported,0.98
DOC_FIN_NGO_00058_FY2025-26,NGO_00058,Audit,Audited Financial Statement FY2025-26,2025,https://eleos.org/docs/FIN_NGO_00058_FY2025-26.pdf,Public Repository,2025-09-30,2026-09-16T10:00:00,1b70435b75088b50ba98b60ddeb5528136dfe082aadf6be1656b6dd9191ab619,Success,Verified,0.95
DOC_FIN_NGO_00058_FY2024-25,NGO_00058,Audit,Audited Financial Statement FY2024-25,2024,https://eleos.org/docs/FIN_NGO_00058_FY2024-25.pdf,Public Repository,2024-09-30,2026-09-16T10:00:00,3df7aed1028f50c6d99e32f10eba6f737d0d08658ef6905737b88a8c85f431ed,Success,Verified,0.95
DOC_REG_NGO_00058,NGO_00058,Registration,Trust Registration Certificate,2019,https://eleos.org/docs/reg_NGO_00058.pdf,Government,2019-08-23,2026-09-16T10:00:00,f95085d8e617b27febc09b06c3909630995ac72e7a068839a50cb41fdf934a96,Success,Externally verified,0.98
DOC_FIN_NGO_00059_FY2025-26,NGO_00059,Audit,Audited Financial Statement FY2025-26,2025,https://eleos.org/docs/FIN_NGO_00059_FY2025-26.pdf,Public Repository,2025-09-30,2026-09-16T10:00:00,460f8bb812260cb00bec5b2359ac4847b815b15b53ba8a6e2ecd214ee4ff5271,Success,Verified,0.95
DOC_REG_NGO_00059,NGO_00059,Registration,Trust Registration Certificate,2023,https://eleos.org/docs/reg_NGO_00059.pdf,Government,2023-05-27,2026-09-16T10:00:00,a35cb31dcd72880fa70e5edc2ed48d1d2239af16aa376a4228e5d4c3c6442de8,Success,Externally verified,0.98
DOC_FIN_NGO_00060_FY2025-26,NGO_00060,Audit,Audited Financial Statement FY2025-26,2025,https://eleos.org/docs/FIN_NGO_00060_FY2025-26.pdf,Public Repository,2025-09-30,2026-09-16T10:00:00,68033235c7b1ca31369b14e04ca47208ea30240fa1caf7567dccf49d6924f5a5,Success,Verified,0.95
DOC_FIN_NGO_00060_FY2024-25,NGO_00060,Audit,Audited Financial Statement FY2024-25,2024,https://eleos.org/docs/FIN_NGO_00060_FY2024-25.pdf,Public Repository,2024-09-30,2026-09-16T10:00:00,e52d83ebd09697cb5c7b91541d1f82e1cabb657b4ed7e94644295a734e0f3c4a,Success,Verified,0.95
DOC_FIN_NGO_00060_FY2023-24,NGO_00060,Audit,Audited Financial Statement FY2023-24,2023,https://eleos.org/docs/FIN_NGO_00060_FY2023-24.pdf,Public Repository,2023-09-30,2026-09-16T10:00:00,6927fe63b530a646428204f791e022203b6f2baca23c835662dc9e7b147beae9,Success,Verified,0.95
DOC_FIN_NGO_00060_FY2022-23,NGO_00060,Audit,Audited Financial Statement FY2022-23,2022,https://eleos.org/docs/FIN_NGO_00060_FY2022-23.pdf,Public Repository,2022-09-30,2026-09-16T10:00:00,593a45a99b1fc2994b94ae08cf5efdc238d73ebc55e948fbda7aec9c68f944e2,Success,Verified,0.95
DOC_REG_NGO_00060,NGO_00060,Registration,Section 8 Registration Certificate,2014,https://eleos.org/docs/reg_NGO_00060.pdf,Government,2014-02-21,2026-09-16T10:00:00,75c00d97c4d8d4d409cd0dcef30538777be6985098834a83127058ebc1106881,Success,Externally verified,0.98
DOC_FIN_NGO_00061_FY2025-26,NGO_00061,Audit,Audited Financial Statement FY2025-26,2025,https://eleos.org/docs/FIN_NGO_00061_FY2025-26.pdf,Public Repository,2025-09-30,2026-09-16T10:00:00,06d000e6c280586146208716e6f6c07bbbb85df001878596a327935add5da43d,Success,Verified,0.95
DOC_FIN_NGO_00061_FY2024-25,NGO_00061,Audit,Audited Financial Statement FY2024-25,2024,https://eleos.org/docs/FIN_NGO_00061_FY2024-25.pdf,Public Repository,2024-09-30,2026-09-16T10:00:00,515485925931bd96a558cff60d2deaf06b7445e1ffffb624ee79a9d2c8d4db5d,Success,Verified,0.95
DOC_REG_NGO_00061,NGO_00061,Registration,Society Registration Certificate,2017,https://eleos.org/docs/reg_NGO_00061.pdf,Government,2017-04-05,2026-09-16T10:00:00,69335160dab34c7073be4b0485725391d4986c8cde45610b5ebb3675ad13a7f4,Success,Externally verified,0.98
DOC_FIN_NGO_00062_FY2025-26,NGO_00062,Audit,Audited Financial Statement FY2025-26,2025,https://eleos.org/docs/FIN_NGO_00062_FY2025-26.pdf,Public Repository,2025-09-30,2026-09-16T10:00:00,707eb17cf583977aaea25392fd2f87995034eb7a979010806176b68c92af21b0,Success,Verified,0.95
DOC_FIN_NGO_00062_FY2024-25,NGO_00062,Audit,Audited Financial Statement FY2024-25,2024,https://eleos.org/docs/FIN_NGO_00062_FY2024-25.pdf,Public Repository,2024-09-30,2026-09-16T10:00:00,14b776d9028aa7f8e31f58a9c59af4a95bf0b054fb2c915564829ff3280c84d3,Success,Verified,0.95
DOC_FIN_NGO_00062_FY2023-24,NGO_00062,Audit,Audited Financial Statement FY2023-24,2023,https://eleos.org/docs/FIN_NGO_00062_FY2023-24.pdf,Public Repository,2023-09-30,2026-09-16T10:00:00,0e06716bf76c5e19139492601bd9cebc45ac0934ad0248cd8cb69e3369c5f55d,Success,Verified,0.95
DOC_FIN_NGO_00062_FY2022-23,NGO_00062,Audit,Audited Financial Statement FY2022-23,2022,https://eleos.org/docs/FIN_NGO_00062_FY2022-23.pdf,Public Repository,2022-09-30,2026-09-16T10:00:00,b1b872d5ae3477109c97284314ab819bfaf756be9420e59b6f0b07321fcd0d95,Success,Verified,0.95
DOC_REG_NGO_00062,NGO_00062,Registration,Section 8 Registration Certificate,2014,https://eleos.org/docs/reg_NGO_00062.pdf,Government,2014-09-15,2026-09-16T10:00:00,63d1c5aa9da3186b436ef44905881bad236ba99f5888466665ba0bfbcf6764d7,Success,Externally verified,0.98
DOC_FIN_NGO_00063_FY2025-26,NGO_00063,Audit,Audited Financial Statement FY2025-26,2025,https://eleos.org/docs/FIN_NGO_00063_FY2025-26.pdf,Public Repository,2025-09-30,2026-09-16T10:00:00,f735d7bfbec707c7a8268d22b8848b9a1a08e420437af98305fdf8b8cd233e45,Success,Verified,0.95
DOC_FIN_NGO_00063_FY2024-25,NGO_00063,Audit,Audited Financial Statement FY2024-25,2024,https://eleos.org/docs/FIN_NGO_00063_FY2024-25.pdf,Public Repository,2024-09-30,2026-09-16T10:00:00,2104085e83aba008e66875494839fadc8221f5734c34f92cf21a43413deff419,Success,Verified,0.95
DOC_FIN_NGO_00063_FY2023-24,NGO_00063,Audit,Audited Financial Statement FY2023-24,2023,https://eleos.org/docs/FIN_NGO_00063_FY2023-24.pdf,Public Repository,2023-09-30,2026-09-16T10:00:00,b1c39294a0626b0aeca2c92970ee703ffede37cf8deacd00e0563d9fcd431afd,Success,Verified,0.95
DOC_REG_NGO_00063,NGO_00063,Registration,Section 8 Registration Certificate,2006,https://eleos.org/docs/reg_NGO_00063.pdf,Government,2006-09-24,2026-09-16T10:00:00,099430bd7b1a721cb2874678850d119599c87afda128426d4530d902e8fdd2d9,Success,Externally verified,0.98
DOC_FIN_NGO_00064_FY2025-26,NGO_00064,Audit,Audited Financial Statement FY2025-26,2025,https://eleos.org/docs/FIN_NGO_00064_FY2025-26.pdf,Public Repository,2025-09-30,2026-09-16T10:00:00,6e68f34695b132f32d7369cae5ebbbf497d4ad67432f7110889fc8e11716998d,Success,Verified,0.95
DOC_FIN_NGO_00064_FY2024-25,NGO_00064,Audit,Audited Financial Statement FY2024-25,2024,https://eleos.org/docs/FIN_NGO_00064_FY2024-25.pdf,Public Repository,2024-09-30,2026-09-16T10:00:00,5d5284efb44434522a8a4bed63dbd3724c23abb77cd43218a65295e2af2e3bc2,Success,Verified,0.95
DOC_FIN_NGO_00064_FY2023-24,NGO_00064,Audit,Audited Financial Statement FY2023-24,2023,https://eleos.org/docs/FIN_NGO_00064_FY2023-24.pdf,Public Repository,2023-09-30,2026-09-16T10:00:00,09063384e5e52f5816f62f83446cb7ce737ce0919fa702244aa9a8c2dfc1c0ab,Success,Verified,0.95
DOC_FIN_NGO_00064_FY2022-23,NGO_00064,Audit,Audited Financial Statement FY2022-23,2022,https://eleos.org/docs/FIN_NGO_00064_FY2022-23.pdf,Public Repository,2022-09-30,2026-09-16T10:00:00,b3f999148dbeff293a5ca036acc90118e2ad8096a85fd5a4d2f5c15b369123de,Success,Verified,0.95
DOC_FIN_NGO_00064_FY2021-22,NGO_00064,Audit,Audited Financial Statement FY2021-22,2021,https://eleos.org/docs/FIN_NGO_00064_FY2021-22.pdf,Public Repository,2021-09-30,2026-09-16T10:00:00,f4dabc10e61a0c74c3b209e944f0d38eabdb04300a7729a33b0f9e4bde428a8c,Success,Verified,0.95
DOC_REG_NGO_00064,NGO_00064,Registration,Trust Registration Certificate,2005,https://eleos.org/docs/reg_NGO_00064.pdf,Government,2005-03-28,2026-09-16T10:00:00,3be0596c81a3d47d70d23449e90b724b16e172f24dae54d6da4b51eff00db8a8,Success,Externally verified,0.98
DOC_FIN_NGO_00065_FY2025-26,NGO_00065,Audit,Audited Financial Statement FY2025-26,2025,https://eleos.org/docs/FIN_NGO_00065_FY2025-26.pdf,Public Repository,2025-09-30,2026-09-16T10:00:00,4ab578ab36754a5b3e7793fcfa270a50bca461319ec862721ca77a89faf89873,Success,Verified,0.95
DOC_FIN_NGO_00065_FY2024-25,NGO_00065,Audit,Audited Financial Statement FY2024-25,2024,https://eleos.org/docs/FIN_NGO_00065_FY2024-25.pdf,Public Repository,2024-09-30,2026-09-16T10:00:00,de479a7dd814ea2a87638236efc739158ebed0e64c996a0964d8dd6f19b48985,Success,Verified,0.95
DOC_FIN_NGO_00065_FY2023-24,NGO_00065,Audit,Audited Financial Statement FY2023-24,2023,https://eleos.org/docs/FIN_NGO_00065_FY2023-24.pdf,Public Repository,2023-09-30,2026-09-16T10:00:00,e30b3b504ea5ebadf5b0fb72e0a6601bb2609a894a1c1ed18f9458a734cdbeb8,Success,Verified,0.95
DOC_FIN_NGO_00065_FY2022-23,NGO_00065,Audit,Audited Financial Statement FY2022-23,2022,https://eleos.org/docs/FIN_NGO_00065_FY2022-23.pdf,Public Repository,2022-09-30,2026-09-16T10:00:00,641d9837af8d045930ee860e3743fbb6b09266652da8a662249ea6daa8f4a3d0,Success,Verified,0.95
DOC_REG_NGO_00065,NGO_00065,Registration,Section 8 Registration Certificate,1997,https://eleos.org/docs/reg_NGO_00065.pdf,Government,1997-02-13,2026-09-16T10:00:00,4130c966c7dd3cfa2a4f6e36cbb3eefe965bf000717e589dfdb443bef19f95e5,Success,Externally verified,0.98
DOC_FIN_NGO_00066_FY2025-26,NGO_00066,Audit,Audited Financial Statement FY2025-26,2025,https://eleos.org/docs/FIN_NGO_00066_FY2025-26.pdf,Public Repository,2025-09-30,2026-09-16T10:00:00,fefc7e03a9c96fe757db6dcffbd5df0cd61b6e928410c7d83ef6d2d042903adb,Success,Verified,0.95
DOC_FIN_NGO_00066_FY2024-25,NGO_00066,Audit,Audited Financial Statement FY2024-25,2024,https://eleos.org/docs/FIN_NGO_00066_FY2024-25.pdf,Public Repository,2024-09-30,2026-09-16T10:00:00,1603bb9434bf92c7468416ebd8895481bb3e8e2c1bed45ed9d67d369ec5f17ec,Success,Verified,0.95
DOC_FIN_NGO_00066_FY2023-24,NGO_00066,Audit,Audited Financial Statement FY2023-24,2023,https://eleos.org/docs/FIN_NGO_00066_FY2023-24.pdf,Public Repository,2023-09-30,2026-09-16T10:00:00,e1a6cce9b737ae2b7e830cf0f713e52ee67a3675edd11dad1e4263c89fe143da,Success,Verified,0.95
DOC_FIN_NGO_00066_FY2022-23,NGO_00066,Audit,Audited Financial Statement FY2022-23,2022,https://eleos.org/docs/FIN_NGO_00066_FY2022-23.pdf,Public Repository,2022-09-30,2026-09-16T10:00:00,28b01e79f617f8852216764860010eede6f106c32cc8a39005b6477aeaa7ec23,Success,Verified,0.95
DOC_REG_NGO_00066,NGO_00066,Registration,Society Registration Certificate,2012,https://eleos.org/docs/reg_NGO_00066.pdf,Government,2012-05-27,2026-09-16T10:00:00,11054a3677d843693712b34ea141849e2fbcd4d76829f9c2bef7d2f5f2afc373,Success,Externally verified,0.98
DOC_FIN_NGO_00067_FY2025-26,NGO_00067,Audit,Audited Financial Statement FY2025-26,2025,https://eleos.org/docs/FIN_NGO_00067_FY2025-26.pdf,Public Repository,2025-09-30,2026-09-16T10:00:00,482fdd21895e866318771e529f2b3fd4095828ff242e6b3603cca10b1bb2e833,Success,Verified,0.95
DOC_FIN_NGO_00067_FY2024-25,NGO_00067,Audit,Audited Financial Statement FY2024-25,2024,https://eleos.org/docs/FIN_NGO_00067_FY2024-25.pdf,Public Repository,2024-09-30,2026-09-16T10:00:00,150ae3bcf46916bf4d341f4ddab1a60d033afe051e6a1544d29a1a9ed1d9e519,Success,Verified,0.95
DOC_REG_NGO_00067,NGO_00067,Registration,Society Registration Certificate,2022,https://eleos.org/docs/reg_NGO_00067.pdf,Government,2022-06-26,2026-09-16T10:00:00,3d436884308e4ec7d0badc24fce0ebcdad001675dfb5e40bb0fb6886df7e405c,Success,Externally verified,0.98
DOC_FIN_NGO_00068_FY2025-26,NGO_00068,Audit,Audited Financial Statement FY2025-26,2025,https://eleos.org/docs/FIN_NGO_00068_FY2025-26.pdf,Public Repository,2025-09-30,2026-09-16T10:00:00,32a0aa36b78bb4f4f8314bd7aba04cb686251ecc5cd04c61d1a8f2bd0faa7d3f,Success,Verified,0.95
DOC_FIN_NGO_00068_FY2024-25,NGO_00068,Audit,Audited Financial Statement FY2024-25,2024,https://eleos.org/docs/FIN_NGO_00068_FY2024-25.pdf,Public Repository,2024-09-30,2026-09-16T10:00:00,6f08f931c40083e59d74cd523429a9ff285bec1d4594470597eea0319fa7badd,Success,Verified,0.95
DOC_FIN_NGO_00068_FY2023-24,NGO_00068,Audit,Audited Financial Statement FY2023-24,2023,https://eleos.org/docs/FIN_NGO_00068_FY2023-24.pdf,Public Repository,2023-09-30,2026-09-16T10:00:00,da4f48de8e976d9a2f52ce39643065d6a4a98d79c86e98050a65cd111763d5e2,Success,Verified,0.95
DOC_FIN_NGO_00068_FY2022-23,NGO_00068,Audit,Audited Financial Statement FY2022-23,2022,https://eleos.org/docs/FIN_NGO_00068_FY2022-23.pdf,Public Repository,2022-09-30,2026-09-16T10:00:00,7553ce0a466e99a9bd779eba5219a5d6360165248bc8c03f3ebb0454f2df1a28,Success,Verified,0.95
DOC_REG_NGO_00068,NGO_00068,Registration,Society Registration Certificate,2021,https://eleos.org/docs/reg_NGO_00068.pdf,Government,2021-06-24,2026-09-16T10:00:00,49ac5d0457eb3e3272f95e41674806b9281c7b850e42ae540606a00e2e9b35bf,Success,Externally verified,0.98
DOC_FIN_NGO_00069_FY2025-26,NGO_00069,Audit,Audited Financial Statement FY2025-26,2025,https://eleos.org/docs/FIN_NGO_00069_FY2025-26.pdf,Public Repository,2025-09-30,2026-09-16T10:00:00,a3019c32e96a14f667ac7857b424914ca05d5934bb03d6760fe6c7a8886554bb,Success,Verified,0.95
DOC_FIN_NGO_00069_FY2024-25,NGO_00069,Audit,Audited Financial Statement FY2024-25,2024,https://eleos.org/docs/FIN_NGO_00069_FY2024-25.pdf,Public Repository,2024-09-30,2026-09-16T10:00:00,dd53d3a86fea7f72022180c56069e94b53237b6ff0a0f933fabb8df0a54464ea,Success,Verified,0.95
DOC_FIN_NGO_00069_FY2023-24,NGO_00069,Audit,Audited Financial Statement FY2023-24,2023,https://eleos.org/docs/FIN_NGO_00069_FY2023-24.pdf,Public Repository,2023-09-30,2026-09-16T10:00:00,0d377756130f69b53d14fa97cd09f44a41b67242e82011a98178e6402e82966c,Success,Verified,0.95
DOC_FIN_NGO_00069_FY2022-23,NGO_00069,Audit,Audited Financial Statement FY2022-23,2022,https://eleos.org/docs/FIN_NGO_00069_FY2022-23.pdf,Public Repository,2022-09-30,2026-09-16T10:00:00,93c558e4c7900bd4b4b37753aafb032ba1cdc682b7adedac70abad6a7333566e,Success,Verified,0.95
DOC_REG_NGO_00069,NGO_00069,Registration,Society Registration Certificate,2003,https://eleos.org/docs/reg_NGO_00069.pdf,Government,2003-03-05,2026-09-16T10:00:00,a1e87b617bd2bfd480bc6d0f997505c8bb0fa016ffc58b126935ad95e19a5821,Success,Externally verified,0.98
DOC_FIN_NGO_00070_FY2025-26,NGO_00070,Audit,Audited Financial Statement FY2025-26,2025,https://eleos.org/docs/FIN_NGO_00070_FY2025-26.pdf,Public Repository,2025-09-30,2026-09-16T10:00:00,0d166634829e1853c8d71f49d645360003088ae88875afff3fda5a041053500b,Success,Verified,0.95
DOC_FIN_NGO_00070_FY2024-25,NGO_00070,Audit,Audited Financial Statement FY2024-25,2024,https://eleos.org/docs/FIN_NGO_00070_FY2024-25.pdf,Public Repository,2024-09-30,2026-09-16T10:00:00,88990cf271d2e027c1f3ca06fcd128a55341b67637afdbdb8bba654e8a9e0134,Success,Verified,0.95
DOC_FIN_NGO_00070_FY2023-24,NGO_00070,Audit,Audited Financial Statement FY2023-24,2023,https://eleos.org/docs/FIN_NGO_00070_FY2023-24.pdf,Public Repository,2023-09-30,2026-09-16T10:00:00,9558eaaa8023443084e39cf50f434c373d90456af6db653e93ac5dd70ac2a095,Success,Verified,0.95
DOC_FIN_NGO_00070_FY2022-23,NGO_00070,Audit,Audited Financial Statement FY2022-23,2022,https://eleos.org/docs/FIN_NGO_00070_FY2022-23.pdf,Public Repository,2022-09-30,2026-09-16T10:00:00,b42d01d57e618a4b140fc51adce01ba991969a51ba2582d8f79e2b29a3f08a46,Success,Verified,0.95
DOC_FIN_NGO_00070_FY2021-22,NGO_00070,Audit,Audited Financial Statement FY2021-22,2021,https://eleos.org/docs/FIN_NGO_00070_FY2021-22.pdf,Public Repository,2021-09-30,2026-09-16T10:00:00,3b360f8a976588ba0f08e121cda01a66cdf72095e3ab1b65551348e24756f4e6,Success,Verified,0.95
DOC_REG_NGO_00070,NGO_00070,Registration,Section 8 Registration Certificate,2000,https://eleos.org/docs/reg_NGO_00070.pdf,Government,2000-12-12,2026-09-16T10:00:00,955f089248f1bb4d712bd15bcc22e6621b320b947a41a99ca99459264faeadb7,Success,Externally verified,0.98
DOC_FIN_NGO_00071_FY2025-26,NGO_00071,Audit,Audited Financial Statement FY2025-26,2025,https://eleos.org/docs/FIN_NGO_00071_FY2025-26.pdf,Public Repository,2025-09-30,2026-09-16T10:00:00,f5fb1103f986370fe5fef58b8e16e69d2bf7d068ecf6dd725031ff6b2b9fd701,Success,Verified,0.95
DOC_FIN_NGO_00071_FY2024-25,NGO_00071,Audit,Audited Financial Statement FY2024-25,2024,https://eleos.org/docs/FIN_NGO_00071_FY2024-25.pdf,Public Repository,2024-09-30,2026-09-16T10:00:00,147fdd72d92118d805129d34c81ec33260f0e5361ea50e3e170ac69671dbfd9c,Success,Verified,0.95
DOC_FIN_NGO_00071_FY2023-24,NGO_00071,Audit,Audited Financial Statement FY2023-24,2023,https://eleos.org/docs/FIN_NGO_00071_FY2023-24.pdf,Public Repository,2023-09-30,2026-09-16T10:00:00,04512f92742c645553223a4dcafe4d9ea2f9c3df4f8c0bd999a172ab9a0556a4,Success,Verified,0.95
DOC_REG_NGO_00071,NGO_00071,Registration,Trust Registration Certificate,2013,https://eleos.org/docs/reg_NGO_00071.pdf,Government,2013-03-17,2026-09-16T10:00:00,0b76769a58704048bac98af3cd0f3cb45c9611c469562a00cd6c1d767323312a,Success,Externally verified,0.98
DOC_FIN_NGO_00072_FY2025-26,NGO_00072,Audit,Audited Financial Statement FY2025-26,2025,https://eleos.org/docs/FIN_NGO_00072_FY2025-26.pdf,Public Repository,2025-09-30,2026-09-16T10:00:00,3fdee9f80474b1687c300c04282d92acd7418e8067499b3ad7440009dd899c74,Success,Verified,0.95
DOC_FIN_NGO_00072_FY2024-25,NGO_00072,Audit,Audited Financial Statement FY2024-25,2024,https://eleos.org/docs/FIN_NGO_00072_FY2024-25.pdf,Public Repository,2024-09-30,2026-09-16T10:00:00,5cd6401f2b7c67c40f919bfa76d4e950021ac0468f05ba48dbcf69128cefad94,Success,Verified,0.95
DOC_FIN_NGO_00072_FY2023-24,NGO_00072,Audit,Audited Financial Statement FY2023-24,2023,https://eleos.org/docs/FIN_NGO_00072_FY2023-24.pdf,Public Repository,2023-09-30,2026-09-16T10:00:00,8c296ebefdf7754cd88b6bcc317f6d1591441c8817ca54c3721f9eef4e82dd7e,Success,Verified,0.95
DOC_FIN_NGO_00072_FY2022-23,NGO_00072,Audit,Audited Financial Statement FY2022-23,2022,https://eleos.org/docs/FIN_NGO_00072_FY2022-23.pdf,Public Repository,2022-09-30,2026-09-16T10:00:00,49188efa68b75671c0eeee3dede9c6729a22b6d4fe519ac0ebd4f5a3974e62bb,Success,Verified,0.95
DOC_FIN_NGO_00072_FY2021-22,NGO_00072,Audit,Audited Financial Statement FY2021-22,2021,https://eleos.org/docs/FIN_NGO_00072_FY2021-22.pdf,Public Repository,2021-09-30,2026-09-16T10:00:00,9d80bc3041762e45bd53a6047b001182a0774386f585773809f523728ea1102a,Success,Verified,0.95
DOC_REG_NGO_00072,NGO_00072,Registration,Society Registration Certificate,2016,https://eleos.org/docs/reg_NGO_00072.pdf,Government,2016-05-10,2026-09-16T10:00:00,33be1f553003d5ea5ce33ac31290cf25f847941ef80e0c5cd4bf32eab5f5e930,Success,Externally verified,0.98
DOC_FIN_NGO_00073_FY2025-26,NGO_00073,Audit,Audited Financial Statement FY2025-26,2025,https://eleos.org/docs/FIN_NGO_00073_FY2025-26.pdf,Public Repository,2025-09-30,2026-09-16T10:00:00,7348e6c8c3d4b399ed0396d846f6e0655a8490bac16ef9b89ea1f095af968fb5,Success,Verified,0.95
DOC_FIN_NGO_00073_FY2024-25,NGO_00073,Audit,Audited Financial Statement FY2024-25,2024,https://eleos.org/docs/FIN_NGO_00073_FY2024-25.pdf,Public Repository,2024-09-30,2026-09-16T10:00:00,497779b1056ecef3cd344290116f4bdd8ada23c2ca9e50d46362b8ee5cccd98d,Success,Verified,0.95
DOC_FIN_NGO_00073_FY2023-24,NGO_00073,Audit,Audited Financial Statement FY2023-24,2023,https://eleos.org/docs/FIN_NGO_00073_FY2023-24.pdf,Public Repository,2023-09-30,2026-09-16T10:00:00,49bb8cb409d8691fc686f1f111782005ab7421c17934e82c3c3db232bec4bd80,Success,Verified,0.95
DOC_FIN_NGO_00073_FY2022-23,NGO_00073,Audit,Audited Financial Statement FY2022-23,2022,https://eleos.org/docs/FIN_NGO_00073_FY2022-23.pdf,Public Repository,2022-09-30,2026-09-16T10:00:00,f48aa0d92ae394a6eab9d0bd38975a0909b5228219bfb17a430aa8d1a07a53ac,Success,Verified,0.95
DOC_REG_NGO_00073,NGO_00073,Registration,Section 8 Registration Certificate,2007,https://eleos.org/docs/reg_NGO_00073.pdf,Government,2007-09-26,2026-09-16T10:00:00,4b329794324302afa0093a2e498c0701fabead49c5791721406250558c82a669,Success,Externally verified,0.98
DOC_FIN_NGO_00074_FY2025-26,NGO_00074,Audit,Audited Financial Statement FY2025-26,2025,https://eleos.org/docs/FIN_NGO_00074_FY2025-26.pdf,Public Repository,2025-09-30,2026-09-16T10:00:00,7db491d9d65fb75ec7460c430dd0e00ab7a02447c7e763fd5f9f27646cc7dd24,Success,Verified,0.95
DOC_FIN_NGO_00074_FY2024-25,NGO_00074,Audit,Audited Financial Statement FY2024-25,2024,https://eleos.org/docs/FIN_NGO_00074_FY2024-25.pdf,Public Repository,2024-09-30,2026-09-16T10:00:00,4b389e2b0d39fc75c68c1c5cab4c6daf681a8f73871c1a2c41e97fcc1989f56b,Success,Verified,0.95
DOC_REG_NGO_00074,NGO_00074,Registration,Section 8 Registration Certificate,2008,https://eleos.org/docs/reg_NGO_00074.pdf,Government,2008-06-10,2026-09-16T10:00:00,d4524ab20b72844000764d76c4faac3bd57ca3050ebd3b9298a30e9018175827,Success,Externally verified,0.98
DOC_FIN_NGO_00075_FY2025-26,NGO_00075,Audit,Audited Financial Statement FY2025-26,2025,https://eleos.org/docs/FIN_NGO_00075_FY2025-26.pdf,Public Repository,2025-09-30,2026-09-16T10:00:00,791589f73255b7ac658ae27366f2f8fd3261acf71e38b681042de03a1145d9dd,Success,Verified,0.95
DOC_FIN_NGO_00075_FY2024-25,NGO_00075,Audit,Audited Financial Statement FY2024-25,2024,https://eleos.org/docs/FIN_NGO_00075_FY2024-25.pdf,Public Repository,2024-09-30,2026-09-16T10:00:00,af65a6f7df31ca31a371e1004a7fc705941dc178f7f4e611932f7ec6ded4761b,Success,Verified,0.95
DOC_REG_NGO_00075,NGO_00075,Registration,Trust Registration Certificate,2024,https://eleos.org/docs/reg_NGO_00075.pdf,Government,2024-09-21,2026-09-16T10:00:00,dd6c8d2794d3c5eef57bb816cfd00e58c4d95c09ae5213aa97ae549c12df6e6d,Success,Externally verified,0.98
DOC_FIN_NGO_00076_FY2025-26,NGO_00076,Audit,Audited Financial Statement FY2025-26,2025,https://eleos.org/docs/FIN_NGO_00076_FY2025-26.pdf,Public Repository,2025-09-30,2026-09-16T10:00:00,a9c39683d6e5a4dcb0bd530a2249fdb1fdc432f9efed3559a4457c60fd32b5cf,Success,Verified,0.95
DOC_FIN_NGO_00076_FY2024-25,NGO_00076,Audit,Audited Financial Statement FY2024-25,2024,https://eleos.org/docs/FIN_NGO_00076_FY2024-25.pdf,Public Repository,2024-09-30,2026-09-16T10:00:00,114771a2acefa6a73d6c809b0cd01fb4eb7e7f8e2bd1a721eeca1efcd97c5a2b,Success,Verified,0.95
DOC_FIN_NGO_00076_FY2023-24,NGO_00076,Audit,Audited Financial Statement FY2023-24,2023,https://eleos.org/docs/FIN_NGO_00076_FY2023-24.pdf,Public Repository,2023-09-30,2026-09-16T10:00:00,52a7a9a2b7772a0050a307ca876feb32d937655c04507424bb480312df6e06ce,Success,Verified,0.95
DOC_FIN_NGO_00076_FY2022-23,NGO_00076,Audit,Audited Financial Statement FY2022-23,2022,https://eleos.org/docs/FIN_NGO_00076_FY2022-23.pdf,Public Repository,2022-09-30,2026-09-16T10:00:00,1e021e71c3ba12a5df0084f6316d8fd8f8e1205a0c097a13c47e3fef6305664c,Success,Verified,0.95
DOC_FIN_NGO_00076_FY2021-22,NGO_00076,Audit,Audited Financial Statement FY2021-22,2021,https://eleos.org/docs/FIN_NGO_00076_FY2021-22.pdf,Public Repository,2021-09-30,2026-09-16T10:00:00,0704ffcd2997fe9e101486e5a65554c297d289696972ef6c2c10c4abd7a9e26e,Success,Verified,0.95
DOC_REG_NGO_00076,NGO_00076,Registration,Society Registration Certificate,2021,https://eleos.org/docs/reg_NGO_00076.pdf,Government,2021-11-06,2026-09-16T10:00:00,b3d3c6ab8b2eef73a777628a108d967fe96108dcd4b57983670c9fac2b51df7e,Success,Externally verified,0.98
DOC_FIN_NGO_00077_FY2025-26,NGO_00077,Audit,Audited Financial Statement FY2025-26,2025,https://eleos.org/docs/FIN_NGO_00077_FY2025-26.pdf,Public Repository,2025-09-30,2026-09-16T10:00:00,2001b5c9ca834910ba3cc57ea40e5e9b8eeedaca7a28b13a702988de7e81ef28,Success,Verified,0.95
DOC_FIN_NGO_00077_FY2024-25,NGO_00077,Audit,Audited Financial Statement FY2024-25,2024,https://eleos.org/docs/FIN_NGO_00077_FY2024-25.pdf,Public Repository,2024-09-30,2026-09-16T10:00:00,64922b3b70b46341dd8335383b975d48e2f0de43683ec631f77326e085f0128f,Success,Verified,0.95
DOC_FIN_NGO_00077_FY2023-24,NGO_00077,Audit,Audited Financial Statement FY2023-24,2023,https://eleos.org/docs/FIN_NGO_00077_FY2023-24.pdf,Public Repository,2023-09-30,2026-09-16T10:00:00,3ba5f62623cdc65807671483af5d8df376bfc2f3a3cbf30397f9c6e1fb87ec3d,Success,Verified,0.95
DOC_FIN_NGO_00077_FY2022-23,NGO_00077,Audit,Audited Financial Statement FY2022-23,2022,https://eleos.org/docs/FIN_NGO_00077_FY2022-23.pdf,Public Repository,2022-09-30,2026-09-16T10:00:00,43f67d817e967b08260bbfa72c5e3e86ac0139f4d558276c13f2777a720732b1,Success,Verified,0.95
DOC_FIN_NGO_00077_FY2021-22,NGO_00077,Audit,Audited Financial Statement FY2021-22,2021,https://eleos.org/docs/FIN_NGO_00077_FY2021-22.pdf,Public Repository,2021-09-30,2026-09-16T10:00:00,17f5b04c0df1ed13a08a93b722d235e2f5075d61f0f47196fd589f54fcb3377e,Success,Verified,0.95
DOC_REG_NGO_00077,NGO_00077,Registration,Trust Registration Certificate,2014,https://eleos.org/docs/reg_NGO_00077.pdf,Government,2014-04-15,2026-09-16T10:00:00,860508c7aefbe48ef2e0f5fcf81e27effb801d74f27dde1e191c4dc5fba7261f,Success,Externally verified,0.98
DOC_FIN_NGO_00078_FY2025-26,NGO_00078,Audit,Audited Financial Statement FY2025-26,2025,https://eleos.org/docs/FIN_NGO_00078_FY2025-26.pdf,Public Repository,2025-09-30,2026-09-16T10:00:00,2d3c65cbedec8b2f86f76960b1777ba57ee333b5d4e431d461397f6116aba38f,Success,Verified,0.95
DOC_FIN_NGO_00078_FY2024-25,NGO_00078,Audit,Audited Financial Statement FY2024-25,2024,https://eleos.org/docs/FIN_NGO_00078_FY2024-25.pdf,Public Repository,2024-09-30,2026-09-16T10:00:00,e4df84aa0bf2728916d74c44d7ab92e1878b787581fa754802b0312a1419d45a,Success,Verified,0.95
DOC_FIN_NGO_00078_FY2023-24,NGO_00078,Audit,Audited Financial Statement FY2023-24,2023,https://eleos.org/docs/FIN_NGO_00078_FY2023-24.pdf,Public Repository,2023-09-30,2026-09-16T10:00:00,469650ea61ea274500877c66c53092614d2388799211f3937a2be97e5b5ce27f,Success,Verified,0.95
DOC_REG_NGO_00078,NGO_00078,Registration,Society Registration Certificate,2018,https://eleos.org/docs/reg_NGO_00078.pdf,Government,2018-08-05,2026-09-16T10:00:00,de5f8a5e89060c8f17140e0a8c2c9dffe999b6b73d33bc8fb3822f769189ee82,Success,Externally verified,0.98
DOC_FIN_NGO_00079_FY2025-26,NGO_00079,Audit,Audited Financial Statement FY2025-26,2025,https://eleos.org/docs/FIN_NGO_00079_FY2025-26.pdf,Public Repository,2025-09-30,2026-09-16T10:00:00,186fc803db54a4fe56d7ffdd12aa78e0de4efe9134bfb021dc8da68c05f50de2,Success,Verified,0.95
DOC_FIN_NGO_00079_FY2024-25,NGO_00079,Audit,Audited Financial Statement FY2024-25,2024,https://eleos.org/docs/FIN_NGO_00079_FY2024-25.pdf,Public Repository,2024-09-30,2026-09-16T10:00:00,840bdf077e3b2af9220338b55f50ca198c46109bd81c46ab7c20d502586001f3,Success,Verified,0.95
DOC_REG_NGO_00079,NGO_00079,Registration,Society Registration Certificate,2024,https://eleos.org/docs/reg_NGO_00079.pdf,Government,2024-04-26,2026-09-16T10:00:00,953e376fbfa55939bae8db460d4de4183ed54183aa18323b3188622bde0320bf,Success,Externally verified,0.98
DOC_FIN_NGO_00080_FY2025-26,NGO_00080,Audit,Audited Financial Statement FY2025-26,2025,https://eleos.org/docs/FIN_NGO_00080_FY2025-26.pdf,Public Repository,2025-09-30,2026-09-16T10:00:00,676c15f56d493fb219b218e627be8c91af56c0dc023ad2266d139eaa5196935d,Success,Verified,0.95
DOC_FIN_NGO_00080_FY2024-25,NGO_00080,Audit,Audited Financial Statement FY2024-25,2024,https://eleos.org/docs/FIN_NGO_00080_FY2024-25.pdf,Public Repository,2024-09-30,2026-09-16T10:00:00,c65541b4b8e3c0b55aa7313ca87c7f3b83bb00dbb4fd85435b522dfc897e0816,Success,Verified,0.95
DOC_FIN_NGO_00080_FY2023-24,NGO_00080,Audit,Audited Financial Statement FY2023-24,2023,https://eleos.org/docs/FIN_NGO_00080_FY2023-24.pdf,Public Repository,2023-09-30,2026-09-16T10:00:00,356189d2ab07602510597227f9f7fdb6c86dda233674393ff7d9dd52e67d792f,Success,Verified,0.95
DOC_REG_NGO_00080,NGO_00080,Registration,Section 8 Registration Certificate,1996,https://eleos.org/docs/reg_NGO_00080.pdf,Government,1996-02-13,2026-09-16T10:00:00,9c57efc1b2e985d955d8388e2fa59982ad8fcefc6ab2cb95f55eba7d0a37bebf,Success,Self-reported,0.98
DOC_FIN_NGO_00081_FY2025-26,NGO_00081,Audit,Audited Financial Statement FY2025-26,2025,https://eleos.org/docs/FIN_NGO_00081_FY2025-26.pdf,Public Repository,2025-09-30,2026-09-16T10:00:00,e5fceaa84fdc57d9c24c52aaabecb4d8428595ceabfa1ae20af8d1214f5eb205,Success,Verified,0.95
DOC_FIN_NGO_00081_FY2024-25,NGO_00081,Audit,Audited Financial Statement FY2024-25,2024,https://eleos.org/docs/FIN_NGO_00081_FY2024-25.pdf,Public Repository,2024-09-30,2026-09-16T10:00:00,7f9f264703ef83cd0dfe0079cccafee33847fcadd1d570d178973bf53dd9e76c,Success,Verified,0.95
DOC_FIN_NGO_00081_FY2023-24,NGO_00081,Audit,Audited Financial Statement FY2023-24,2023,https://eleos.org/docs/FIN_NGO_00081_FY2023-24.pdf,Public Repository,2023-09-30,2026-09-16T10:00:00,f858717adc8bc8a0fb51934c06c82f80db1f5f5eac63ebfc60a04b5226daa25c,Success,Verified,0.95
DOC_REG_NGO_00081,NGO_00081,Registration,Society Registration Certificate,2022,https://eleos.org/docs/reg_NGO_00081.pdf,Government,2022-06-11,2026-09-16T10:00:00,10e0294b73d47d2164c625051ce87026164125d92e801e7bc96ca41ee65d908e,Success,Externally verified,0.98
DOC_FIN_NGO_00082_FY2025-26,NGO_00082,Audit,Audited Financial Statement FY2025-26,2025,https://eleos.org/docs/FIN_NGO_00082_FY2025-26.pdf,Public Repository,2025-09-30,2026-09-16T10:00:00,4b8a2b831d7470c697b199a44090aaaeb807bb668df57b88ae9a852e7d67367f,Success,Verified,0.95
DOC_FIN_NGO_00082_FY2024-25,NGO_00082,Audit,Audited Financial Statement FY2024-25,2024,https://eleos.org/docs/FIN_NGO_00082_FY2024-25.pdf,Public Repository,2024-09-30,2026-09-16T10:00:00,fae72cac434912592c96a9c2dbe5f9db9b7d688e91b37f4b9c895a137d52f1d3,Success,Verified,0.95
DOC_FIN_NGO_00082_FY2023-24,NGO_00082,Audit,Audited Financial Statement FY2023-24,2023,https://eleos.org/docs/FIN_NGO_00082_FY2023-24.pdf,Public Repository,2023-09-30,2026-09-16T10:00:00,f2765d58c11dd58817d5159862cfccb6d4a23eed7822c5191cf7ee598b234be7,Success,Verified,0.95
DOC_FIN_NGO_00082_FY2022-23,NGO_00082,Audit,Audited Financial Statement FY2022-23,2022,https://eleos.org/docs/FIN_NGO_00082_FY2022-23.pdf,Public Repository,2022-09-30,2026-09-16T10:00:00,ced4f941ebb0c01d519d84ef0126f2a7213ed31d0777e7b0b72f41c1716f07db,Success,Verified,0.95
DOC_FIN_NGO_00082_FY2021-22,NGO_00082,Audit,Audited Financial Statement FY2021-22,2021,https://eleos.org/docs/FIN_NGO_00082_FY2021-22.pdf,Public Repository,2021-09-30,2026-09-16T10:00:00,efa12c7a79aaf43987b555119842bfbe4998a49e3faacbe78b077be6e83fdb28,Success,Verified,0.95
DOC_REG_NGO_00082,NGO_00082,Registration,Society Registration Certificate,2011,https://eleos.org/docs/reg_NGO_00082.pdf,Government,2011-03-17,2026-09-16T10:00:00,4eb0144b0a62f1f862a7d68d1a5f14a4679ab21dd5a36dc76889ef8f3a0ba514,Success,Externally verified,0.98
DOC_REG_NGO_00083,NGO_00083,Registration,Trust Registration Certificate,2025,https://eleos.org/docs/reg_NGO_00083.pdf,Government,2025-01-03,2026-09-16T10:00:00,572caae58a560cfec38e6ded7efdd6b3805fb231b0a505079a69c988ddc4f7a2,Success,Self-reported,0.98
DOC_FIN_NGO_00084_FY2025-26,NGO_00084,Audit,Audited Financial Statement FY2025-26,2025,https://eleos.org/docs/FIN_NGO_00084_FY2025-26.pdf,Public Repository,2025-09-30,2026-09-16T10:00:00,319cbdf6b31355eb3af9f46047519344ce95f9adcf7ef0f69f77b22c21d6945d,Success,Verified,0.95
DOC_FIN_NGO_00084_FY2024-25,NGO_00084,Audit,Audited Financial Statement FY2024-25,2024,https://eleos.org/docs/FIN_NGO_00084_FY2024-25.pdf,Public Repository,2024-09-30,2026-09-16T10:00:00,de5de620c64307c1663d709aeab73ef7a3eca58b292e7ed346dacf2791087df5,Success,Verified,0.95
DOC_REG_NGO_00084,NGO_00084,Registration,Trust Registration Certificate,2015,https://eleos.org/docs/reg_NGO_00084.pdf,Government,2015-11-27,2026-09-16T10:00:00,5a41cf55856044c23c60503d275e7cd61f0b9643f48d05c50fbca95b504288c1,Success,Externally verified,0.98
DOC_FIN_NGO_00085_FY2025-26,NGO_00085,Audit,Audited Financial Statement FY2025-26,2025,https://eleos.org/docs/FIN_NGO_00085_FY2025-26.pdf,Public Repository,2025-09-30,2026-09-16T10:00:00,7af33fe13682bbf6632279f94549f319275e6fc9b7eb9f62e065883415e40451,Success,Verified,0.95
DOC_FIN_NGO_00085_FY2024-25,NGO_00085,Audit,Audited Financial Statement FY2024-25,2024,https://eleos.org/docs/FIN_NGO_00085_FY2024-25.pdf,Public Repository,2024-09-30,2026-09-16T10:00:00,012ee00d94f887591aa14d759979a2a9e189a606ceec91d62d1d1e233164388a,Success,Verified,0.95
DOC_FIN_NGO_00085_FY2023-24,NGO_00085,Audit,Audited Financial Statement FY2023-24,2023,https://eleos.org/docs/FIN_NGO_00085_FY2023-24.pdf,Public Repository,2023-09-30,2026-09-16T10:00:00,84d0c580160191710140c367d5e9c8755e56814c92c6ee8e15b47ab9562e9161,Success,Verified,0.95
DOC_FIN_NGO_00085_FY2022-23,NGO_00085,Audit,Audited Financial Statement FY2022-23,2022,https://eleos.org/docs/FIN_NGO_00085_FY2022-23.pdf,Public Repository,2022-09-30,2026-09-16T10:00:00,d294b8107729997cad0e8dfe16b16ea6c393ba8ea3aaa044f5c50c401fe12688,Success,Verified,0.95
DOC_FIN_NGO_00085_FY2021-22,NGO_00085,Audit,Audited Financial Statement FY2021-22,2021,https://eleos.org/docs/FIN_NGO_00085_FY2021-22.pdf,Public Repository,2021-09-30,2026-09-16T10:00:00,936160231f71ddbea167cc688539534a9d8ad270c2a4881255733c0d87abc468,Success,Verified,0.95
DOC_REG_NGO_00085,NGO_00085,Registration,Society Registration Certificate,2005,https://eleos.org/docs/reg_NGO_00085.pdf,Government,2005-11-08,2026-09-16T10:00:00,0abb32d9e27acd1ec0b65df89845251afd69786a5992baa4ce6ab9b105b3fcc8,Success,Externally verified,0.98
DOC_FIN_NGO_00086_FY2025-26,NGO_00086,Audit,Audited Financial Statement FY2025-26,2025,https://eleos.org/docs/FIN_NGO_00086_FY2025-26.pdf,Public Repository,2025-09-30,2026-09-16T10:00:00,20801fb3fa8fce462d1f2c285cdec42d5e77b841c68cbf19a60518410c5c3189,Success,Verified,0.95
DOC_FIN_NGO_00086_FY2024-25,NGO_00086,Audit,Audited Financial Statement FY2024-25,2024,https://eleos.org/docs/FIN_NGO_00086_FY2024-25.pdf,Public Repository,2024-09-30,2026-09-16T10:00:00,323a7ec6e4b886e17071e87d9c99673dbc46091b9cfe9cd7fa6f484f7a27adff,Success,Verified,0.95
DOC_FIN_NGO_00086_FY2023-24,NGO_00086,Audit,Audited Financial Statement FY2023-24,2023,https://eleos.org/docs/FIN_NGO_00086_FY2023-24.pdf,Public Repository,2023-09-30,2026-09-16T10:00:00,744aab3a93b16ae8c2d13ba73a386330a5c16b35a608fdd9640853eefba31744,Success,Verified,0.95
DOC_REG_NGO_00086,NGO_00086,Registration,Society Registration Certificate,2021,https://eleos.org/docs/reg_NGO_00086.pdf,Government,2021-06-11,2026-09-16T10:00:00,02d582015d5c827e379f816923b32b709ef24fd921ce503ef438816cd20e78ad,Success,Externally verified,0.98
DOC_FIN_NGO_00087_FY2025-26,NGO_00087,Audit,Audited Financial Statement FY2025-26,2025,https://eleos.org/docs/FIN_NGO_00087_FY2025-26.pdf,Public Repository,2025-09-30,2026-09-16T10:00:00,7c365f3fc0048660e95ac588f66b2a3cfdc9f2422a3f2f5c7aa98dbf94e8724b,Success,Verified,0.95
DOC_FIN_NGO_00087_FY2024-25,NGO_00087,Audit,Audited Financial Statement FY2024-25,2024,https://eleos.org/docs/FIN_NGO_00087_FY2024-25.pdf,Public Repository,2024-09-30,2026-09-16T10:00:00,b831fe63cf1ad149b6d1f5758f5730c82aa30f6c4fbdee9e39140d45c4b067ef,Success,Verified,0.95
DOC_FIN_NGO_00087_FY2023-24,NGO_00087,Audit,Audited Financial Statement FY2023-24,2023,https://eleos.org/docs/FIN_NGO_00087_FY2023-24.pdf,Public Repository,2023-09-30,2026-09-16T10:00:00,689bb7019ebf6df67cb83c10d515cd12c33177675e3666dc943ebb425fd43fa9,Success,Verified,0.95
DOC_FIN_NGO_00087_FY2022-23,NGO_00087,Audit,Audited Financial Statement FY2022-23,2022,https://eleos.org/docs/FIN_NGO_00087_FY2022-23.pdf,Public Repository,2022-09-30,2026-09-16T10:00:00,1917ca39294b8dabaee8d870c3ef90ea04eb310ab37dd9c394e11305bee0ef15,Success,Verified,0.95
DOC_FIN_NGO_00087_FY2021-22,NGO_00087,Audit,Audited Financial Statement FY2021-22,2021,https://eleos.org/docs/FIN_NGO_00087_FY2021-22.pdf,Public Repository,2021-09-30,2026-09-16T10:00:00,c8d3db2b5f73503bf3136eef2dc396a88d695550afb3e30371564cd5ff230aa7,Success,Verified,0.95
DOC_REG_NGO_00087,NGO_00087,Registration,Trust Registration Certificate,2013,https://eleos.org/docs/reg_NGO_00087.pdf,Government,2013-07-05,2026-09-16T10:00:00,16c6e7ce67b161d168c9d11fffbc0618b24ccba9114916c5a1c39f8714fad9cc,Success,Externally verified,0.98
DOC_FIN_NGO_00088_FY2025-26,NGO_00088,Audit,Audited Financial Statement FY2025-26,2025,https://eleos.org/docs/FIN_NGO_00088_FY2025-26.pdf,Public Repository,2025-09-30,2026-09-16T10:00:00,16f7cf0465df52ce03e92130742f7331590fcb88558547613085376e07350fc6,Success,Verified,0.95
DOC_FIN_NGO_00088_FY2024-25,NGO_00088,Audit,Audited Financial Statement FY2024-25,2024,https://eleos.org/docs/FIN_NGO_00088_FY2024-25.pdf,Public Repository,2024-09-30,2026-09-16T10:00:00,1a658c7276e1edd3dd436b13336fec16e8d0744783c36e78efe039e204c24842,Success,Verified,0.95
DOC_FIN_NGO_00088_FY2023-24,NGO_00088,Audit,Audited Financial Statement FY2023-24,2023,https://eleos.org/docs/FIN_NGO_00088_FY2023-24.pdf,Public Repository,2023-09-30,2026-09-16T10:00:00,270ed88cc74b8e056fe0605da7cf45bc7a250a65a9c6b9195d6846363a6e4a82,Success,Verified,0.95
DOC_REG_NGO_00088,NGO_00088,Registration,Section 8 Registration Certificate,2010,https://eleos.org/docs/reg_NGO_00088.pdf,Government,2010-03-04,2026-09-16T10:00:00,5a705c1a02e88c1d3061feb703d927a6dbaac4b4d600a0e9729eb17e8660fbad,Success,Externally verified,0.98
DOC_FIN_NGO_00089_FY2025-26,NGO_00089,Audit,Audited Financial Statement FY2025-26,2025,https://eleos.org/docs/FIN_NGO_00089_FY2025-26.pdf,Public Repository,2025-09-30,2026-09-16T10:00:00,1b400561fb4eabfe0bdf1c7647945b214dd41706b2c7d89075f23ab0f1c6871e,Success,Verified,0.95
DOC_FIN_NGO_00089_FY2024-25,NGO_00089,Audit,Audited Financial Statement FY2024-25,2024,https://eleos.org/docs/FIN_NGO_00089_FY2024-25.pdf,Public Repository,2024-09-30,2026-09-16T10:00:00,444ac178581ad3d5836fb7296c2c4acf2496ef9e7cf644e05f2f69b55c92852f,Success,Verified,0.95
DOC_FIN_NGO_00089_FY2023-24,NGO_00089,Audit,Audited Financial Statement FY2023-24,2023,https://eleos.org/docs/FIN_NGO_00089_FY2023-24.pdf,Public Repository,2023-09-30,2026-09-16T10:00:00,9b527ad78cea3cb612150d4fe799a874e0e9f99d7c91587bde5e86db6a2a5b63,Success,Verified,0.95
DOC_FIN_NGO_00089_FY2022-23,NGO_00089,Audit,Audited Financial Statement FY2022-23,2022,https://eleos.org/docs/FIN_NGO_00089_FY2022-23.pdf,Public Repository,2022-09-30,2026-09-16T10:00:00,600e318b512fd2712d681aa208643509434a2287781ed4a0c6f4224bb7a122cd,Success,Verified,0.95
DOC_FIN_NGO_00089_FY2021-22,NGO_00089,Audit,Audited Financial Statement FY2021-22,2021,https://eleos.org/docs/FIN_NGO_00089_FY2021-22.pdf,Public Repository,2021-09-30,2026-09-16T10:00:00,12f0799e4a6b2d1d4a772b1950938885737c4eb5dabda8aecacc16193f523ee2,Success,Verified,0.95
DOC_REG_NGO_00089,NGO_00089,Registration,Section 8 Registration Certificate,2017,https://eleos.org/docs/reg_NGO_00089.pdf,Government,2017-10-28,2026-09-16T10:00:00,a0a4fd70eeab76de862c51b34f08f018b9de92547d59255d2d358a06e5ce645b,Success,Externally verified,0.98
DOC_FIN_NGO_00090_FY2025-26,NGO_00090,Audit,Audited Financial Statement FY2025-26,2025,https://eleos.org/docs/FIN_NGO_00090_FY2025-26.pdf,Public Repository,2025-09-30,2026-09-16T10:00:00,924edcf531bc75171bee8b4b590c44691dbc66f29de4419ac97092f6b57c18e2,Success,Verified,0.95
DOC_FIN_NGO_00090_FY2024-25,NGO_00090,Audit,Audited Financial Statement FY2024-25,2024,https://eleos.org/docs/FIN_NGO_00090_FY2024-25.pdf,Public Repository,2024-09-30,2026-09-16T10:00:00,493a09fcdaacfa3dec779fd7bf3e9b55d2e4983f8987c05ab6a11a911af33d15,Success,Verified,0.95
DOC_FIN_NGO_00090_FY2023-24,NGO_00090,Audit,Audited Financial Statement FY2023-24,2023,https://eleos.org/docs/FIN_NGO_00090_FY2023-24.pdf,Public Repository,2023-09-30,2026-09-16T10:00:00,2577ecf8bbf77928fc47f4b15dbefc9fd1007cfa4ba8d32f1173707909d3a8de,Success,Verified,0.95
DOC_REG_NGO_00090,NGO_00090,Registration,Trust Registration Certificate,2015,https://eleos.org/docs/reg_NGO_00090.pdf,Government,2015-03-23,2026-09-16T10:00:00,79ad7d202f1197654e82016295d38a2ff8b30f4c68d3f75a91c9250cdb0153cb,Success,Externally verified,0.98
DOC_FIN_NGO_00091_FY2025-26,NGO_00091,Audit,Audited Financial Statement FY2025-26,2025,https://eleos.org/docs/FIN_NGO_00091_FY2025-26.pdf,Public Repository,2025-09-30,2026-09-16T10:00:00,b195aaebfebfb71c80ff0ccf38024e76a5544187c89401314b1e208c01a42ee3,Success,Verified,0.95
DOC_FIN_NGO_00091_FY2024-25,NGO_00091,Audit,Audited Financial Statement FY2024-25,2024,https://eleos.org/docs/FIN_NGO_00091_FY2024-25.pdf,Public Repository,2024-09-30,2026-09-16T10:00:00,58706513d87aaa584ca76037e0ab17c4958f28a2009ad26500ff13c9c740f427,Success,Verified,0.95
DOC_FIN_NGO_00091_FY2023-24,NGO_00091,Audit,Audited Financial Statement FY2023-24,2023,https://eleos.org/docs/FIN_NGO_00091_FY2023-24.pdf,Public Repository,2023-09-30,2026-09-16T10:00:00,ffaf7a299de02e0cba546b4ae2c2d9b7964e6f5f4f85b2dc2e018bec40fc4956,Success,Verified,0.95
DOC_REG_NGO_00091,NGO_00091,Registration,Society Registration Certificate,2017,https://eleos.org/docs/reg_NGO_00091.pdf,Government,2017-01-26,2026-09-16T10:00:00,df41c528601b204b79e82d5ef7eb2483057a75ac1a8f2685dc7fc24ae89b0ffd,Success,Externally verified,0.98
DOC_FIN_NGO_00092_FY2025-26,NGO_00092,Audit,Audited Financial Statement FY2025-26,2025,https://eleos.org/docs/FIN_NGO_00092_FY2025-26.pdf,Public Repository,2025-09-30,2026-09-16T10:00:00,854377b5a91d043287ca5ee33552d4f0b8616e6ce11a922afbf549b469ec56c0,Success,Verified,0.95
DOC_FIN_NGO_00092_FY2024-25,NGO_00092,Audit,Audited Financial Statement FY2024-25,2024,https://eleos.org/docs/FIN_NGO_00092_FY2024-25.pdf,Public Repository,2024-09-30,2026-09-16T10:00:00,6330dc7f2132e172e3303949221d79fa66f18acf0eac841ceaad4f731d5493c2,Success,Verified,0.95
DOC_FIN_NGO_00092_FY2023-24,NGO_00092,Audit,Audited Financial Statement FY2023-24,2023,https://eleos.org/docs/FIN_NGO_00092_FY2023-24.pdf,Public Repository,2023-09-30,2026-09-16T10:00:00,5ff239be37e0b3899a0cdef5525e3e90dd338ba800ecd4178769ac5de849e0ce,Success,Verified,0.95
DOC_FIN_NGO_00092_FY2022-23,NGO_00092,Audit,Audited Financial Statement FY2022-23,2022,https://eleos.org/docs/FIN_NGO_00092_FY2022-23.pdf,Public Repository,2022-09-30,2026-09-16T10:00:00,930c9f6d42c1c5632c04c4c8857aa2843532315e6f3206fe840702220d0aabff,Success,Verified,0.95
DOC_FIN_NGO_00092_FY2021-22,NGO_00092,Audit,Audited Financial Statement FY2021-22,2021,https://eleos.org/docs/FIN_NGO_00092_FY2021-22.pdf,Public Repository,2021-09-30,2026-09-16T10:00:00,bfd0c2cd61c7c30bd6b50b2aa26de9216eab418cba0b5aa964c75192a29666d1,Success,Verified,0.95
DOC_REG_NGO_00092,NGO_00092,Registration,Section 8 Registration Certificate,2017,https://eleos.org/docs/reg_NGO_00092.pdf,Government,2017-11-27,2026-09-16T10:00:00,d550a20300c35f8967eac972e12728419ace9fa847d1901c1958e0e46f4b587a,Success,Externally verified,0.98
DOC_FIN_NGO_00093_FY2025-26,NGO_00093,Audit,Audited Financial Statement FY2025-26,2025,https://eleos.org/docs/FIN_NGO_00093_FY2025-26.pdf,Public Repository,2025-09-30,2026-09-16T10:00:00,0b48ef9e11eef1a0d554123cbdd3e5b9d0a75259e3e52462efdca09c74e6feb2,Success,Verified,0.95
DOC_FIN_NGO_00093_FY2024-25,NGO_00093,Audit,Audited Financial Statement FY2024-25,2024,https://eleos.org/docs/FIN_NGO_00093_FY2024-25.pdf,Public Repository,2024-09-30,2026-09-16T10:00:00,f5f8562c68e08781ab9d351df0237cbd84a98eda69778fe6cef5a3c94eaafd7c,Success,Verified,0.95
DOC_REG_NGO_00093,NGO_00093,Registration,Trust Registration Certificate,2023,https://eleos.org/docs/reg_NGO_00093.pdf,Government,2023-10-21,2026-09-16T10:00:00,1d72d64d150f71c9a774ea7002d635b3be054eccf3f6601dc83aeca1e0e5845e,Success,Externally verified,0.98
DOC_FIN_NGO_00094_FY2025-26,NGO_00094,Audit,Audited Financial Statement FY2025-26,2025,https://eleos.org/docs/FIN_NGO_00094_FY2025-26.pdf,Public Repository,2025-09-30,2026-09-16T10:00:00,57cc92d49f42a9859209e23d4182f42fb630af4250ea6312d31db544cd0e1957,Success,Verified,0.95
DOC_FIN_NGO_00094_FY2024-25,NGO_00094,Audit,Audited Financial Statement FY2024-25,2024,https://eleos.org/docs/FIN_NGO_00094_FY2024-25.pdf,Public Repository,2024-09-30,2026-09-16T10:00:00,7d012208dbc4134965d647be36edea605851d47527fc1e23ac243ad74fc20729,Success,Verified,0.95
DOC_FIN_NGO_00094_FY2023-24,NGO_00094,Audit,Audited Financial Statement FY2023-24,2023,https://eleos.org/docs/FIN_NGO_00094_FY2023-24.pdf,Public Repository,2023-09-30,2026-09-16T10:00:00,4f5a734b6874aff9d9be2f3f97b05a881f35f7b1cfe0754f31bf76e93b33eeeb,Success,Verified,0.95
DOC_FIN_NGO_00094_FY2022-23,NGO_00094,Audit,Audited Financial Statement FY2022-23,2022,https://eleos.org/docs/FIN_NGO_00094_FY2022-23.pdf,Public Repository,2022-09-30,2026-09-16T10:00:00,5fae56257212bc061bb1b86b85527a94c57e99bcd7e4dafb8768a245025f76ef,Success,Verified,0.95
DOC_REG_NGO_00094,NGO_00094,Registration,Section 8 Registration Certificate,2019,https://eleos.org/docs/reg_NGO_00094.pdf,Government,2019-03-25,2026-09-16T10:00:00,80f7370819952626092563f143cdf0f06fa61a67e277412bc6ea59bae63a686e,Success,Externally verified,0.98
DOC_FIN_NGO_00095_FY2025-26,NGO_00095,Audit,Audited Financial Statement FY2025-26,2025,https://eleos.org/docs/FIN_NGO_00095_FY2025-26.pdf,Public Repository,2025-09-30,2026-09-16T10:00:00,b9afcab0eea2ce31b8fc178a5ff47ab18a03076ed90aada55c9b464e32de6f27,Success,Verified,0.95
DOC_REG_NGO_00095,NGO_00095,Registration,Section 8 Registration Certificate,2024,https://eleos.org/docs/reg_NGO_00095.pdf,Government,2024-11-15,2026-09-16T10:00:00,2d3dc1d34aa0fa264a799edef065be805037adb02084905d3a4d038a25ec985f,Success,Externally verified,0.98
DOC_FIN_NGO_00096_FY2025-26,NGO_00096,Audit,Audited Financial Statement FY2025-26,2025,https://eleos.org/docs/FIN_NGO_00096_FY2025-26.pdf,Public Repository,2025-09-30,2026-09-16T10:00:00,3f75a253e47155629df3a22772133245ea4ae9cebe17272cef24c900ac6ab9f6,Success,Verified,0.95
DOC_FIN_NGO_00096_FY2024-25,NGO_00096,Audit,Audited Financial Statement FY2024-25,2024,https://eleos.org/docs/FIN_NGO_00096_FY2024-25.pdf,Public Repository,2024-09-30,2026-09-16T10:00:00,361f7c0eaff8bb7f4eb1e83910e86636f2a4226e89d4801dcd378724e2cf7ea3,Success,Verified,0.95
DOC_FIN_NGO_00096_FY2023-24,NGO_00096,Audit,Audited Financial Statement FY2023-24,2023,https://eleos.org/docs/FIN_NGO_00096_FY2023-24.pdf,Public Repository,2023-09-30,2026-09-16T10:00:00,6b7039d0116e4469504a3f8a842203753b85831e863fbd76bd9f9b2b0f328a6a,Success,Verified,0.95
DOC_FIN_NGO_00096_FY2022-23,NGO_00096,Audit,Audited Financial Statement FY2022-23,2022,https://eleos.org/docs/FIN_NGO_00096_FY2022-23.pdf,Public Repository,2022-09-30,2026-09-16T10:00:00,a0f79421e425604a0e57cd669aace60d1ee1c25041f062c244eb92c320f0600a,Success,Verified,0.95
DOC_FIN_NGO_00096_FY2021-22,NGO_00096,Audit,Audited Financial Statement FY2021-22,2021,https://eleos.org/docs/FIN_NGO_00096_FY2021-22.pdf,Public Repository,2021-09-30,2026-09-16T10:00:00,f3deb399890f9c3182a0971e9f426674889e8630e789cc428e0bfb6aacfcff15,Success,Verified,0.95
DOC_REG_NGO_00096,NGO_00096,Registration,Trust Registration Certificate,2020,https://eleos.org/docs/reg_NGO_00096.pdf,Government,2020-02-10,2026-09-16T10:00:00,53b34e88632bdeb9dcb73deb274cb5f734172ae8c67ea38bb06b0321308154cf,Success,Externally verified,0.98
DOC_FIN_NGO_00097_FY2025-26,NGO_00097,Audit,Audited Financial Statement FY2025-26,2025,https://eleos.org/docs/FIN_NGO_00097_FY2025-26.pdf,Public Repository,2025-09-30,2026-09-16T10:00:00,6e3f150d22f65a480480ff77c3a154db097951e4a87b586c04d7d1800958ebc6,Success,Verified,0.95
DOC_FIN_NGO_00097_FY2024-25,NGO_00097,Audit,Audited Financial Statement FY2024-25,2024,https://eleos.org/docs/FIN_NGO_00097_FY2024-25.pdf,Public Repository,2024-09-30,2026-09-16T10:00:00,c3f4cb8e85b415a7e70a0d30f0aa6e4945ece09b3bd23607ac1e115da425cbf7,Success,Verified,0.95
DOC_FIN_NGO_00097_FY2023-24,NGO_00097,Audit,Audited Financial Statement FY2023-24,2023,https://eleos.org/docs/FIN_NGO_00097_FY2023-24.pdf,Public Repository,2023-09-30,2026-09-16T10:00:00,0e1050a882bbb3a697815454a0783af4a4700981a48b2201e9162c67acfd08e4,Success,Verified,0.95
DOC_FIN_NGO_00097_FY2022-23,NGO_00097,Audit,Audited Financial Statement FY2022-23,2022,https://eleos.org/docs/FIN_NGO_00097_FY2022-23.pdf,Public Repository,2022-09-30,2026-09-16T10:00:00,09c9cd22bd431c56fa5eb6b8cef4163cdd245a0bfddb0d5ce11b16dc087f6340,Success,Verified,0.95
DOC_REG_NGO_00097,NGO_00097,Registration,Section 8 Registration Certificate,2014,https://eleos.org/docs/reg_NGO_00097.pdf,Government,2014-11-04,2026-09-16T10:00:00,a286cbe0616b6bd77934e16287318974742629a8bb58d2a3f691aa8c88405321,Success,Externally verified,0.98
DOC_FIN_NGO_00098_FY2025-26,NGO_00098,Audit,Audited Financial Statement FY2025-26,2025,https://eleos.org/docs/FIN_NGO_00098_FY2025-26.pdf,Public Repository,2025-09-30,2026-09-16T10:00:00,e9f5eca21467b39a6070fd5f3ddfdb90d579bc8804668b7b069036f2e1b636d4,Success,Verified,0.95
DOC_FIN_NGO_00098_FY2024-25,NGO_00098,Audit,Audited Financial Statement FY2024-25,2024,https://eleos.org/docs/FIN_NGO_00098_FY2024-25.pdf,Public Repository,2024-09-30,2026-09-16T10:00:00,1222d128e9f79752b0b962c4d3f3b99e2d4b7298b2cbc3d3a3728a5beee20d7f,Success,Verified,0.95
DOC_REG_NGO_00098,NGO_00098,Registration,Society Registration Certificate,2022,https://eleos.org/docs/reg_NGO_00098.pdf,Government,2022-10-16,2026-09-16T10:00:00,b85ffcf9e720716956e95542b6ba8d7259071c13599ee73e35c5734bfc3b025a,Success,Externally verified,0.98
DOC_FIN_NGO_00099_FY2025-26,NGO_00099,Audit,Audited Financial Statement FY2025-26,2025,https://eleos.org/docs/FIN_NGO_00099_FY2025-26.pdf,Public Repository,2025-09-30,2026-09-16T10:00:00,7a3859bf11fbc87e8965c934750fd288dba00a83004b24461b0b40a580236db0,Success,Verified,0.95
DOC_FIN_NGO_00099_FY2024-25,NGO_00099,Audit,Audited Financial Statement FY2024-25,2024,https://eleos.org/docs/FIN_NGO_00099_FY2024-25.pdf,Public Repository,2024-09-30,2026-09-16T10:00:00,30941b5a9761cd1b653fc5870e7e07b370e7f27fe85b87c25baeccfdf396649f,Success,Verified,0.95
DOC_REG_NGO_00099,NGO_00099,Registration,Trust Registration Certificate,2024,https://eleos.org/docs/reg_NGO_00099.pdf,Government,2024-01-23,2026-09-16T10:00:00,8f9f1dcfdb95b50821479cec811f62686a03d4489f16c8c1e13cb48b66ad4cef,Success,Externally verified,0.98
DOC_FIN_NGO_00100_FY2025-26,NGO_00100,Audit,Audited Financial Statement FY2025-26,2025,https://eleos.org/docs/FIN_NGO_00100_FY2025-26.pdf,Public Repository,2025-09-30,2026-09-16T10:00:00,675c582e2c41f53d3b6aea9b96dbf587ebaad7f537bfeefb6bce44ff7f8a55ce,Success,Verified,0.95
DOC_REG_NGO_00100,NGO_00100,Registration,Society Registration Certificate,2025,https://eleos.org/docs/reg_NGO_00100.pdf,Government,2025-08-20,2026-09-16T10:00:00,68dd408bd485536b849b81a19aa12c73164c403d2033286976e0de1fca5f280f,Success,Externally verified,0.98
DOC_FIN_NGO_00101_FY2025-26,NGO_00101,Audit,Audited Financial Statement FY2025-26,2025,https://eleos.org/docs/FIN_NGO_00101_FY2025-26.pdf,Public Repository,2025-09-30,2026-09-16T10:00:00,df25b2e28c001ca3c43dc0d8f97fcda092883b6686b366ee255804c36d89e240,Success,Verified,0.95
DOC_FIN_NGO_00101_FY2024-25,NGO_00101,Audit,Audited Financial Statement FY2024-25,2024,https://eleos.org/docs/FIN_NGO_00101_FY2024-25.pdf,Public Repository,2024-09-30,2026-09-16T10:00:00,84902ae2d108f6f1f6cd29ff9015c24f0636a19f4a19854eb8c1198411b2d2b5,Success,Verified,0.95
DOC_FIN_NGO_00101_FY2023-24,NGO_00101,Audit,Audited Financial Statement FY2023-24,2023,https://eleos.org/docs/FIN_NGO_00101_FY2023-24.pdf,Public Repository,2023-09-30,2026-09-16T10:00:00,7f2a5759bbc7b2fbdd1fa454ac7b7f6d1c641adc4029ef987b8c911140b109f5,Success,Verified,0.95
DOC_FIN_NGO_00101_FY2022-23,NGO_00101,Audit,Audited Financial Statement FY2022-23,2022,https://eleos.org/docs/FIN_NGO_00101_FY2022-23.pdf,Public Repository,2022-09-30,2026-09-16T10:00:00,e2e95afc011ef1ed121bb405b446a8092eac43b8bb49541f6402fb61c14acf2e,Success,Verified,0.95
DOC_FIN_NGO_00101_FY2021-22,NGO_00101,Audit,Audited Financial Statement FY2021-22,2021,https://eleos.org/docs/FIN_NGO_00101_FY2021-22.pdf,Public Repository,2021-09-30,2026-09-16T10:00:00,63b84d582a1aafca983bd9eb45477dae3d931a23ec7b88477d8240ab01f8cce2,Success,Verified,0.95
DOC_REG_NGO_00101,NGO_00101,Registration,Society Registration Certificate,2010,https://eleos.org/docs/reg_NGO_00101.pdf,Government,2010-12-12,2026-09-16T10:00:00,a00af7dbe72945b126ce59614df63af3f940c36bc9f16bcd8f2810a30b9f076c,Success,Externally verified,0.98
DOC_FIN_NGO_00102_FY2025-26,NGO_00102,Audit,Audited Financial Statement FY2025-26,2025,https://eleos.org/docs/FIN_NGO_00102_FY2025-26.pdf,Public Repository,2025-09-30,2026-09-16T10:00:00,a20f095e8f3e3891fddcd84b6e4f49766d253ce68048333e0f45a1249c3b3335,Success,Verified,0.95
DOC_FIN_NGO_00102_FY2024-25,NGO_00102,Audit,Audited Financial Statement FY2024-25,2024,https://eleos.org/docs/FIN_NGO_00102_FY2024-25.pdf,Public Repository,2024-09-30,2026-09-16T10:00:00,7046d87434bfb5631898aad117851ad1a7aa4f597d22737e67689f5cef618e25,Success,Verified,0.95
DOC_FIN_NGO_00102_FY2023-24,NGO_00102,Audit,Audited Financial Statement FY2023-24,2023,https://eleos.org/docs/FIN_NGO_00102_FY2023-24.pdf,Public Repository,2023-09-30,2026-09-16T10:00:00,9873b52319b0c1e6149f256dceacbdda7de7d0804fa031f6567ffd46c7fd4175,Success,Verified,0.95
DOC_REG_NGO_00102,NGO_00102,Registration,Trust Registration Certificate,2022,https://eleos.org/docs/reg_NGO_00102.pdf,Government,2022-03-25,2026-09-16T10:00:00,95b3ff0e9477c115042429680b9e788909af01f3f0a8241facaa245db44e4387,Success,Externally verified,0.98
DOC_FIN_NGO_00103_FY2025-26,NGO_00103,Audit,Audited Financial Statement FY2025-26,2025,https://eleos.org/docs/FIN_NGO_00103_FY2025-26.pdf,Public Repository,2025-09-30,2026-09-16T10:00:00,b2b85f369494e6d1a09c6009361579b7717bebda7aff3aa42aa6588008b8cb20,Success,Verified,0.95
DOC_REG_NGO_00103,NGO_00103,Registration,Section 8 Registration Certificate,2025,https://eleos.org/docs/reg_NGO_00103.pdf,Government,2025-07-12,2026-09-16T10:00:00,2d0986bce736303c31862aa5a7c2685f9aff4a69440977be5257c858df17d075,Success,Externally verified,0.98
DOC_FIN_NGO_00104_FY2025-26,NGO_00104,Audit,Audited Financial Statement FY2025-26,2025,https://eleos.org/docs/FIN_NGO_00104_FY2025-26.pdf,Public Repository,2025-09-30,2026-09-16T10:00:00,9f60f7429b6fef0ca43c3885a4eba6b8173ea6ccd0d78b1f50176ed1b3abf23a,Success,Verified,0.95
DOC_FIN_NGO_00104_FY2024-25,NGO_00104,Audit,Audited Financial Statement FY2024-25,2024,https://eleos.org/docs/FIN_NGO_00104_FY2024-25.pdf,Public Repository,2024-09-30,2026-09-16T10:00:00,705c28c9456aab59511683e8bb45edcde233383495f149c00bb219b338de54ef,Success,Verified,0.95
DOC_FIN_NGO_00104_FY2023-24,NGO_00104,Audit,Audited Financial Statement FY2023-24,2023,https://eleos.org/docs/FIN_NGO_00104_FY2023-24.pdf,Public Repository,2023-09-30,2026-09-16T10:00:00,c3a265f0bb1d38c43b2ec5f04f60d7ba66bae05436a55808a861c29c765e12c5,Success,Verified,0.95
DOC_REG_NGO_00104,NGO_00104,Registration,Section 8 Registration Certificate,2015,https://eleos.org/docs/reg_NGO_00104.pdf,Government,2015-07-01,2026-09-16T10:00:00,b80d45818b83ed323e98b41fc3834ffa901ab254439bc5131c60f06cf8bcefbb,Success,Externally verified,0.98
DOC_FIN_NGO_00105_FY2025-26,NGO_00105,Audit,Audited Financial Statement FY2025-26,2025,https://eleos.org/docs/FIN_NGO_00105_FY2025-26.pdf,Public Repository,2025-09-30,2026-09-16T10:00:00,3e9d02448904c9581ed395d11ec22f263002188e4c13a42e3daa9d996e884af3,Success,Verified,0.95
DOC_FIN_NGO_00105_FY2024-25,NGO_00105,Audit,Audited Financial Statement FY2024-25,2024,https://eleos.org/docs/FIN_NGO_00105_FY2024-25.pdf,Public Repository,2024-09-30,2026-09-16T10:00:00,f7c1f9c83c0728bd1f9f8814ae0d32cae6ab3fd70e86f457b01bcccf106c522d,Success,Verified,0.95
DOC_REG_NGO_00105,NGO_00105,Registration,Section 8 Registration Certificate,1998,https://eleos.org/docs/reg_NGO_00105.pdf,Government,1998-12-05,2026-09-16T10:00:00,29cf4b76d29e27c7ce81f531751758629678b8bc23f323047d0b5e6b4ade9012,Success,Externally verified,0.98
DOC_FIN_NGO_00106_FY2025-26,NGO_00106,Audit,Audited Financial Statement FY2025-26,2025,https://eleos.org/docs/FIN_NGO_00106_FY2025-26.pdf,Public Repository,2025-09-30,2026-09-16T10:00:00,e116bffd11f37e036fd4983824c94809c7b544c4651f9f69994a3ba4adfa099c,Success,Verified,0.95
DOC_REG_NGO_00106,NGO_00106,Registration,Trust Registration Certificate,2025,https://eleos.org/docs/reg_NGO_00106.pdf,Government,2025-05-20,2026-09-16T10:00:00,de81404ee653389163d78680623bf0c97d88fb88f4a9b85a8d03a01c972019c0,Success,Externally verified,0.98
DOC_FIN_NGO_00107_FY2025-26,NGO_00107,Audit,Audited Financial Statement FY2025-26,2025,https://eleos.org/docs/FIN_NGO_00107_FY2025-26.pdf,Public Repository,2025-09-30,2026-09-16T10:00:00,9b4f948a5474bcad802dd0fc306c50bea318e1749553cb1705fcd0a807cd2650,Success,Verified,0.95
DOC_FIN_NGO_00107_FY2024-25,NGO_00107,Audit,Audited Financial Statement FY2024-25,2024,https://eleos.org/docs/FIN_NGO_00107_FY2024-25.pdf,Public Repository,2024-09-30,2026-09-16T10:00:00,f1f659cdef484c25e03e9716bd2daefb72728894e702d6a77bfeb39d86cd93f2,Success,Verified,0.95
DOC_FIN_NGO_00107_FY2023-24,NGO_00107,Audit,Audited Financial Statement FY2023-24,2023,https://eleos.org/docs/FIN_NGO_00107_FY2023-24.pdf,Public Repository,2023-09-30,2026-09-16T10:00:00,a8ee9895237bcc813861fee632bdd715219f62a555f88f68c28ca069de4e3ed5,Success,Verified,0.95
DOC_FIN_NGO_00107_FY2022-23,NGO_00107,Audit,Audited Financial Statement FY2022-23,2022,https://eleos.org/docs/FIN_NGO_00107_FY2022-23.pdf,Public Repository,2022-09-30,2026-09-16T10:00:00,0c47c0297f5483a4bb164ba2853d098d908c22d2eb1a419086bbe76ad3913e5d,Success,Verified,0.95
DOC_REG_NGO_00107,NGO_00107,Registration,Section 8 Registration Certificate,2011,https://eleos.org/docs/reg_NGO_00107.pdf,Government,2011-07-12,2026-09-16T10:00:00,8524d62950857ddb343b1628a2a45f366a7d7b95f59f0b3dae9a7a58c694dec9,Success,Externally verified,0.98
DOC_FIN_NGO_00108_FY2025-26,NGO_00108,Audit,Audited Financial Statement FY2025-26,2025,https://eleos.org/docs/FIN_NGO_00108_FY2025-26.pdf,Public Repository,2025-09-30,2026-09-16T10:00:00,8d7fe2c1d82e83461ae6c63f0f7b2c37987f8a58169f9a52d4a57870924db4cf,Success,Verified,0.95
DOC_FIN_NGO_00108_FY2024-25,NGO_00108,Audit,Audited Financial Statement FY2024-25,2024,https://eleos.org/docs/FIN_NGO_00108_FY2024-25.pdf,Public Repository,2024-09-30,2026-09-16T10:00:00,f0a2370c0f62b80461279d563e736cd59cd57208239eea3327dce4ef476a957f,Success,Verified,0.95
DOC_FIN_NGO_00108_FY2023-24,NGO_00108,Audit,Audited Financial Statement FY2023-24,2023,https://eleos.org/docs/FIN_NGO_00108_FY2023-24.pdf,Public Repository,2023-09-30,2026-09-16T10:00:00,3477161f6bf82ccd2c0f81d74833ac95e5efc1a50c97e3bf6ce8828b3f3e8fee,Success,Verified,0.95
DOC_FIN_NGO_00108_FY2022-23,NGO_00108,Audit,Audited Financial Statement FY2022-23,2022,https://eleos.org/docs/FIN_NGO_00108_FY2022-23.pdf,Public Repository,2022-09-30,2026-09-16T10:00:00,29fb52847c5b6448da9ed542c8778269cb1bbef9ed827d7d1eefa8b0b93b2451,Success,Verified,0.95
DOC_FIN_NGO_00108_FY2021-22,NGO_00108,Audit,Audited Financial Statement FY2021-22,2021,https://eleos.org/docs/FIN_NGO_00108_FY2021-22.pdf,Public Repository,2021-09-30,2026-09-16T10:00:00,19115a8c3029f208959637b14805c7331f62f167ae6fc493d9866f134928949d,Success,Verified,0.95
DOC_REG_NGO_00108,NGO_00108,Registration,Trust Registration Certificate,2023,https://eleos.org/docs/reg_NGO_00108.pdf,Government,2023-01-20,2026-09-16T10:00:00,b20c2e31afc4d5996457c3ea21801a5ae982ae5d75b3025e1711c6f94b9c7669,Success,Externally verified,0.98
DOC_FIN_NGO_00109_FY2025-26,NGO_00109,Audit,Audited Financial Statement FY2025-26,2025,https://eleos.org/docs/FIN_NGO_00109_FY2025-26.pdf,Public Repository,2025-09-30,2026-09-16T10:00:00,ceb47a36003dc3bdf8ced20a7ade730ec14564ffc556163b6c73d3c23987b22e,Success,Verified,0.95
DOC_FIN_NGO_00109_FY2024-25,NGO_00109,Audit,Audited Financial Statement FY2024-25,2024,https://eleos.org/docs/FIN_NGO_00109_FY2024-25.pdf,Public Repository,2024-09-30,2026-09-16T10:00:00,9fadc35ffb0eca0a0431fb07528d8cadbdf66b13ae6f7067034f129e56c2d5c9,Success,Verified,0.95
DOC_FIN_NGO_00109_FY2023-24,NGO_00109,Audit,Audited Financial Statement FY2023-24,2023,https://eleos.org/docs/FIN_NGO_00109_FY2023-24.pdf,Public Repository,2023-09-30,2026-09-16T10:00:00,f8df847f92fffc08e4c00d1968b3e9213feb413c7d10aca74ba13a62b1632250,Success,Verified,0.95
DOC_FIN_NGO_00109_FY2022-23,NGO_00109,Audit,Audited Financial Statement FY2022-23,2022,https://eleos.org/docs/FIN_NGO_00109_FY2022-23.pdf,Public Repository,2022-09-30,2026-09-16T10:00:00,59651650e260f4c3e5c66ad8d1bd8b090e31ba279e9e728c6024442c88a98766,Success,Verified,0.95
DOC_FIN_NGO_00109_FY2021-22,NGO_00109,Audit,Audited Financial Statement FY2021-22,2021,https://eleos.org/docs/FIN_NGO_00109_FY2021-22.pdf,Public Repository,2021-09-30,2026-09-16T10:00:00,b21e8cbcb528bd9c1ce807eb24efc8f4ff3bd983d3e2a382721e04c5799d4781,Success,Verified,0.95
DOC_REG_NGO_00109,NGO_00109,Registration,Trust Registration Certificate,2014,https://eleos.org/docs/reg_NGO_00109.pdf,Government,2014-05-09,2026-09-16T10:00:00,c9f0abdc259a196b59c733e66a8de98b209c4fdc3acb9121da907a8f6ef92bf1,Success,Externally verified,0.98
DOC_FIN_NGO_00110_FY2025-26,NGO_00110,Audit,Audited Financial Statement FY2025-26,2025,https://eleos.org/docs/FIN_NGO_00110_FY2025-26.pdf,Public Repository,2025-09-30,2026-09-16T10:00:00,4a126365844f0ef105809bd45d22ac1c31c712d51cc3465b81ee87cf8e5b9aa0,Success,Verified,0.95
DOC_FIN_NGO_00110_FY2024-25,NGO_00110,Audit,Audited Financial Statement FY2024-25,2024,https://eleos.org/docs/FIN_NGO_00110_FY2024-25.pdf,Public Repository,2024-09-30,2026-09-16T10:00:00,b6c932fc09453c138a5ed37a8ab9d7128b7affb8914e2b3d6b26e96abcf39acb,Success,Verified,0.95
DOC_REG_NGO_00110,NGO_00110,Registration,Trust Registration Certificate,2022,https://eleos.org/docs/reg_NGO_00110.pdf,Government,2022-04-22,2026-09-16T10:00:00,646c1ae641da5eb5f530cd64845ac48e567fb52052572d864401388e9b0073f4,Success,Externally verified,0.98
DOC_FIN_NGO_00111_FY2025-26,NGO_00111,Audit,Audited Financial Statement FY2025-26,2025,https://eleos.org/docs/FIN_NGO_00111_FY2025-26.pdf,Public Repository,2025-09-30,2026-09-16T10:00:00,4a2bbe14ac0f0c0b0acf61d83494fd243dbd42e70e6d248e6713d5633f81fce7,Success,Verified,0.95
DOC_FIN_NGO_00111_FY2024-25,NGO_00111,Audit,Audited Financial Statement FY2024-25,2024,https://eleos.org/docs/FIN_NGO_00111_FY2024-25.pdf,Public Repository,2024-09-30,2026-09-16T10:00:00,bd288b404e81ef4bf6c73cab5535f79516cce93469e3a2511aaebe76e860c583,Success,Verified,0.95
DOC_FIN_NGO_00111_FY2023-24,NGO_00111,Audit,Audited Financial Statement FY2023-24,2023,https://eleos.org/docs/FIN_NGO_00111_FY2023-24.pdf,Public Repository,2023-09-30,2026-09-16T10:00:00,48640677c178f91947cf941c417130595fcb014bbd7ffac0eb0167e9ae23d707,Success,Verified,0.95
DOC_FIN_NGO_00111_FY2022-23,NGO_00111,Audit,Audited Financial Statement FY2022-23,2022,https://eleos.org/docs/FIN_NGO_00111_FY2022-23.pdf,Public Repository,2022-09-30,2026-09-16T10:00:00,c67bc4751cd9d78bba06aabdc5d99c18f40c7636cd18ccf0cf39d0d9b08336a7,Success,Verified,0.95
DOC_REG_NGO_00111,NGO_00111,Registration,Society Registration Certificate,2016,https://eleos.org/docs/reg_NGO_00111.pdf,Government,2016-07-01,2026-09-16T10:00:00,be4d04ab17d027d495e781495f52535c0662d4a86adc6b18a8f6bea026957587,Success,Externally verified,0.98
DOC_FIN_NGO_00112_FY2025-26,NGO_00112,Audit,Audited Financial Statement FY2025-26,2025,https://eleos.org/docs/FIN_NGO_00112_FY2025-26.pdf,Public Repository,2025-09-30,2026-09-16T10:00:00,c0aadfc823d8b36891cd03ceb28b9fbf1dddb79fa0a075f66dac4a8f08abfe18,Success,Verified,0.95
DOC_FIN_NGO_00112_FY2024-25,NGO_00112,Audit,Audited Financial Statement FY2024-25,2024,https://eleos.org/docs/FIN_NGO_00112_FY2024-25.pdf,Public Repository,2024-09-30,2026-09-16T10:00:00,441c0af9835d6e843ae24d35173467d855b3f0363ef59303653447fc9998d380,Success,Verified,0.95
DOC_REG_NGO_00112,NGO_00112,Registration,Section 8 Registration Certificate,2021,https://eleos.org/docs/reg_NGO_00112.pdf,Government,2021-03-28,2026-09-16T10:00:00,3b273425c3f9790947dd3a89f71d6daac108a43fabea9ef418a8171584ef5e4a,Success,Externally verified,0.98
DOC_FIN_NGO_00113_FY2025-26,NGO_00113,Audit,Audited Financial Statement FY2025-26,2025,https://eleos.org/docs/FIN_NGO_00113_FY2025-26.pdf,Public Repository,2025-09-30,2026-09-16T10:00:00,b26daa16d9a32101b4c5e40d44cf67125cd3eba1bca1ef052c42c8bf6fa277ce,Success,Verified,0.95
DOC_FIN_NGO_00113_FY2024-25,NGO_00113,Audit,Audited Financial Statement FY2024-25,2024,https://eleos.org/docs/FIN_NGO_00113_FY2024-25.pdf,Public Repository,2024-09-30,2026-09-16T10:00:00,2fd6df9e97fb05481e7b2ab80bb63d91d661e27185cab3c1711e0b9ce02f9153,Success,Verified,0.95
DOC_FIN_NGO_00113_FY2023-24,NGO_00113,Audit,Audited Financial Statement FY2023-24,2023,https://eleos.org/docs/FIN_NGO_00113_FY2023-24.pdf,Public Repository,2023-09-30,2026-09-16T10:00:00,04895e4278eb9178a6f450930b2071cd9d215f91cf35a35c67b87c2785d88e81,Success,Verified,0.95
DOC_FIN_NGO_00113_FY2022-23,NGO_00113,Audit,Audited Financial Statement FY2022-23,2022,https://eleos.org/docs/FIN_NGO_00113_FY2022-23.pdf,Public Repository,2022-09-30,2026-09-16T10:00:00,f211cf04931ae576f3ea2200c4a049515d8800fbf7666f536b8897d9a03eeaf8,Success,Verified,0.95
DOC_FIN_NGO_00113_FY2021-22,NGO_00113,Audit,Audited Financial Statement FY2021-22,2021,https://eleos.org/docs/FIN_NGO_00113_FY2021-22.pdf,Public Repository,2021-09-30,2026-09-16T10:00:00,030149df47128fdff229cd5eb22134da760a8fa67bba25b45c1e5667919b16db,Success,Verified,0.95
DOC_REG_NGO_00113,NGO_00113,Registration,Society Registration Certificate,2010,https://eleos.org/docs/reg_NGO_00113.pdf,Government,2010-09-12,2026-09-16T10:00:00,1c341f5c4fd732fd7199c64f35a0b92dcbeec604f326ab45c4844e7925b23ece,Success,Externally verified,0.98
DOC_FIN_NGO_00114_FY2025-26,NGO_00114,Audit,Audited Financial Statement FY2025-26,2025,https://eleos.org/docs/FIN_NGO_00114_FY2025-26.pdf,Public Repository,2025-09-30,2026-09-16T10:00:00,83a06ae2aa69573f07871802099c3f33b615cb0082e61247df79f31ae0ae0fdc,Success,Verified,0.95
DOC_FIN_NGO_00114_FY2024-25,NGO_00114,Audit,Audited Financial Statement FY2024-25,2024,https://eleos.org/docs/FIN_NGO_00114_FY2024-25.pdf,Public Repository,2024-09-30,2026-09-16T10:00:00,e020b847dd69aff8e941d4141bed4f9a4f3f86b2bbfde78e35f28e8f269fdd0a,Success,Verified,0.95
DOC_REG_NGO_00114,NGO_00114,Registration,Trust Registration Certificate,2019,https://eleos.org/docs/reg_NGO_00114.pdf,Government,2019-08-25,2026-09-16T10:00:00,246ad7dde70b63791e310a4d2e4efbecdb6b9dc4867bee96614ec2841f5e5cbe,Success,Externally verified,0.98
DOC_FIN_NGO_00115_FY2025-26,NGO_00115,Audit,Audited Financial Statement FY2025-26,2025,https://eleos.org/docs/FIN_NGO_00115_FY2025-26.pdf,Public Repository,2025-09-30,2026-09-16T10:00:00,b8818644bacef58d4a4ea31f88daab9b109419b21199aeec54d35e52dc8329a5,Success,Verified,0.95
DOC_FIN_NGO_00115_FY2024-25,NGO_00115,Audit,Audited Financial Statement FY2024-25,2024,https://eleos.org/docs/FIN_NGO_00115_FY2024-25.pdf,Public Repository,2024-09-30,2026-09-16T10:00:00,bbd2a3715c1b8f0beb8ea68e9524bd2ca525d9808bcfe52022c2fc4a44603b9e,Success,Verified,0.95
DOC_FIN_NGO_00115_FY2023-24,NGO_00115,Audit,Audited Financial Statement FY2023-24,2023,https://eleos.org/docs/FIN_NGO_00115_FY2023-24.pdf,Public Repository,2023-09-30,2026-09-16T10:00:00,483d368b043d9d2d1a3879e665c25ac8e4747997e7dad4c286bd7a5183c275db,Success,Verified,0.95
DOC_FIN_NGO_00115_FY2022-23,NGO_00115,Audit,Audited Financial Statement FY2022-23,2022,https://eleos.org/docs/FIN_NGO_00115_FY2022-23.pdf,Public Repository,2022-09-30,2026-09-16T10:00:00,eca791cb6667c7a89fb113df91160ca78219942632b07e2a93b45ba67b0f6191,Success,Verified,0.95
DOC_REG_NGO_00115,NGO_00115,Registration,Society Registration Certificate,2010,https://eleos.org/docs/reg_NGO_00115.pdf,Government,2010-11-02,2026-09-16T10:00:00,eeb05dd9051ab6d96b2d5d1715dfbe4a8c7027859ddce970766625bf53449e95,Success,Externally verified,0.98
DOC_FIN_NGO_00116_FY2025-26,NGO_00116,Audit,Audited Financial Statement FY2025-26,2025,https://eleos.org/docs/FIN_NGO_00116_FY2025-26.pdf,Public Repository,2025-09-30,2026-09-16T10:00:00,cdee059d47e297ac51f3a319ac212836d7692bf8e88d6682032b8ca3a7e0576f,Success,Verified,0.95
DOC_FIN_NGO_00116_FY2024-25,NGO_00116,Audit,Audited Financial Statement FY2024-25,2024,https://eleos.org/docs/FIN_NGO_00116_FY2024-25.pdf,Public Repository,2024-09-30,2026-09-16T10:00:00,9a9d0cca0d579bc22794e95c973c965c362de09ca31ff81a8dc983b95b238e05,Success,Verified,0.95
DOC_REG_NGO_00116,NGO_00116,Registration,Section 8 Registration Certificate,2023,https://eleos.org/docs/reg_NGO_00116.pdf,Government,2023-12-20,2026-09-16T10:00:00,717adfc48c8db7b265e03648c45bfc39f5568eb369895dc8854fe01d46881d76,Success,Externally verified,0.98
DOC_FIN_NGO_00117_FY2025-26,NGO_00117,Audit,Audited Financial Statement FY2025-26,2025,https://eleos.org/docs/FIN_NGO_00117_FY2025-26.pdf,Public Repository,2025-09-30,2026-09-16T10:00:00,1f4fda0482d3caacc79fa36f1e1f835f5510bb2eb6e6a8a07ccd2ad2be3d4f63,Success,Verified,0.95
DOC_FIN_NGO_00117_FY2024-25,NGO_00117,Audit,Audited Financial Statement FY2024-25,2024,https://eleos.org/docs/FIN_NGO_00117_FY2024-25.pdf,Public Repository,2024-09-30,2026-09-16T10:00:00,51a7f1364d9352e707506e175deb622208c1d21ee9927e369b573809c2cb1c63,Success,Verified,0.95
DOC_FIN_NGO_00117_FY2023-24,NGO_00117,Audit,Audited Financial Statement FY2023-24,2023,https://eleos.org/docs/FIN_NGO_00117_FY2023-24.pdf,Public Repository,2023-09-30,2026-09-16T10:00:00,ed69941324370ff4a75ed1b402d48216ab391580641c4e547a777e02c3a6ba43,Success,Verified,0.95
DOC_FIN_NGO_00117_FY2022-23,NGO_00117,Audit,Audited Financial Statement FY2022-23,2022,https://eleos.org/docs/FIN_NGO_00117_FY2022-23.pdf,Public Repository,2022-09-30,2026-09-16T10:00:00,6674e1d7e1ae392ee7daa2f3a1657174b02296daa003a82efef3346743641317,Success,Verified,0.95
DOC_FIN_NGO_00117_FY2021-22,NGO_00117,Audit,Audited Financial Statement FY2021-22,2021,https://eleos.org/docs/FIN_NGO_00117_FY2021-22.pdf,Public Repository,2021-09-30,2026-09-16T10:00:00,65fd98d7787b5cb9c45d962d2547563ac27abebea04fa42848be13cc7e243ca2,Success,Verified,0.95
DOC_REG_NGO_00117,NGO_00117,Registration,Section 8 Registration Certificate,2005,https://eleos.org/docs/reg_NGO_00117.pdf,Government,2005-04-09,2026-09-16T10:00:00,aa7cbd56f06bd7d30d9b5593a9f9ffc998bc3ec2e155dec858097e9338355fa6,Success,Externally verified,0.98
DOC_FIN_NGO_00118_FY2025-26,NGO_00118,Audit,Audited Financial Statement FY2025-26,2025,https://eleos.org/docs/FIN_NGO_00118_FY2025-26.pdf,Public Repository,2025-09-30,2026-09-16T10:00:00,5076c2f9ead21f5c708d53fbaf01ba56063ea8a1984e88bc7394adfac8096ba6,Success,Verified,0.95
DOC_FIN_NGO_00118_FY2024-25,NGO_00118,Audit,Audited Financial Statement FY2024-25,2024,https://eleos.org/docs/FIN_NGO_00118_FY2024-25.pdf,Public Repository,2024-09-30,2026-09-16T10:00:00,b37c56634d0de7f7af7794ba874b5a8886e299448330571609ba2352607b7d11,Success,Verified,0.95
DOC_FIN_NGO_00118_FY2023-24,NGO_00118,Audit,Audited Financial Statement FY2023-24,2023,https://eleos.org/docs/FIN_NGO_00118_FY2023-24.pdf,Public Repository,2023-09-30,2026-09-16T10:00:00,a0dafc65c75d682cf825cca42f463ec8bbcd4c76df647e4e7f89b5fdcfa587c7,Success,Verified,0.95
DOC_FIN_NGO_00118_FY2022-23,NGO_00118,Audit,Audited Financial Statement FY2022-23,2022,https://eleos.org/docs/FIN_NGO_00118_FY2022-23.pdf,Public Repository,2022-09-30,2026-09-16T10:00:00,1ac95ac7a9880eb2c8f1e08ea1565a3a4d7f088d8c1a4be320242f55880c94d0,Success,Verified,0.95
DOC_FIN_NGO_00118_FY2021-22,NGO_00118,Audit,Audited Financial Statement FY2021-22,2021,https://eleos.org/docs/FIN_NGO_00118_FY2021-22.pdf,Public Repository,2021-09-30,2026-09-16T10:00:00,d2be7fe7b2fd31924392dc37e8c0619b2185717ada2b213b104c2cdc3756e499,Success,Verified,0.95
DOC_REG_NGO_00118,NGO_00118,Registration,Society Registration Certificate,2020,https://eleos.org/docs/reg_NGO_00118.pdf,Government,2020-12-09,2026-09-16T10:00:00,76491f31db548a976c7f7e6dc7f05e0b87fc69499bc431cbb254f310e3d90f92,Success,Externally verified,0.98
DOC_FIN_NGO_00119_FY2025-26,NGO_00119,Audit,Audited Financial Statement FY2025-26,2025,https://eleos.org/docs/FIN_NGO_00119_FY2025-26.pdf,Public Repository,2025-09-30,2026-09-16T10:00:00,ead911ffd35e4a335ca16d74a99292f1ea1ee64b9a5b98ab1e6d484f2157e465,Success,Verified,0.95
DOC_FIN_NGO_00119_FY2024-25,NGO_00119,Audit,Audited Financial Statement FY2024-25,2024,https://eleos.org/docs/FIN_NGO_00119_FY2024-25.pdf,Public Repository,2024-09-30,2026-09-16T10:00:00,f6d813b3459310bfd491984e24ba756c5a0e6f58bbfc7d830cadc8c3c283b2e4,Success,Verified,0.95
DOC_FIN_NGO_00119_FY2023-24,NGO_00119,Audit,Audited Financial Statement FY2023-24,2023,https://eleos.org/docs/FIN_NGO_00119_FY2023-24.pdf,Public Repository,2023-09-30,2026-09-16T10:00:00,da6b6a16baf29b1cbaf216d630822e4277015a4aa76cad7678b505e04fca5be9,Success,Verified,0.95
DOC_FIN_NGO_00119_FY2022-23,NGO_00119,Audit,Audited Financial Statement FY2022-23,2022,https://eleos.org/docs/FIN_NGO_00119_FY2022-23.pdf,Public Repository,2022-09-30,2026-09-16T10:00:00,9843ab9957b0e8e44342f23b6e226388b26055172faf418c0680a2446b0da5a4,Success,Verified,0.95
DOC_FIN_NGO_00119_FY2021-22,NGO_00119,Audit,Audited Financial Statement FY2021-22,2021,https://eleos.org/docs/FIN_NGO_00119_FY2021-22.pdf,Public Repository,2021-09-30,2026-09-16T10:00:00,0b89395013c098a0b95210d3cffdf6773a863a7a8e2be6670d0c283219f62c5a,Success,Verified,0.95
DOC_REG_NGO_00119,NGO_00119,Registration,Section 8 Registration Certificate,2022,https://eleos.org/docs/reg_NGO_00119.pdf,Government,2022-04-10,2026-09-16T10:00:00,d256749fd3128ac871caa1b259abdbfe9b4601ec16892ff0ae07f4a5d32d2621,Success,Externally verified,0.98
DOC_FIN_NGO_00120_FY2025-26,NGO_00120,Audit,Audited Financial Statement FY2025-26,2025,https://eleos.org/docs/FIN_NGO_00120_FY2025-26.pdf,Public Repository,2025-09-30,2026-09-16T10:00:00,7a984ab8d6600003dc92e4b802cb29db78d382f7b6b7ea370e611e5737dca025,Success,Verified,0.95
DOC_FIN_NGO_00120_FY2024-25,NGO_00120,Audit,Audited Financial Statement FY2024-25,2024,https://eleos.org/docs/FIN_NGO_00120_FY2024-25.pdf,Public Repository,2024-09-30,2026-09-16T10:00:00,ee253bfcc4a4cc89108150697c8e849bf96e101d822e850efee53324ae851cec,Success,Verified,0.95
DOC_FIN_NGO_00120_FY2023-24,NGO_00120,Audit,Audited Financial Statement FY2023-24,2023,https://eleos.org/docs/FIN_NGO_00120_FY2023-24.pdf,Public Repository,2023-09-30,2026-09-16T10:00:00,9abe6748ba4ddc34a451b61d81df342c43b1331596c23341b58197f278a909a2,Success,Verified,0.95
DOC_FIN_NGO_00120_FY2022-23,NGO_00120,Audit,Audited Financial Statement FY2022-23,2022,https://eleos.org/docs/FIN_NGO_00120_FY2022-23.pdf,Public Repository,2022-09-30,2026-09-16T10:00:00,7b338776d4dc53b97f137af6479a74591e1951abbee7f76e77f56519c9de04e4,Success,Verified,0.95
DOC_REG_NGO_00120,NGO_00120,Registration,Trust Registration Certificate,2011,https://eleos.org/docs/reg_NGO_00120.pdf,Government,2011-06-28,2026-09-16T10:00:00,53600541bbda2e88b358a73e2d08d51577b6491757ca31f751ecb0a805315bfc,Success,Externally verified,0.98
DOC_FIN_NGO_00121_FY2025-26,NGO_00121,Audit,Audited Financial Statement FY2025-26,2025,https://eleos.org/docs/FIN_NGO_00121_FY2025-26.pdf,Public Repository,2025-09-30,2026-09-16T10:00:00,da6e15017df6ee5425c867bf290d4b95bb5d348b4fa2c4e737c54e9a53f4a470,Success,Verified,0.95
DOC_FIN_NGO_00121_FY2024-25,NGO_00121,Audit,Audited Financial Statement FY2024-25,2024,https://eleos.org/docs/FIN_NGO_00121_FY2024-25.pdf,Public Repository,2024-09-30,2026-09-16T10:00:00,69c1cf700ac9729dda5a35183eb6bc7965d5e0cbbed5462588ae903e30e8db39,Success,Verified,0.95
DOC_FIN_NGO_00121_FY2023-24,NGO_00121,Audit,Audited Financial Statement FY2023-24,2023,https://eleos.org/docs/FIN_NGO_00121_FY2023-24.pdf,Public Repository,2023-09-30,2026-09-16T10:00:00,d04e0c72a3f1fd5078cb65bc1b39f68428c4cf22a7059df6b929408da6c45963,Success,Verified,0.95
DOC_REG_NGO_00121,NGO_00121,Registration,Society Registration Certificate,2019,https://eleos.org/docs/reg_NGO_00121.pdf,Government,2019-12-22,2026-09-16T10:00:00,92e5d86df18748e854c671c7e9d34a565607a5e69385f584e5bac435bdbc8ff3,Success,Externally verified,0.98
DOC_FIN_NGO_00122_FY2025-26,NGO_00122,Audit,Audited Financial Statement FY2025-26,2025,https://eleos.org/docs/FIN_NGO_00122_FY2025-26.pdf,Public Repository,2025-09-30,2026-09-16T10:00:00,e30f55bdbfc6a27083228aee65fa66a783d62398bbe9e8441a01643e4b1b9d06,Success,Verified,0.95
DOC_REG_NGO_00122,NGO_00122,Registration,Trust Registration Certificate,2023,https://eleos.org/docs/reg_NGO_00122.pdf,Government,2023-08-13,2026-09-16T10:00:00,7810ceab97cfb41ecf095120ceced54e94dac8d709cb1aec36dadd3f2cd3612d,Success,Externally verified,0.98
DOC_FIN_NGO_00123_FY2025-26,NGO_00123,Audit,Audited Financial Statement FY2025-26,2025,https://eleos.org/docs/FIN_NGO_00123_FY2025-26.pdf,Public Repository,2025-09-30,2026-09-16T10:00:00,38e2b806977bdda8dba64ef4637c4447a1d3cc115753fc7aeeb4038463c1304c,Success,Verified,0.95
DOC_FIN_NGO_00123_FY2024-25,NGO_00123,Audit,Audited Financial Statement FY2024-25,2024,https://eleos.org/docs/FIN_NGO_00123_FY2024-25.pdf,Public Repository,2024-09-30,2026-09-16T10:00:00,47365b7889cb4c03a296a6dbe7dd7d94f44d0aaf07f7b78da6b32299b77229ff,Success,Verified,0.95
DOC_FIN_NGO_00123_FY2023-24,NGO_00123,Audit,Audited Financial Statement FY2023-24,2023,https://eleos.org/docs/FIN_NGO_00123_FY2023-24.pdf,Public Repository,2023-09-30,2026-09-16T10:00:00,371a7405dda2aa2ae62e2ffc5d3777787e0c2e16ff15e1d3913c618dbe5381e2,Success,Verified,0.95
DOC_REG_NGO_00123,NGO_00123,Registration,Trust Registration Certificate,2019,https://eleos.org/docs/reg_NGO_00123.pdf,Government,2019-05-24,2026-09-16T10:00:00,81949f065e8a6172a0854f63312915ef1839bdd3fe3cd7ef19d9666cf78b7e4a,Success,Externally verified,0.98
DOC_FIN_NGO_00124_FY2025-26,NGO_00124,Audit,Audited Financial Statement FY2025-26,2025,https://eleos.org/docs/FIN_NGO_00124_FY2025-26.pdf,Public Repository,2025-09-30,2026-09-16T10:00:00,de9b12dfa163c864f7ed1f2ac1c0f1796b922abc3b2214dff1392dfa79fd13d6,Success,Verified,0.95
DOC_FIN_NGO_00124_FY2024-25,NGO_00124,Audit,Audited Financial Statement FY2024-25,2024,https://eleos.org/docs/FIN_NGO_00124_FY2024-25.pdf,Public Repository,2024-09-30,2026-09-16T10:00:00,90a876a8a72918cab2c2c421be0229dc264e6f09811dace26dd72c1cd9e525ea,Success,Verified,0.95
DOC_FIN_NGO_00124_FY2023-24,NGO_00124,Audit,Audited Financial Statement FY2023-24,2023,https://eleos.org/docs/FIN_NGO_00124_FY2023-24.pdf,Public Repository,2023-09-30,2026-09-16T10:00:00,4c6950bc2868089b28781978458508eb84dfed9c8d8f23020919325ed9e7f7e4,Success,Verified,0.95
DOC_REG_NGO_00124,NGO_00124,Registration,Trust Registration Certificate,2019,https://eleos.org/docs/reg_NGO_00124.pdf,Government,2019-09-16,2026-09-16T10:00:00,ac6fe460ac4ac4bc7eb60a5987aca920001e3424b7c78281edb162637232bbdc,Success,Externally verified,0.98
DOC_FIN_NGO_00125_FY2025-26,NGO_00125,Audit,Audited Financial Statement FY2025-26,2025,https://eleos.org/docs/FIN_NGO_00125_FY2025-26.pdf,Public Repository,2025-09-30,2026-09-16T10:00:00,37adab50fe32f04dc589dab76b391668b40faec1f7e0baf10640319b860d7db6,Success,Verified,0.95
DOC_FIN_NGO_00125_FY2024-25,NGO_00125,Audit,Audited Financial Statement FY2024-25,2024,https://eleos.org/docs/FIN_NGO_00125_FY2024-25.pdf,Public Repository,2024-09-30,2026-09-16T10:00:00,5f2ca744e733ab36681b2940f626617a19a3f84a0e7eb198a73e0a24d3ff2028,Success,Verified,0.95
DOC_FIN_NGO_00125_FY2023-24,NGO_00125,Audit,Audited Financial Statement FY2023-24,2023,https://eleos.org/docs/FIN_NGO_00125_FY2023-24.pdf,Public Repository,2023-09-30,2026-09-16T10:00:00,9e2bad32f037cbf4d303f79f83441d40e0bc12e9de83eaa86731bf59350e8d1a,Success,Verified,0.95
DOC_REG_NGO_00125,NGO_00125,Registration,Section 8 Registration Certificate,2011,https://eleos.org/docs/reg_NGO_00125.pdf,Government,2011-03-05,2026-09-16T10:00:00,4c4b2c4164372f22790fd307c6073a898d997b6eddb5f38ed32283bd4a9256e8,Success,Externally verified,0.98
DOC_FIN_NGO_00126_FY2025-26,NGO_00126,Audit,Audited Financial Statement FY2025-26,2025,https://eleos.org/docs/FIN_NGO_00126_FY2025-26.pdf,Public Repository,2025-09-30,2026-09-16T10:00:00,514d50a74200f0e27cde38cfc660c90a12001385c5fe8e4f4571522a6dc6f030,Success,Verified,0.95
DOC_FIN_NGO_00126_FY2024-25,NGO_00126,Audit,Audited Financial Statement FY2024-25,2024,https://eleos.org/docs/FIN_NGO_00126_FY2024-25.pdf,Public Repository,2024-09-30,2026-09-16T10:00:00,18f8e552e78ae05cfc6371843e1ec801d94b6f1c71d86d9b54e8381e6beff74f,Success,Verified,0.95
DOC_FIN_NGO_00126_FY2023-24,NGO_00126,Audit,Audited Financial Statement FY2023-24,2023,https://eleos.org/docs/FIN_NGO_00126_FY2023-24.pdf,Public Repository,2023-09-30,2026-09-16T10:00:00,f342c19e9b30574f655a2fc5db40318e4c9d1b45c153f25a162fc42f8a863a47,Success,Verified,0.95
DOC_FIN_NGO_00126_FY2022-23,NGO_00126,Audit,Audited Financial Statement FY2022-23,2022,https://eleos.org/docs/FIN_NGO_00126_FY2022-23.pdf,Public Repository,2022-09-30,2026-09-16T10:00:00,d3000f19ea79ee138b5e1cde46cdd678cdafdb34de0c2adbab50c28f08523326,Success,Verified,0.95
DOC_REG_NGO_00126,NGO_00126,Registration,Society Registration Certificate,2017,https://eleos.org/docs/reg_NGO_00126.pdf,Government,2017-05-14,2026-09-16T10:00:00,9a24b6187463d388e2f4de7c238c8de92a84695e0633cb09e2706a3deefd8e16,Success,Externally verified,0.98
DOC_REG_NGO_00127,NGO_00127,Registration,Trust Registration Certificate,2025,https://eleos.org/docs/reg_NGO_00127.pdf,Government,2025-11-03,2026-09-16T10:00:00,f32c28baaf9ee75d6e2fdbe9e011524f6d37da89eb53e5a8c96dd2b121086905,Success,Self-reported,0.98
DOC_FIN_NGO_00128_FY2025-26,NGO_00128,Audit,Audited Financial Statement FY2025-26,2025,https://eleos.org/docs/FIN_NGO_00128_FY2025-26.pdf,Public Repository,2025-09-30,2026-09-16T10:00:00,ebafe06a29c6634ffb12db80d52029db03f721df987b6d0b36b365474fd97662,Success,Verified,0.95
DOC_FIN_NGO_00128_FY2024-25,NGO_00128,Audit,Audited Financial Statement FY2024-25,2024,https://eleos.org/docs/FIN_NGO_00128_FY2024-25.pdf,Public Repository,2024-09-30,2026-09-16T10:00:00,87a2a89c94001eb9641eb6e42505460c184bae8676dfd926087d96c1a4ec95ac,Success,Verified,0.95
DOC_FIN_NGO_00128_FY2023-24,NGO_00128,Audit,Audited Financial Statement FY2023-24,2023,https://eleos.org/docs/FIN_NGO_00128_FY2023-24.pdf,Public Repository,2023-09-30,2026-09-16T10:00:00,2856779044d43a9a05fcf339ffff6d245586e52f89f80861d0b7a4ee1410b816,Success,Verified,0.95
DOC_FIN_NGO_00128_FY2022-23,NGO_00128,Audit,Audited Financial Statement FY2022-23,2022,https://eleos.org/docs/FIN_NGO_00128_FY2022-23.pdf,Public Repository,2022-09-30,2026-09-16T10:00:00,93f81bf8717622ead6862591449ee35a93c45cb8674af0e604dfba042a673389,Success,Verified,0.95
DOC_REG_NGO_00128,NGO_00128,Registration,Trust Registration Certificate,2023,https://eleos.org/docs/reg_NGO_00128.pdf,Government,2023-10-16,2026-09-16T10:00:00,286bc05c712b8d38e7d69916dae95ab2eb63cc328d8ac2498717deaf5ff2a813,Success,Self-reported,0.98
DOC_FIN_NGO_00129_FY2025-26,NGO_00129,Audit,Audited Financial Statement FY2025-26,2025,https://eleos.org/docs/FIN_NGO_00129_FY2025-26.pdf,Public Repository,2025-09-30,2026-09-16T10:00:00,5fc54b9bfca0cfdd340a93ef2727db7abeda6a1b35e3b7ef95516a76c769048c,Success,Verified,0.95
DOC_FIN_NGO_00129_FY2024-25,NGO_00129,Audit,Audited Financial Statement FY2024-25,2024,https://eleos.org/docs/FIN_NGO_00129_FY2024-25.pdf,Public Repository,2024-09-30,2026-09-16T10:00:00,a3398d75eaeb517d465678b9f25016fd738046d03ea2db2fabe959e8a206a1d1,Success,Verified,0.95
DOC_FIN_NGO_00129_FY2023-24,NGO_00129,Audit,Audited Financial Statement FY2023-24,2023,https://eleos.org/docs/FIN_NGO_00129_FY2023-24.pdf,Public Repository,2023-09-30,2026-09-16T10:00:00,ddc57b7ea64987b7283e9cb4529a737e24e697c2c6b3aedb935be1db2c9b0c85,Success,Verified,0.95
DOC_FIN_NGO_00129_FY2022-23,NGO_00129,Audit,Audited Financial Statement FY2022-23,2022,https://eleos.org/docs/FIN_NGO_00129_FY2022-23.pdf,Public Repository,2022-09-30,2026-09-16T10:00:00,30f1c6aceaa5d30f34bba1d5b98465125e0d0c6c5f29e327d0185bcc1a38bdfd,Success,Verified,0.95
DOC_FIN_NGO_00129_FY2021-22,NGO_00129,Audit,Audited Financial Statement FY2021-22,2021,https://eleos.org/docs/FIN_NGO_00129_FY2021-22.pdf,Public Repository,2021-09-30,2026-09-16T10:00:00,5360a03bb5087beca85bfb56a0d46dc79128f3934d803862ee02e6e0f4d3b6ad,Success,Verified,0.95
DOC_REG_NGO_00129,NGO_00129,Registration,Society Registration Certificate,2011,https://eleos.org/docs/reg_NGO_00129.pdf,Government,2011-09-14,2026-09-16T10:00:00,d779660c195c93b33d1ff2250b14b63209ae979477ebb7cef8e6d65fea134881,Success,Externally verified,0.98
DOC_FIN_NGO_00130_FY2025-26,NGO_00130,Audit,Audited Financial Statement FY2025-26,2025,https://eleos.org/docs/FIN_NGO_00130_FY2025-26.pdf,Public Repository,2025-09-30,2026-09-16T10:00:00,fe9de808651d334c221ba595d7bc10ad1dd11353d7993f5eed44ef09250b2282,Success,Verified,0.95
DOC_FIN_NGO_00130_FY2024-25,NGO_00130,Audit,Audited Financial Statement FY2024-25,2024,https://eleos.org/docs/FIN_NGO_00130_FY2024-25.pdf,Public Repository,2024-09-30,2026-09-16T10:00:00,2ebebc8562dbec3134178e54144cd44b5f9de2dadc4ee109ab6399ad0b30ad07,Success,Verified,0.95
DOC_REG_NGO_00130,NGO_00130,Registration,Section 8 Registration Certificate,2024,https://eleos.org/docs/reg_NGO_00130.pdf,Government,2024-05-26,2026-09-16T10:00:00,a6278c70f2bcd8092b7acd45768285986d9ce80ac9b8edd4366995091344a7b0,Success,Externally verified,0.98
DOC_FIN_NGO_00131_FY2025-26,NGO_00131,Audit,Audited Financial Statement FY2025-26,2025,https://eleos.org/docs/FIN_NGO_00131_FY2025-26.pdf,Public Repository,2025-09-30,2026-09-16T10:00:00,9e8db5e53fb8f479c63e2603d8e6570a6b0cfca93a7a3a61995c96a1957b4e16,Success,Verified,0.95
DOC_REG_NGO_00131,NGO_00131,Registration,Trust Registration Certificate,2024,https://eleos.org/docs/reg_NGO_00131.pdf,Government,2024-08-05,2026-09-16T10:00:00,e01d1b58e08b4e7e74be2ee50f9a1428a83ce2af3c27b336c31ee3f259e7c990,Success,Externally verified,0.98
DOC_FIN_NGO_00132_FY2025-26,NGO_00132,Audit,Audited Financial Statement FY2025-26,2025,https://eleos.org/docs/FIN_NGO_00132_FY2025-26.pdf,Public Repository,2025-09-30,2026-09-16T10:00:00,3997b7db021ed879da9de1f807cfcd9d1502e8da7f8e9e36d7008919ec8f9de5,Success,Verified,0.95
DOC_REG_NGO_00132,NGO_00132,Registration,Trust Registration Certificate,2025,https://eleos.org/docs/reg_NGO_00132.pdf,Government,2025-08-22,2026-09-16T10:00:00,b4463ef5ff90ae4e77f5a65aec3ef234848718b165f70d7436e83d741bb3c335,Success,Self-reported,0.98
DOC_FIN_NGO_00133_FY2025-26,NGO_00133,Audit,Audited Financial Statement FY2025-26,2025,https://eleos.org/docs/FIN_NGO_00133_FY2025-26.pdf,Public Repository,2025-09-30,2026-09-16T10:00:00,babe1906e056a707815c06b9a36170eb5ef1b1f3ccf99ae6dc84e60dedb82d55,Success,Verified,0.95
DOC_FIN_NGO_00133_FY2024-25,NGO_00133,Audit,Audited Financial Statement FY2024-25,2024,https://eleos.org/docs/FIN_NGO_00133_FY2024-25.pdf,Public Repository,2024-09-30,2026-09-16T10:00:00,5084b1415f845401f8ee0526c86dbdb09d70355bfafeea7018a61a3cf98020ed,Success,Verified,0.95
DOC_FIN_NGO_00133_FY2023-24,NGO_00133,Audit,Audited Financial Statement FY2023-24,2023,https://eleos.org/docs/FIN_NGO_00133_FY2023-24.pdf,Public Repository,2023-09-30,2026-09-16T10:00:00,7f701370a9ee30b5fc58c6fa1b692cf219d7a48c71e2cc190e9dcb979790b22c,Success,Verified,0.95
DOC_FIN_NGO_00133_FY2022-23,NGO_00133,Audit,Audited Financial Statement FY2022-23,2022,https://eleos.org/docs/FIN_NGO_00133_FY2022-23.pdf,Public Repository,2022-09-30,2026-09-16T10:00:00,c50855024e6d83b387a0a87b831c97580eec16bfa105e1c66d67af910710a35a,Success,Verified,0.95
DOC_REG_NGO_00133,NGO_00133,Registration,Society Registration Certificate,2017,https://eleos.org/docs/reg_NGO_00133.pdf,Government,2017-11-28,2026-09-16T10:00:00,161ed7ae877b60d674a8e418acd1ce0044c7f427eff6167f1138152011b7ef5a,Success,Externally verified,0.98
DOC_FIN_NGO_00134_FY2025-26,NGO_00134,Audit,Audited Financial Statement FY2025-26,2025,https://eleos.org/docs/FIN_NGO_00134_FY2025-26.pdf,Public Repository,2025-09-30,2026-09-16T10:00:00,c300c185b23b47fdfa60d26e8f575f7968ffc2997b902b48a2399b0f7aea11c6,Success,Verified,0.95
DOC_FIN_NGO_00134_FY2024-25,NGO_00134,Audit,Audited Financial Statement FY2024-25,2024,https://eleos.org/docs/FIN_NGO_00134_FY2024-25.pdf,Public Repository,2024-09-30,2026-09-16T10:00:00,c17a12db6037ec0d482567d181c24b4e9ce350bd5f861c15b243f6bc9d08ea37,Success,Verified,0.95
DOC_FIN_NGO_00134_FY2023-24,NGO_00134,Audit,Audited Financial Statement FY2023-24,2023,https://eleos.org/docs/FIN_NGO_00134_FY2023-24.pdf,Public Repository,2023-09-30,2026-09-16T10:00:00,0318550fe634e09bbf859b810ecd6ae240487c30142022c4830e93e290471917,Success,Verified,0.95
DOC_FIN_NGO_00134_FY2022-23,NGO_00134,Audit,Audited Financial Statement FY2022-23,2022,https://eleos.org/docs/FIN_NGO_00134_FY2022-23.pdf,Public Repository,2022-09-30,2026-09-16T10:00:00,8c94813bfcb8cc9d5547b6df98d452cb58fd1134a312bc923077b5eac2978859,Success,Verified,0.95
DOC_REG_NGO_00134,NGO_00134,Registration,Society Registration Certificate,2012,https://eleos.org/docs/reg_NGO_00134.pdf,Government,2012-05-08,2026-09-16T10:00:00,421b84fca28a38b38d9dc99eae4780085a4c188c6b6fd76ad0fefc95d68c8cb7,Success,Externally verified,0.98
DOC_FIN_NGO_00135_FY2025-26,NGO_00135,Audit,Audited Financial Statement FY2025-26,2025,https://eleos.org/docs/FIN_NGO_00135_FY2025-26.pdf,Public Repository,2025-09-30,2026-09-16T10:00:00,d2e72e99e51e125183b1417866b3a9d799460fe77548938086c140fa88992f17,Success,Verified,0.95
DOC_FIN_NGO_00135_FY2024-25,NGO_00135,Audit,Audited Financial Statement FY2024-25,2024,https://eleos.org/docs/FIN_NGO_00135_FY2024-25.pdf,Public Repository,2024-09-30,2026-09-16T10:00:00,ff8e5d2560ca08e7ecc146dbc21d4f393346611d5133a0f6ff04bfd9ab1e393d,Success,Verified,0.95
DOC_REG_NGO_00135,NGO_00135,Registration,Society Registration Certificate,2013,https://eleos.org/docs/reg_NGO_00135.pdf,Government,2013-06-11,2026-09-16T10:00:00,2910a21980635ce1b0fb5fea24fc2fe573f8f3c42825d07a1144e9ef6e935516,Success,Externally verified,0.98
DOC_FIN_NGO_00136_FY2025-26,NGO_00136,Audit,Audited Financial Statement FY2025-26,2025,https://eleos.org/docs/FIN_NGO_00136_FY2025-26.pdf,Public Repository,2025-09-30,2026-09-16T10:00:00,fdcde811729dff501a36e2434dc8ce0c9ec09990742b4df7b5c8878565829924,Success,Verified,0.95
DOC_REG_NGO_00136,NGO_00136,Registration,Trust Registration Certificate,2024,https://eleos.org/docs/reg_NGO_00136.pdf,Government,2024-05-18,2026-09-16T10:00:00,027d6fdfa5d11c2274051de9594210883a37e1b1fb1e7cf6b9291e3d3f521dc4,Success,Externally verified,0.98
DOC_FIN_NGO_00137_FY2025-26,NGO_00137,Audit,Audited Financial Statement FY2025-26,2025,https://eleos.org/docs/FIN_NGO_00137_FY2025-26.pdf,Public Repository,2025-09-30,2026-09-16T10:00:00,9cb42265eb8258da074334c658348e6568ae1678de6c1974b21d1fe67ae3d251,Success,Verified,0.95
DOC_FIN_NGO_00137_FY2024-25,NGO_00137,Audit,Audited Financial Statement FY2024-25,2024,https://eleos.org/docs/FIN_NGO_00137_FY2024-25.pdf,Public Repository,2024-09-30,2026-09-16T10:00:00,699a2818ca48cab472b85276d7afacb865d33966b03706957e422789b742717b,Success,Verified,0.95
DOC_REG_NGO_00137,NGO_00137,Registration,Section 8 Registration Certificate,2015,https://eleos.org/docs/reg_NGO_00137.pdf,Government,2015-06-04,2026-09-16T10:00:00,5e7bc381a4921ac2d4842b335ab4f5a70873d3323ddfb6c3734a9a2df7823821,Success,Externally verified,0.98
DOC_FIN_NGO_00138_FY2025-26,NGO_00138,Audit,Audited Financial Statement FY2025-26,2025,https://eleos.org/docs/FIN_NGO_00138_FY2025-26.pdf,Public Repository,2025-09-30,2026-09-16T10:00:00,d3a6e84870fdd50618614b5b572caf7072a7c122847578e266d77427f29ca8c7,Success,Verified,0.95
DOC_FIN_NGO_00138_FY2024-25,NGO_00138,Audit,Audited Financial Statement FY2024-25,2024,https://eleos.org/docs/FIN_NGO_00138_FY2024-25.pdf,Public Repository,2024-09-30,2026-09-16T10:00:00,2453c392865ce62b989f86b0a23bf57f86c82f11a77574400dcbfeab1933af43,Success,Verified,0.95
DOC_FIN_NGO_00138_FY2023-24,NGO_00138,Audit,Audited Financial Statement FY2023-24,2023,https://eleos.org/docs/FIN_NGO_00138_FY2023-24.pdf,Public Repository,2023-09-30,2026-09-16T10:00:00,b3ec7c6191560ed35ba49fed94ebb45753b9182ae697232711203ad7701766c5,Success,Verified,0.95
DOC_FIN_NGO_00138_FY2022-23,NGO_00138,Audit,Audited Financial Statement FY2022-23,2022,https://eleos.org/docs/FIN_NGO_00138_FY2022-23.pdf,Public Repository,2022-09-30,2026-09-16T10:00:00,a32807c60360ec1640797b46b02c431d047ba4637b965ee5dbc46339c44ad0b6,Success,Verified,0.95
DOC_FIN_NGO_00138_FY2021-22,NGO_00138,Audit,Audited Financial Statement FY2021-22,2021,https://eleos.org/docs/FIN_NGO_00138_FY2021-22.pdf,Public Repository,2021-09-30,2026-09-16T10:00:00,632fee3b3af14f35cfb5a4878448d8eec1a2ac489f0145633a18086343fec319,Success,Verified,0.95
DOC_REG_NGO_00138,NGO_00138,Registration,Trust Registration Certificate,2014,https://eleos.org/docs/reg_NGO_00138.pdf,Government,2014-10-06,2026-09-16T10:00:00,631d3a6260a1829a17434d5f718172ad3c42e6329b7ba6681792ceacfdd70741,Success,Externally verified,0.98
DOC_FIN_NGO_00139_FY2025-26,NGO_00139,Audit,Audited Financial Statement FY2025-26,2025,https://eleos.org/docs/FIN_NGO_00139_FY2025-26.pdf,Public Repository,2025-09-30,2026-09-16T10:00:00,8d2b5fef7c849933d4a4d4d0fcc436cf36164c40b8d2a87e6cebc1d48040496c,Success,Verified,0.95
DOC_FIN_NGO_00139_FY2024-25,NGO_00139,Audit,Audited Financial Statement FY2024-25,2024,https://eleos.org/docs/FIN_NGO_00139_FY2024-25.pdf,Public Repository,2024-09-30,2026-09-16T10:00:00,19fe1780b84617610d33b32626cca6a0e5770e04e16c7041ea6868adda238d73,Success,Verified,0.95
DOC_REG_NGO_00139,NGO_00139,Registration,Trust Registration Certificate,2001,https://eleos.org/docs/reg_NGO_00139.pdf,Government,2001-08-07,2026-09-16T10:00:00,1c7e90d60198a2838060ce5dbbf18db4e3e4bdf4fb87e867987c041e7b8a2dec,Success,Externally verified,0.98
DOC_FIN_NGO_00140_FY2025-26,NGO_00140,Audit,Audited Financial Statement FY2025-26,2025,https://eleos.org/docs/FIN_NGO_00140_FY2025-26.pdf,Public Repository,2025-09-30,2026-09-16T10:00:00,ba35f984b5d26e5e63a85f002bc5ab74da6dc5ddff87d24e6a4d7f2513108f0a,Success,Verified,0.95
DOC_FIN_NGO_00140_FY2024-25,NGO_00140,Audit,Audited Financial Statement FY2024-25,2024,https://eleos.org/docs/FIN_NGO_00140_FY2024-25.pdf,Public Repository,2024-09-30,2026-09-16T10:00:00,f77c52bb80ed975a816c4c1e8adebdc31411916ce8279dd6dc72cf197326c7b4,Success,Verified,0.95
DOC_REG_NGO_00140,NGO_00140,Registration,Trust Registration Certificate,2022,https://eleos.org/docs/reg_NGO_00140.pdf,Government,2022-02-18,2026-09-16T10:00:00,8c88f5f2909aecb4a71eb0ccd6d91a24f3d3a56fed340629ffeeb90fe5b4c8ec,Success,Externally verified,0.98
DOC_FIN_NGO_00141_FY2025-26,NGO_00141,Audit,Audited Financial Statement FY2025-26,2025,https://eleos.org/docs/FIN_NGO_00141_FY2025-26.pdf,Public Repository,2025-09-30,2026-09-16T10:00:00,d646e748573be92a20a056c7c1972f4d25c96252f672b32ae82921838bb3fd18,Success,Verified,0.95
DOC_FIN_NGO_00141_FY2024-25,NGO_00141,Audit,Audited Financial Statement FY2024-25,2024,https://eleos.org/docs/FIN_NGO_00141_FY2024-25.pdf,Public Repository,2024-09-30,2026-09-16T10:00:00,ed36fdad0d84583df588309c4f888b071fb343c43d2e8c0395ec6dabdff03864,Success,Verified,0.95
DOC_REG_NGO_00141,NGO_00141,Registration,Society Registration Certificate,2013,https://eleos.org/docs/reg_NGO_00141.pdf,Government,2013-09-08,2026-09-16T10:00:00,37f41f7079ca8f07f04a950cb4286384132f6d4331d4ba75cfa2d32c9ccdf983,Success,Externally verified,0.98
DOC_FIN_NGO_00142_FY2025-26,NGO_00142,Audit,Audited Financial Statement FY2025-26,2025,https://eleos.org/docs/FIN_NGO_00142_FY2025-26.pdf,Public Repository,2025-09-30,2026-09-16T10:00:00,5d117f8e4ac26fc0dcb9859d2eecb8935f1d9df2d18a107132be1fe3fccac0d7,Success,Verified,0.95
DOC_FIN_NGO_00142_FY2024-25,NGO_00142,Audit,Audited Financial Statement FY2024-25,2024,https://eleos.org/docs/FIN_NGO_00142_FY2024-25.pdf,Public Repository,2024-09-30,2026-09-16T10:00:00,85856cb61b95e5f65cd973ff0de2ade5cd6f3d502e7effcf97a817674ffb7e22,Success,Verified,0.95
DOC_FIN_NGO_00142_FY2023-24,NGO_00142,Audit,Audited Financial Statement FY2023-24,2023,https://eleos.org/docs/FIN_NGO_00142_FY2023-24.pdf,Public Repository,2023-09-30,2026-09-16T10:00:00,429570fa92c77efa731edf60654b88688ab3d3a3889ecd18ce50eaf38e8be110,Success,Verified,0.95
DOC_REG_NGO_00142,NGO_00142,Registration,Society Registration Certificate,2011,https://eleos.org/docs/reg_NGO_00142.pdf,Government,2011-09-17,2026-09-16T10:00:00,afaef3d3b8725f952263124915861417054342ca37538f59fdd8eed24e490e29,Success,Externally verified,0.98
DOC_FIN_NGO_00143_FY2025-26,NGO_00143,Audit,Audited Financial Statement FY2025-26,2025,https://eleos.org/docs/FIN_NGO_00143_FY2025-26.pdf,Public Repository,2025-09-30,2026-09-16T10:00:00,ee4c32726bdb55d8ed0c89d5871e84ed0834a531ed8299d7474e29d4368c6206,Success,Verified,0.95
DOC_FIN_NGO_00143_FY2024-25,NGO_00143,Audit,Audited Financial Statement FY2024-25,2024,https://eleos.org/docs/FIN_NGO_00143_FY2024-25.pdf,Public Repository,2024-09-30,2026-09-16T10:00:00,5e417fd0ba83bef7cceecd75e08d85532a39d9f0e7f7418dde3b914bb6aa65ac,Success,Verified,0.95
DOC_FIN_NGO_00143_FY2023-24,NGO_00143,Audit,Audited Financial Statement FY2023-24,2023,https://eleos.org/docs/FIN_NGO_00143_FY2023-24.pdf,Public Repository,2023-09-30,2026-09-16T10:00:00,9b9a4b0c7e7e3f95e7e96d685fbdcb6f96c40fea16c57a3f31e0369272db6058,Success,Verified,0.95
DOC_REG_NGO_00143,NGO_00143,Registration,Trust Registration Certificate,1997,https://eleos.org/docs/reg_NGO_00143.pdf,Government,1997-11-25,2026-09-16T10:00:00,0672a943596b1e53a02d8f3f6bbad9a8430f0b3710868333ea61eaae00598349,Success,Self-reported,0.98
DOC_FIN_NGO_00144_FY2025-26,NGO_00144,Audit,Audited Financial Statement FY2025-26,2025,https://eleos.org/docs/FIN_NGO_00144_FY2025-26.pdf,Public Repository,2025-09-30,2026-09-16T10:00:00,97a29ac628df2687def9620ccdeb9496c419b2273f2e9634587190129101d8a6,Success,Verified,0.95
DOC_REG_NGO_00144,NGO_00144,Registration,Society Registration Certificate,2025,https://eleos.org/docs/reg_NGO_00144.pdf,Government,2025-06-20,2026-09-16T10:00:00,9c33ba4fb7b67d5e08cf957fb4ee2317576867b62c5ba1801630ffc763bfe3c0,Success,Self-reported,0.98
DOC_FIN_NGO_00145_FY2025-26,NGO_00145,Audit,Audited Financial Statement FY2025-26,2025,https://eleos.org/docs/FIN_NGO_00145_FY2025-26.pdf,Public Repository,2025-09-30,2026-09-16T10:00:00,65ea9084d714d01d7d87537bf6203642f8a51a3bf004378825a3dd2edb3b986c,Success,Verified,0.95
DOC_FIN_NGO_00145_FY2024-25,NGO_00145,Audit,Audited Financial Statement FY2024-25,2024,https://eleos.org/docs/FIN_NGO_00145_FY2024-25.pdf,Public Repository,2024-09-30,2026-09-16T10:00:00,74d47696902e24499499ca04bab3dde53e6a98e1f1fa1afb4488f34c819737a1,Success,Verified,0.95
DOC_FIN_NGO_00145_FY2023-24,NGO_00145,Audit,Audited Financial Statement FY2023-24,2023,https://eleos.org/docs/FIN_NGO_00145_FY2023-24.pdf,Public Repository,2023-09-30,2026-09-16T10:00:00,75693dd8799e31a4f5a72c7aa422dbae070a3ee632296f0f7150bac7ff473ba9,Success,Verified,0.95
DOC_FIN_NGO_00145_FY2022-23,NGO_00145,Audit,Audited Financial Statement FY2022-23,2022,https://eleos.org/docs/FIN_NGO_00145_FY2022-23.pdf,Public Repository,2022-09-30,2026-09-16T10:00:00,f95d720d69816dcf5cdab4ac6947e4cc78d29566fe217bdb0ad982af85e1c67a,Success,Verified,0.95
DOC_FIN_NGO_00145_FY2021-22,NGO_00145,Audit,Audited Financial Statement FY2021-22,2021,https://eleos.org/docs/FIN_NGO_00145_FY2021-22.pdf,Public Repository,2021-09-30,2026-09-16T10:00:00,5a0bd2d2cc261427f0d036061f6fdf063b4838b68fae408fef785c9ff74cffef,Success,Verified,0.95
DOC_REG_NGO_00145,NGO_00145,Registration,Trust Registration Certificate,2013,https://eleos.org/docs/reg_NGO_00145.pdf,Government,2013-07-13,2026-09-16T10:00:00,a731dfd0fd1b0eab62b0239a3b614cd34b4413dee0bc9845d1902da18447effe,Success,Externally verified,0.98
DOC_FIN_NGO_00146_FY2025-26,NGO_00146,Audit,Audited Financial Statement FY2025-26,2025,https://eleos.org/docs/FIN_NGO_00146_FY2025-26.pdf,Public Repository,2025-09-30,2026-09-16T10:00:00,c018a1e33dc08b4ffb687c28f8da1f8e69870044464731a3f79a622ea5da7257,Success,Verified,0.95
DOC_FIN_NGO_00146_FY2024-25,NGO_00146,Audit,Audited Financial Statement FY2024-25,2024,https://eleos.org/docs/FIN_NGO_00146_FY2024-25.pdf,Public Repository,2024-09-30,2026-09-16T10:00:00,451d1865112af768235d6cd2c1a79c0376c10fc7bc0e302c2c2d44de4a2db54a,Success,Verified,0.95
DOC_REG_NGO_00146,NGO_00146,Registration,Trust Registration Certificate,1997,https://eleos.org/docs/reg_NGO_00146.pdf,Government,1997-03-19,2026-09-16T10:00:00,9d9a9a09074efd1f2c2f63b9ebe2c867d487760bd2801b5d4471b3ae2d8d27b1,Success,Externally verified,0.98
DOC_FIN_NGO_00147_FY2025-26,NGO_00147,Audit,Audited Financial Statement FY2025-26,2025,https://eleos.org/docs/FIN_NGO_00147_FY2025-26.pdf,Public Repository,2025-09-30,2026-09-16T10:00:00,2c5bfdb57eb6df4791d830b417cdfd300283e344b8de2937bc73c3711687804d,Success,Verified,0.95
DOC_FIN_NGO_00147_FY2024-25,NGO_00147,Audit,Audited Financial Statement FY2024-25,2024,https://eleos.org/docs/FIN_NGO_00147_FY2024-25.pdf,Public Repository,2024-09-30,2026-09-16T10:00:00,e9d488b3b4451fa18b46d7caa47aff40dec335358f7784f2bebc0458c9021b90,Success,Verified,0.95
DOC_REG_NGO_00147,NGO_00147,Registration,Section 8 Registration Certificate,2014,https://eleos.org/docs/reg_NGO_00147.pdf,Government,2014-09-24,2026-09-16T10:00:00,b5d315d076dfa64e095324435ef4362f636169f91faca73398889934390810a2,Success,Externally verified,0.98
DOC_FIN_NGO_00148_FY2025-26,NGO_00148,Audit,Audited Financial Statement FY2025-26,2025,https://eleos.org/docs/FIN_NGO_00148_FY2025-26.pdf,Public Repository,2025-09-30,2026-09-16T10:00:00,00dcc19564bf9ce5215b6081ad4d686b8a87064190dfe9ec9a545fd362a60090,Success,Verified,0.95
DOC_FIN_NGO_00148_FY2024-25,NGO_00148,Audit,Audited Financial Statement FY2024-25,2024,https://eleos.org/docs/FIN_NGO_00148_FY2024-25.pdf,Public Repository,2024-09-30,2026-09-16T10:00:00,ee2245251ad5cbcbe7aa0e1a177e6cb0db3fabf441464347770644f2dfd76f83,Success,Verified,0.95
DOC_FIN_NGO_00148_FY2023-24,NGO_00148,Audit,Audited Financial Statement FY2023-24,2023,https://eleos.org/docs/FIN_NGO_00148_FY2023-24.pdf,Public Repository,2023-09-30,2026-09-16T10:00:00,358bf8c31f76fe1b48468bd3dc307bfddb2919aa8f7970492c5947b461be2174,Success,Verified,0.95
DOC_REG_NGO_00148,NGO_00148,Registration,Section 8 Registration Certificate,2014,https://eleos.org/docs/reg_NGO_00148.pdf,Government,2014-04-12,2026-09-16T10:00:00,fcabdde9792059e41213940c0b56367f0a9dd7c6c35b99c3d273ab2ec2989016,Success,Externally verified,0.98
DOC_FIN_NGO_00149_FY2025-26,NGO_00149,Audit,Audited Financial Statement FY2025-26,2025,https://eleos.org/docs/FIN_NGO_00149_FY2025-26.pdf,Public Repository,2025-09-30,2026-09-16T10:00:00,2dfcde9e2f84b6b0f683a426d9fbb91e89568b1d491e49ad38b8d01cb32296c3,Success,Verified,0.95
DOC_FIN_NGO_00149_FY2024-25,NGO_00149,Audit,Audited Financial Statement FY2024-25,2024,https://eleos.org/docs/FIN_NGO_00149_FY2024-25.pdf,Public Repository,2024-09-30,2026-09-16T10:00:00,fdd8258867db5b8f39c7c4e1bca6028066b8806f1dc4ad22e4e7fc4470081ce5,Success,Verified,0.95
DOC_FIN_NGO_00149_FY2023-24,NGO_00149,Audit,Audited Financial Statement FY2023-24,2023,https://eleos.org/docs/FIN_NGO_00149_FY2023-24.pdf,Public Repository,2023-09-30,2026-09-16T10:00:00,e7e2bc38e6df75889502d34b5479b7cb57322b73b5de307872e0f0ac7f2f5ff6,Success,Verified,0.95
DOC_FIN_NGO_00149_FY2022-23,NGO_00149,Audit,Audited Financial Statement FY2022-23,2022,https://eleos.org/docs/FIN_NGO_00149_FY2022-23.pdf,Public Repository,2022-09-30,2026-09-16T10:00:00,c1174ee5ff05121f38ed21777ab03687d187329fd268cfb8434bca3d73771a6b,Success,Verified,0.95
DOC_REG_NGO_00149,NGO_00149,Registration,Section 8 Registration Certificate,2016,https://eleos.org/docs/reg_NGO_00149.pdf,Government,2016-06-02,2026-09-16T10:00:00,dafd3ff25a5f8ee76ff67da61b1a09094d8eee15bc3ee04ecdd839a8265a9321,Success,Externally verified,0.98
DOC_FIN_NGO_00150_FY2025-26,NGO_00150,Audit,Audited Financial Statement FY2025-26,2025,https://eleos.org/docs/FIN_NGO_00150_FY2025-26.pdf,Public Repository,2025-09-30,2026-09-16T10:00:00,bf37c8c3ea2521bd321fec3eb8140556d4265f70c9a405713016a4b5488e434e,Success,Verified,0.95
DOC_FIN_NGO_00150_FY2024-25,NGO_00150,Audit,Audited Financial Statement FY2024-25,2024,https://eleos.org/docs/FIN_NGO_00150_FY2024-25.pdf,Public Repository,2024-09-30,2026-09-16T10:00:00,276f8fa44d64ac77365354de9b5d77b8fbe8cf4f81b6cb90578f0c03fa7a01c0,Success,Verified,0.95
DOC_FIN_NGO_00150_FY2023-24,NGO_00150,Audit,Audited Financial Statement FY2023-24,2023,https://eleos.org/docs/FIN_NGO_00150_FY2023-24.pdf,Public Repository,2023-09-30,2026-09-16T10:00:00,f76a47d71414b95448e585809d037b1c877541b00cff84a34264cd52943f3dda,Success,Verified,0.95
DOC_FIN_NGO_00150_FY2022-23,NGO_00150,Audit,Audited Financial Statement FY2022-23,2022,https://eleos.org/docs/FIN_NGO_00150_FY2022-23.pdf,Public Repository,2022-09-30,2026-09-16T10:00:00,165331e78b57990a0844e5482266ade73889e2bd62864ca51d87a08160546cae,Success,Verified,0.95
DOC_FIN_NGO_00150_FY2021-22,NGO_00150,Audit,Audited Financial Statement FY2021-22,2021,https://eleos.org/docs/FIN_NGO_00150_FY2021-22.pdf,Public Repository,2021-09-30,2026-09-16T10:00:00,ff4ded71d1060adbb4678e0e9d8c5a31023723355a0dc243759950cba7c79d48,Success,Verified,0.95
DOC_REG_NGO_00150,NGO_00150,Registration,Section 8 Registration Certificate,1996,https://eleos.org/docs/reg_NGO_00150.pdf,Government,1996-12-06,2026-09-16T10:00:00,71e2a1d1de31e844d6d948e22c79f2eaa96960f435fd51df1d68f819cbfa7534,Success,Externally verified,0.98
DOC_FIN_NGO_00151_FY2025-26,NGO_00151,Audit,Audited Financial Statement FY2025-26,2025,https://eleos.org/docs/FIN_NGO_00151_FY2025-26.pdf,Public Repository,2025-09-30,2026-09-16T10:00:00,0cecff649c193a542c2bd700add9a6b78ab4da23e4ace45c845ee2f145084baa,Success,Verified,0.95
DOC_FIN_NGO_00151_FY2024-25,NGO_00151,Audit,Audited Financial Statement FY2024-25,2024,https://eleos.org/docs/FIN_NGO_00151_FY2024-25.pdf,Public Repository,2024-09-30,2026-09-16T10:00:00,fcf438664886f3dd87ba41dc2ab56aebe09988f9c22ef96b6e83f017a2219b8c,Success,Verified,0.95
DOC_REG_NGO_00151,NGO_00151,Registration,Section 8 Registration Certificate,2023,https://eleos.org/docs/reg_NGO_00151.pdf,Government,2023-01-09,2026-09-16T10:00:00,066600fc0221bd1de7aa2bf49274997e4444a133b89cc90a0791dd286b2ebc1a,Success,Externally verified,0.98
DOC_FIN_NGO_00152_FY2025-26,NGO_00152,Audit,Audited Financial Statement FY2025-26,2025,https://eleos.org/docs/FIN_NGO_00152_FY2025-26.pdf,Public Repository,2025-09-30,2026-09-16T10:00:00,bf64c3a54b0b2c265e872aad845ed20d6e34b69722985185516d60ca8cfb9a5c,Success,Verified,0.95
DOC_FIN_NGO_00152_FY2024-25,NGO_00152,Audit,Audited Financial Statement FY2024-25,2024,https://eleos.org/docs/FIN_NGO_00152_FY2024-25.pdf,Public Repository,2024-09-30,2026-09-16T10:00:00,61b15dbc70aaf815ce880ecebf5b27026e256de849e32246669e700baa4d0f10,Success,Verified,0.95
DOC_FIN_NGO_00152_FY2023-24,NGO_00152,Audit,Audited Financial Statement FY2023-24,2023,https://eleos.org/docs/FIN_NGO_00152_FY2023-24.pdf,Public Repository,2023-09-30,2026-09-16T10:00:00,c642d8793012743797de4275dc08af28827e787f14f41d394b2ea646dc88c750,Success,Verified,0.95
DOC_FIN_NGO_00152_FY2022-23,NGO_00152,Audit,Audited Financial Statement FY2022-23,2022,https://eleos.org/docs/FIN_NGO_00152_FY2022-23.pdf,Public Repository,2022-09-30,2026-09-16T10:00:00,bfec20d94915f783a7485e117100ddfdea7fbc8519e98ccf5250608d50eb25d0,Success,Verified,0.95
DOC_FIN_NGO_00152_FY2021-22,NGO_00152,Audit,Audited Financial Statement FY2021-22,2021,https://eleos.org/docs/FIN_NGO_00152_FY2021-22.pdf,Public Repository,2021-09-30,2026-09-16T10:00:00,eb33e0f3e2d3f04a677b924bd0b5dab7735ae25e635cc169b501125720813f64,Success,Verified,0.95
DOC_REG_NGO_00152,NGO_00152,Registration,Trust Registration Certificate,2014,https://eleos.org/docs/reg_NGO_00152.pdf,Government,2014-01-04,2026-09-16T10:00:00,797405435f9c28a2fc410904cf37c46cc6534fc1f99a5cdf87a6e4c1fb4f70fa,Success,Self-reported,0.98
DOC_FIN_NGO_00153_FY2025-26,NGO_00153,Audit,Audited Financial Statement FY2025-26,2025,https://eleos.org/docs/FIN_NGO_00153_FY2025-26.pdf,Public Repository,2025-09-30,2026-09-16T10:00:00,1bb6603679c8f0ae1d43f4d21220e9de1cd67cb86f9d9c2dedc664340f691020,Success,Verified,0.95
DOC_FIN_NGO_00153_FY2024-25,NGO_00153,Audit,Audited Financial Statement FY2024-25,2024,https://eleos.org/docs/FIN_NGO_00153_FY2024-25.pdf,Public Repository,2024-09-30,2026-09-16T10:00:00,d6362b610a06c8d608f6b1c5b9d7c20634cff5325847c193075c9ea5c0e5a8c8,Success,Verified,0.95
DOC_FIN_NGO_00153_FY2023-24,NGO_00153,Audit,Audited Financial Statement FY2023-24,2023,https://eleos.org/docs/FIN_NGO_00153_FY2023-24.pdf,Public Repository,2023-09-30,2026-09-16T10:00:00,df3e5746b97aaa5b149213304811a7d38451d349c9a555d05ff12f2e2e9ae757,Success,Verified,0.95
DOC_REG_NGO_00153,NGO_00153,Registration,Trust Registration Certificate,2020,https://eleos.org/docs/reg_NGO_00153.pdf,Government,2020-03-14,2026-09-16T10:00:00,09aa3c462f99d2c089d20f39a60a28a40aaf49537b8a74f5488c5dfcc4471827,Success,Externally verified,0.98
DOC_FIN_NGO_00154_FY2025-26,NGO_00154,Audit,Audited Financial Statement FY2025-26,2025,https://eleos.org/docs/FIN_NGO_00154_FY2025-26.pdf,Public Repository,2025-09-30,2026-09-16T10:00:00,630af35b0a524ce4d89bd10b3f008d84bfdc52d23883c5f690698563eb6b02e5,Success,Verified,0.95
DOC_FIN_NGO_00154_FY2024-25,NGO_00154,Audit,Audited Financial Statement FY2024-25,2024,https://eleos.org/docs/FIN_NGO_00154_FY2024-25.pdf,Public Repository,2024-09-30,2026-09-16T10:00:00,36c360aac5416ba91954f5614acd4911e9cb6bbe6013439eee3d1be04fafb3f2,Success,Verified,0.95
DOC_FIN_NGO_00154_FY2023-24,NGO_00154,Audit,Audited Financial Statement FY2023-24,2023,https://eleos.org/docs/FIN_NGO_00154_FY2023-24.pdf,Public Repository,2023-09-30,2026-09-16T10:00:00,a0d6d288b61377a484daf27d0f16fffd52ea51f13401ad91aa8eeaf532bd168c,Success,Verified,0.95
DOC_REG_NGO_00154,NGO_00154,Registration,Trust Registration Certificate,2020,https://eleos.org/docs/reg_NGO_00154.pdf,Government,2020-10-20,2026-09-16T10:00:00,1932358848e821d62accc8690fa91e94d4ec05e3d142f79832a8fe2a71e43fce,Success,Externally verified,0.98
DOC_FIN_NGO_00155_FY2025-26,NGO_00155,Audit,Audited Financial Statement FY2025-26,2025,https://eleos.org/docs/FIN_NGO_00155_FY2025-26.pdf,Public Repository,2025-09-30,2026-09-16T10:00:00,652fd450ae280d9584be882e4f946a68817c53653f421311d624d17a3ab0b511,Success,Verified,0.95
DOC_FIN_NGO_00155_FY2024-25,NGO_00155,Audit,Audited Financial Statement FY2024-25,2024,https://eleos.org/docs/FIN_NGO_00155_FY2024-25.pdf,Public Repository,2024-09-30,2026-09-16T10:00:00,c13286ad769602d8aae4393eaea646ce3c9fd6c5c009a6580964441f479fed9e,Success,Verified,0.95
DOC_FIN_NGO_00155_FY2023-24,NGO_00155,Audit,Audited Financial Statement FY2023-24,2023,https://eleos.org/docs/FIN_NGO_00155_FY2023-24.pdf,Public Repository,2023-09-30,2026-09-16T10:00:00,044b6293284f5bd17cc8dc4a08c400b8b75f8607bb73d4f358d126794a381c38,Success,Verified,0.95
DOC_FIN_NGO_00155_FY2022-23,NGO_00155,Audit,Audited Financial Statement FY2022-23,2022,https://eleos.org/docs/FIN_NGO_00155_FY2022-23.pdf,Public Repository,2022-09-30,2026-09-16T10:00:00,61b88b938311d20c873171b5342f57fa9ed3812aec36d318708afb2b84a82843,Success,Verified,0.95
DOC_REG_NGO_00155,NGO_00155,Registration,Society Registration Certificate,2020,https://eleos.org/docs/reg_NGO_00155.pdf,Government,2020-01-19,2026-09-16T10:00:00,e909174707951b04cce25bbf661c225e34257476418fa9766a256f4f476ea2f5,Success,Externally verified,0.98
DOC_FIN_NGO_00156_FY2025-26,NGO_00156,Audit,Audited Financial Statement FY2025-26,2025,https://eleos.org/docs/FIN_NGO_00156_FY2025-26.pdf,Public Repository,2025-09-30,2026-09-16T10:00:00,50a91cf72f4c0f4b22823de3395feebad5b9c362c46e53bcf6d0c549fb5c2b01,Success,Verified,0.95
DOC_FIN_NGO_00156_FY2024-25,NGO_00156,Audit,Audited Financial Statement FY2024-25,2024,https://eleos.org/docs/FIN_NGO_00156_FY2024-25.pdf,Public Repository,2024-09-30,2026-09-16T10:00:00,dbc47ed8ca45694e1cd84b9337ce2a72e179e029048455d86f121e308ab8b679,Success,Verified,0.95
DOC_FIN_NGO_00156_FY2023-24,NGO_00156,Audit,Audited Financial Statement FY2023-24,2023,https://eleos.org/docs/FIN_NGO_00156_FY2023-24.pdf,Public Repository,2023-09-30,2026-09-16T10:00:00,36f69bd3028ba2a0e289233b7da28a630c2247b74b06fe718df0be96ef61be8e,Success,Verified,0.95
DOC_FIN_NGO_00156_FY2022-23,NGO_00156,Audit,Audited Financial Statement FY2022-23,2022,https://eleos.org/docs/FIN_NGO_00156_FY2022-23.pdf,Public Repository,2022-09-30,2026-09-16T10:00:00,896f8a9f5a3fdde0bfeaaeae49c0c5f210da7ec1add6ae7ca23d6c26c1f6a8bf,Success,Verified,0.95
DOC_FIN_NGO_00156_FY2021-22,NGO_00156,Audit,Audited Financial Statement FY2021-22,2021,https://eleos.org/docs/FIN_NGO_00156_FY2021-22.pdf,Public Repository,2021-09-30,2026-09-16T10:00:00,6fc769eb556ba79379f2e6cce6dbbb1800bac031f3e41772f38c055fde34f81f,Success,Verified,0.95
DOC_REG_NGO_00156,NGO_00156,Registration,Society Registration Certificate,2003,https://eleos.org/docs/reg_NGO_00156.pdf,Government,2003-12-16,2026-09-16T10:00:00,80d30795b5fe29c39328d7c97bf320ecd5bdbc15f398ba5c791285009880e0d0,Success,Externally verified,0.98
DOC_FIN_NGO_00157_FY2025-26,NGO_00157,Audit,Audited Financial Statement FY2025-26,2025,https://eleos.org/docs/FIN_NGO_00157_FY2025-26.pdf,Public Repository,2025-09-30,2026-09-16T10:00:00,bf370fb891ede36293c36da3d47b0d809bbf7439d8046d265beda15be8ad659d,Success,Verified,0.95
DOC_FIN_NGO_00157_FY2024-25,NGO_00157,Audit,Audited Financial Statement FY2024-25,2024,https://eleos.org/docs/FIN_NGO_00157_FY2024-25.pdf,Public Repository,2024-09-30,2026-09-16T10:00:00,57e6e153a4cbe9e63cd018d065d9066724480f7003bb063a9ab4c4e30f96217f,Success,Verified,0.95
DOC_FIN_NGO_00157_FY2023-24,NGO_00157,Audit,Audited Financial Statement FY2023-24,2023,https://eleos.org/docs/FIN_NGO_00157_FY2023-24.pdf,Public Repository,2023-09-30,2026-09-16T10:00:00,6843398f86488ad4371efa57d78b60356ea27e1a82989b41e961d122ce737951,Success,Verified,0.95
DOC_FIN_NGO_00157_FY2022-23,NGO_00157,Audit,Audited Financial Statement FY2022-23,2022,https://eleos.org/docs/FIN_NGO_00157_FY2022-23.pdf,Public Repository,2022-09-30,2026-09-16T10:00:00,dac9b1dc26fd54a16347b7942084015c9cfa68138bc54a0c6c1450afa9300cc8,Success,Verified,0.95
DOC_FIN_NGO_00157_FY2021-22,NGO_00157,Audit,Audited Financial Statement FY2021-22,2021,https://eleos.org/docs/FIN_NGO_00157_FY2021-22.pdf,Public Repository,2021-09-30,2026-09-16T10:00:00,749844cfa6f12893ab9703317482432fb75a94b5b6a8f295b63632e8b3fc7e03,Success,Verified,0.95
DOC_REG_NGO_00157,NGO_00157,Registration,Trust Registration Certificate,1999,https://eleos.org/docs/reg_NGO_00157.pdf,Government,1999-07-16,2026-09-16T10:00:00,184f2c3539602bf873da7bba2f64755d77b5b47402d4f10b1840a7df7e42ac23,Success,Externally verified,0.98
DOC_FIN_NGO_00158_FY2025-26,NGO_00158,Audit,Audited Financial Statement FY2025-26,2025,https://eleos.org/docs/FIN_NGO_00158_FY2025-26.pdf,Public Repository,2025-09-30,2026-09-16T10:00:00,52651fb012d8270a5351beeefe4bcb3cd978fd36676656f0cde28c1d01b05aba,Success,Verified,0.95
DOC_FIN_NGO_00158_FY2024-25,NGO_00158,Audit,Audited Financial Statement FY2024-25,2024,https://eleos.org/docs/FIN_NGO_00158_FY2024-25.pdf,Public Repository,2024-09-30,2026-09-16T10:00:00,7d5dd25bdee9cdcacf4170789039a2e6a08366c8444c31bc745ec7854abf0d28,Success,Verified,0.95
DOC_FIN_NGO_00158_FY2023-24,NGO_00158,Audit,Audited Financial Statement FY2023-24,2023,https://eleos.org/docs/FIN_NGO_00158_FY2023-24.pdf,Public Repository,2023-09-30,2026-09-16T10:00:00,18bbfc62a537092ed6442ca5d5b4e42849e345e42377375106c7a967542c027e,Success,Verified,0.95
DOC_FIN_NGO_00158_FY2022-23,NGO_00158,Audit,Audited Financial Statement FY2022-23,2022,https://eleos.org/docs/FIN_NGO_00158_FY2022-23.pdf,Public Repository,2022-09-30,2026-09-16T10:00:00,be17fa5a9b9d1492843d0d94740456faac2df5514b83b77eeaeec223f786a20a,Success,Verified,0.95
DOC_FIN_NGO_00158_FY2021-22,NGO_00158,Audit,Audited Financial Statement FY2021-22,2021,https://eleos.org/docs/FIN_NGO_00158_FY2021-22.pdf,Public Repository,2021-09-30,2026-09-16T10:00:00,85af5234a3ef148d2b99f4c2a90a93790b8322f3a8a5d13cc2844570f829d62d,Success,Verified,0.95
DOC_REG_NGO_00158,NGO_00158,Registration,Society Registration Certificate,2022,https://eleos.org/docs/reg_NGO_00158.pdf,Government,2022-01-13,2026-09-16T10:00:00,b0135f4b037b666f7ae7ba688dfe6f9a5c39fd12eb5696bf1abc229820880576,Success,Externally verified,0.98
DOC_FIN_NGO_00159_FY2025-26,NGO_00159,Audit,Audited Financial Statement FY2025-26,2025,https://eleos.org/docs/FIN_NGO_00159_FY2025-26.pdf,Public Repository,2025-09-30,2026-09-16T10:00:00,8d4a9e91e1116fc550cf0cd9851c4e577cb5ef7eecfe6aad530f59e0704a6ff7,Success,Verified,0.95
DOC_FIN_NGO_00159_FY2024-25,NGO_00159,Audit,Audited Financial Statement FY2024-25,2024,https://eleos.org/docs/FIN_NGO_00159_FY2024-25.pdf,Public Repository,2024-09-30,2026-09-16T10:00:00,d24c10a2f4d8ecd3ee5a05ce111df41cbf08573a70d08c4db1f7c0aa729d4fba,Success,Verified,0.95
DOC_FIN_NGO_00159_FY2023-24,NGO_00159,Audit,Audited Financial Statement FY2023-24,2023,https://eleos.org/docs/FIN_NGO_00159_FY2023-24.pdf,Public Repository,2023-09-30,2026-09-16T10:00:00,94f3d68725ca45d1f46df2860d926794bdab45179bef501fdcf82d0d2f169923,Success,Verified,0.95
DOC_FIN_NGO_00159_FY2022-23,NGO_00159,Audit,Audited Financial Statement FY2022-23,2022,https://eleos.org/docs/FIN_NGO_00159_FY2022-23.pdf,Public Repository,2022-09-30,2026-09-16T10:00:00,2876d93a75559b9f20f5ed73cb1e0c28e73b5b797bfaf4f31961b80b8bda4327,Success,Verified,0.95
DOC_FIN_NGO_00159_FY2021-22,NGO_00159,Audit,Audited Financial Statement FY2021-22,2021,https://eleos.org/docs/FIN_NGO_00159_FY2021-22.pdf,Public Repository,2021-09-30,2026-09-16T10:00:00,be3228df96f4b5016655ab12e06ee69959ac822cfcf550cd51caf50b80ec7a6b,Success,Verified,0.95
DOC_REG_NGO_00159,NGO_00159,Registration,Section 8 Registration Certificate,2012,https://eleos.org/docs/reg_NGO_00159.pdf,Government,2012-04-12,2026-09-16T10:00:00,f2fe2a0398e7331b0d36ea3474edb065aba1b765571fb42e7ad0d6513dc7089c,Success,Externally verified,0.98
DOC_FIN_NGO_00160_FY2025-26,NGO_00160,Audit,Audited Financial Statement FY2025-26,2025,https://eleos.org/docs/FIN_NGO_00160_FY2025-26.pdf,Public Repository,2025-09-30,2026-09-16T10:00:00,f6a26c33be8c29c7cb394e26a60c7ba7c6e249fa6c6bb1dba4e5ea0ddf4b563b,Success,Verified,0.95
DOC_FIN_NGO_00160_FY2024-25,NGO_00160,Audit,Audited Financial Statement FY2024-25,2024,https://eleos.org/docs/FIN_NGO_00160_FY2024-25.pdf,Public Repository,2024-09-30,2026-09-16T10:00:00,6bece2ccdc681e6d491d7d6b55d70799a2f1b05effff73ac2d81391a0a690aba,Success,Verified,0.95
DOC_REG_NGO_00160,NGO_00160,Registration,Trust Registration Certificate,2023,https://eleos.org/docs/reg_NGO_00160.pdf,Government,2023-02-15,2026-09-16T10:00:00,dad5362840e38c2e341fe9c6ee32a906a0862f4179783a622dcfb02c756e1cf8,Success,Externally verified,0.98
DOC_FIN_NGO_00161_FY2025-26,NGO_00161,Audit,Audited Financial Statement FY2025-26,2025,https://eleos.org/docs/FIN_NGO_00161_FY2025-26.pdf,Public Repository,2025-09-30,2026-09-16T10:00:00,a92cbe6d679b83a018a45e6d45fe7e21769b53e91d6e7ef7f907591b25c7dd70,Success,Verified,0.95
DOC_FIN_NGO_00161_FY2024-25,NGO_00161,Audit,Audited Financial Statement FY2024-25,2024,https://eleos.org/docs/FIN_NGO_00161_FY2024-25.pdf,Public Repository,2024-09-30,2026-09-16T10:00:00,9ddfa68782e1008eec8b8250b527fab748c9d271624349018cae80795cc2e7ed,Success,Verified,0.95
DOC_REG_NGO_00161,NGO_00161,Registration,Section 8 Registration Certificate,2013,https://eleos.org/docs/reg_NGO_00161.pdf,Government,2013-04-03,2026-09-16T10:00:00,2a90ad3c48a430d3ffcecbe7617fdda334207650066e6ca44b178db6b29f76c4,Success,Externally verified,0.98
DOC_FIN_NGO_00162_FY2025-26,NGO_00162,Audit,Audited Financial Statement FY2025-26,2025,https://eleos.org/docs/FIN_NGO_00162_FY2025-26.pdf,Public Repository,2025-09-30,2026-09-16T10:00:00,fea242323347010bb6540ad15d4412720c146ae402c4065a85abe4b3f2dbdee5,Success,Verified,0.95
DOC_FIN_NGO_00162_FY2024-25,NGO_00162,Audit,Audited Financial Statement FY2024-25,2024,https://eleos.org/docs/FIN_NGO_00162_FY2024-25.pdf,Public Repository,2024-09-30,2026-09-16T10:00:00,e9a9c5dd2cf0637e5cf64267e7973eef33f45f841acd4c952a703244ed20efa5,Success,Verified,0.95
DOC_FIN_NGO_00162_FY2023-24,NGO_00162,Audit,Audited Financial Statement FY2023-24,2023,https://eleos.org/docs/FIN_NGO_00162_FY2023-24.pdf,Public Repository,2023-09-30,2026-09-16T10:00:00,b234017d69960a4d6152aa249c72378702659cd8d777e09bf9d135f432f29188,Success,Verified,0.95
DOC_FIN_NGO_00162_FY2022-23,NGO_00162,Audit,Audited Financial Statement FY2022-23,2022,https://eleos.org/docs/FIN_NGO_00162_FY2022-23.pdf,Public Repository,2022-09-30,2026-09-16T10:00:00,5b131a15ab2b729a74c81793cc2546ce7783baa7d0a561faad7a813a83375130,Success,Verified,0.95
DOC_FIN_NGO_00162_FY2021-22,NGO_00162,Audit,Audited Financial Statement FY2021-22,2021,https://eleos.org/docs/FIN_NGO_00162_FY2021-22.pdf,Public Repository,2021-09-30,2026-09-16T10:00:00,aa52925db25f26a871c3f3c5b90ed49d06acc7781953188c36dcd463ccb44576,Success,Verified,0.95
DOC_REG_NGO_00162,NGO_00162,Registration,Section 8 Registration Certificate,2007,https://eleos.org/docs/reg_NGO_00162.pdf,Government,2007-12-12,2026-09-16T10:00:00,27ffafa6206ebcff8c72cd12bd30f2dbd7c9411b00f3c471d229799b0a172b2b,Success,Externally verified,0.98
DOC_REG_NGO_00163,NGO_00163,Registration,Section 8 Registration Certificate,2025,https://eleos.org/docs/reg_NGO_00163.pdf,Government,2025-01-07,2026-09-16T10:00:00,53dff43a065bf43f285db81d866a98d12c1206f9f667f3332b629a52d1aed3c3,Success,Externally verified,0.98
DOC_FIN_NGO_00164_FY2025-26,NGO_00164,Audit,Audited Financial Statement FY2025-26,2025,https://eleos.org/docs/FIN_NGO_00164_FY2025-26.pdf,Public Repository,2025-09-30,2026-09-16T10:00:00,beb0e80f3e71fbadc0dbb1f86d742c18107f615433633d5e35dcc2dcaf318b01,Success,Verified,0.95
DOC_FIN_NGO_00164_FY2024-25,NGO_00164,Audit,Audited Financial Statement FY2024-25,2024,https://eleos.org/docs/FIN_NGO_00164_FY2024-25.pdf,Public Repository,2024-09-30,2026-09-16T10:00:00,dbad4bd55d9142cd952a1db4266cf630a967ff786d6720e35c227b004b538760,Success,Verified,0.95
DOC_FIN_NGO_00164_FY2023-24,NGO_00164,Audit,Audited Financial Statement FY2023-24,2023,https://eleos.org/docs/FIN_NGO_00164_FY2023-24.pdf,Public Repository,2023-09-30,2026-09-16T10:00:00,37b8189444a369dc434950000b7c457e055772f40f3f34296dcc1beee39bb7a7,Success,Verified,0.95
DOC_REG_NGO_00164,NGO_00164,Registration,Society Registration Certificate,2021,https://eleos.org/docs/reg_NGO_00164.pdf,Government,2021-04-16,2026-09-16T10:00:00,759b05e0b2ed3b16bcc58e2f5d54bd2a7c0b5adcad63072b3f7f1f270a191346,Success,Externally verified,0.98
DOC_REG_NGO_00165,NGO_00165,Registration,Society Registration Certificate,2025,https://eleos.org/docs/reg_NGO_00165.pdf,Government,2025-07-07,2026-09-16T10:00:00,bbc2a2459ac2f96226d1aa867006c83081de2319d841cecc247ccb1af937f5e4,Success,Externally verified,0.98
DOC_FIN_NGO_00166_FY2025-26,NGO_00166,Audit,Audited Financial Statement FY2025-26,2025,https://eleos.org/docs/FIN_NGO_00166_FY2025-26.pdf,Public Repository,2025-09-30,2026-09-16T10:00:00,25c5f367259bd41eac7b6e41910f76f134d60e3efd5ca237ac2d243201e196cc,Success,Verified,0.95
DOC_FIN_NGO_00166_FY2024-25,NGO_00166,Audit,Audited Financial Statement FY2024-25,2024,https://eleos.org/docs/FIN_NGO_00166_FY2024-25.pdf,Public Repository,2024-09-30,2026-09-16T10:00:00,2ba42361484fe8a0668ec3a97a8c4ad3498eff9703657cf3ad9bea1dd6c2d828,Success,Verified,0.95
DOC_FIN_NGO_00166_FY2023-24,NGO_00166,Audit,Audited Financial Statement FY2023-24,2023,https://eleos.org/docs/FIN_NGO_00166_FY2023-24.pdf,Public Repository,2023-09-30,2026-09-16T10:00:00,6a74ddd5883a9014bda01f6962dfa65b1bf4100711cd0ae5eb188e2037b9aedd,Success,Verified,0.95
DOC_REG_NGO_00166,NGO_00166,Registration,Trust Registration Certificate,2016,https://eleos.org/docs/reg_NGO_00166.pdf,Government,2016-01-02,2026-09-16T10:00:00,87f14dc8799b36bc9180040cf493793fd8dffe60e2cc341793d7f94d77e7e798,Success,Externally verified,0.98
DOC_FIN_NGO_00167_FY2025-26,NGO_00167,Audit,Audited Financial Statement FY2025-26,2025,https://eleos.org/docs/FIN_NGO_00167_FY2025-26.pdf,Public Repository,2025-09-30,2026-09-16T10:00:00,cb9fdb183a23575d73c05c11384865290e4080df4c11522211fe5bf7adde89a1,Success,Verified,0.95
DOC_FIN_NGO_00167_FY2024-25,NGO_00167,Audit,Audited Financial Statement FY2024-25,2024,https://eleos.org/docs/FIN_NGO_00167_FY2024-25.pdf,Public Repository,2024-09-30,2026-09-16T10:00:00,8f57930070b4c1b1c0f268e60d5531fe97c88d27fce572b0f5940bc5b13906a8,Success,Verified,0.95
DOC_FIN_NGO_00167_FY2023-24,NGO_00167,Audit,Audited Financial Statement FY2023-24,2023,https://eleos.org/docs/FIN_NGO_00167_FY2023-24.pdf,Public Repository,2023-09-30,2026-09-16T10:00:00,2bfc0918fb89295f27a58c406750079b0ebc61490985f942eac255724d6bf112,Success,Verified,0.95
DOC_FIN_NGO_00167_FY2022-23,NGO_00167,Audit,Audited Financial Statement FY2022-23,2022,https://eleos.org/docs/FIN_NGO_00167_FY2022-23.pdf,Public Repository,2022-09-30,2026-09-16T10:00:00,aac57d73d34a533c35403fa5a9d44a84cad85924976c71e208f4b87de1267beb,Success,Verified,0.95
DOC_FIN_NGO_00167_FY2021-22,NGO_00167,Audit,Audited Financial Statement FY2021-22,2021,https://eleos.org/docs/FIN_NGO_00167_FY2021-22.pdf,Public Repository,2021-09-30,2026-09-16T10:00:00,10c56fb910773a0fedcfa8a1997fb33aba4744ce9e9c2a97ea7ba5c8d9b141bf,Success,Verified,0.95
DOC_REG_NGO_00167,NGO_00167,Registration,Section 8 Registration Certificate,2022,https://eleos.org/docs/reg_NGO_00167.pdf,Government,2022-03-15,2026-09-16T10:00:00,e7eaba502b82e7811480af7a1be56a4d02b0d2fb32bfebc3ea09a8fe08f007ec,Success,Externally verified,0.98
DOC_FIN_NGO_00168_FY2025-26,NGO_00168,Audit,Audited Financial Statement FY2025-26,2025,https://eleos.org/docs/FIN_NGO_00168_FY2025-26.pdf,Public Repository,2025-09-30,2026-09-16T10:00:00,2335c20a1386b25126d841172cb1096beda8cf9c664b145fb998d16f2690dd6d,Success,Verified,0.95
DOC_FIN_NGO_00168_FY2024-25,NGO_00168,Audit,Audited Financial Statement FY2024-25,2024,https://eleos.org/docs/FIN_NGO_00168_FY2024-25.pdf,Public Repository,2024-09-30,2026-09-16T10:00:00,5f88d66977ca247c7e0adab66fca5ed3291e8b93bce577f7dd114813453b9c67,Success,Verified,0.95
DOC_FIN_NGO_00168_FY2023-24,NGO_00168,Audit,Audited Financial Statement FY2023-24,2023,https://eleos.org/docs/FIN_NGO_00168_FY2023-24.pdf,Public Repository,2023-09-30,2026-09-16T10:00:00,a2211e09ba5e435056a709d8c7d5e66d52af31d927444c6a0e22423cd2c70412,Success,Verified,0.95
DOC_REG_NGO_00168,NGO_00168,Registration,Trust Registration Certificate,1998,https://eleos.org/docs/reg_NGO_00168.pdf,Government,1998-03-05,2026-09-16T10:00:00,7ebe972c08daad6eacef6fbe4d48a1d9d4c019cb4ef76c12757b9bac58a84411,Success,Externally verified,0.98
DOC_FIN_NGO_00169_FY2025-26,NGO_00169,Audit,Audited Financial Statement FY2025-26,2025,https://eleos.org/docs/FIN_NGO_00169_FY2025-26.pdf,Public Repository,2025-09-30,2026-09-16T10:00:00,46400ced3da6148facfba2ca0146d54cd19a20152f46f796bfe6b2b60eda3423,Success,Verified,0.95
DOC_FIN_NGO_00169_FY2024-25,NGO_00169,Audit,Audited Financial Statement FY2024-25,2024,https://eleos.org/docs/FIN_NGO_00169_FY2024-25.pdf,Public Repository,2024-09-30,2026-09-16T10:00:00,155dfc0ffea147855b22ecc203a16ade1fa1170064702f9ea8cf890185428a53,Success,Verified,0.95
DOC_FIN_NGO_00169_FY2023-24,NGO_00169,Audit,Audited Financial Statement FY2023-24,2023,https://eleos.org/docs/FIN_NGO_00169_FY2023-24.pdf,Public Repository,2023-09-30,2026-09-16T10:00:00,9947663c8677b85201c5933b148098c8cc8326fdf2d1df551e3392d5c8ffc541,Success,Verified,0.95
DOC_FIN_NGO_00169_FY2022-23,NGO_00169,Audit,Audited Financial Statement FY2022-23,2022,https://eleos.org/docs/FIN_NGO_00169_FY2022-23.pdf,Public Repository,2022-09-30,2026-09-16T10:00:00,31cc068647b93faa1a12f24fff2af106cac1ff4012076fa443398a0690571939,Success,Verified,0.95
DOC_FIN_NGO_00169_FY2021-22,NGO_00169,Audit,Audited Financial Statement FY2021-22,2021,https://eleos.org/docs/FIN_NGO_00169_FY2021-22.pdf,Public Repository,2021-09-30,2026-09-16T10:00:00,db4e8d57ecb83624788450adf7d4a2a46abdbb5a12c3e2646526ef4c2cdf3fb7,Success,Verified,0.95
DOC_REG_NGO_00169,NGO_00169,Registration,Trust Registration Certificate,2017,https://eleos.org/docs/reg_NGO_00169.pdf,Government,2017-08-26,2026-09-16T10:00:00,2360b9cb0a8703bb1e43c7094e3d289ee408d35fa1858af1a0998a6afcb3a903,Success,Externally verified,0.98
DOC_FIN_NGO_00170_FY2025-26,NGO_00170,Audit,Audited Financial Statement FY2025-26,2025,https://eleos.org/docs/FIN_NGO_00170_FY2025-26.pdf,Public Repository,2025-09-30,2026-09-16T10:00:00,436af420c883f761190e727cf4cf7f6db9e7781d398e594e8d419a1dd99ece09,Success,Verified,0.95
DOC_FIN_NGO_00170_FY2024-25,NGO_00170,Audit,Audited Financial Statement FY2024-25,2024,https://eleos.org/docs/FIN_NGO_00170_FY2024-25.pdf,Public Repository,2024-09-30,2026-09-16T10:00:00,dcfcb4927b7cbdc87535827d6461f31eac068e2b846b7d70e47c4765a67cb420,Success,Verified,0.95
DOC_FIN_NGO_00170_FY2023-24,NGO_00170,Audit,Audited Financial Statement FY2023-24,2023,https://eleos.org/docs/FIN_NGO_00170_FY2023-24.pdf,Public Repository,2023-09-30,2026-09-16T10:00:00,517e921f4d07a29cf8dba446beccd53fab35149953da155aee8a06a1e81ac431,Success,Verified,0.95
DOC_REG_NGO_00170,NGO_00170,Registration,Trust Registration Certificate,2019,https://eleos.org/docs/reg_NGO_00170.pdf,Government,2019-01-03,2026-09-16T10:00:00,b8d44240abc27f6ee7577487f5b0b17645bb0b3056d6b57882c75902e4213fce,Success,Externally verified,0.98
DOC_FIN_NGO_00171_FY2025-26,NGO_00171,Audit,Audited Financial Statement FY2025-26,2025,https://eleos.org/docs/FIN_NGO_00171_FY2025-26.pdf,Public Repository,2025-09-30,2026-09-16T10:00:00,a6ebc1d0da611b4c94c7acc6909cba4ba4d936eb57fb12dafb6005ac8a38b412,Success,Verified,0.95
DOC_FIN_NGO_00171_FY2024-25,NGO_00171,Audit,Audited Financial Statement FY2024-25,2024,https://eleos.org/docs/FIN_NGO_00171_FY2024-25.pdf,Public Repository,2024-09-30,2026-09-16T10:00:00,230c18464831b7c7ddc04a33556d333cadcd16b10b19fc69a54f45a45b1d2094,Success,Verified,0.95
DOC_FIN_NGO_00171_FY2023-24,NGO_00171,Audit,Audited Financial Statement FY2023-24,2023,https://eleos.org/docs/FIN_NGO_00171_FY2023-24.pdf,Public Repository,2023-09-30,2026-09-16T10:00:00,013f856ac6e63443cea232ff2bc263b3e31d4c719da378f7305898b40408e949,Success,Verified,0.95
DOC_FIN_NGO_00171_FY2022-23,NGO_00171,Audit,Audited Financial Statement FY2022-23,2022,https://eleos.org/docs/FIN_NGO_00171_FY2022-23.pdf,Public Repository,2022-09-30,2026-09-16T10:00:00,95d97623d607d202e58a4fdb494cba4e30763059a1a52dfe77eee0b4b73f73c6,Success,Verified,0.95
DOC_REG_NGO_00171,NGO_00171,Registration,Trust Registration Certificate,2017,https://eleos.org/docs/reg_NGO_00171.pdf,Government,2017-06-07,2026-09-16T10:00:00,58a59624818e0c6a7c7e46555f87345af0a05d6e440623bc71b0a99cdd17820f,Success,Externally verified,0.98
DOC_FIN_NGO_00172_FY2025-26,NGO_00172,Audit,Audited Financial Statement FY2025-26,2025,https://eleos.org/docs/FIN_NGO_00172_FY2025-26.pdf,Public Repository,2025-09-30,2026-09-16T10:00:00,4bb275ad5492290cb2195e5952153ac7f7ee8fdc25caa5e1079f5d456a105778,Success,Verified,0.95
DOC_FIN_NGO_00172_FY2024-25,NGO_00172,Audit,Audited Financial Statement FY2024-25,2024,https://eleos.org/docs/FIN_NGO_00172_FY2024-25.pdf,Public Repository,2024-09-30,2026-09-16T10:00:00,1c3e207e6b239e77f97fecc11c09c7319a16591c0154a01bf95c0e0ff2ad8840,Success,Verified,0.95
DOC_FIN_NGO_00172_FY2023-24,NGO_00172,Audit,Audited Financial Statement FY2023-24,2023,https://eleos.org/docs/FIN_NGO_00172_FY2023-24.pdf,Public Repository,2023-09-30,2026-09-16T10:00:00,cc7eb27caeb7c9ce441014ff0799f993b172bdb8be9f506b49d87af4d30591a9,Success,Verified,0.95
DOC_FIN_NGO_00172_FY2022-23,NGO_00172,Audit,Audited Financial Statement FY2022-23,2022,https://eleos.org/docs/FIN_NGO_00172_FY2022-23.pdf,Public Repository,2022-09-30,2026-09-16T10:00:00,5cb874d7236c19d5968fde7f4923905f5504b65cbd9e339e7abd4828ea6a8c4e,Success,Verified,0.95
DOC_REG_NGO_00172,NGO_00172,Registration,Trust Registration Certificate,2002,https://eleos.org/docs/reg_NGO_00172.pdf,Government,2002-07-26,2026-09-16T10:00:00,652197c0695f6fcce4696b05f620678a548f71c176aeae17a2113a31b525e860,Success,Externally verified,0.98
DOC_FIN_NGO_00173_FY2025-26,NGO_00173,Audit,Audited Financial Statement FY2025-26,2025,https://eleos.org/docs/FIN_NGO_00173_FY2025-26.pdf,Public Repository,2025-09-30,2026-09-16T10:00:00,92c37d1eebbacb2485782d44bfea97681205d2fb25eabc3ac8666309526cc11e,Success,Verified,0.95
DOC_FIN_NGO_00173_FY2024-25,NGO_00173,Audit,Audited Financial Statement FY2024-25,2024,https://eleos.org/docs/FIN_NGO_00173_FY2024-25.pdf,Public Repository,2024-09-30,2026-09-16T10:00:00,92196f0d394f81b14301d7dc86be459b85ea3e77ba5989e793f1de65180e033d,Success,Verified,0.95
DOC_FIN_NGO_00173_FY2023-24,NGO_00173,Audit,Audited Financial Statement FY2023-24,2023,https://eleos.org/docs/FIN_NGO_00173_FY2023-24.pdf,Public Repository,2023-09-30,2026-09-16T10:00:00,a86cdb1c3ca249f5446ca085dbdede547f7edfda7a32944b939e52274ff5b0af,Success,Verified,0.95
DOC_FIN_NGO_00173_FY2022-23,NGO_00173,Audit,Audited Financial Statement FY2022-23,2022,https://eleos.org/docs/FIN_NGO_00173_FY2022-23.pdf,Public Repository,2022-09-30,2026-09-16T10:00:00,014952c1dcd175247c97d4c48c3392c5064c6632434d1a6a6170338253d41e79,Success,Verified,0.95
DOC_REG_NGO_00173,NGO_00173,Registration,Society Registration Certificate,2022,https://eleos.org/docs/reg_NGO_00173.pdf,Government,2022-01-03,2026-09-16T10:00:00,e307ef6c44f1005f516e07495d6e74a8ab8d6db5b482fc74155e8b0cef02126e,Success,Externally verified,0.98
DOC_FIN_NGO_00174_FY2025-26,NGO_00174,Audit,Audited Financial Statement FY2025-26,2025,https://eleos.org/docs/FIN_NGO_00174_FY2025-26.pdf,Public Repository,2025-09-30,2026-09-16T10:00:00,fa3fc2d0b116f8ad28ad78d62e27ad08a8d927bd2b7434f799e99db02ada66be,Success,Verified,0.95
DOC_FIN_NGO_00174_FY2024-25,NGO_00174,Audit,Audited Financial Statement FY2024-25,2024,https://eleos.org/docs/FIN_NGO_00174_FY2024-25.pdf,Public Repository,2024-09-30,2026-09-16T10:00:00,a85475d20dbb6f2b2a07ad231bf1654486a4491124ff54eddeb11937fcaff898,Success,Verified,0.95
DOC_FIN_NGO_00174_FY2023-24,NGO_00174,Audit,Audited Financial Statement FY2023-24,2023,https://eleos.org/docs/FIN_NGO_00174_FY2023-24.pdf,Public Repository,2023-09-30,2026-09-16T10:00:00,4b3eff9f99a3ff9f38368de7be1ed036203fdd55b5d75dbc0eb2fe4070081bd3,Success,Verified,0.95
DOC_FIN_NGO_00174_FY2022-23,NGO_00174,Audit,Audited Financial Statement FY2022-23,2022,https://eleos.org/docs/FIN_NGO_00174_FY2022-23.pdf,Public Repository,2022-09-30,2026-09-16T10:00:00,55e294c681941d9717014524ee055b7a67848e28e3de60d108095f82b620d587,Success,Verified,0.95
DOC_REG_NGO_00174,NGO_00174,Registration,Society Registration Certificate,2015,https://eleos.org/docs/reg_NGO_00174.pdf,Government,2015-09-20,2026-09-16T10:00:00,42dbf550d9199fdf28094b597bfc1c108a274a73fd7343708861a7da5c3df74a,Success,Externally verified,0.98
DOC_FIN_NGO_00175_FY2025-26,NGO_00175,Audit,Audited Financial Statement FY2025-26,2025,https://eleos.org/docs/FIN_NGO_00175_FY2025-26.pdf,Public Repository,2025-09-30,2026-09-16T10:00:00,8026cd707e62668329d9fb197fc88e53543486cdef61d0ad91454091fa0e4ce1,Success,Verified,0.95
DOC_REG_NGO_00175,NGO_00175,Registration,Trust Registration Certificate,2024,https://eleos.org/docs/reg_NGO_00175.pdf,Government,2024-01-10,2026-09-16T10:00:00,8e31f823c016ef2cd2809f0fca3e1b17d26f9848d2efdcfff2b187dcf591bcce,Success,Externally verified,0.98
DOC_FIN_NGO_00176_FY2025-26,NGO_00176,Audit,Audited Financial Statement FY2025-26,2025,https://eleos.org/docs/FIN_NGO_00176_FY2025-26.pdf,Public Repository,2025-09-30,2026-09-16T10:00:00,fa0b48b4b5199b6dde624dcfa8b094fc9c035c6327f229ec0d642baffad6de8a,Success,Verified,0.95
DOC_FIN_NGO_00176_FY2024-25,NGO_00176,Audit,Audited Financial Statement FY2024-25,2024,https://eleos.org/docs/FIN_NGO_00176_FY2024-25.pdf,Public Repository,2024-09-30,2026-09-16T10:00:00,ed1af5ff14ced240ef028fe60ebea589aec4a5bc1ea77573859a7a4783e22886,Success,Verified,0.95
DOC_FIN_NGO_00176_FY2023-24,NGO_00176,Audit,Audited Financial Statement FY2023-24,2023,https://eleos.org/docs/FIN_NGO_00176_FY2023-24.pdf,Public Repository,2023-09-30,2026-09-16T10:00:00,b6b5699c7ee3dbf608b12aada2242075664083be069ff1d454ec9bce3bce53a7,Success,Verified,0.95
DOC_REG_NGO_00176,NGO_00176,Registration,Section 8 Registration Certificate,2022,https://eleos.org/docs/reg_NGO_00176.pdf,Government,2022-03-27,2026-09-16T10:00:00,853f82fc04d711ac273559e7918a45295dde17f5a2c7609f466e7af6f8441d5d,Success,Externally verified,0.98
DOC_REG_NGO_00177,NGO_00177,Registration,Section 8 Registration Certificate,2025,https://eleos.org/docs/reg_NGO_00177.pdf,Government,2025-10-13,2026-09-16T10:00:00,40af66aa59203da4164e07fde0af161e7cdfa725e0fa357735e2540323f7ddc8,Success,Externally verified,0.98
DOC_FIN_NGO_00178_FY2025-26,NGO_00178,Audit,Audited Financial Statement FY2025-26,2025,https://eleos.org/docs/FIN_NGO_00178_FY2025-26.pdf,Public Repository,2025-09-30,2026-09-16T10:00:00,ffbe161f4a7c24f9a1f9d04e46390cfe548c525f67549a147255def6a1573cff,Success,Verified,0.95
DOC_FIN_NGO_00178_FY2024-25,NGO_00178,Audit,Audited Financial Statement FY2024-25,2024,https://eleos.org/docs/FIN_NGO_00178_FY2024-25.pdf,Public Repository,2024-09-30,2026-09-16T10:00:00,b718cff6d41ca218c0096d78bbde069a67ff841912fc53fa6f588101d43f2c4b,Success,Verified,0.95
DOC_FIN_NGO_00178_FY2023-24,NGO_00178,Audit,Audited Financial Statement FY2023-24,2023,https://eleos.org/docs/FIN_NGO_00178_FY2023-24.pdf,Public Repository,2023-09-30,2026-09-16T10:00:00,0fa3ac16ad3d7434dda45478c7d3984119534fe70cd15b3fe9006834a857f566,Success,Verified,0.95
DOC_REG_NGO_00178,NGO_00178,Registration,Society Registration Certificate,2015,https://eleos.org/docs/reg_NGO_00178.pdf,Government,2015-07-01,2026-09-16T10:00:00,d98a2320d510d1ffe326ae5584c29eff1073b8ea6dd972b6e79949edde4c6713,Success,Self-reported,0.98
DOC_FIN_NGO_00179_FY2025-26,NGO_00179,Audit,Audited Financial Statement FY2025-26,2025,https://eleos.org/docs/FIN_NGO_00179_FY2025-26.pdf,Public Repository,2025-09-30,2026-09-16T10:00:00,e905b217ff55f1cd0d3b243e3a2c5360e54595aa875409722e3666c9209dec12,Success,Verified,0.95
DOC_FIN_NGO_00179_FY2024-25,NGO_00179,Audit,Audited Financial Statement FY2024-25,2024,https://eleos.org/docs/FIN_NGO_00179_FY2024-25.pdf,Public Repository,2024-09-30,2026-09-16T10:00:00,04a22b3aca0e01f3cb4f5b6d1e66fe244250fbbd6b2fdd59eb31f49f7b3ce737,Success,Verified,0.95
DOC_FIN_NGO_00179_FY2023-24,NGO_00179,Audit,Audited Financial Statement FY2023-24,2023,https://eleos.org/docs/FIN_NGO_00179_FY2023-24.pdf,Public Repository,2023-09-30,2026-09-16T10:00:00,ea7593f8fc9a7a6694f3ce615c64997bd78038bcaeb3fe1c42cadf53ce497138,Success,Verified,0.95
DOC_FIN_NGO_00179_FY2022-23,NGO_00179,Audit,Audited Financial Statement FY2022-23,2022,https://eleos.org/docs/FIN_NGO_00179_FY2022-23.pdf,Public Repository,2022-09-30,2026-09-16T10:00:00,88f3c1c99338b5c936099b854c8c4a649e00ab246ba2a947634bbd96738b9102,Success,Verified,0.95
DOC_REG_NGO_00179,NGO_00179,Registration,Society Registration Certificate,2002,https://eleos.org/docs/reg_NGO_00179.pdf,Government,2002-07-27,2026-09-16T10:00:00,7e7a9eded47673111781fe1cf79257333fc167d54a31ecb635a6237f63fa2e31,Success,Externally verified,0.98
DOC_FIN_NGO_00180_FY2025-26,NGO_00180,Audit,Audited Financial Statement FY2025-26,2025,https://eleos.org/docs/FIN_NGO_00180_FY2025-26.pdf,Public Repository,2025-09-30,2026-09-16T10:00:00,0c2ddd82ce560e7fca32af95cef4c732ff2ebefc4549751c0a23012268394312,Success,Verified,0.95
DOC_FIN_NGO_00180_FY2024-25,NGO_00180,Audit,Audited Financial Statement FY2024-25,2024,https://eleos.org/docs/FIN_NGO_00180_FY2024-25.pdf,Public Repository,2024-09-30,2026-09-16T10:00:00,ee0cf9ce849ce0426285ed839df4a48f771f9210c8ceaee5aeff43c2d5200267,Success,Verified,0.95
DOC_REG_NGO_00180,NGO_00180,Registration,Trust Registration Certificate,2024,https://eleos.org/docs/reg_NGO_00180.pdf,Government,2024-12-07,2026-09-16T10:00:00,a6813e959418a66579b171cdc62f501414e17d54188bd7053a2033ecff422177,Success,Externally verified,0.98
DOC_FIN_NGO_00181_FY2025-26,NGO_00181,Audit,Audited Financial Statement FY2025-26,2025,https://eleos.org/docs/FIN_NGO_00181_FY2025-26.pdf,Public Repository,2025-09-30,2026-09-16T10:00:00,78a2df67ad90eac28e85ca53e9ffe80e17a856c1a0fe16d92bbcc65fa8c664ab,Success,Verified,0.95
DOC_REG_NGO_00181,NGO_00181,Registration,Trust Registration Certificate,2023,https://eleos.org/docs/reg_NGO_00181.pdf,Government,2023-11-10,2026-09-16T10:00:00,21d7ecc436c90aea5f86a3debadb698c94cd9c0419059e7708380c32bbe5db94,Success,Externally verified,0.98
DOC_FIN_NGO_00182_FY2025-26,NGO_00182,Audit,Audited Financial Statement FY2025-26,2025,https://eleos.org/docs/FIN_NGO_00182_FY2025-26.pdf,Public Repository,2025-09-30,2026-09-16T10:00:00,fbd6509aff1285539736d58018765196aa1a91c77ba2d5af4f8a0e550d889001,Success,Verified,0.95
DOC_FIN_NGO_00182_FY2024-25,NGO_00182,Audit,Audited Financial Statement FY2024-25,2024,https://eleos.org/docs/FIN_NGO_00182_FY2024-25.pdf,Public Repository,2024-09-30,2026-09-16T10:00:00,4d77fe38423c379444ca198feea4d31278cab680849167746801a69879c1c8d9,Success,Verified,0.95
DOC_FIN_NGO_00182_FY2023-24,NGO_00182,Audit,Audited Financial Statement FY2023-24,2023,https://eleos.org/docs/FIN_NGO_00182_FY2023-24.pdf,Public Repository,2023-09-30,2026-09-16T10:00:00,80f2d05719c59ed260e7b2e96f0bf3eeecf171524600bb5ff38cc3f2779fb78a,Success,Verified,0.95
DOC_REG_NGO_00182,NGO_00182,Registration,Society Registration Certificate,2015,https://eleos.org/docs/reg_NGO_00182.pdf,Government,2015-08-27,2026-09-16T10:00:00,1c5062e4ff5ed1b0dba916c60ef9b3e6e2054faab351a5f08de4f961907c8bf4,Success,Externally verified,0.98
DOC_FIN_NGO_00183_FY2025-26,NGO_00183,Audit,Audited Financial Statement FY2025-26,2025,https://eleos.org/docs/FIN_NGO_00183_FY2025-26.pdf,Public Repository,2025-09-30,2026-09-16T10:00:00,5993dfd65562a5e5527be47e9a5416de27db0239633d4718ef932a0bcf7cae8f,Success,Verified,0.95
DOC_FIN_NGO_00183_FY2024-25,NGO_00183,Audit,Audited Financial Statement FY2024-25,2024,https://eleos.org/docs/FIN_NGO_00183_FY2024-25.pdf,Public Repository,2024-09-30,2026-09-16T10:00:00,6965edff26048ebcb47a9670b694487a5f65c673d9ea6335c1facd71695e8e3f,Success,Verified,0.95
DOC_FIN_NGO_00183_FY2023-24,NGO_00183,Audit,Audited Financial Statement FY2023-24,2023,https://eleos.org/docs/FIN_NGO_00183_FY2023-24.pdf,Public Repository,2023-09-30,2026-09-16T10:00:00,05569da56861fce2c6ce3cbe46ff564b9d256069c6b93bd138db3cb1681aefd3,Success,Verified,0.95
DOC_REG_NGO_00183,NGO_00183,Registration,Section 8 Registration Certificate,2019,https://eleos.org/docs/reg_NGO_00183.pdf,Government,2019-09-28,2026-09-16T10:00:00,888c4825aa1c44aa12dafe5c4b39366c16c0666eb1d2a422b4789cc7fba93d80,Success,Self-reported,0.98
DOC_FIN_NGO_00184_FY2025-26,NGO_00184,Audit,Audited Financial Statement FY2025-26,2025,https://eleos.org/docs/FIN_NGO_00184_FY2025-26.pdf,Public Repository,2025-09-30,2026-09-16T10:00:00,be2cb531e338981c503be55647575f8a3582595f25bf77d5287e62a20a887197,Success,Verified,0.95
DOC_FIN_NGO_00184_FY2024-25,NGO_00184,Audit,Audited Financial Statement FY2024-25,2024,https://eleos.org/docs/FIN_NGO_00184_FY2024-25.pdf,Public Repository,2024-09-30,2026-09-16T10:00:00,036df1eaf806fa81552ce21ebbb0bc7fabb7f8f8d7598d60d69834589b11852c,Success,Verified,0.95
DOC_FIN_NGO_00184_FY2023-24,NGO_00184,Audit,Audited Financial Statement FY2023-24,2023,https://eleos.org/docs/FIN_NGO_00184_FY2023-24.pdf,Public Repository,2023-09-30,2026-09-16T10:00:00,aee9e9caaacd127f5612d7c8c0f2d0c8bfcd6428d0863a4ef7f91f22c65da181,Success,Verified,0.95
DOC_FIN_NGO_00184_FY2022-23,NGO_00184,Audit,Audited Financial Statement FY2022-23,2022,https://eleos.org/docs/FIN_NGO_00184_FY2022-23.pdf,Public Repository,2022-09-30,2026-09-16T10:00:00,9c2e364baa73cfae404077b7b2425638b411c9c187d895fd5ec1db3c495ec7b8,Success,Verified,0.95
DOC_FIN_NGO_00184_FY2021-22,NGO_00184,Audit,Audited Financial Statement FY2021-22,2021,https://eleos.org/docs/FIN_NGO_00184_FY2021-22.pdf,Public Repository,2021-09-30,2026-09-16T10:00:00,1eb4493be23e92c70277beeb9993bf18ab59069b933cf082031500b457656c0a,Success,Verified,0.95
DOC_REG_NGO_00184,NGO_00184,Registration,Society Registration Certificate,2011,https://eleos.org/docs/reg_NGO_00184.pdf,Government,2011-05-03,2026-09-16T10:00:00,a1e6f657352414473891e0f63b3ade69f7691bceb98a090ea8149bee9d96f8f5,Success,Externally verified,0.98
DOC_REG_NGO_00185,NGO_00185,Registration,Trust Registration Certificate,2025,https://eleos.org/docs/reg_NGO_00185.pdf,Government,2025-03-11,2026-09-16T10:00:00,04dab4712222a6970a3bd80c3da68580701e6ba7d98394f70d645663a8cd1587,Success,Self-reported,0.98
DOC_FIN_NGO_00186_FY2025-26,NGO_00186,Audit,Audited Financial Statement FY2025-26,2025,https://eleos.org/docs/FIN_NGO_00186_FY2025-26.pdf,Public Repository,2025-09-30,2026-09-16T10:00:00,24f07ad0ab037de30a7135e8ce8f66d0c59c2683f06f69280ab9eaf899bc1d4b,Success,Verified,0.95
DOC_FIN_NGO_00186_FY2024-25,NGO_00186,Audit,Audited Financial Statement FY2024-25,2024,https://eleos.org/docs/FIN_NGO_00186_FY2024-25.pdf,Public Repository,2024-09-30,2026-09-16T10:00:00,16f77a9641440c487251164d5a5ad3811961adc288a925dc800a121e02ef2b11,Success,Verified,0.95
DOC_REG_NGO_00186,NGO_00186,Registration,Trust Registration Certificate,2017,https://eleos.org/docs/reg_NGO_00186.pdf,Government,2017-07-02,2026-09-16T10:00:00,c7cd78d755f7e94dc065d4c36a5824ba7f44287167b8f8ab9f566fc397680e9d,Success,Externally verified,0.98
DOC_REG_NGO_00187,NGO_00187,Registration,Trust Registration Certificate,2025,https://eleos.org/docs/reg_NGO_00187.pdf,Government,2025-09-17,2026-09-16T10:00:00,94c661a6d238bb885d81db8429dbc1807a914e21c8cee2189662ab01bba2682d,Success,Self-reported,0.98
DOC_FIN_NGO_00188_FY2025-26,NGO_00188,Audit,Audited Financial Statement FY2025-26,2025,https://eleos.org/docs/FIN_NGO_00188_FY2025-26.pdf,Public Repository,2025-09-30,2026-09-16T10:00:00,575636ceb0599a1a2b75d662451d7e18c597f024e8efdd903b033641c90fb947,Success,Verified,0.95
DOC_FIN_NGO_00188_FY2024-25,NGO_00188,Audit,Audited Financial Statement FY2024-25,2024,https://eleos.org/docs/FIN_NGO_00188_FY2024-25.pdf,Public Repository,2024-09-30,2026-09-16T10:00:00,473c898e684fa8bd29dd22c5184cc1e0bffc1b20db37003b19bbe7612d222210,Success,Verified,0.95
DOC_REG_NGO_00188,NGO_00188,Registration,Section 8 Registration Certificate,2023,https://eleos.org/docs/reg_NGO_00188.pdf,Government,2023-01-20,2026-09-16T10:00:00,e31925198879bb44ca19f50b951300a80dc1c0ba103eb05aa595271aa0d73b96,Success,Externally verified,0.98
DOC_FIN_NGO_00189_FY2025-26,NGO_00189,Audit,Audited Financial Statement FY2025-26,2025,https://eleos.org/docs/FIN_NGO_00189_FY2025-26.pdf,Public Repository,2025-09-30,2026-09-16T10:00:00,e3dfe64c4eb20bfa9430ebab01a12335cdd378baef90ffb02d5c513a875ac9c7,Success,Verified,0.95
DOC_FIN_NGO_00189_FY2024-25,NGO_00189,Audit,Audited Financial Statement FY2024-25,2024,https://eleos.org/docs/FIN_NGO_00189_FY2024-25.pdf,Public Repository,2024-09-30,2026-09-16T10:00:00,1d2ebcf2d76315c30265db1736ee3d2f3d62aa3654f792420ce1c3726dbc8445,Success,Verified,0.95
DOC_REG_NGO_00189,NGO_00189,Registration,Section 8 Registration Certificate,2021,https://eleos.org/docs/reg_NGO_00189.pdf,Government,2021-06-15,2026-09-16T10:00:00,aee00df2c97b310f542c5ef8785e6dae39bc7ac4fb4a9baa89df30db3b9dfd93,Success,Externally verified,0.98
DOC_FIN_NGO_00190_FY2025-26,NGO_00190,Audit,Audited Financial Statement FY2025-26,2025,https://eleos.org/docs/FIN_NGO_00190_FY2025-26.pdf,Public Repository,2025-09-30,2026-09-16T10:00:00,7fb5cffa917242c590e45b42828f346d8d395371905005a73c98c26ba5f75a8c,Success,Verified,0.95
DOC_FIN_NGO_00190_FY2024-25,NGO_00190,Audit,Audited Financial Statement FY2024-25,2024,https://eleos.org/docs/FIN_NGO_00190_FY2024-25.pdf,Public Repository,2024-09-30,2026-09-16T10:00:00,486c0e28ad7173f4643176194fdf29616c44503f3747798d80a6ca1f994966ce,Success,Verified,0.95
DOC_FIN_NGO_00190_FY2023-24,NGO_00190,Audit,Audited Financial Statement FY2023-24,2023,https://eleos.org/docs/FIN_NGO_00190_FY2023-24.pdf,Public Repository,2023-09-30,2026-09-16T10:00:00,67ec9a7f35188da9491ce71cb5574946cd0398ac74e4ddd3d243451796a1a2b2,Success,Verified,0.95
DOC_FIN_NGO_00190_FY2022-23,NGO_00190,Audit,Audited Financial Statement FY2022-23,2022,https://eleos.org/docs/FIN_NGO_00190_FY2022-23.pdf,Public Repository,2022-09-30,2026-09-16T10:00:00,6cd2618ce3aab4fda031408f65bb2c0e68589d5595d82da797613aad932bb228,Success,Verified,0.95
DOC_FIN_NGO_00190_FY2021-22,NGO_00190,Audit,Audited Financial Statement FY2021-22,2021,https://eleos.org/docs/FIN_NGO_00190_FY2021-22.pdf,Public Repository,2021-09-30,2026-09-16T10:00:00,33c566dc0c766741d25725643ba5df3e0117ce3e0159196808b9b0daa8192d21,Success,Verified,0.95
DOC_REG_NGO_00190,NGO_00190,Registration,Society Registration Certificate,2022,https://eleos.org/docs/reg_NGO_00190.pdf,Government,2022-07-12,2026-09-16T10:00:00,2a68a740ed00e6966866b26e4531198f76d65f94e10586a682f57aa051488953,Success,Externally verified,0.98
DOC_FIN_NGO_00191_FY2025-26,NGO_00191,Audit,Audited Financial Statement FY2025-26,2025,https://eleos.org/docs/FIN_NGO_00191_FY2025-26.pdf,Public Repository,2025-09-30,2026-09-16T10:00:00,c53c7ea69c9d152658e5351c6fc029099a24381d21b9cde0f04565ad79836dde,Success,Verified,0.95
DOC_FIN_NGO_00191_FY2024-25,NGO_00191,Audit,Audited Financial Statement FY2024-25,2024,https://eleos.org/docs/FIN_NGO_00191_FY2024-25.pdf,Public Repository,2024-09-30,2026-09-16T10:00:00,9dfe7c9608da6316bbd45e2fae9f41cacb41e26eea8b8cb3d0929c933a65b2b1,Success,Verified,0.95
DOC_FIN_NGO_00191_FY2023-24,NGO_00191,Audit,Audited Financial Statement FY2023-24,2023,https://eleos.org/docs/FIN_NGO_00191_FY2023-24.pdf,Public Repository,2023-09-30,2026-09-16T10:00:00,6ab9541c29ae04e1cfdcc9081f165084759351744af16368e8b64e8e214737dc,Success,Verified,0.95
DOC_FIN_NGO_00191_FY2022-23,NGO_00191,Audit,Audited Financial Statement FY2022-23,2022,https://eleos.org/docs/FIN_NGO_00191_FY2022-23.pdf,Public Repository,2022-09-30,2026-09-16T10:00:00,4abf22dc74c7fa374ca71bd2c7ac48de4f2ec0ca104d5fcdf859d4c480089d2d,Success,Verified,0.95
DOC_FIN_NGO_00191_FY2021-22,NGO_00191,Audit,Audited Financial Statement FY2021-22,2021,https://eleos.org/docs/FIN_NGO_00191_FY2021-22.pdf,Public Repository,2021-09-30,2026-09-16T10:00:00,b312dfc1c3f2c578fe9d1574f37caf168d8d8a30fd57393c69cd8febba621c69,Success,Verified,0.95
DOC_REG_NGO_00191,NGO_00191,Registration,Section 8 Registration Certificate,2020,https://eleos.org/docs/reg_NGO_00191.pdf,Government,2020-11-25,2026-09-16T10:00:00,4b3ad440ff38107d7f9a3fe8308a5abdebc788454ba450b5a30e4ddaa6b79b6e,Success,Externally verified,0.98
DOC_FIN_NGO_00192_FY2025-26,NGO_00192,Audit,Audited Financial Statement FY2025-26,2025,https://eleos.org/docs/FIN_NGO_00192_FY2025-26.pdf,Public Repository,2025-09-30,2026-09-16T10:00:00,a183a60e416c77b1715a7dfaaadcf68de8e1f4d3b5cde0c5938470547e64fbd6,Success,Verified,0.95
DOC_REG_NGO_00192,NGO_00192,Registration,Society Registration Certificate,2025,https://eleos.org/docs/reg_NGO_00192.pdf,Government,2025-02-13,2026-09-16T10:00:00,b7f9c5f83a1cd3ac4a0dde5147fed191fc5eb103b7dd69eb9a178bb5d7187cef,Success,Externally verified,0.98
DOC_FIN_NGO_00193_FY2025-26,NGO_00193,Audit,Audited Financial Statement FY2025-26,2025,https://eleos.org/docs/FIN_NGO_00193_FY2025-26.pdf,Public Repository,2025-09-30,2026-09-16T10:00:00,a4c7fa1dde141a3a9d4966aec09472389893d27d9d9902b05b96c5e52c6d751c,Success,Verified,0.95
DOC_FIN_NGO_00193_FY2024-25,NGO_00193,Audit,Audited Financial Statement FY2024-25,2024,https://eleos.org/docs/FIN_NGO_00193_FY2024-25.pdf,Public Repository,2024-09-30,2026-09-16T10:00:00,e92623e501622f56007abd59a52f5c042949bb1dbb5e1ed1cf98e1099ac0a876,Success,Verified,0.95
DOC_FIN_NGO_00193_FY2023-24,NGO_00193,Audit,Audited Financial Statement FY2023-24,2023,https://eleos.org/docs/FIN_NGO_00193_FY2023-24.pdf,Public Repository,2023-09-30,2026-09-16T10:00:00,6368e175053e10f67d830aece1dfff4ba5eb3743dcd666774cb1421ce434e081,Success,Verified,0.95
DOC_FIN_NGO_00193_FY2022-23,NGO_00193,Audit,Audited Financial Statement FY2022-23,2022,https://eleos.org/docs/FIN_NGO_00193_FY2022-23.pdf,Public Repository,2022-09-30,2026-09-16T10:00:00,b037531defa8e522e79d35f6ba31a6bb1e1768eae70b19e408dc355bbdd37710,Success,Verified,0.95
DOC_REG_NGO_00193,NGO_00193,Registration,Society Registration Certificate,2016,https://eleos.org/docs/reg_NGO_00193.pdf,Government,2016-03-02,2026-09-16T10:00:00,d48a09e7d4e1510a13432648a6ace4cd5d2d498676ecc742655a7ca4902c22f8,Success,Externally verified,0.98
DOC_REG_NGO_00194,NGO_00194,Registration,Society Registration Certificate,2025,https://eleos.org/docs/reg_NGO_00194.pdf,Government,2025-10-18,2026-09-16T10:00:00,f9313949f12850f1726f090ba7edf77e59201f26726717a462718db4816e5dfa,Success,Externally verified,0.98
DOC_FIN_NGO_00195_FY2025-26,NGO_00195,Audit,Audited Financial Statement FY2025-26,2025,https://eleos.org/docs/FIN_NGO_00195_FY2025-26.pdf,Public Repository,2025-09-30,2026-09-16T10:00:00,5606c92afc1bdd9d4438d2373464c0e3321d7b3606582924a714c5ffd2846c83,Success,Verified,0.95
DOC_FIN_NGO_00195_FY2024-25,NGO_00195,Audit,Audited Financial Statement FY2024-25,2024,https://eleos.org/docs/FIN_NGO_00195_FY2024-25.pdf,Public Repository,2024-09-30,2026-09-16T10:00:00,dabc489f6bffb0a75f07c176b0853e731bde6027dcb41a8ed5091cf3cdd8ba46,Success,Verified,0.95
DOC_FIN_NGO_00195_FY2023-24,NGO_00195,Audit,Audited Financial Statement FY2023-24,2023,https://eleos.org/docs/FIN_NGO_00195_FY2023-24.pdf,Public Repository,2023-09-30,2026-09-16T10:00:00,1d466893b6ed21e4c8ac7c4c16931703cf915d0998c8ce8f78a50544e3d6b858,Success,Verified,0.95
DOC_REG_NGO_00195,NGO_00195,Registration,Trust Registration Certificate,2004,https://eleos.org/docs/reg_NGO_00195.pdf,Government,2004-01-11,2026-09-16T10:00:00,4f21779bdf049831cbf736600b23dd9c154ce47995d220cbbb4c523f73e5d07c,Success,Externally verified,0.98
DOC_FIN_NGO_00196_FY2025-26,NGO_00196,Audit,Audited Financial Statement FY2025-26,2025,https://eleos.org/docs/FIN_NGO_00196_FY2025-26.pdf,Public Repository,2025-09-30,2026-09-16T10:00:00,83b5450c0b89d422fbda6346a1ff43d892603c7c8c6056dc655ccbb13a3e9309,Success,Verified,0.95
DOC_FIN_NGO_00196_FY2024-25,NGO_00196,Audit,Audited Financial Statement FY2024-25,2024,https://eleos.org/docs/FIN_NGO_00196_FY2024-25.pdf,Public Repository,2024-09-30,2026-09-16T10:00:00,7830b2903a868eba2ed4694f32eb321578c373d1493f0e70c19c35bacf4faa7b,Success,Verified,0.95
DOC_FIN_NGO_00196_FY2023-24,NGO_00196,Audit,Audited Financial Statement FY2023-24,2023,https://eleos.org/docs/FIN_NGO_00196_FY2023-24.pdf,Public Repository,2023-09-30,2026-09-16T10:00:00,23dab2fd1ec1f3306f62a3a7ed02ca9f27312688827406c1dc8cb1237c8df7a1,Success,Verified,0.95
DOC_FIN_NGO_00196_FY2022-23,NGO_00196,Audit,Audited Financial Statement FY2022-23,2022,https://eleos.org/docs/FIN_NGO_00196_FY2022-23.pdf,Public Repository,2022-09-30,2026-09-16T10:00:00,778d7e68a19aebb7384deba809fc5569e129a0d792f5c39cabb64045c709381f,Success,Verified,0.95
DOC_FIN_NGO_00196_FY2021-22,NGO_00196,Audit,Audited Financial Statement FY2021-22,2021,https://eleos.org/docs/FIN_NGO_00196_FY2021-22.pdf,Public Repository,2021-09-30,2026-09-16T10:00:00,4589e5952b81fe4afc770976474cb3afdbecd6600f5320dbae8c8b96f9d50dfc,Success,Verified,0.95
DOC_REG_NGO_00196,NGO_00196,Registration,Section 8 Registration Certificate,2021,https://eleos.org/docs/reg_NGO_00196.pdf,Government,2021-11-02,2026-09-16T10:00:00,7b77512f46a9a5d99f8a90a47e02388cd4c03ac9f57852c7a01c82fd97a408c9,Success,Externally verified,0.98
DOC_FIN_NGO_00197_FY2025-26,NGO_00197,Audit,Audited Financial Statement FY2025-26,2025,https://eleos.org/docs/FIN_NGO_00197_FY2025-26.pdf,Public Repository,2025-09-30,2026-09-16T10:00:00,29634ea7cd18daa6f07066202e082e4cb734d448135c6699b72c9c2ff957bbdf,Success,Verified,0.95
DOC_FIN_NGO_00197_FY2024-25,NGO_00197,Audit,Audited Financial Statement FY2024-25,2024,https://eleos.org/docs/FIN_NGO_00197_FY2024-25.pdf,Public Repository,2024-09-30,2026-09-16T10:00:00,c7ad58445c3991752693f65eb6f7dd71ef7b7fe3e1e5139c8fc5c80afb3a7314,Success,Verified,0.95
DOC_REG_NGO_00197,NGO_00197,Registration,Trust Registration Certificate,2017,https://eleos.org/docs/reg_NGO_00197.pdf,Government,2017-09-17,2026-09-16T10:00:00,ef65ff5a5e35a8c5ee5143251b4981e9eb86605adc049616caf182f717e1d9bc,Success,Self-reported,0.98
DOC_FIN_NGO_00198_FY2025-26,NGO_00198,Audit,Audited Financial Statement FY2025-26,2025,https://eleos.org/docs/FIN_NGO_00198_FY2025-26.pdf,Public Repository,2025-09-30,2026-09-16T10:00:00,1f967a89f222cad8a14f6986ad528b4a2ed7333957d75ec461928eef0a3146ed,Success,Verified,0.95
DOC_FIN_NGO_00198_FY2024-25,NGO_00198,Audit,Audited Financial Statement FY2024-25,2024,https://eleos.org/docs/FIN_NGO_00198_FY2024-25.pdf,Public Repository,2024-09-30,2026-09-16T10:00:00,a7f15712d924e0154d97559d093d0d1f55666318d521da02052c24da913de760,Success,Verified,0.95
DOC_REG_NGO_00198,NGO_00198,Registration,Section 8 Registration Certificate,2023,https://eleos.org/docs/reg_NGO_00198.pdf,Government,2023-02-15,2026-09-16T10:00:00,27ff0de0e611f85a1dd8af1fda8b111b84a0dff45dd7af099b87f6843f4f1473,Success,Externally verified,0.98
DOC_FIN_NGO_00199_FY2025-26,NGO_00199,Audit,Audited Financial Statement FY2025-26,2025,https://eleos.org/docs/FIN_NGO_00199_FY2025-26.pdf,Public Repository,2025-09-30,2026-09-16T10:00:00,95439beb103ae04abf9e543876241af115975790681f3af76db3adb63446edcc,Success,Verified,0.95
DOC_FIN_NGO_00199_FY2024-25,NGO_00199,Audit,Audited Financial Statement FY2024-25,2024,https://eleos.org/docs/FIN_NGO_00199_FY2024-25.pdf,Public Repository,2024-09-30,2026-09-16T10:00:00,cb334d7548d2d6938b31d7ccd3b6087eb6cb263c191f8ed320d4c2869b96a5cd,Success,Verified,0.95
DOC_FIN_NGO_00199_FY2023-24,NGO_00199,Audit,Audited Financial Statement FY2023-24,2023,https://eleos.org/docs/FIN_NGO_00199_FY2023-24.pdf,Public Repository,2023-09-30,2026-09-16T10:00:00,710c7aaa78ec84676dc84bc18445df68477e6e288ff73710a46d2d90cf8bff10,Success,Verified,0.95
DOC_REG_NGO_00199,NGO_00199,Registration,Section 8 Registration Certificate,2021,https://eleos.org/docs/reg_NGO_00199.pdf,Government,2021-09-12,2026-09-16T10:00:00,cb0f2a8739652f7c573ee8ea607ddde18c480fb76ae19d5facd45217782c9d1f,Success,Externally verified,0.98
DOC_FIN_NGO_00200_FY2025-26,NGO_00200,Audit,Audited Financial Statement FY2025-26,2025,https://eleos.org/docs/FIN_NGO_00200_FY2025-26.pdf,Public Repository,2025-09-30,2026-09-16T10:00:00,b76b58734ce6b756acf08083d0a8545cc0a13f56887506170bc78eba841a60fe,Success,Verified,0.95
DOC_FIN_NGO_00200_FY2024-25,NGO_00200,Audit,Audited Financial Statement FY2024-25,2024,https://eleos.org/docs/FIN_NGO_00200_FY2024-25.pdf,Public Repository,2024-09-30,2026-09-16T10:00:00,9fe3d9f276835ebc4836141f4c4ee5127e88b0a3851768e80c051b2dfeb952df,Success,Verified,0.95
DOC_REG_NGO_00200,NGO_00200,Registration,Trust Registration Certificate,2021,https://eleos.org/docs/reg_NGO_00200.pdf,Government,2021-12-17,2026-09-16T10:00:00,d5a0c76c6ba39785fcc171bbf8803879b4d8adb04448bd862cb8df08b92a0adf,Success,Externally verified,0.98
