financial_report_id,ngo_id,financial_year,document_type,document_source,audit_status,auditor_name,total_income,grant_income,donation_income,other_income,fcra_income,nfcra_income,total_expenditure,programme_expenses,administrative_expenses,fundraising_expenses,employee_expenses,consultancy_expenses,material_expenses,other_expenses,cash_and_bank_balance,total_assets,total_liabilities,surplus_or_deficit,related_party_transactions,source_url,verification_status
FIN_NGO_00001_FY2025-26,NGO_00001,FY2025-26,Audited Financial Statement,NGO Website,Clean,"M/s Sen & Dasgupta, Chartered Accountants",1199657.75,817880.91,304783.38,76993.46,0.0,1199657.75,1093974.81,913586.29,111543.52,12944.98,90006.02,0.0,0.0,-34106.0,322387.79,1902680.51,323146.06,105682.94,0.0,https://eleos.org/docs/FIN_NGO_00001_FY2025-26.pdf,Verified
FIN_NGO_00002_FY2025-26,NGO_00002,FY2025-26,Audited Financial Statement,Public Repository,Qualified,"M/s R. K. Sharma & Associates, Chartered Accountants",1128336.44,783563.27,196077.59,148695.58,0.0,1128336.44,1087066.84,770509.45,120928.91,27601.38,82382.86,25693.27,51386.54,8564.43,417460.78,1492537.42,396966.85,41269.6,0.0,https://eleos.org/docs/FIN_NGO_00002_FY2025-26.pdf,Extracted
FIN_NGO_00002_FY2024-25,NGO_00002,FY2024-25,Audited Financial Statement,Public Repository,Clean,"M/s K. Mehta & Co., Chartered Accountants",1202147.4,678958.58,271807.58,251381.24,0.0,1202147.4,1218417.54,969096.56,73153.42,34297.17,80520.24,18405.04,36810.09,6135.02,716339.92,1496299.04,374337.86,-16270.14,0.0,https://eleos.org/docs/FIN_NGO_00002_FY2024-25.pdf,Verified
FIN_NGO_00003_FY2025-26,NGO_00003,FY2025-26,Audited Financial Statement,Public Repository,Clean,"M/s Iyer, Natarajan & Co., Chartered Accountants",41026662.99,30261205.2,10425902.2,339555.59,0.0,41026662.99,38406931.72,31983957.41,2495221.54,712444.43,2655396.4,167973.58,335947.16,55991.2,6887042.66,15005811.31,5936188.71,2619731.27,0.0,https://eleos.org/docs/FIN_NGO_00003_FY2025-26.pdf,Verified
FIN_NGO_00003_FY2024-25,NGO_00003,FY2024-25,Audited Financial Statement,NGO Website,Clean,"M/s Iyer, Natarajan & Co., Chartered Accountants",37854880.29,23796963.29,11799636.46,2258280.54,0.0,37854880.29,34466040.46,28296794.14,3776389.53,606461.51,2385059.81,0.0,0.0,-598664.53,6177749.82,16103077.9,1904789.15,3388839.83,0.0,https://eleos.org/docs/FIN_NGO_00003_FY2024-25.pdf,Verified
FIN_NGO_00005_FY2025-26,NGO_00005,FY2025-26,Audited Financial Statement,NGO Website,Qualified,"M/s Deshmukh & Associates, Chartered Accountants",9864303.19,4747736.28,4623229.22,493337.69,0.0,9864303.19,10035556.93,8570767.43,753883.57,260795.38,787679.87,0.0,0.0,-337569.32,4195945.29,17120726.41,2304493.01,-171253.74,0.0,https://eleos.org/docs/FIN_NGO_00005_FY2025-26.pdf,Extracted
FIN_NGO_00005_FY2024-25,NGO_00005,FY2024-25,Audited Financial Statement,Public Repository,Clean,"M/s Sen & Dasgupta, Chartered Accountants",8224585.63,4841225.52,1976801.84,1406558.27,0.0,8224585.63,8273362.87,6797039.78,738608.19,121004.81,819510.93,0.0,0.0,-202800.84,2027299.77,14304064.44,3301624.88,-48777.24,0.0,https://eleos.org/docs/FIN_NGO_00005_FY2024-25.pdf,Verified
FIN_NGO_00006_FY2025-26,NGO_00006,FY2025-26,Audited Financial Statement,Public Repository,Clean,"M/s Iyer, Natarajan & Co., Chartered Accountants",44876160.91,18863903.93,25201807.27,810449.71,0.0,44876160.91,42358817.21,32753209.68,2309388.09,1860969.14,2327697.35,932265.88,1864531.77,310755.3,23327352.25,51995621.49,20609386.77,2517343.7,0.0,https://eleos.org/docs/FIN_NGO_00006_FY2025-26.pdf,Verified
FIN_NGO_00006_FY2024-25,NGO_00006,FY2024-25,Audited Financial Statement,Public Repository,Clean,"M/s Sen & Dasgupta, Chartered Accountants",46696106.26,29778554.52,12008350.44,4909201.3,0.0,46696106.26,44195736.22,36660471.5,4389011.19,1756613.35,4146995.81,0.0,0.0,-2757355.63,12356941.09,47766224.97,13914226.39,2500370.04,0.0,https://eleos.org/docs/FIN_NGO_00006_FY2024-25.pdf,Verified
FIN_NGO_00006_FY2023-24,NGO_00006,FY2023-24,Audited Financial Statement,NGO Website,Clean,"M/s Iyer, Natarajan & Co., Chartered Accountants",42312673.23,22254309.75,16130644.61,3927718.87,0.0,42312673.23,38128639.21,27536840.45,3058918.82,504179.05,3568139.44,1038168.43,2076336.87,346056.15,13021603.12,46816035.29,7686531.16,4184034.02,0.0,https://eleos.org/docs/FIN_NGO_00006_FY2023-24.pdf,Verified
FIN_NGO_00007_FY2025-26,NGO_00007,FY2025-26,Audited Financial Statement,NGO Website,Clean,"M/s Iyer, Natarajan & Co., Chartered Accountants",265507168.58,166971405.02,57531900.74,41003862.82,0.0,265507168.58,235172889.14,188883016.14,28808094.92,7675408.66,20641978.86,0.0,0.0,-10835609.44,97919552.63,395905562.96,47780662.97,30334279.44,0.0,https://eleos.org/docs/FIN_NGO_00007_FY2025-26.pdf,Verified
FIN_NGO_00008_FY2025-26,NGO_00008,FY2025-26,Audited Financial Statement,NGO Website,Clean,"M/s Gupta & Aggarwal, Chartered Accountants",25167854.73,12350475.66,7878034.02,4939345.05,0.0,25167854.73,24765253.34,18207219.56,1752102.64,560237.52,2062377.49,654994.84,1309989.68,218331.61,15489149.84,5945781.09,936236.32,402601.39,0.0,https://eleos.org/docs/FIN_NGO_00008_FY2025-26.pdf,Verified
FIN_NGO_00008_FY2024-25,NGO_00008,FY2024-25,Audited Financial Statement,Public Repository,Clean,"M/s V. Raman & Co., Chartered Accountants",29486118.2,16507943.26,6844044.43,6134130.51,0.0,29486118.2,26006189.28,18154782.89,1754652.73,446725.52,1395205.78,1276446.71,2552893.41,425482.24,10846337.51,5469386.41,2145577.28,3479928.92,0.0,https://eleos.org/docs/FIN_NGO_00008_FY2024-25.pdf,Verified
FIN_NGO_00009_FY2025-26,NGO_00009,FY2025-26,Audited Financial Statement,Public Repository,Clean,"M/s Gupta & Aggarwal, Chartered Accountants",1550407.13,579627.79,817693.96,153085.38,0.0,1550407.13,1466092.45,1153972.99,182061.75,40414.51,139676.9,0.0,0.0,-50033.7,442826.77,947507.07,172137.26,84314.68,0.0,https://eleos.org/docs/FIN_NGO_00009_FY2025-26.pdf,Verified
FIN_NGO_00009_FY2024-25,NGO_00009,FY2024-25,Audited Financial Statement,NGO Website,Clean,"M/s K. Mehta & Co., Chartered Accountants",1293582.01,676299.51,330458.37,286824.13,0.0,1293582.01,1242521.58,900910.43,72338.89,53973.08,121412.58,28165.98,56331.96,9388.66,777064.47,1062901.51,320660.88,51060.43,0.0,https://eleos.org/docs/FIN_NGO_00009_FY2024-25.pdf,Verified
FIN_NGO_00010_FY2025-26,NGO_00010,FY2025-26,Audited Financial Statement,Public Repository,Clean,"M/s K. Mehta & Co., Chartered Accountants",2335958.09,1597537.39,730755.08,7665.62,0.0,2335958.09,2221855.24,1608337.83,221327.57,104148.86,140010.57,44409.13,88818.25,14803.03,1310146.11,1402175.67,256421.78,114102.85,0.0,https://eleos.org/docs/FIN_NGO_00010_FY2025-26.pdf,Verified
FIN_NGO_00010_FY2024-25,NGO_00010,FY2024-25,Audited Financial Statement,Public Repository,Clean,"M/s Deshmukh & Associates, Chartered Accountants",2342465.05,1588706.15,465181.09,288577.81,0.0,2342465.05,2110100.38,1548265.16,216969.79,62428.62,210871.07,21469.72,42939.44,7156.58,884744.6,1266532.59,336359.68,232364.67,0.0,https://eleos.org/docs/FIN_NGO_00010_FY2024-25.pdf,Verified
FIN_NGO_00011_FY2025-26,NGO_00011,FY2025-26,Audited Financial Statement,NGO Website,Clean,"M/s R. K. Sharma & Associates, Chartered Accountants",238039753.7,125559167.06,88987641.1,23492945.54,0.0,238039753.7,221966774.55,187032829.21,12017100.76,4824383.71,19481714.8,0.0,0.0,-1389253.93,49450845.19,388004600.54,104675267.53,16072979.15,0.0,https://eleos.org/docs/FIN_NGO_00011_FY2025-26.pdf,Verified
FIN_NGO_00011_FY2024-25,NGO_00011,FY2024-25,Audited Financial Statement,Public Repository,Clean,"M/s R. K. Sharma & Associates, Chartered Accountants",247422576.97,124457940.41,95761344.17,27203292.39,0.0,247422576.97,233651004.14,179813164.4,23945522.63,8298392.34,12601103.96,2697846.24,5395692.49,899282.08,112951652.22,416364957.09,99751041.24,13771572.83,0.0,https://eleos.org/docs/FIN_NGO_00011_FY2024-25.pdf,Verified
FIN_NGO_00012_FY2025-26,NGO_00012,FY2025-26,Audited Financial Statement,NGO Website,Clean,"M/s R. K. Sharma & Associates, Chartered Accountants",30079067.81,16200307.61,10315093.74,3563666.46,0.0,30079067.81,29145309.75,24766822.82,2317651.51,1046494.27,2232674.46,0.0,0.0,-1218333.31,11137407.04,10778478.97,3177192.01,933758.06,0.0,https://eleos.org/docs/FIN_NGO_00012_FY2025-26.pdf,Verified
FIN_NGO_00012_FY2024-25,NGO_00012,FY2024-25,Audited Financial Statement,Public Repository,Clean,"M/s R. K. Sharma & Associates, Chartered Accountants",27960636.67,15295862.03,5017377.74,7647396.9,0.0,27960636.67,27514374.2,23104003.69,1711662.74,1013064.09,1849478.41,0.0,0.0,-163834.73,17141098.62,10194177.58,3289464.4,446262.47,0.0,https://eleos.org/docs/FIN_NGO_00012_FY2024-25.pdf,Verified
FIN_NGO_00012_FY2023-24,NGO_00012,FY2023-24,Audited Financial Statement,Public Repository,Clean,"M/s R. K. Sharma & Associates, Chartered Accountants",31319534.25,18674613.23,12160576.29,484344.73,0.0,31319534.25,28596481.44,20885532.45,3206387.91,794634.29,1516648.17,657983.59,1315967.17,219327.86,9475244.5,11358428.7,2387547.25,2723052.81,0.0,https://eleos.org/docs/FIN_NGO_00012_FY2023-24.pdf,Verified
FIN_NGO_00013_FY2025-26,NGO_00013,FY2025-26,Audited Financial Statement,NGO Website,Qualified,"M/s K. Mehta & Co., Chartered Accountants",3348845.26,1776970.86,746711.55,825162.85,0.0,3348845.26,3147067.16,2332000.97,285800.59,43440.33,204431.53,84418.12,168836.24,28139.38,1518629.63,3517243.37,512784.81,201778.1,0.0,https://eleos.org/docs/FIN_NGO_00013_FY2025-26.pdf,Extracted
FIN_NGO_00013_FY2024-25,NGO_00013,FY2024-25,Audited Financial Statement,Public Repository,Qualified,"M/s Sen & Dasgupta, Chartered Accountants",2848967.04,1489299.25,1121542.28,238125.51,0.0,2848967.04,2731121.44,2040356.47,168538.57,131817.54,119073.78,81400.53,162801.05,27133.5,1324612.01,3543586.87,1283069.77,117845.6,0.0,https://eleos.org/docs/FIN_NGO_00013_FY2024-25.pdf,Extracted
FIN_NGO_00013_FY2023-24,NGO_00013,FY2023-24,Audited Financial Statement,NGO Website,Clean,"M/s Iyer, Natarajan & Co., Chartered Accountants",2388917.52,1110970.3,645668.63,632278.59,0.0,2388917.52,2385617.18,1666706.91,228225.15,69868.94,117572.31,90973.16,181946.32,30324.39,775461.56,3648546.96,490604.03,3300.34,0.0,https://eleos.org/docs/FIN_NGO_00013_FY2023-24.pdf,Verified
FIN_NGO_00013_FY2022-23,NGO_00013,FY2022-23,Audited Financial Statement,NGO Website,Clean,"M/s R. K. Sharma & Associates, Chartered Accountants",2685754.52,1986971.26,645052.12,53731.14,0.0,2685754.52,2675345.91,2114708.96,288517.13,126178.33,111228.12,10414.01,20828.02,3471.34,759059.48,3377338.06,1049709.2,10408.61,0.0,https://eleos.org/docs/FIN_NGO_00013_FY2022-23.pdf,Verified
FIN_NGO_00013_FY2021-22,NGO_00013,FY2021-22,Audited Financial Statement,NGO Website,Clean,"M/s Gupta & Aggarwal, Chartered Accountants",2377714.59,968444.57,1048586.59,360683.43,0.0,2377714.59,2268975.94,1571323.42,264760.48,31017.6,223059.89,53644.37,107288.73,17881.45,767134.42,3574497.7,526247.5,108738.65,0.0,https://eleos.org/docs/FIN_NGO_00013_FY2021-22.pdf,Verified
FIN_NGO_00014_FY2025-26,NGO_00014,FY2025-26,Audited Financial Statement,Public Repository,Clean,"M/s V. Raman & Co., Chartered Accountants",3349511.0,1409670.01,1613329.57,326511.42,0.0,3349511.0,3380934.76,2599739.57,398612.63,94518.12,289383.09,0.0,0.0,-1318.65,1461395.16,3608603.8,1036955.88,-31423.76,0.0,https://eleos.org/docs/FIN_NGO_00014_FY2025-26.pdf,Verified
FIN_NGO_00014_FY2024-25,NGO_00014,FY2024-25,Audited Financial Statement,Public Repository,Clean,"M/s R. K. Sharma & Associates, Chartered Accountants",3276875.56,1761544.86,1137943.02,377387.68,0.0,3276875.56,3095480.67,2548631.02,319539.59,40141.04,189185.05,0.0,0.0,-2016.03,522528.35,3421290.04,636781.14,181394.89,0.0,https://eleos.org/docs/FIN_NGO_00014_FY2024-25.pdf,Verified
FIN_NGO_00015_FY2025-26,NGO_00015,FY2025-26,Audited Financial Statement,Public Repository,Clean,"M/s V. Raman & Co., Chartered Accountants",42580392.2,15647313.56,13871961.81,13061116.83,0.0,42580392.2,42143178.88,34115974.64,5784698.08,1689758.01,3229673.08,0.0,0.0,-2676924.93,11252290.8,65135256.5,25381841.04,437213.32,0.0,https://eleos.org/docs/FIN_NGO_00015_FY2025-26.pdf,Verified
FIN_NGO_00015_FY2024-25,NGO_00015,FY2024-25,Audited Financial Statement,Public Repository,Clean,"M/s K. Mehta & Co., Chartered Accountants",40554534.02,29558255.99,10919829.21,76448.82,0.0,40554534.02,41174107.59,31420060.16,3102858.35,1280448.52,2590359.71,834114.26,1668228.52,278038.07,22993500.03,72860646.24,10311206.62,-619573.57,0.0,https://eleos.org/docs/FIN_NGO_00015_FY2024-25.pdf,Verified
FIN_NGO_00015_FY2023-24,NGO_00015,FY2023-24,Audited Financial Statement,Public Repository,Clean,"M/s Deshmukh & Associates, Chartered Accountants",38674278.14,27989248.86,9275544.1,1409485.18,0.0,38674278.14,36466158.27,28183369.63,2232494.66,598500.58,1642162.55,1142889.26,2285778.51,380963.08,14829924.84,73270046.35,9342961.88,2208119.87,0.0,https://eleos.org/docs/FIN_NGO_00015_FY2023-24.pdf,Verified
FIN_NGO_00015_FY2022-23,NGO_00015,FY2022-23,Audited Financial Statement,NGO Website,Clean,"M/s K. Mehta & Co., Chartered Accountants",44667626.91,23046653.5,12615566.01,9005407.4,0.0,44667626.91,41300397.28,30864326.59,3500413.13,783945.57,1854236.11,1289242.76,2578485.53,429747.59,8241145.79,71671032.71,14376285.09,3367229.63,0.0,https://eleos.org/docs/FIN_NGO_00015_FY2022-23.pdf,Verified
FIN_NGO_00015_FY2021-22,NGO_00015,FY2021-22,Audited Financial Statement,Public Repository,Clean,"M/s V. Raman & Co., Chartered Accountants",44224692.71,30180884.79,12256795.79,1787012.13,0.0,44224692.71,40252946.66,30770955.42,4241909.58,433127.96,3797923.86,302708.95,605417.9,100902.99,9047244.62,74770608.57,21134961.52,3971746.05,0.0,https://eleos.org/docs/FIN_NGO_00015_FY2021-22.pdf,Verified
FIN_NGO_00016_FY2025-26,NGO_00016,FY2025-26,Audited Financial Statement,NGO Website,Clean,"M/s Iyer, Natarajan & Co., Chartered Accountants",688576.74,461165.3,157523.07,69888.37,0.0,688576.74,623956.85,469218.0,55891.74,14701.34,60766.36,7013.82,14027.65,2337.94,309503.97,1135095.89,385010.07,64619.89,0.0,https://eleos.org/docs/FIN_NGO_00016_FY2025-26.pdf,Verified
FIN_NGO_00016_FY2024-25,NGO_00016,FY2024-25,Audited Financial Statement,NGO Website,Clean,"M/s K. Mehta & Co., Chartered Accountants",584197.95,345250.08,212064.88,26882.99,0.0,584197.95,539161.79,419567.83,42544.73,19645.31,24156.68,9974.17,19948.34,3324.73,243329.55,1148801.22,352600.92,45036.16,0.0,https://eleos.org/docs/FIN_NGO_00016_FY2024-25.pdf,Verified
FIN_NGO_00017_FY2025-26,NGO_00017,FY2025-26,Audited Financial Statement,Public Repository,Clean,"M/s Iyer, Natarajan & Co., Chartered Accountants",36929321.91,16422265.37,12933749.82,7573306.72,0.0,36929321.91,33168734.17,24709425.79,3366791.26,1635897.83,2256944.97,359902.3,719804.59,119967.43,19639977.79,36419602.11,7992208.63,3760587.74,0.0,https://eleos.org/docs/FIN_NGO_00017_FY2025-26.pdf,Verified
FIN_NGO_00018_FY2025-26,NGO_00018,FY2025-26,Audited Financial Statement,Public Repository,Clean,"M/s R. K. Sharma & Associates, Chartered Accountants",281306710.64,175941996.22,52181744.17,53182970.25,77271162.49,204035548.15,260125523.53,198631742.7,20970625.47,11565025.5,12647334.55,4893238.59,9786477.18,1631079.54,167523876.65,169956716.61,37325041.28,21181187.11,0.0,https://eleos.org/docs/FIN_NGO_00018_FY2025-26.pdf,Verified
FIN_NGO_00018_FY2024-25,NGO_00018,FY2024-25,Audited Financial Statement,NGO Website,Clean,"M/s K. Mehta & Co., Chartered Accountants",262988501.24,141116743.94,61494221.96,60377535.34,59008219.79,203980281.45,240570793.14,167780349.42,18312027.56,8327381.52,15167745.53,9294986.73,18589973.46,3098328.92,140169474.97,163444105.06,32399646.91,22417708.1,0.0,https://eleos.org/docs/FIN_NGO_00018_FY2024-25.pdf,Verified
FIN_NGO_00019_FY2025-26,NGO_00019,FY2025-26,Audited Financial Statement,NGO Website,Clean,"M/s Iyer, Natarajan & Co., Chartered Accountants",23062418.79,11696839.88,8333548.89,3032030.02,0.0,23062418.79,21876515.34,18194005.35,2262802.16,664795.89,1540957.66,0.0,0.0,-786045.72,9438887.91,6067264.15,637008.66,1185903.45,0.0,https://eleos.org/docs/FIN_NGO_00019_FY2025-26.pdf,Verified
FIN_NGO_00019_FY2024-25,NGO_00019,FY2024-25,Audited Financial Statement,NGO Website,Clean,"M/s Sen & Dasgupta, Chartered Accountants",23757353.38,15886587.95,6687692.2,1183073.23,0.0,23757353.38,23510432.72,18898810.96,1231905.39,1144554.35,1609886.59,187582.63,375165.26,62527.54,12650517.44,6192565.68,1959451.84,246920.66,0.0,https://eleos.org/docs/FIN_NGO_00019_FY2024-25.pdf,Verified
FIN_NGO_00019_FY2023-24,NGO_00019,FY2023-24,Audited Financial Statement,Public Repository,Clean,"M/s Gupta & Aggarwal, Chartered Accountants",25649052.14,16924333.45,5701683.29,3023035.4,0.0,25649052.14,23256247.09,19253824.46,1669744.83,884221.97,1729200.03,0.0,0.0,-280744.2,8616888.0,5998830.89,1343066.45,2392805.05,0.0,https://eleos.org/docs/FIN_NGO_00019_FY2023-24.pdf,Verified
FIN_NGO_00020_FY2025-26,NGO_00020,FY2025-26,Audited Financial Statement,Public Repository,Qualified,"M/s R. K. Sharma & Associates, Chartered Accountants",46809485.61,33482445.44,8125314.32,5201725.85,0.0,46809485.61,43793982.99,36734572.28,2882563.04,2184744.83,4168227.6,0.0,0.0,-2176124.76,17416514.43,43315965.67,16834291.52,3015502.62,0.0,https://eleos.org/docs/FIN_NGO_00020_FY2025-26.pdf,Extracted
FIN_NGO_00020_FY2024-25,NGO_00020,FY2024-25,Audited Financial Statement,NGO Website,Clean,"M/s Sen & Dasgupta, Chartered Accountants",43412109.12,25661470.14,16946555.68,804083.3,0.0,43412109.12,43607307.11,32282820.02,3963529.94,1350637.85,3422246.72,776421.78,1552843.56,258807.24,9467145.2,39870867.03,7250562.0,-195197.99,0.0,https://eleos.org/docs/FIN_NGO_00020_FY2024-25.pdf,Verified
FIN_NGO_00021_FY2025-26,NGO_00021,FY2025-26,Audited Financial Statement,NGO Website,Clean,"M/s R. K. Sharma & Associates, Chartered Accountants",12404172.05,7114026.86,4167895.72,1122249.47,0.0,12404172.05,11294075.35,8306459.49,586832.71,114303.03,624194.55,498685.67,997371.34,166228.56,2106511.79,19142883.17,5936504.09,1110096.7,0.0,https://eleos.org/docs/FIN_NGO_00021_FY2025-26.pdf,Verified
FIN_NGO_00021_FY2024-25,NGO_00021,FY2024-25,Audited Financial Statement,NGO Website,Clean,"M/s R. K. Sharma & Associates, Chartered Accountants",14575018.87,7853435.27,3488304.15,3233279.45,0.0,14575018.87,14792617.48,10538210.97,919932.14,579450.2,1161094.74,478178.83,956357.66,159392.94,4988521.2,20961009.84,4916638.36,-217598.61,0.0,https://eleos.org/docs/FIN_NGO_00021_FY2024-25.pdf,Verified
FIN_NGO_00022_FY2025-26,NGO_00022,FY2025-26,Audited Financial Statement,Public Repository,Qualified,"M/s R. K. Sharma & Associates, Chartered Accountants",11034173.8,7717832.82,1967705.74,1348635.24,0.0,11034173.8,11053222.53,9031647.32,1273192.76,322486.26,812754.82,0.0,0.0,-386858.63,3498147.69,7088039.67,741409.74,-19048.73,0.0,https://eleos.org/docs/FIN_NGO_00022_FY2025-26.pdf,Extracted
FIN_NGO_00022_FY2024-25,NGO_00022,FY2024-25,Audited Financial Statement,NGO Website,Clean,"M/s Iyer, Natarajan & Co., Chartered Accountants",12014852.79,7830467.61,3980570.89,203814.29,0.0,12014852.79,11114052.43,8949176.51,1259657.5,217538.0,709053.47,0.0,0.0,-21373.05,3240075.25,6450586.92,1900448.71,900800.36,0.0,https://eleos.org/docs/FIN_NGO_00022_FY2024-25.pdf,Verified
FIN_NGO_00023_FY2025-26,NGO_00023,FY2025-26,Audited Financial Statement,Public Repository,Clean,"M/s Sen & Dasgupta, Chartered Accountants",4728703.61,2523231.98,1073184.94,1132286.69,0.0,4728703.61,4817766.18,3880722.88,370957.0,63713.4,432075.22,21089.31,42178.61,7029.76,2288184.68,2086442.23,462321.15,-89062.57,0.0,https://eleos.org/docs/FIN_NGO_00023_FY2025-26.pdf,Verified
FIN_NGO_00023_FY2024-25,NGO_00023,FY2024-25,Audited Financial Statement,Public Repository,Clean,"M/s Iyer, Natarajan & Co., Chartered Accountants",3893624.3,1629689.81,1423751.19,840183.3,0.0,3893624.3,3478371.83,2636966.68,419470.31,154155.92,257230.46,3164.54,6329.07,1054.85,1440322.79,2091445.65,341794.75,415252.47,0.0,https://eleos.org/docs/FIN_NGO_00023_FY2024-25.pdf,Verified
FIN_NGO_00023_FY2023-24,NGO_00023,FY2023-24,Audited Financial Statement,Public Repository,Clean,"M/s R. K. Sharma & Associates, Chartered Accountants",3572767.15,2571190.85,854627.0,146949.3,0.0,3572767.15,3569408.26,2607335.45,352917.26,61301.66,283719.96,79240.18,158480.36,26413.39,563356.31,2167232.4,310472.23,3358.89,0.0,https://eleos.org/docs/FIN_NGO_00023_FY2023-24.pdf,Verified
FIN_NGO_00023_FY2022-23,NGO_00023,FY2022-23,Audited Financial Statement,NGO Website,Clean,"M/s R. K. Sharma & Associates, Chartered Accountants",3314597.85,1907827.1,1012645.56,394125.19,0.0,3314597.85,3260120.19,2715352.92,361655.39,82656.59,236142.72,0.0,0.0,-135687.43,1777577.41,2389221.2,295136.45,54477.66,0.0,https://eleos.org/docs/FIN_NGO_00023_FY2022-23.pdf,Verified
FIN_NGO_00023_FY2021-22,NGO_00023,FY2021-22,Audited Financial Statement,Public Repository,Clean,"M/s Iyer, Natarajan & Co., Chartered Accountants",3239528.08,2220598.87,667465.15,351464.06,0.0,3239528.08,2864220.95,2344138.62,389354.34,117267.5,182743.55,0.0,0.0,-169283.06,821067.64,2528852.82,625084.46,375307.13,0.0,https://eleos.org/docs/FIN_NGO_00023_FY2021-22.pdf,Verified
FIN_NGO_00024_FY2025-26,NGO_00024,FY2025-26,Audited Financial Statement,NGO Website,Clean,"M/s Sen & Dasgupta, Chartered Accountants",21250621.05,11179721.56,6151656.52,3919242.97,0.0,21250621.05,20495152.49,16974830.15,2225636.6,451250.2,1550736.51,0.0,0.0,-707300.97,10199333.68,36202001.95,5549447.65,755468.56,0.0,https://eleos.org/docs/FIN_NGO_00024_FY2025-26.pdf,Verified
FIN_NGO_00024_FY2024-25,NGO_00024,FY2024-25,Audited Financial Statement,Public Repository,Clean,"M/s Sen & Dasgupta, Chartered Accountants",22742091.56,12426345.35,7387433.35,2928312.86,0.0,22742091.56,20375647.2,14744559.45,1708395.68,524008.78,1813222.14,475638.35,951276.7,158546.1,8800756.6,37025196.29,9763126.83,2366444.36,0.0,https://eleos.org/docs/FIN_NGO_00024_FY2024-25.pdf,Verified
FIN_NGO_00024_FY2023-24,NGO_00024,FY2023-24,Audited Financial Statement,Public Repository,Clean,"M/s K. Mehta & Co., Chartered Accountants",22427886.83,14204630.81,5494667.65,2728588.37,0.0,22427886.83,21021205.79,15396763.93,2361841.26,879238.7,1873786.86,152872.51,305745.03,50957.5,8401158.69,37324096.74,6442376.12,1406681.04,0.0,https://eleos.org/docs/FIN_NGO_00024_FY2023-24.pdf,Verified
FIN_NGO_00024_FY2022-23,NGO_00024,FY2022-23,Audited Financial Statement,Public Repository,Clean,"M/s R. K. Sharma & Associates, Chartered Accountants",21434705.87,11352392.29,7321282.06,2761031.52,0.0,21434705.87,20117802.49,15788530.33,1973416.93,900982.81,1919434.41,0.0,0.0,-464561.99,3387487.53,39760525.25,12345256.86,1316903.38,0.0,https://eleos.org/docs/FIN_NGO_00024_FY2022-23.pdf,Verified
FIN_NGO_00025_FY2025-26,NGO_00025,FY2025-26,Audited Financial Statement,NGO Website,Clean,"M/s K. Mehta & Co., Chartered Accountants",34158646.28,20706682.76,8722684.65,4729278.87,5422947.51,28735698.77,33429802.77,26427571.17,2265176.67,854246.17,2525026.2,407334.77,814669.54,135778.25,8454137.69,46052379.42,15778417.26,728843.51,0.0,https://eleos.org/docs/FIN_NGO_00025_FY2025-26.pdf,Verified
FIN_NGO_00025_FY2024-25,NGO_00025,FY2024-25,Audited Financial Statement,NGO Website,Clean,"M/s Sen & Dasgupta, Chartered Accountants",34612274.6,17178667.62,7604378.31,9829228.67,6375113.41,28237161.19,32342038.08,25897119.1,3041883.76,728865.49,3168063.82,0.0,0.0,-493894.09,11199142.3,40457577.57,8317894.97,2270236.52,0.0,https://eleos.org/docs/FIN_NGO_00025_FY2024-25.pdf,Verified
FIN_NGO_00025_FY2023-24,NGO_00025,FY2023-24,Audited Financial Statement,NGO Website,Clean,"M/s Sen & Dasgupta, Chartered Accountants",37178975.86,17436119.28,14281640.3,5461216.28,6522143.8,30656832.06,36326875.22,25578137.85,2201682.86,629246.17,2118685.08,1739736.98,3479473.95,579912.33,14727366.93,43123110.63,6095891.09,852100.64,0.0,https://eleos.org/docs/FIN_NGO_00025_FY2023-24.pdf,Verified
FIN_NGO_00026_FY2025-26,NGO_00026,FY2025-26,Audited Financial Statement,Public Repository,Clean,"M/s R. K. Sharma & Associates, Chartered Accountants",3077310.11,1384392.26,1337552.17,355365.68,0.0,3077310.11,2956801.34,2451563.01,350477.42,87457.3,238241.53,0.0,0.0,-170937.92,840791.82,5213773.83,1228352.17,120508.77,0.0,https://eleos.org/docs/FIN_NGO_00026_FY2025-26.pdf,Verified
FIN_NGO_00026_FY2024-25,NGO_00026,FY2024-25,Audited Financial Statement,Public Repository,Clean,"M/s K. Mehta & Co., Chartered Accountants",2969685.12,1930060.58,858226.04,181398.5,0.0,2969685.12,2974576.45,2492448.54,270456.25,98988.61,206086.6,0.0,0.0,-93403.55,1706168.46,4873118.62,1908532.97,-4891.33,0.0,https://eleos.org/docs/FIN_NGO_00026_FY2024-25.pdf,Verified
FIN_NGO_00026_FY2023-24,NGO_00026,FY2023-24,Audited Financial Statement,Public Repository,Clean,"M/s R. K. Sharma & Associates, Chartered Accountants",2502847.79,1411029.96,531478.5,560339.33,0.0,2502847.79,2320855.02,1757666.5,160293.64,100107.17,130228.3,51767.82,103535.65,17255.94,1018778.35,5374951.02,1320095.34,181992.77,0.0,https://eleos.org/docs/FIN_NGO_00026_FY2023-24.pdf,Verified
FIN_NGO_00027_FY2025-26,NGO_00027,FY2025-26,Audited Financial Statement,NGO Website,Clean,"M/s Sen & Dasgupta, Chartered Accountants",9644068.99,6924033.11,2231137.27,488898.61,0.0,9644068.99,8653063.86,6573119.08,601838.08,134992.34,811619.12,159448.57,318897.14,53149.53,4456367.47,7374798.24,1687476.42,991005.13,0.0,https://eleos.org/docs/FIN_NGO_00027_FY2025-26.pdf,Verified
FIN_NGO_00027_FY2024-25,NGO_00027,FY2024-25,Audited Financial Statement,NGO Website,Clean,"M/s R. K. Sharma & Associates, Chartered Accountants",8200636.73,4685504.75,2601135.37,913996.61,0.0,8200636.73,7972468.38,6293201.52,957551.4,350116.4,649186.66,0.0,0.0,-277587.6,2398315.14,7627458.64,1928654.55,228168.35,0.0,https://eleos.org/docs/FIN_NGO_00027_FY2024-25.pdf,Verified
FIN_NGO_00027_FY2023-24,NGO_00027,FY2023-24,Audited Financial Statement,Public Repository,Clean,"M/s Iyer, Natarajan & Co., Chartered Accountants",9038484.11,6033289.49,1750547.05,1254647.57,0.0,9038484.11,9078447.17,6803927.6,650900.68,116571.62,710705.69,238902.47,477804.95,79634.16,1416541.94,7389334.26,1440490.09,-39963.06,0.0,https://eleos.org/docs/FIN_NGO_00027_FY2023-24.pdf,Verified
FIN_NGO_00028_FY2025-26,NGO_00028,FY2025-26,Audited Financial Statement,Public Repository,Clean,"M/s Sen & Dasgupta, Chartered Accountants",30949325.36,20002919.91,4658590.68,6287814.77,0.0,30949325.36,31222661.02,26057309.55,1595663.02,766799.2,1335046.38,440352.86,880705.72,146784.29,7477217.44,10927553.22,1208686.52,-273335.66,0.0,https://eleos.org/docs/FIN_NGO_00028_FY2025-26.pdf,Verified
FIN_NGO_00028_FY2024-25,NGO_00028,FY2024-25,Audited Financial Statement,Public Repository,Unknown,"M/s R. K. Sharma & Associates, Chartered Accountants",30050957.73,14386018.7,9151941.48,6512997.55,0.0,30050957.73,28556996.36,23121224.24,2125017.94,711421.22,1275733.1,397079.95,794159.91,132360.0,17161912.51,9364575.16,3196142.67,1493961.37,0.0,https://eleos.org/docs/FIN_NGO_00028_FY2024-25.pdf,Extracted
FIN_NGO_00028_FY2023-24,NGO_00028,FY2023-24,Audited Financial Statement,Public Repository,Clean,"M/s K. Mehta & Co., Chartered Accountants",34129378.92,23768139.48,9174108.4,1187131.04,0.0,34129378.92,31427127.76,23128027.83,1815692.78,778034.31,2118338.34,1076110.35,2152220.7,358703.45,17041473.44,10485743.18,1811676.35,2702251.16,0.0,https://eleos.org/docs/FIN_NGO_00028_FY2023-24.pdf,Verified
FIN_NGO_00029_FY2025-26,NGO_00029,FY2025-26,Audited Financial Statement,Public Repository,Clean,"M/s R. K. Sharma & Associates, Chartered Accountants",112290867.68,57099657.5,18720767.88,36470442.3,0.0,112290867.68,112250912.64,82368746.25,13897568.34,5397457.65,5661045.2,1477828.56,2955657.12,492609.52,48040795.46,78630785.73,10097575.46,39955.04,0.0,https://eleos.org/docs/FIN_NGO_00029_FY2025-26.pdf,Verified
FIN_NGO_00029_FY2024-25,NGO_00029,FY2024-25,Audited Financial Statement,NGO Website,Clean,"M/s Sen & Dasgupta, Chartered Accountants",92561866.68,63140978.57,29150042.11,270846.0,0.0,92561866.68,89808697.46,63183000.01,11148008.16,3162335.05,5598169.89,2015155.3,4030310.61,671718.44,39620175.67,74095217.73,25475723.59,2753169.22,0.0,https://eleos.org/docs/FIN_NGO_00029_FY2024-25.pdf,Verified
FIN_NGO_00030_FY2025-26,NGO_00030,FY2025-26,Audited Financial Statement,Public Repository,Clean,"M/s K. Mehta & Co., Chartered Accountants",20481535.39,13450979.39,7028995.42,1560.58,0.0,20481535.39,20364379.42,17417987.19,1201744.6,420750.07,1617173.36,0.0,0.0,-293275.8,12394366.98,20622732.76,8226771.36,117155.97,0.0,https://eleos.org/docs/FIN_NGO_00030_FY2025-26.pdf,Verified
FIN_NGO_00030_FY2024-25,NGO_00030,FY2024-25,Audited Financial Statement,NGO Website,Clean,"M/s V. Raman & Co., Chartered Accountants",19658835.28,14234616.88,5403281.33,20937.07,0.0,19658835.28,18287231.24,13007125.42,1303689.44,722788.26,1080414.41,651964.11,1303928.23,217321.37,8152104.75,23553900.29,4840435.91,1371604.04,0.0,https://eleos.org/docs/FIN_NGO_00030_FY2024-25.pdf,Verified
FIN_NGO_00030_FY2023-24,NGO_00030,FY2023-24,Audited Financial Statement,Public Repository,Clean,"M/s Deshmukh & Associates, Chartered Accountants",22041699.66,14859642.5,7067285.78,114771.38,0.0,22041699.66,21253329.56,16526215.61,1398471.4,260283.56,898544.54,650944.34,1301888.67,216981.44,3399767.5,22533317.57,4495851.98,788370.1,0.0,https://eleos.org/docs/FIN_NGO_00030_FY2023-24.pdf,Verified
FIN_NGO_00030_FY2022-23,NGO_00030,FY2022-23,Audited Financial Statement,Public Repository,Clean,"M/s Iyer, Natarajan & Co., Chartered Accountants",23763102.35,17050318.58,6222540.49,490243.28,0.0,23763102.35,23487719.12,17339714.36,1220707.51,1096617.32,1766195.46,619345.34,1238690.68,206448.45,13464110.53,24265555.38,9419103.0,275383.23,0.0,https://eleos.org/docs/FIN_NGO_00030_FY2022-23.pdf,Verified
FIN_NGO_00031_FY2025-26,NGO_00031,FY2025-26,Audited Financial Statement,NGO Website,Clean,"M/s R. K. Sharma & Associates, Chartered Accountants",77931405.61,57650487.38,15205919.05,5074999.18,0.0,77931405.61,71824396.01,56004371.63,9574308.63,2616125.75,5200626.81,0.0,0.0,-1571036.81,14218210.96,87735703.66,23241081.74,6107009.6,0.0,https://eleos.org/docs/FIN_NGO_00031_FY2025-26.pdf,Verified
FIN_NGO_00031_FY2024-25,NGO_00031,FY2024-25,Audited Financial Statement,Public Repository,Clean,"M/s Sen & Dasgupta, Chartered Accountants",75900368.59,35507693.7,30588686.17,9803988.72,0.0,75900368.59,69893128.06,55078496.42,4750687.08,1176531.13,2903650.01,1795129.03,3590258.05,598376.34,13347354.19,95820296.29,18445983.88,6007240.53,0.0,https://eleos.org/docs/FIN_NGO_00031_FY2024-25.pdf,Verified
FIN_NGO_00031_FY2023-24,NGO_00031,FY2023-24,Audited Financial Statement,Public Repository,Clean,"M/s R. K. Sharma & Associates, Chartered Accountants",69479317.55,42156336.43,16971525.79,10351455.33,0.0,69479317.55,65419200.47,48853992.22,5516805.55,770944.15,3349134.43,2078497.24,4156994.48,692832.4,18428615.26,95700330.66,25769608.58,4060117.08,0.0,https://eleos.org/docs/FIN_NGO_00031_FY2023-24.pdf,Verified
FIN_NGO_00032_FY2025-26,NGO_00032,FY2025-26,Audited Financial Statement,Public Repository,Clean,"M/s Sen & Dasgupta, Chartered Accountants",3651854.55,2560524.93,691350.03,399979.59,0.0,3651854.55,3419656.32,2728413.08,347033.88,57751.12,233845.66,15783.77,31567.55,5261.26,1570040.28,4314123.77,951333.19,232198.23,0.0,https://eleos.org/docs/FIN_NGO_00032_FY2025-26.pdf,Verified
FIN_NGO_00033_FY2025-26,NGO_00033,FY2025-26,Audited Financial Statement,NGO Website,Clean,"M/s V. Raman & Co., Chartered Accountants",727516.77,354809.64,329915.97,42791.16,0.0,727516.77,645271.83,468827.92,80515.93,7161.24,29310.51,17836.87,35673.73,5945.63,372264.2,596609.84,98020.36,82244.94,0.0,https://eleos.org/docs/FIN_NGO_00033_FY2025-26.pdf,Verified
FIN_NGO_00033_FY2024-25,NGO_00033,FY2024-25,Audited Financial Statement,NGO Website,Clean,"M/s Sen & Dasgupta, Chartered Accountants",667038.37,342726.23,104552.62,219759.52,0.0,667038.37,647448.8,531202.38,77099.2,30080.87,26243.61,0.0,0.0,-17177.26,291721.64,509447.04,89518.57,19589.57,0.0,https://eleos.org/docs/FIN_NGO_00033_FY2024-25.pdf,Verified
FIN_NGO_00034_FY2025-26,NGO_00034,FY2025-26,Audited Financial Statement,Public Repository,Clean,"M/s Gupta & Aggarwal, Chartered Accountants",26408084.08,16155775.47,5359430.79,4892877.82,0.0,26408084.08,24613272.91,17726455.19,3161055.59,1119257.62,1605483.28,300306.37,600612.74,100102.12,10898396.6,44701243.94,6049617.88,1794811.17,0.0,https://eleos.org/docs/FIN_NGO_00034_FY2025-26.pdf,Verified
FIN_NGO_00034_FY2024-25,NGO_00034,FY2024-25,Audited Financial Statement,Public Repository,Clean,"M/s Iyer, Natarajan & Co., Chartered Accountants",30632013.67,11593797.36,17441151.11,1597065.2,0.0,30632013.67,27188015.81,20937108.37,3482099.63,596348.2,1710130.36,138698.78,277397.55,46232.92,15690744.56,41761884.03,6685617.3,3443997.86,0.0,https://eleos.org/docs/FIN_NGO_00034_FY2024-25.pdf,Verified
FIN_NGO_00034_FY2023-24,NGO_00034,FY2023-24,Audited Financial Statement,NGO Website,Clean,"M/s K. Mehta & Co., Chartered Accountants",26697659.12,18553740.5,4751194.19,3392724.43,0.0,26697659.12,23710775.81,16468226.01,1895359.99,534359.39,2352071.55,738227.66,1476455.32,246075.89,8915882.75,42410435.52,14082922.94,2986883.31,0.0,https://eleos.org/docs/FIN_NGO_00034_FY2023-24.pdf,Verified
FIN_NGO_00034_FY2022-23,NGO_00034,FY2022-23,Audited Financial Statement,Public Repository,Clean,"M/s V. Raman & Co., Chartered Accountants",29230863.84,11260212.16,12732964.89,5237686.79,0.0,29230863.84,25877544.29,20547488.46,2233372.15,655546.95,2533920.61,0.0,0.0,-92783.88,6461807.2,43884810.53,4573812.56,3353319.55,0.0,https://eleos.org/docs/FIN_NGO_00034_FY2022-23.pdf,Verified
FIN_NGO_00035_FY2025-26,NGO_00035,FY2025-26,Audited Financial Statement,NGO Website,Clean,"M/s R. K. Sharma & Associates, Chartered Accountants",31726583.05,19926731.13,9196924.17,2602927.75,0.0,31726583.05,30609452.22,22473489.26,3353259.73,636648.63,2441072.53,511494.62,1022989.24,170498.21,6690667.98,9360526.77,1230668.43,1117130.83,0.0,https://eleos.org/docs/FIN_NGO_00035_FY2025-26.pdf,Verified
FIN_NGO_00035_FY2024-25,NGO_00035,FY2024-25,Audited Financial Statement,Public Repository,Clean,"M/s V. Raman & Co., Chartered Accountants",34978990.05,19206810.41,11656794.21,4115385.43,0.0,34978990.05,32788111.52,26887320.5,4093100.42,797304.36,3225929.94,0.0,0.0,-2215543.7,7547390.45,8864437.53,3307383.59,2190878.53,0.0,https://eleos.org/docs/FIN_NGO_00035_FY2024-25.pdf,Verified
FIN_NGO_00035_FY2023-24,NGO_00035,FY2023-24,Audited Financial Statement,Public Repository,Clean,"M/s Deshmukh & Associates, Chartered Accountants",28717249.92,17766020.08,10332574.16,618655.68,0.0,28717249.92,27328447.78,22691952.24,3011922.17,371757.26,1337691.16,0.0,0.0,-84875.05,13986202.43,8079780.28,1428243.62,1388802.14,0.0,https://eleos.org/docs/FIN_NGO_00035_FY2023-24.pdf,Verified
FIN_NGO_00036_FY2025-26,NGO_00036,FY2025-26,Audited Financial Statement,NGO Website,Clean,"M/s Deshmukh & Associates, Chartered Accountants",15079321.37,10338581.91,3645944.94,1094794.52,0.0,15079321.37,15061804.94,12920053.82,827058.02,245162.43,1183916.96,0.0,0.0,-114386.29,8674629.3,28001973.21,3429109.68,17516.43,0.0,https://eleos.org/docs/FIN_NGO_00036_FY2025-26.pdf,Verified
FIN_NGO_00036_FY2024-25,NGO_00036,FY2024-25,Audited Financial Statement,Public Repository,Clean,"M/s R. K. Sharma & Associates, Chartered Accountants",12638375.18,5549290.75,5236714.2,1852370.23,0.0,12638375.18,11914623.48,8966824.8,847725.46,501015.3,804781.29,238282.99,476565.98,79427.66,6890162.56,25799393.9,3498708.84,723751.7,0.0,https://eleos.org/docs/FIN_NGO_00036_FY2024-25.pdf,Verified
FIN_NGO_00036_FY2023-24,NGO_00036,FY2023-24,Audited Financial Statement,Public Repository,Clean,"M/s K. Mehta & Co., Chartered Accountants",12199043.49,4444511.34,5083088.74,2671443.41,0.0,12199043.49,12255348.49,10155560.91,1486089.63,435083.56,1198453.9,0.0,0.0,-1019839.51,5284093.09,26881669.9,6367256.23,-56305.0,0.0,https://eleos.org/docs/FIN_NGO_00036_FY2023-24.pdf,Verified
FIN_NGO_00037_FY2025-26,NGO_00037,FY2025-26,Audited Financial Statement,Public Repository,Clean,"M/s Sen & Dasgupta, Chartered Accountants",46452304.13,34162762.47,12132507.19,157034.47,0.0,46452304.13,45745288.97,34835596.88,2836366.41,1738347.12,2962681.21,1011689.2,2023378.4,337229.75,13698727.21,23365943.98,8369967.69,707015.16,0.0,https://eleos.org/docs/FIN_NGO_00037_FY2025-26.pdf,Verified
FIN_NGO_00041_FY2025-26,NGO_00041,FY2025-26,Audited Financial Statement,Public Repository,Clean,"M/s Gupta & Aggarwal, Chartered Accountants",4676214.88,1891774.81,1515872.81,1268567.26,0.0,4676214.88,4558469.97,3754115.32,451813.67,71855.26,444943.39,0.0,0.0,-164257.67,2767376.27,1831380.31,583839.23,117744.91,0.0,https://eleos.org/docs/FIN_NGO_00041_FY2025-26.pdf,Verified
FIN_NGO_00041_FY2024-25,NGO_00041,FY2024-25,Audited Financial Statement,Public Repository,Clean,"M/s V. Raman & Co., Chartered Accountants",5307111.53,2157603.79,894377.35,2255130.39,0.0,5307111.53,4826326.52,3779444.88,412493.35,64697.27,351605.26,65425.73,130851.46,21808.57,2513141.78,1807487.78,295562.36,480785.01,0.0,https://eleos.org/docs/FIN_NGO_00041_FY2024-25.pdf,Verified
FIN_NGO_00041_FY2023-24,NGO_00041,FY2023-24,Audited Financial Statement,NGO Website,Clean,"M/s R. K. Sharma & Associates, Chartered Accountants",4659344.44,2042261.43,2300100.41,316982.6,0.0,4659344.44,4655590.32,3328648.0,308769.08,205265.19,409596.99,120993.32,241986.64,40331.1,2868704.61,1900310.52,452995.19,3754.12,0.0,https://eleos.org/docs/FIN_NGO_00041_FY2023-24.pdf,Verified
FIN_NGO_00042_FY2025-26,NGO_00042,FY2025-26,Audited Financial Statement,NGO Website,Qualified,"M/s V. Raman & Co., Chartered Accountants",37995207.22,20080017.82,7887702.23,10027487.17,0.0,37995207.22,36007696.1,13176704.23,19527217.54,3125323.65,3542681.2,0.0,0.0,-3364230.52,11860854.78,23867370.77,5878357.86,1987511.12,390905.63,https://eleos.org/docs/FIN_NGO_00042_FY2025-26.pdf,Extracted
FIN_NGO_00042_FY2024-25,NGO_00042,FY2024-25,Audited Financial Statement,NGO Website,Clean,"M/s Gupta & Aggarwal, Chartered Accountants",33984382.49,24233938.16,6778483.01,2971961.32,0.0,33984382.49,31448126.51,24043393.45,2859197.95,1547989.73,1345547.32,495599.42,991198.84,165199.8,15782812.33,25397661.13,8861095.31,2536255.98,673090.64,https://eleos.org/docs/FIN_NGO_00042_FY2024-25.pdf,Verified
FIN_NGO_00042_FY2023-24,NGO_00042,FY2023-24,Audited Financial Statement,Public Repository,Clean,"M/s R. K. Sharma & Associates, Chartered Accountants",32475389.08,16283400.62,11524232.34,4667756.12,0.0,32475389.08,29591765.99,24906821.01,1686889.64,1447243.44,1630363.81,0.0,0.0,-79551.91,10443558.64,26894114.44,5473213.08,2883623.09,592922.51,https://eleos.org/docs/FIN_NGO_00042_FY2023-24.pdf,Verified
FIN_NGO_00043_FY2025-26,NGO_00043,FY2025-26,Audited Financial Statement,NGO Website,Clean,"M/s K. Mehta & Co., Chartered Accountants",3585160.24,2123147.69,701754.45,760258.1,0.0,3585160.24,3532578.99,2975454.12,367329.02,110418.52,327346.99,0.0,0.0,-247969.66,694487.31,6199401.59,2297469.88,52581.25,0.0,https://eleos.org/docs/FIN_NGO_00043_FY2025-26.pdf,Verified
FIN_NGO_00044_FY2025-26,NGO_00044,FY2025-26,Audited Financial Statement,NGO Website,Clean,"M/s Iyer, Natarajan & Co., Chartered Accountants",39838751.79,16505003.79,22718760.72,614987.28,0.0,39838751.79,37486386.67,25526441.75,2181631.7,1763152.39,1826325.74,1856650.53,3713301.05,618883.51,6824030.38,31489805.09,3905111.22,2352365.12,0.0,https://eleos.org/docs/FIN_NGO_00044_FY2025-26.pdf,Verified
FIN_NGO_00044_FY2024-25,NGO_00044,FY2024-25,Audited Financial Statement,NGO Website,Clean,"M/s Gupta & Aggarwal, Chartered Accountants",41473240.67,23158749.55,14826794.8,3487696.32,0.0,41473240.67,39045234.87,30749881.9,5275574.54,1390465.34,3483370.81,0.0,0.0,-1854057.72,9794638.57,34391609.63,11733487.69,2428005.8,0.0,https://eleos.org/docs/FIN_NGO_00044_FY2024-25.pdf,Verified
FIN_NGO_00046_FY2025-26,NGO_00046,FY2025-26,Audited Financial Statement,Public Repository,Clean,"M/s Iyer, Natarajan & Co., Chartered Accountants",22074260.16,13913076.18,5116857.45,3044326.53,0.0,22074260.16,21205085.77,17680348.76,1593915.43,323283.55,1077077.42,159138.18,318276.37,53046.06,5604151.63,7335086.6,1327538.68,869174.39,0.0,https://eleos.org/docs/FIN_NGO_00046_FY2025-26.pdf,Verified
FIN_NGO_00046_FY2024-25,NGO_00046,FY2024-25,Audited Financial Statement,NGO Website,Clean,"M/s K. Mehta & Co., Chartered Accountants",19658955.47,13171794.72,5562039.4,925121.35,0.0,19658955.47,19758387.66,15117886.59,1005243.66,303861.62,1290049.63,612403.85,1224807.69,204134.62,9194091.34,8027335.62,1563068.14,-99432.19,0.0,https://eleos.org/docs/FIN_NGO_00046_FY2024-25.pdf,Verified
FIN_NGO_00046_FY2023-24,NGO_00046,FY2023-24,Audited Financial Statement,NGO Website,Qualified,"M/s R. K. Sharma & Associates, Chartered Accountants",20139035.56,10258034.47,7758082.17,2122918.92,0.0,20139035.56,18990701.2,13118900.74,2340482.88,668368.01,1302617.12,468099.73,936199.47,156033.25,6026286.34,7751431.97,2078197.75,1148334.36,0.0,https://eleos.org/docs/FIN_NGO_00046_FY2023-24.pdf,Extracted
FIN_NGO_00046_FY2022-23,NGO_00046,FY2022-23,Audited Financial Statement,Public Repository,Clean,"M/s R. K. Sharma & Associates, Chartered Accountants",19499297.46,9563161.27,7689635.19,2246501.0,0.0,19499297.46,19832974.09,15648289.66,2021314.01,625483.02,1566644.88,0.0,0.0,-28757.48,5797264.92,7694229.85,1947666.24,-333676.63,0.0,https://eleos.org/docs/FIN_NGO_00046_FY2022-23.pdf,Verified
FIN_NGO_00046_FY2021-22,NGO_00046,FY2021-22,Audited Financial Statement,NGO Website,Clean,"M/s Deshmukh & Associates, Chartered Accountants",18664445.95,8671677.61,7343636.77,2649131.57,0.0,18664445.95,18074244.01,12761730.28,1176304.3,424663.99,1598902.37,633792.92,1267585.84,211264.31,7877095.1,8529513.35,1035510.42,590201.94,0.0,https://eleos.org/docs/FIN_NGO_00046_FY2021-22.pdf,Verified
FIN_NGO_00047_FY2025-26,NGO_00047,FY2025-26,Audited Financial Statement,NGO Website,Clean,"M/s Gupta & Aggarwal, Chartered Accountants",181131909.92,110378673.4,50353752.82,20399483.7,41777460.53,139354449.39,170942881.67,122025885.91,9600452.37,2464014.12,8239009.62,8584055.9,17168111.79,2861351.96,64340099.98,113005270.78,27979969.91,10189028.25,0.0,https://eleos.org/docs/FIN_NGO_00047_FY2025-26.pdf,Verified
FIN_NGO_00047_FY2024-25,NGO_00047,FY2024-25,Audited Financial Statement,Public Repository,Clean,"M/s R. K. Sharma & Associates, Chartered Accountants",149971265.58,110818723.49,27194830.01,11957712.08,28121376.09,121849889.49,136534789.79,103618299.23,6927552.41,1445766.05,6200293.16,5502863.68,11005727.36,1834287.9,49169115.15,114857796.47,28659171.13,13436475.79,0.0,https://eleos.org/docs/FIN_NGO_00047_FY2024-25.pdf,Verified
FIN_NGO_00047_FY2023-24,NGO_00047,FY2023-24,Audited Financial Statement,NGO Website,Clean,"M/s K. Mehta & Co., Chartered Accountants",140806448.49,96792960.39,42906498.32,1106989.78,23488135.35,117318313.14,140498856.85,115155325.17,7927594.96,2485100.47,9583259.35,1604273.07,3208546.14,534757.69,78486224.77,115781893.68,15814471.35,307591.64,0.0,https://eleos.org/docs/FIN_NGO_00047_FY2023-24.pdf,Verified
FIN_NGO_00047_FY2022-23,NGO_00047,FY2022-23,Audited Financial Statement,Public Repository,Clean,"M/s Gupta & Aggarwal, Chartered Accountants",164882942.71,74010161.71,90511351.11,361429.89,34584850.65,130298092.06,154079353.02,125167610.51,9006928.51,2825489.5,12320257.95,1427719.97,2855439.93,475906.65,97163510.6,118127913.26,17433722.73,10803589.69,0.0,https://eleos.org/docs/FIN_NGO_00047_FY2022-23.pdf,Verified
FIN_NGO_00048_FY2025-26,NGO_00048,FY2025-26,Audited Financial Statement,Public Repository,Clean,"M/s Iyer, Natarajan & Co., Chartered Accountants",3290887.91,1691259.07,849790.39,749838.45,0.0,3290887.91,2978284.6,2076835.68,325527.08,141504.2,126954.25,92239.01,184478.03,30746.35,493313.76,2162336.91,340535.61,312603.31,0.0,https://eleos.org/docs/FIN_NGO_00048_FY2025-26.pdf,Verified
FIN_NGO_00048_FY2024-25,NGO_00048,FY2024-25,Audited Financial Statement,Public Repository,Clean,"M/s R. K. Sharma & Associates, Chartered Accountants",3477980.33,1948811.66,1228251.02,300917.65,0.0,3477980.33,3513558.49,2551085.67,291526.49,45096.38,268285.55,107269.32,214538.64,35756.44,893740.52,2342733.03,859619.49,-35578.16,0.0,https://eleos.org/docs/FIN_NGO_00048_FY2024-25.pdf,Verified
FIN_NGO_00048_FY2023-24,NGO_00048,FY2023-24,Audited Financial Statement,Public Repository,Clean,"M/s R. K. Sharma & Associates, Chartered Accountants",3303849.6,2138882.42,1091622.56,73344.62,0.0,3303849.6,3152080.38,2609811.52,382922.48,109305.74,137109.2,0.0,0.0,-87068.56,1630098.9,2503745.18,308913.61,151769.22,0.0,https://eleos.org/docs/FIN_NGO_00048_FY2023-24.pdf,Verified
FIN_NGO_00048_FY2022-23,NGO_00048,FY2022-23,Audited Financial Statement,Public Repository,Clean,"M/s Sen & Dasgupta, Chartered Accountants",3571665.91,2009649.33,730186.8,831829.78,0.0,3571665.91,3517688.07,2725204.18,254640.77,60349.16,272689.43,61441.36,122882.72,20480.45,1257898.17,2161613.64,630299.06,53977.84,0.0,https://eleos.org/docs/FIN_NGO_00048_FY2022-23.pdf,Verified
FIN_NGO_00049_FY2025-26,NGO_00049,FY2025-26,Audited Financial Statement,Public Repository,Clean,"M/s Deshmukh & Associates, Chartered Accountants",9291382.41,6709292.68,1536955.6,1045134.13,0.0,9291382.41,9000972.77,7368828.27,1055733.81,424361.0,818806.7,0.0,0.0,-666757.01,4195324.7,10389031.31,2673253.65,290409.64,0.0,https://eleos.org/docs/FIN_NGO_00049_FY2025-26.pdf,Verified
FIN_NGO_00049_FY2024-25,NGO_00049,FY2024-25,Audited Financial Statement,NGO Website,Clean,"M/s Gupta & Aggarwal, Chartered Accountants",9299415.55,4076109.31,1588322.08,3634984.16,0.0,9299415.55,8840601.99,7175776.45,754628.87,298859.09,589995.03,6402.77,12805.53,2134.25,2307775.62,10926615.68,2385244.38,458813.56,0.0,https://eleos.org/docs/FIN_NGO_00049_FY2024-25.pdf,Verified
FIN_NGO_00050_FY2025-26,NGO_00050,FY2025-26,Audited Financial Statement,Public Repository,Clean,"M/s Deshmukh & Associates, Chartered Accountants",4246001.4,2418182.81,1378892.37,448926.22,0.0,4246001.4,4275068.0,3670634.87,481186.28,107151.44,342414.29,0.0,0.0,-326318.88,1767311.17,2666496.92,314734.67,-29066.6,0.0,https://eleos.org/docs/FIN_NGO_00050_FY2025-26.pdf,Verified
FIN_NGO_00050_FY2024-25,NGO_00050,FY2024-25,Audited Financial Statement,NGO Website,Clean,"M/s Sen & Dasgupta, Chartered Accountants",3562865.16,2180128.41,541499.71,841237.04,0.0,3562865.16,3566426.31,2674663.26,265406.08,129832.24,324990.51,51460.27,102920.53,17153.42,568984.66,3009634.07,887310.38,-3561.15,0.0,https://eleos.org/docs/FIN_NGO_00050_FY2024-25.pdf,Verified
FIN_NGO_00050_FY2023-24,NGO_00050,FY2023-24,Audited Financial Statement,NGO Website,Clean,"M/s V. Raman & Co., Chartered Accountants",3049304.29,1452025.0,1445415.72,151863.57,0.0,3049304.29,3078848.99,2388204.41,205598.04,87191.31,215639.66,54664.67,109329.35,18221.55,494907.21,2661975.13,688984.67,-29544.7,0.0,https://eleos.org/docs/FIN_NGO_00050_FY2023-24.pdf,Verified
FIN_NGO_00050_FY2022-23,NGO_00050,FY2022-23,Audited Financial Statement,Public Repository,Unknown,"M/s Deshmukh & Associates, Chartered Accountants",2520597.62,1572158.6,580779.34,367659.68,0.0,2520597.62,2240008.11,1645103.88,312793.61,47118.86,221123.0,4160.63,8321.25,1386.88,624603.15,2740352.22,1096101.26,280589.51,0.0,https://eleos.org/docs/FIN_NGO_00050_FY2022-23.pdf,Extracted
FIN_NGO_00051_FY2025-26,NGO_00051,FY2025-26,Audited Financial Statement,Public Repository,Qualified,"M/s Gupta & Aggarwal, Chartered Accountants",21166760.05,9324153.04,6716498.55,5126108.46,0.0,21166760.05,20616159.12,17614172.46,2747910.48,389690.11,2000012.41,0.0,0.0,-2135626.34,5183248.51,25911322.68,3967631.4,550600.93,0.0,https://eleos.org/docs/FIN_NGO_00051_FY2025-26.pdf,Extracted
FIN_NGO_00051_FY2024-25,NGO_00051,FY2024-25,Audited Financial Statement,Public Repository,Clean,"M/s Sen & Dasgupta, Chartered Accountants",21090124.6,10122379.31,6734303.0,4233442.29,0.0,21090124.6,19682409.05,14258352.24,1701308.25,775748.13,836690.87,633092.87,1266185.73,211030.96,6031649.57,28152641.88,9085993.67,1407715.55,0.0,https://eleos.org/docs/FIN_NGO_00051_FY2024-25.pdf,Verified
FIN_NGO_00051_FY2023-24,NGO_00051,FY2023-24,Audited Financial Statement,NGO Website,Clean,"M/s Deshmukh & Associates, Chartered Accountants",23268547.83,12989891.05,6555977.26,3722679.52,0.0,23268547.83,21765063.82,18040230.37,1171339.85,669234.49,2171069.08,0.0,0.0,-286809.97,11265271.44,27856305.93,7098845.43,1503484.01,0.0,https://eleos.org/docs/FIN_NGO_00051_FY2023-24.pdf,Verified
FIN_NGO_00052_FY2025-26,NGO_00052,FY2025-26,Audited Financial Statement,NGO Website,Clean,"M/s Sen & Dasgupta, Chartered Accountants",27206005.83,10054456.1,6018705.19,11132844.54,0.0,27206005.83,27133148.72,21641123.69,1446329.63,995240.14,2475350.57,172531.4,345062.81,57510.48,8118801.74,16132837.18,1850588.22,72857.11,0.0,https://eleos.org/docs/FIN_NGO_00052_FY2025-26.pdf,Verified
FIN_NGO_00052_FY2024-25,NGO_00052,FY2024-25,Audited Financial Statement,Public Repository,Clean,"M/s K. Mehta & Co., Chartered Accountants",25094193.93,15417116.02,7902287.49,1774790.42,0.0,25094193.93,23348300.79,18281973.22,2348744.45,933310.79,2287610.38,0.0,0.0,-503338.05,3920647.17,15680814.32,3086714.28,1745893.14,0.0,https://eleos.org/docs/FIN_NGO_00052_FY2024-25.pdf,Verified
FIN_NGO_00052_FY2023-24,NGO_00052,FY2023-24,Audited Financial Statement,Public Repository,Clean,"M/s R. K. Sharma & Associates, Chartered Accountants",24437644.05,13934061.97,5668017.81,4835564.27,0.0,24437644.05,23300083.19,16408343.62,2621626.32,724215.73,1315641.82,669076.71,1338153.41,223025.58,11601455.07,15215143.44,2020429.1,1137560.86,0.0,https://eleos.org/docs/FIN_NGO_00052_FY2023-24.pdf,Verified
FIN_NGO_00053_FY2025-26,NGO_00053,FY2025-26,Audited Financial Statement,Public Repository,Clean,"M/s Deshmukh & Associates, Chartered Accountants",5842329.37,3379160.4,1494520.79,968648.18,0.0,5842329.37,5398487.12,4249335.65,689999.17,206279.69,459370.29,0.0,0.0,-206497.68,895145.33,6452717.99,1607477.43,443842.25,0.0,https://eleos.org/docs/FIN_NGO_00053_FY2025-26.pdf,Verified
FIN_NGO_00053_FY2024-25,NGO_00053,FY2024-25,Audited Financial Statement,Public Repository,Qualified,"M/s Gupta & Aggarwal, Chartered Accountants",5245303.81,2470156.86,1009950.78,1765196.17,0.0,5245303.81,4634178.02,3806003.68,556106.62,128602.91,439325.78,0.0,0.0,-295860.97,1813500.28,6565892.72,1031262.11,611125.79,0.0,https://eleos.org/docs/FIN_NGO_00053_FY2024-25.pdf,Extracted
FIN_NGO_00053_FY2023-24,NGO_00053,FY2023-24,Audited Financial Statement,NGO Website,Clean,"M/s R. K. Sharma & Associates, Chartered Accountants",4887202.38,2350427.56,2120989.69,415785.13,0.0,4887202.38,4441128.82,3098510.21,614672.71,220763.25,315181.57,57600.32,115200.65,19200.11,747336.59,6418206.26,2306979.7,446073.56,0.0,https://eleos.org/docs/FIN_NGO_00053_FY2023-24.pdf,Verified
FIN_NGO_00054_FY2025-26,NGO_00054,FY2025-26,Audited Financial Statement,Public Repository,Clean,"M/s R. K. Sharma & Associates, Chartered Accountants",40495041.79,20744572.95,15842806.83,3907662.01,0.0,40495041.79,38249044.2,26745897.87,3826950.26,844719.63,1692728.26,1541624.46,3083248.91,513874.81,17031074.59,61859048.99,10708254.08,2245997.59,0.0,https://eleos.org/docs/FIN_NGO_00054_FY2025-26.pdf,Verified
FIN_NGO_00055_FY2025-26,NGO_00055,FY2025-26,Audited Financial Statement,NGO Website,Clean,"M/s Iyer, Natarajan & Co., Chartered Accountants",901793.32,626294.68,256662.94,18835.7,0.0,901793.32,841905.72,608145.05,95303.7,19132.39,53592.43,19719.64,39439.29,6573.22,286906.76,193806.91,57899.09,59887.6,0.0,https://eleos.org/docs/FIN_NGO_00055_FY2025-26.pdf,Verified
FIN_NGO_00055_FY2024-25,NGO_00055,FY2024-25,Audited Financial Statement,NGO Website,Qualified,"M/s V. Raman & Co., Chartered Accountants",1013253.14,500663.73,302443.69,210145.72,0.0,1013253.14,983640.3,719950.69,126443.23,10292.92,46755.32,24059.44,48118.88,8019.82,218366.12,206859.08,61515.34,29612.84,0.0,https://eleos.org/docs/FIN_NGO_00055_FY2024-25.pdf,Extracted
FIN_NGO_00056_FY2025-26,NGO_00056,FY2025-26,Audited Financial Statement,NGO Website,Clean,"M/s Deshmukh & Associates, Chartered Accountants",1285762.31,756308.07,469448.26,60005.98,0.0,1285762.31,1250395.39,1038791.68,147232.2,31668.36,80996.7,0.0,0.0,-48293.55,641452.27,1376431.89,376216.3,35366.92,0.0,https://eleos.org/docs/FIN_NGO_00056_FY2025-26.pdf,Verified
FIN_NGO_00057_FY2025-26,NGO_00057,FY2025-26,Audited Financial Statement,NGO Website,Clean,"M/s Iyer, Natarajan & Co., Chartered Accountants",2350619.45,903941.4,1014170.64,432507.41,0.0,2350619.45,2129350.01,1592056.49,252854.35,89705.26,167951.1,8034.84,16069.69,2678.28,437416.49,2291202.43,431595.14,221269.44,0.0,https://eleos.org/docs/FIN_NGO_00057_FY2025-26.pdf,Verified
FIN_NGO_00058_FY2025-26,NGO_00058,FY2025-26,Audited Financial Statement,Public Repository,Clean,"M/s K. Mehta & Co., Chartered Accountants",28192235.13,16264031.49,11428069.51,500134.13,0.0,28192235.13,28593561.3,21290917.26,3184328.14,1009092.54,1831042.68,383454.21,766908.41,127818.06,5585280.05,48368216.08,18780297.59,-401326.17,0.0,https://eleos.org/docs/FIN_NGO_00058_FY2025-26.pdf,Verified
FIN_NGO_00058_FY2024-25,NGO_00058,FY2024-25,Audited Financial Statement,NGO Website,Clean,"M/s R. K. Sharma & Associates, Chartered Accountants",26060482.67,11238535.94,9959993.54,4861953.19,0.0,26060482.67,23322764.4,19921193.62,2553051.31,597160.47,1351139.53,0.0,0.0,-1099780.53,11531271.29,47905895.41,17512682.55,2737718.27,0.0,https://eleos.org/docs/FIN_NGO_00058_FY2024-25.pdf,Verified
FIN_NGO_00059_FY2025-26,NGO_00059,FY2025-26,Audited Financial Statement,NGO Website,Clean,"M/s V. Raman & Co., Chartered Accountants",222790103.14,140027660.06,60725826.43,22036616.65,0.0,222790103.14,222485179.11,168857133.09,29659676.72,3114506.4,9442701.21,3423348.51,6846697.01,1141116.17,101502355.87,98703916.45,10333223.97,304924.03,0.0,https://eleos.org/docs/FIN_NGO_00059_FY2025-26.pdf,Verified
FIN_NGO_00060_FY2025-26,NGO_00060,FY2025-26,Audited Financial Statement,NGO Website,Clean,"M/s V. Raman & Co., Chartered Accountants",3966490.77,1840554.08,1260439.85,865496.84,0.0,3966490.77,3901671.82,2887912.27,477813.68,45777.14,333610.42,46967.49,93934.99,15655.83,2389503.5,4654979.19,1562432.62,64818.95,0.0,https://eleos.org/docs/FIN_NGO_00060_FY2025-26.pdf,Verified
FIN_NGO_00060_FY2024-25,NGO_00060,FY2024-25,Audited Financial Statement,NGO Website,Clean,"M/s Iyer, Natarajan & Co., Chartered Accountants",4282640.35,2514263.91,1009434.49,758941.95,0.0,4282640.35,3964262.49,2837520.98,439703.03,163165.12,236036.54,86351.05,172702.09,28783.68,789015.36,5214327.07,1882194.22,318377.86,0.0,https://eleos.org/docs/FIN_NGO_00060_FY2024-25.pdf,Verified
FIN_NGO_00060_FY2023-24,NGO_00060,FY2023-24,Audited Financial Statement,NGO Website,Clean,"M/s Gupta & Aggarwal, Chartered Accountants",4413831.38,1640778.88,1582176.17,1190876.33,0.0,4413831.38,4167025.94,2995715.49,436908.58,103923.14,211200.07,125783.6,251567.19,41927.87,1029578.19,4836864.81,875029.28,246805.44,0.0,https://eleos.org/docs/FIN_NGO_00060_FY2023-24.pdf,Verified
FIN_NGO_00060_FY2022-23,NGO_00060,FY2022-23,Audited Financial Statement,Public Repository,Clean,"M/s K. Mehta & Co., Chartered Accountants",3714127.08,1502738.04,1965980.35,245408.69,0.0,3714127.08,3582309.14,2731669.08,234312.1,162838.73,217140.09,70904.74,141809.48,23634.92,1951547.03,5115024.44,1449896.78,131817.94,0.0,https://eleos.org/docs/FIN_NGO_00060_FY2022-23.pdf,Verified
FIN_NGO_00061_FY2025-26,NGO_00061,FY2025-26,Audited Financial Statement,Public Repository,Clean,"M/s Deshmukh & Associates, Chartered Accountants",11238076.16,5266566.97,4912437.18,1059072.01,0.0,11238076.16,10966711.74,8835330.18,1152876.79,200535.72,817170.95,0.0,0.0,-39201.9,5047183.49,14401306.82,5467787.07,271364.42,0.0,https://eleos.org/docs/FIN_NGO_00061_FY2025-26.pdf,Verified
FIN_NGO_00061_FY2024-25,NGO_00061,FY2024-25,Audited Financial Statement,NGO Website,Clean,"M/s Iyer, Natarajan & Co., Chartered Accountants",12807721.25,5051193.86,4054515.83,3702011.56,0.0,12807721.25,11390941.73,9015292.73,944325.05,368515.4,575425.32,146214.97,292429.94,48738.32,5748650.25,14011225.71,5525683.96,1416779.52,0.0,https://eleos.org/docs/FIN_NGO_00061_FY2024-25.pdf,Verified
FIN_NGO_00062_FY2025-26,NGO_00062,FY2025-26,Audited Financial Statement,Public Repository,Qualified,"M/s Gupta & Aggarwal, Chartered Accountants",11906816.01,4872003.42,4139732.64,2895079.95,5270429.51,6636386.5,11759082.7,9125703.54,716529.15,555531.48,487949.16,262010.81,524021.62,87336.94,7336427.34,7505224.73,1101886.93,147733.31,0.0,https://eleos.org/docs/FIN_NGO_00062_FY2025-26.pdf,Extracted
FIN_NGO_00062_FY2024-25,NGO_00062,FY2024-25,Audited Financial Statement,Public Repository,Clean,"M/s V. Raman & Co., Chartered Accountants",11183608.3,7070059.56,2831991.2,1281557.54,2649935.35,8533672.95,10726561.2,9116737.29,1483076.66,170373.61,798309.89,0.0,0.0,-841936.25,6472840.32,6833622.37,2096173.31,457047.1,0.0,https://eleos.org/docs/FIN_NGO_00062_FY2024-25.pdf,Verified
FIN_NGO_00062_FY2023-24,NGO_00062,FY2023-24,Audited Financial Statement,NGO Website,Clean,"M/s K. Mehta & Co., Chartered Accountants",11900287.49,4721444.29,1918785.6,5260057.6,3989649.9,7910637.59,10797380.32,7770503.87,887171.28,370631.4,643329.39,337723.31,675446.63,112574.44,4461660.25,7302615.43,2410801.74,1102907.17,0.0,https://eleos.org/docs/FIN_NGO_00062_FY2023-24.pdf,Verified
FIN_NGO_00062_FY2022-23,NGO_00062,FY2022-23,Audited Financial Statement,NGO Website,Clean,"M/s Deshmukh & Associates, Chartered Accountants",11666624.27,7217243.4,1985857.83,2463523.04,3541243.46,8125380.81,11750420.65,8401562.6,923561.95,560919.1,896611.96,290329.51,580659.03,96776.5,3883895.14,6426877.6,2288876.04,-83796.38,0.0,https://eleos.org/docs/FIN_NGO_00062_FY2022-23.pdf,Verified
FIN_NGO_00063_FY2025-26,NGO_00063,FY2025-26,Audited Financial Statement,NGO Website,Clean,"M/s V. Raman & Co., Chartered Accountants",229667397.02,133818418.67,43422763.46,52426214.89,66216139.96,163451257.06,222564840.65,179118169.11,18286971.55,5440939.82,9608858.57,3032970.48,6065940.96,1010990.16,139676837.49,162724329.13,30510686.3,7102556.37,0.0,https://eleos.org/docs/FIN_NGO_00063_FY2025-26.pdf,Verified
FIN_NGO_00063_FY2024-25,NGO_00063,FY2024-25,Audited Financial Statement,Public Repository,Clean,"M/s R. K. Sharma & Associates, Chartered Accountants",251696927.82,106543057.59,47904705.22,97249165.01,94584824.03,157112103.79,232102353.01,180545044.27,29829767.04,8680323.03,20798533.98,0.0,0.0,-7751315.31,114361903.02,185606318.49,23896817.77,19594574.81,0.0,https://eleos.org/docs/FIN_NGO_00063_FY2024-25.pdf,Verified
FIN_NGO_00063_FY2023-24,NGO_00063,FY2023-24,Audited Financial Statement,Public Repository,Qualified,"M/s Sen & Dasgupta, Chartered Accountants",218800592.57,101209956.46,98840056.07,18750580.04,59863481.4,158937111.17,218017351.58,184391080.82,14099753.95,6570021.72,11570741.75,415726.0,831452.0,138575.34,119376135.36,180966777.22,55537952.69,783240.99,0.0,https://eleos.org/docs/FIN_NGO_00063_FY2023-24.pdf,Extracted
FIN_NGO_00064_FY2025-26,NGO_00064,FY2025-26,Audited Financial Statement,NGO Website,Clean,"M/s Iyer, Natarajan & Co., Chartered Accountants",3764072.09,1955950.15,1204087.66,604034.28,0.0,3764072.09,3586264.33,2701762.56,425068.61,102696.51,211076.1,43698.16,87396.32,14566.07,1427003.3,6143664.27,1145678.98,177807.76,0.0,https://eleos.org/docs/FIN_NGO_00064_FY2025-26.pdf,Verified
FIN_NGO_00064_FY2024-25,NGO_00064,FY2024-25,Audited Financial Statement,Public Repository,Clean,"M/s Sen & Dasgupta, Chartered Accountants",3243350.88,1503113.38,1239231.9,501005.6,0.0,3243350.88,2986096.41,2198248.45,411651.65,96022.81,198985.56,24356.38,48712.77,8118.79,1725016.64,5925701.84,716315.12,257254.47,0.0,https://eleos.org/docs/FIN_NGO_00064_FY2024-25.pdf,Verified
FIN_NGO_00064_FY2023-24,NGO_00064,FY2023-24,Audited Financial Statement,Public Repository,Clean,"M/s V. Raman & Co., Chartered Accountants",3088574.62,1096797.13,1493732.22,498045.27,0.0,3088574.62,2769495.51,2218302.72,237271.76,102639.57,197630.49,4095.29,8190.58,1365.1,962138.61,6565504.95,2582024.38,319079.11,0.0,https://eleos.org/docs/FIN_NGO_00064_FY2023-24.pdf,Verified
FIN_NGO_00064_FY2022-23,NGO_00064,FY2022-23,Audited Financial Statement,Public Repository,Clean,"M/s Sen & Dasgupta, Chartered Accountants",2604581.84,1927606.74,487633.39,189341.71,0.0,2604581.84,2556470.19,2012179.66,355757.16,111268.74,121089.08,0.0,0.0,-43824.45,739482.44,6588830.57,1809132.02,48111.65,0.0,https://eleos.org/docs/FIN_NGO_00064_FY2022-23.pdf,Verified
FIN_NGO_00064_FY2021-22,NGO_00064,FY2021-22,Audited Financial Statement,NGO Website,Qualified,"M/s Sen & Dasgupta, Chartered Accountants",3020171.58,1487250.04,1172967.44,359954.1,0.0,3020171.58,2849981.48,2425405.45,395797.13,45300.35,201450.57,0.0,0.0,-217972.02,601616.93,6305546.0,1067191.83,170190.1,0.0,https://eleos.org/docs/FIN_NGO_00064_FY2021-22.pdf,Extracted
FIN_NGO_00065_FY2025-26,NGO_00065,FY2025-26,Audited Financial Statement,Public Repository,Clean,"M/s Deshmukh & Associates, Chartered Accountants",26935471.7,17685515.76,5522136.57,3727819.37,0.0,26935471.7,26756013.58,18489912.15,2759660.92,659707.07,1276044.69,1071206.62,2142413.25,357068.88,11825716.24,10636853.7,3058583.67,179458.12,0.0,https://eleos.org/docs/FIN_NGO_00065_FY2025-26.pdf,Verified
FIN_NGO_00065_FY2024-25,NGO_00065,FY2024-25,Audited Financial Statement,Public Repository,Clean,"M/s Iyer, Natarajan & Co., Chartered Accountants",26081473.33,9717427.48,6953316.32,9410729.53,0.0,26081473.33,26124549.35,18867984.9,2040038.83,980183.96,1178125.85,917464.75,1834929.49,305821.57,5413937.92,9433984.46,2467223.2,-43076.02,0.0,https://eleos.org/docs/FIN_NGO_00065_FY2024-25.pdf,Verified
FIN_NGO_00065_FY2023-24,NGO_00065,FY2023-24,Audited Financial Statement,NGO Website,Clean,"M/s Gupta & Aggarwal, Chartered Accountants",26720411.68,18986560.95,5001427.46,2732423.27,0.0,26720411.68,24974021.97,20110893.75,2570302.14,627085.3,2476071.56,0.0,0.0,-810330.78,10895399.64,10723990.96,1394301.19,1746389.71,0.0,https://eleos.org/docs/FIN_NGO_00065_FY2023-24.pdf,Verified
FIN_NGO_00065_FY2022-23,NGO_00065,FY2022-23,Audited Financial Statement,NGO Website,Clean,"M/s Gupta & Aggarwal, Chartered Accountants",29716426.72,18333698.7,5611401.48,5771326.54,0.0,29716426.72,30203033.71,22166422.08,4145321.0,1069724.04,1573744.7,374346.56,748693.13,124782.2,5667919.15,10808855.84,1775073.88,-486606.99,0.0,https://eleos.org/docs/FIN_NGO_00065_FY2022-23.pdf,Verified
FIN_NGO_00066_FY2025-26,NGO_00066,FY2025-26,Audited Financial Statement,Public Repository,Clean,"M/s R. K. Sharma & Associates, Chartered Accountants",1217113.2,718875.61,456307.62,41929.97,0.0,1217113.2,1086447.43,914901.16,94119.61,39435.03,67149.03,0.0,0.0,-29157.4,675315.16,531936.85,75624.42,130665.77,0.0,https://eleos.org/docs/FIN_NGO_00066_FY2025-26.pdf,Verified
FIN_NGO_00066_FY2024-25,NGO_00066,FY2024-25,Audited Financial Statement,Public Repository,Clean,"M/s V. Raman & Co., Chartered Accountants",1226734.14,836132.95,380204.39,10396.8,0.0,1226734.14,1100526.21,932894.07,79967.23,21485.65,102430.26,0.0,0.0,-36251.0,608969.16,491722.79,135370.23,126207.93,0.0,https://eleos.org/docs/FIN_NGO_00066_FY2024-25.pdf,Verified
FIN_NGO_00066_FY2023-24,NGO_00066,FY2023-24,Audited Financial Statement,Public Repository,Clean,"M/s V. Raman & Co., Chartered Accountants",1419061.56,620418.47,275429.16,523213.93,0.0,1419061.56,1259884.8,905277.06,94125.06,56085.03,81265.76,36939.57,73879.13,12313.19,525038.07,529430.35,70884.58,159176.76,0.0,https://eleos.org/docs/FIN_NGO_00066_FY2023-24.pdf,Verified
FIN_NGO_00066_FY2022-23,NGO_00066,FY2022-23,Audited Financial Statement,Public Repository,Qualified,"M/s K. Mehta & Co., Chartered Accountants",1655751.84,1161962.63,478320.55,15468.66,0.0,1655751.84,1681172.14,1253044.24,192343.59,18228.9,150098.28,20237.14,40474.28,6745.71,761415.25,543874.19,162437.29,-25420.3,0.0,https://eleos.org/docs/FIN_NGO_00066_FY2022-23.pdf,Extracted
FIN_NGO_00067_FY2025-26,NGO_00067,FY2025-26,Audited Financial Statement,Public Repository,Clean,"M/s Iyer, Natarajan & Co., Chartered Accountants",45808015.12,16291435.64,18778995.35,10737584.13,0.0,45808015.12,41750696.29,34202365.7,5575623.39,1242749.61,3742342.33,0.0,0.0,-3012384.74,10503334.64,87744795.17,30186291.54,4057318.83,0.0,https://eleos.org/docs/FIN_NGO_00067_FY2025-26.pdf,Verified
FIN_NGO_00067_FY2024-25,NGO_00067,FY2024-25,Audited Financial Statement,Public Repository,Clean,"M/s Deshmukh & Associates, Chartered Accountants",39709674.66,27500343.16,9708697.04,2500634.46,0.0,39709674.66,37215643.99,31973349.42,2808554.94,994894.73,3000746.46,0.0,0.0,-1561901.56,8298025.21,77177829.92,13779317.34,2494030.67,0.0,https://eleos.org/docs/FIN_NGO_00067_FY2024-25.pdf,Verified
FIN_NGO_00068_FY2025-26,NGO_00068,FY2025-26,Audited Financial Statement,NGO Website,Clean,"M/s Deshmukh & Associates, Chartered Accountants",2104340.52,1210624.9,698987.45,194728.17,0.0,2104340.52,1905016.63,1368242.59,266360.21,77484.47,76672.24,34877.14,69754.28,11625.7,1162453.72,2665565.52,664880.63,199323.89,0.0,https://eleos.org/docs/FIN_NGO_00068_FY2025-26.pdf,Verified
FIN_NGO_00068_FY2024-25,NGO_00068,FY2024-25,Audited Financial Statement,Public Repository,Qualified,"M/s R. K. Sharma & Associates, Chartered Accountants",2241695.97,1394908.24,537491.22,309296.51,0.0,2241695.97,1998133.13,1571054.01,270966.41,32271.89,180268.84,0.0,0.0,-56428.02,1129643.79,2897731.55,684492.45,243562.84,0.0,https://eleos.org/docs/FIN_NGO_00068_FY2024-25.pdf,Extracted
FIN_NGO_00068_FY2023-24,NGO_00068,FY2023-24,Audited Financial Statement,Public Repository,Clean,"M/s Sen & Dasgupta, Chartered Accountants",2104041.7,773316.96,947380.32,383344.42,0.0,2104041.7,2086335.53,1588866.26,282213.72,96545.46,208611.16,0.0,0.0,-89901.07,447852.99,3012156.96,1025541.22,17706.17,0.0,https://eleos.org/docs/FIN_NGO_00068_FY2023-24.pdf,Verified
FIN_NGO_00068_FY2022-23,NGO_00068,FY2022-23,Audited Financial Statement,Public Repository,Clean,"M/s Sen & Dasgupta, Chartered Accountants",1778884.51,1299937.78,347731.05,131215.68,0.0,1778884.51,1587630.17,1193571.68,104816.89,70841.04,155433.69,18890.06,37780.12,6296.69,914749.51,2618828.83,874290.15,191254.34,0.0,https://eleos.org/docs/FIN_NGO_00068_FY2022-23.pdf,Verified
FIN_NGO_00069_FY2025-26,NGO_00069,FY2025-26,Audited Financial Statement,Public Repository,Clean,"M/s R. K. Sharma & Associates, Chartered Accountants",3135055.48,1833641.77,848432.49,452981.22,0.0,3135055.48,3141288.83,2515062.77,333425.62,152882.71,175612.07,0.0,0.0,-35694.34,765204.98,4200285.36,1361349.43,-6233.35,0.0,https://eleos.org/docs/FIN_NGO_00069_FY2025-26.pdf,Verified
FIN_NGO_00069_FY2024-25,NGO_00069,FY2024-25,Audited Financial Statement,Public Repository,Clean,"M/s Sen & Dasgupta, Chartered Accountants",3060339.62,1093049.53,1054705.63,912584.46,0.0,3060339.62,2974896.14,2030053.74,324329.39,77953.18,201132.08,102428.33,204856.65,34142.77,1553262.93,4685146.15,894113.27,85443.48,0.0,https://eleos.org/docs/FIN_NGO_00069_FY2024-25.pdf,Verified
FIN_NGO_00069_FY2023-24,NGO_00069,FY2023-24,Audited Financial Statement,Public Repository,Clean,"M/s Iyer, Natarajan & Co., Chartered Accountants",3251822.41,2036022.4,775341.88,440458.13,0.0,3251822.41,2868835.56,2107097.17,175739.28,41530.7,117141.89,128197.96,256395.91,42732.65,1822457.0,4804473.83,782018.65,382986.85,0.0,https://eleos.org/docs/FIN_NGO_00069_FY2023-24.pdf,Verified
FIN_NGO_00069_FY2022-23,NGO_00069,FY2022-23,Audited Financial Statement,NGO Website,Clean,"M/s Iyer, Natarajan & Co., Chartered Accountants",3652291.8,2532045.31,856129.88,264116.61,0.0,3652291.8,3273564.61,2276753.84,390454.1,87977.6,160044.37,107500.41,215000.82,35833.47,1968092.15,4696684.2,1097050.48,378727.19,0.0,https://eleos.org/docs/FIN_NGO_00069_FY2022-23.pdf,Verified
FIN_NGO_00070_FY2025-26,NGO_00070,FY2025-26,Audited Financial Statement,Public Repository,Clean,"M/s Iyer, Natarajan & Co., Chartered Accountants",157636026.03,71429432.2,44936491.69,41270102.14,0.0,157636026.03,142056065.04,105681668.58,7699562.63,2940510.74,13163315.42,3771302.3,7542604.6,1257100.77,70327382.34,97607049.04,29364667.54,15579960.99,0.0,https://eleos.org/docs/FIN_NGO_00070_FY2025-26.pdf,Verified
FIN_NGO_00070_FY2024-25,NGO_00070,FY2024-25,Audited Financial Statement,NGO Website,Clean,"M/s Deshmukh & Associates, Chartered Accountants",174603223.63,128343643.65,41357990.89,4901589.09,0.0,174603223.63,156140945.13,133569015.89,18791362.2,6922586.31,11957172.22,0.0,0.0,-15099191.49,67333664.17,97449766.6,14628563.49,18462278.5,0.0,https://eleos.org/docs/FIN_NGO_00070_FY2024-25.pdf,Verified
FIN_NGO_00070_FY2023-24,NGO_00070,FY2023-24,Audited Financial Statement,Public Repository,Clean,"M/s V. Raman & Co., Chartered Accountants",153045263.41,71449058.03,48847141.85,32749063.53,0.0,153045263.41,141849245.36,109374476.44,16444536.27,5090078.44,6519058.59,1326328.69,2652657.37,442109.56,31048846.84,104091775.44,24121451.34,11196018.05,0.0,https://eleos.org/docs/FIN_NGO_00070_FY2023-24.pdf,Verified
FIN_NGO_00070_FY2022-23,NGO_00070,FY2022-23,Audited Financial Statement,NGO Website,Clean,"M/s Iyer, Natarajan & Co., Chartered Accountants",171492239.55,92514118.12,40994944.31,37983177.12,0.0,171492239.55,166025350.99,118015322.62,12276147.99,4416331.5,13765491.35,5265617.26,10531234.52,1755205.75,45279370.11,102235364.02,26468232.97,5466888.56,0.0,https://eleos.org/docs/FIN_NGO_00070_FY2022-23.pdf,Verified
FIN_NGO_00070_FY2021-22,NGO_00070,FY2021-22,Audited Financial Statement,NGO Website,Clean,"M/s K. Mehta & Co., Chartered Accountants",166146378.98,85353337.16,50552988.26,30240053.56,0.0,166146378.98,149595176.24,124677150.56,18178007.15,1674047.37,9230989.08,0.0,0.0,-4165017.92,23183416.21,103267614.71,39561085.05,16551202.74,0.0,https://eleos.org/docs/FIN_NGO_00070_FY2021-22.pdf,Verified
FIN_NGO_00071_FY2025-26,NGO_00071,FY2025-26,Audited Financial Statement,Public Repository,Clean,"M/s Sen & Dasgupta, Chartered Accountants",769755.82,517395.24,250854.72,1505.86,0.0,769755.82,741564.94,579761.03,96767.18,23234.38,57593.39,0.0,0.0,-15791.04,241133.61,586885.87,196863.11,28190.88,0.0,https://eleos.org/docs/FIN_NGO_00071_FY2025-26.pdf,Verified
FIN_NGO_00071_FY2024-25,NGO_00071,FY2024-25,Audited Financial Statement,NGO Website,Clean,"M/s V. Raman & Co., Chartered Accountants",735855.51,474630.43,126251.47,134973.61,0.0,735855.51,662650.73,512203.39,44616.26,18668.45,57460.41,8910.67,17821.33,2970.22,240440.21,602527.55,76927.45,73204.78,0.0,https://eleos.org/docs/FIN_NGO_00071_FY2024-25.pdf,Verified
FIN_NGO_00071_FY2023-24,NGO_00071,FY2023-24,Audited Financial Statement,Public Repository,Clean,"M/s K. Mehta & Co., Chartered Accountants",721593.95,359150.07,242015.79,120428.09,0.0,721593.95,685395.78,538640.96,66281.23,14083.34,43650.77,6821.84,13643.69,2273.95,247915.26,605965.43,229849.16,36198.17,0.0,https://eleos.org/docs/FIN_NGO_00071_FY2023-24.pdf,Verified
FIN_NGO_00072_FY2025-26,NGO_00072,FY2025-26,Audited Financial Statement,Public Repository,Clean,"M/s Gupta & Aggarwal, Chartered Accountants",27714373.76,17858175.71,7838261.48,2017936.57,0.0,27714373.76,27133365.16,22680010.52,3083673.75,1135432.33,2016543.22,0.0,0.0,-1782294.66,11681515.45,24027172.44,6434617.27,581008.6,0.0,https://eleos.org/docs/FIN_NGO_00072_FY2025-26.pdf,Verified
FIN_NGO_00072_FY2024-25,NGO_00072,FY2024-25,Audited Financial Statement,Public Repository,Clean,"M/s Gupta & Aggarwal, Chartered Accountants",30284645.22,22196135.04,6392738.36,1695771.82,0.0,30284645.22,28905492.2,23560882.39,2752886.59,1050141.64,1188589.34,105897.67,211795.35,35299.22,18244810.88,24812773.98,4013255.27,1379153.02,0.0,https://eleos.org/docs/FIN_NGO_00072_FY2024-25.pdf,Verified
FIN_NGO_00072_FY2023-24,NGO_00072,FY2023-24,Audited Financial Statement,NGO Website,Clean,"M/s R. K. Sharma & Associates, Chartered Accountants",29676608.56,19965484.74,7643324.64,2067799.18,0.0,29676608.56,27931102.82,21013228.27,1509634.99,305301.76,2561797.74,762342.02,1524684.04,254114.0,9984481.38,27851055.13,5436936.22,1745505.74,0.0,https://eleos.org/docs/FIN_NGO_00072_FY2023-24.pdf,Verified
FIN_NGO_00072_FY2022-23,NGO_00072,FY2022-23,Audited Financial Statement,NGO Website,Clean,"M/s V. Raman & Co., Chartered Accountants",30122960.73,13981291.77,6641646.11,9500022.85,0.0,30122960.73,26756657.3,21894834.72,1709227.67,993858.45,2598871.01,0.0,0.0,-440134.55,16871722.44,24326883.11,7638402.58,3366303.43,0.0,https://eleos.org/docs/FIN_NGO_00072_FY2022-23.pdf,Verified
FIN_NGO_00072_FY2021-22,NGO_00072,FY2021-22,Audited Financial Statement,NGO Website,Clean,"M/s Iyer, Natarajan & Co., Chartered Accountants",29177588.13,13996113.11,8433996.61,6747478.41,0.0,29177588.13,28070125.66,23269950.36,1709104.72,1125200.8,1463957.19,150573.77,301147.55,50191.27,11129516.28,27293693.85,5882189.62,1107462.47,0.0,https://eleos.org/docs/FIN_NGO_00072_FY2021-22.pdf,Verified
FIN_NGO_00073_FY2025-26,NGO_00073,FY2025-26,Audited Financial Statement,Public Repository,Clean,"M/s V. Raman & Co., Chartered Accountants",1280912.09,646476.86,563289.67,71145.56,0.0,1280912.09,1161811.24,959814.73,160959.18,28835.26,55169.57,0.0,0.0,-42967.5,179710.88,1463102.36,479204.5,119100.85,0.0,https://eleos.org/docs/FIN_NGO_00073_FY2025-26.pdf,Verified
FIN_NGO_00073_FY2024-25,NGO_00073,FY2024-25,Audited Financial Statement,Public Repository,Clean,"M/s Iyer, Natarajan & Co., Chartered Accountants",1091834.03,650052.96,248060.55,193720.52,0.0,1091834.03,1003729.45,812223.61,71348.32,24611.41,69888.2,7697.37,15394.75,2565.79,604499.87,1453007.31,236441.92,88104.58,0.0,https://eleos.org/docs/FIN_NGO_00073_FY2024-25.pdf,Verified
FIN_NGO_00073_FY2023-24,NGO_00073,FY2023-24,Audited Financial Statement,Public Repository,Clean,"M/s K. Mehta & Co., Chartered Accountants",938912.57,432781.44,323602.96,182528.17,0.0,938912.57,905502.45,643527.8,61066.47,33401.29,76360.02,27344.06,54688.12,9114.69,215296.26,1419855.15,459737.78,33410.12,0.0,https://eleos.org/docs/FIN_NGO_00073_FY2023-24.pdf,Verified
FIN_NGO_00073_FY2022-23,NGO_00073,FY2022-23,Audited Financial Statement,Public Repository,Qualified,"M/s Sen & Dasgupta, Chartered Accountants",846962.48,473648.51,319689.43,53624.54,0.0,846962.48,808520.39,577714.73,89760.38,30496.93,80461.59,9026.03,18052.06,3008.67,223523.98,1412028.17,333489.76,38442.09,0.0,https://eleos.org/docs/FIN_NGO_00073_FY2022-23.pdf,Extracted
FIN_NGO_00074_FY2025-26,NGO_00074,FY2025-26,Audited Financial Statement,NGO Website,Clean,"M/s K. Mehta & Co., Chartered Accountants",28385377.01,14219883.21,13076477.84,1089015.96,0.0,28385377.01,25196859.99,20278570.5,3034663.49,1060674.02,1101610.1,0.0,0.0,-278658.12,11473877.0,16205202.79,2115561.26,3188517.02,0.0,https://eleos.org/docs/FIN_NGO_00074_FY2025-26.pdf,Verified
FIN_NGO_00074_FY2024-25,NGO_00074,FY2024-25,Audited Financial Statement,Public Repository,Clean,"M/s K. Mehta & Co., Chartered Accountants",27174001.93,10552537.25,13509754.62,3111710.06,0.0,27174001.93,25373691.79,18318794.51,2637895.35,264502.01,2019325.73,639952.26,1279904.52,213317.41,13894185.5,17677582.18,5051707.92,1800310.14,0.0,https://eleos.org/docs/FIN_NGO_00074_FY2024-25.pdf,Verified
FIN_NGO_00075_FY2025-26,NGO_00075,FY2025-26,Audited Financial Statement,NGO Website,Clean,"M/s Sen & Dasgupta, Chartered Accountants",7457328.06,4447858.11,1910297.88,1099172.07,0.0,7457328.06,6791514.12,4816612.43,617261.62,79377.08,593248.83,205504.25,411008.49,68501.42,1031281.48,5283917.16,893416.35,665813.94,0.0,https://eleos.org/docs/FIN_NGO_00075_FY2025-26.pdf,Verified
FIN_NGO_00075_FY2024-25,NGO_00075,FY2024-25,Audited Financial Statement,Public Repository,Clean,"M/s K. Mehta & Co., Chartered Accountants",8177746.43,5527020.43,2376268.0,274458.0,0.0,8177746.43,7207742.16,5388970.23,620068.59,74016.42,645561.85,143737.52,287475.04,47912.51,2370938.73,5654971.38,807080.86,970004.27,0.0,https://eleos.org/docs/FIN_NGO_00075_FY2024-25.pdf,Verified
FIN_NGO_00076_FY2025-26,NGO_00076,FY2025-26,Audited Financial Statement,Public Repository,Clean,"M/s Iyer, Natarajan & Co., Chartered Accountants",13509597.39,9002780.68,3551589.88,955226.83,0.0,13509597.39,12596311.49,8945119.92,1069810.1,504424.97,1170768.27,271856.47,543712.94,90618.82,5157511.66,13359718.22,4191558.98,913285.9,0.0,https://eleos.org/docs/FIN_NGO_00076_FY2025-26.pdf,Verified
FIN_NGO_00076_FY2024-25,NGO_00076,FY2024-25,Audited Financial Statement,NGO Website,Clean,"M/s K. Mehta & Co., Chartered Accountants",13381971.36,7794659.41,4291724.12,1295587.83,0.0,13381971.36,12623095.95,10380128.41,1369307.42,578079.54,661853.86,0.0,0.0,-366273.28,3372793.99,13472772.5,3065148.12,758875.41,0.0,https://eleos.org/docs/FIN_NGO_00076_FY2024-25.pdf,Verified
FIN_NGO_00076_FY2023-24,NGO_00076,FY2023-24,Audited Financial Statement,Public Repository,Clean,"M/s Deshmukh & Associates, Chartered Accountants",12775482.32,7284845.62,2396461.12,3094175.58,0.0,12775482.32,12074561.05,8393330.06,1086776.64,402789.11,737689.24,436192.8,872385.6,145397.6,5561094.97,14065261.82,3379394.3,700921.27,0.0,https://eleos.org/docs/FIN_NGO_00076_FY2023-24.pdf,Verified
FIN_NGO_00076_FY2022-23,NGO_00076,FY2022-23,Audited Financial Statement,NGO Website,Clean,"M/s Deshmukh & Associates, Chartered Accountants",11731559.43,4222039.0,4299348.47,3210171.96,0.0,11731559.43,11147880.19,8113566.31,633533.58,242808.78,1048887.89,332725.09,665450.18,110908.36,4719186.91,13071796.05,2391190.78,583679.24,0.0,https://eleos.org/docs/FIN_NGO_00076_FY2022-23.pdf,Verified
FIN_NGO_00076_FY2021-22,NGO_00076,FY2021-22,Audited Financial Statement,Public Repository,Clean,"M/s Deshmukh & Associates, Chartered Accountants",9781554.86,4207268.19,2274870.19,3299416.48,0.0,9781554.86,8983624.89,6641265.37,693934.74,335462.69,798948.68,154204.02,308408.05,51401.34,4517158.11,15698161.29,6271753.41,797929.97,0.0,https://eleos.org/docs/FIN_NGO_00076_FY2021-22.pdf,Verified
FIN_NGO_00077_FY2025-26,NGO_00077,FY2025-26,Audited Financial Statement,NGO Website,Clean,"M/s Sen & Dasgupta, Chartered Accountants",3141297.89,1356041.28,984514.77,800741.84,0.0,3141297.89,3703648.9,2299842.43,198368.86,97126.27,137829.96,68925.48,137850.96,22975.16,2212455.77,3197766.25,419847.37,-562351.01,0.0,https://eleos.org/docs/FIN_NGO_00077_FY2025-26.pdf,Verified
FIN_NGO_00077_FY2024-25,NGO_00077,FY2024-25,Audited Financial Statement,Public Repository,Clean,"M/s Iyer, Natarajan & Co., Chartered Accountants",3258188.75,1175344.03,805955.46,1276889.26,0.0,3258188.75,3106407.32,2621938.73,263207.35,67235.77,162631.41,0.0,0.0,-8605.94,1172146.4,3389504.31,350183.68,151781.43,0.0,https://eleos.org/docs/FIN_NGO_00077_FY2024-25.pdf,Verified
FIN_NGO_00077_FY2023-24,NGO_00077,FY2023-24,Audited Financial Statement,Public Repository,Clean,"M/s Deshmukh & Associates, Chartered Accountants",2855909.19,1126078.08,1126550.33,603280.78,0.0,2855909.19,2565150.56,1965123.89,144132.4,114477.49,249604.04,27543.82,55087.64,9181.28,648568.83,3433746.05,1074424.24,290758.63,0.0,https://eleos.org/docs/FIN_NGO_00077_FY2023-24.pdf,Verified
FIN_NGO_00077_FY2022-23,NGO_00077,FY2022-23,Audited Financial Statement,Public Repository,Clean,"M/s Gupta & Aggarwal, Chartered Accountants",2945862.06,1623140.56,1045111.69,277609.81,0.0,2945862.06,2757012.18,2011459.23,139697.53,34624.77,133884.7,131203.79,262407.58,43734.58,1526786.25,3498948.25,1305425.27,188849.88,0.0,https://eleos.org/docs/FIN_NGO_00077_FY2022-23.pdf,Verified
FIN_NGO_00077_FY2021-22,NGO_00077,FY2021-22,Audited Financial Statement,Public Repository,Clean,"M/s Iyer, Natarajan & Co., Chartered Accountants",2457056.71,949507.63,1104687.13,402861.95,0.0,2457056.71,2296740.27,1941667.11,186519.12,95759.99,207989.05,0.0,0.0,-135195.0,1290113.01,3724504.84,836210.29,160316.44,0.0,https://eleos.org/docs/FIN_NGO_00077_FY2021-22.pdf,Verified
FIN_NGO_00078_FY2025-26,NGO_00078,FY2025-26,Audited Financial Statement,Public Repository,Clean,"M/s V. Raman & Co., Chartered Accountants",1475025.95,1064272.85,292248.77,118504.33,326809.84,1148216.11,1337702.88,931642.58,117652.9,31415.5,132910.73,37224.35,74448.7,12408.12,648083.24,355266.59,129560.69,137323.07,0.0,https://eleos.org/docs/FIN_NGO_00078_FY2025-26.pdf,Verified
FIN_NGO_00078_FY2024-25,NGO_00078,FY2024-25,Audited Financial Statement,NGO Website,Clean,"M/s Sen & Dasgupta, Chartered Accountants",1593978.15,585954.35,633171.93,374851.87,629122.93,964855.22,1490862.03,1100378.91,158643.79,70626.75,115512.59,13710.0,27420.0,4569.99,542584.55,356157.69,46929.33,103116.12,0.0,https://eleos.org/docs/FIN_NGO_00078_FY2024-25.pdf,Verified
FIN_NGO_00078_FY2023-24,NGO_00078,FY2023-24,Audited Financial Statement,Public Repository,Clean,"M/s K. Mehta & Co., Chartered Accountants",1488530.88,752712.35,458420.14,277398.39,252759.82,1235771.06,1355454.02,1120574.55,147060.05,17205.12,84226.28,0.0,0.0,-13611.98,407676.01,383737.28,151549.65,133076.86,0.0,https://eleos.org/docs/FIN_NGO_00078_FY2023-24.pdf,Verified
FIN_NGO_00079_FY2025-26,NGO_00079,FY2025-26,Audited Financial Statement,Public Repository,Clean,"M/s K. Mehta & Co., Chartered Accountants",331482357.99,153854604.83,107058659.62,70569093.54,0.0,331482357.99,336838359.79,267587316.43,25083500.66,4446481.55,29263619.2,3137232.58,6274465.17,1045744.2,117597761.54,124060335.31,28833212.54,-5356001.8,0.0,https://eleos.org/docs/FIN_NGO_00079_FY2025-26.pdf,Verified
FIN_NGO_00079_FY2024-25,NGO_00079,FY2024-25,Audited Financial Statement,NGO Website,Clean,"M/s Deshmukh & Associates, Chartered Accountants",290417079.92,212440967.88,60149918.02,17826194.02,0.0,290417079.92,267773962.16,218810763.17,23688825.96,12386763.31,12048213.98,251818.72,503637.45,83939.57,112089870.0,134295190.73,20508191.09,22643117.76,0.0,https://eleos.org/docs/FIN_NGO_00079_FY2024-25.pdf,Verified
FIN_NGO_00080_FY2025-26,NGO_00080,FY2025-26,Audited Financial Statement,Public Repository,Qualified,"M/s R. K. Sharma & Associates, Chartered Accountants",47491934.97,33263468.4,8301913.3,5926553.27,0.0,47491934.97,47688130.04,36092134.84,5353722.79,1493976.24,3340019.85,422482.89,844965.79,140827.64,21127743.68,21664723.31,7057038.28,-196195.07,0.0,https://eleos.org/docs/FIN_NGO_00080_FY2025-26.pdf,Extracted
FIN_NGO_00080_FY2024-25,NGO_00080,FY2024-25,Audited Financial Statement,Public Repository,Clean,"M/s Gupta & Aggarwal, Chartered Accountants",49820221.83,32915047.1,10721395.0,6183779.73,0.0,49820221.83,45990743.05,32455135.11,5398655.87,1192025.28,4405959.72,761690.12,1523380.25,253896.7,29595629.38,22006031.66,2211024.63,3829478.78,0.0,https://eleos.org/docs/FIN_NGO_00080_FY2024-25.pdf,Verified
FIN_NGO_00080_FY2023-24,NGO_00080,FY2023-24,Audited Financial Statement,Public Repository,Clean,"M/s K. Mehta & Co., Chartered Accountants",48328765.64,22489119.53,15260810.52,10578835.59,0.0,48328765.64,45930012.08,32690788.69,3067022.65,1353045.35,2207392.88,1983528.75,3967057.51,661176.25,9421123.89,20974120.21,3434973.87,2398753.56,0.0,https://eleos.org/docs/FIN_NGO_00080_FY2023-24.pdf,Verified
FIN_NGO_00081_FY2025-26,NGO_00081,FY2025-26,Audited Financial Statement,NGO Website,Clean,"M/s V. Raman & Co., Chartered Accountants",23590696.68,13982328.75,5967512.54,3640855.39,0.0,23590696.68,23834110.93,18835302.34,1366248.24,1126384.32,1565304.68,282261.4,564522.81,94087.14,15335718.61,12655361.28,4702236.52,-243414.25,0.0,https://eleos.org/docs/FIN_NGO_00081_FY2025-26.pdf,Verified
FIN_NGO_00081_FY2024-25,NGO_00081,FY2024-25,Audited Financial Statement,Public Repository,Clean,"M/s R. K. Sharma & Associates, Chartered Accountants",25390645.85,17721235.96,7191572.53,477837.36,0.0,25390645.85,22653345.95,18604630.09,2593806.0,677720.2,949282.68,0.0,0.0,-172093.02,12825804.71,12984212.01,5143901.81,2737299.9,0.0,https://eleos.org/docs/FIN_NGO_00081_FY2024-25.pdf,Verified
FIN_NGO_00081_FY2023-24,NGO_00081,FY2023-24,Audited Financial Statement,NGO Website,Clean,"M/s Sen & Dasgupta, Chartered Accountants",25227655.08,14285592.68,5526069.6,5415992.8,0.0,25227655.08,25708761.75,18270649.9,3470140.1,365547.41,2107978.1,448333.87,896667.75,149444.62,4231942.18,12825222.67,2538755.89,-481106.67,0.0,https://eleos.org/docs/FIN_NGO_00081_FY2023-24.pdf,Verified
FIN_NGO_00082_FY2025-26,NGO_00082,FY2025-26,Audited Financial Statement,Public Repository,Clean,"M/s Deshmukh & Associates, Chartered Accountants",3861769.69,1442467.66,2070081.82,349220.21,0.0,3861769.69,3520041.85,2490381.74,403076.36,166770.14,319916.18,41969.23,83938.46,13989.74,1822898.68,6528364.34,2172715.52,341727.84,0.0,https://eleos.org/docs/FIN_NGO_00082_FY2025-26.pdf,Verified
FIN_NGO_00082_FY2024-25,NGO_00082,FY2024-25,Audited Financial Statement,Public Repository,Clean,"M/s V. Raman & Co., Chartered Accountants",4535186.0,2783244.21,1589604.26,162337.53,0.0,4535186.0,4619740.02,3965545.01,458808.84,171466.03,278314.43,0.0,0.0,-254394.29,2443182.28,5887831.92,1521140.98,-84554.02,0.0,https://eleos.org/docs/FIN_NGO_00082_FY2024-25.pdf,Verified
FIN_NGO_00082_FY2023-24,NGO_00082,FY2023-24,Audited Financial Statement,Public Repository,Clean,"M/s V. Raman & Co., Chartered Accountants",4863529.48,2768340.5,862434.82,1232754.16,0.0,4863529.48,4916252.86,3629253.3,595923.45,59805.88,452055.97,53764.28,107528.55,17921.43,1484890.28,6205116.95,1694910.46,-52723.38,0.0,https://eleos.org/docs/FIN_NGO_00082_FY2023-24.pdf,Verified
FIN_NGO_00082_FY2022-23,NGO_00082,FY2022-23,Audited Financial Statement,NGO Website,Clean,"M/s R. K. Sharma & Associates, Chartered Accountants",4355367.9,2925689.54,805206.53,624471.83,0.0,4355367.9,4311683.1,3437372.24,356146.4,60699.5,393951.92,19053.91,38107.82,6351.31,2497393.16,5870368.12,2317681.0,43684.8,0.0,https://eleos.org/docs/FIN_NGO_00082_FY2022-23.pdf,Verified
FIN_NGO_00082_FY2021-22,NGO_00082,FY2021-22,Audited Financial Statement,Public Repository,Clean,"M/s Sen & Dasgupta, Chartered Accountants",3721998.03,2753026.1,632069.94,336901.99,0.0,3721998.03,3780663.33,2606559.36,522581.84,127543.31,298694.59,67585.27,135170.54,22528.42,1752285.56,5903398.06,650541.76,-58665.3,0.0,https://eleos.org/docs/FIN_NGO_00082_FY2021-22.pdf,Verified
FIN_NGO_00084_FY2025-26,NGO_00084,FY2025-26,Audited Financial Statement,Public Repository,Clean,"M/s Gupta & Aggarwal, Chartered Accountants",117729640.62,66115088.09,41443488.36,10171064.17,0.0,117729640.62,106416368.22,88939789.28,10603199.32,4880553.65,8135320.29,0.0,0.0,-6142494.32,66324549.84,24842755.19,5056789.19,11313272.4,0.0,https://eleos.org/docs/FIN_NGO_00084_FY2025-26.pdf,Verified
FIN_NGO_00084_FY2024-25,NGO_00084,FY2024-25,Audited Financial Statement,Public Repository,Clean,"M/s Deshmukh & Associates, Chartered Accountants",119919625.08,84280526.69,25095203.44,10543894.95,0.0,119919625.08,116568928.16,91694963.28,8546308.41,4491273.33,9465338.79,711313.3,1422626.61,237104.44,25800792.02,25747119.58,4639913.43,3350696.92,0.0,https://eleos.org/docs/FIN_NGO_00084_FY2024-25.pdf,Verified
FIN_NGO_00085_FY2025-26,NGO_00085,FY2025-26,Audited Financial Statement,Public Repository,Clean,"M/s Gupta & Aggarwal, Chartered Accountants",32798691.12,14071221.44,12225392.29,6502077.39,0.0,32798691.12,32396010.6,27268752.07,2817309.82,332914.95,3070705.97,0.0,0.0,-1093672.21,8911085.64,31994339.05,6792169.11,402680.52,0.0,https://eleos.org/docs/FIN_NGO_00085_FY2025-26.pdf,Verified
FIN_NGO_00085_FY2024-25,NGO_00085,FY2024-25,Audited Financial Statement,NGO Website,Clean,"M/s Sen & Dasgupta, Chartered Accountants",36477254.15,14352996.9,12774983.67,9349273.58,0.0,36477254.15,33934539.46,28202464.43,2190986.49,928394.91,2077617.29,160522.9,321045.8,53507.64,19860427.95,30242080.57,4744078.83,2542714.69,0.0,https://eleos.org/docs/FIN_NGO_00085_FY2024-25.pdf,Verified
FIN_NGO_00085_FY2023-24,NGO_00085,FY2023-24,Audited Financial Statement,Public Repository,Clean,"M/s Iyer, Natarajan & Co., Chartered Accountants",34260781.79,12424419.55,16262902.33,5573459.91,0.0,34260781.79,32495306.46,27644005.83,4431479.07,479360.76,3216246.42,0.0,0.0,-3275785.62,12926106.42,33352702.41,4610350.6,1765475.33,0.0,https://eleos.org/docs/FIN_NGO_00085_FY2023-24.pdf,Verified
FIN_NGO_00085_FY2022-23,NGO_00085,FY2022-23,Audited Financial Statement,NGO Website,Clean,"M/s Gupta & Aggarwal, Chartered Accountants",34283705.33,24664537.58,8916621.32,702546.43,0.0,34283705.33,30916218.49,23186939.14,1851137.97,335320.03,1436762.47,1231817.66,2463635.32,410605.9,12366501.79,33903986.32,5795936.66,3367486.84,0.0,https://eleos.org/docs/FIN_NGO_00085_FY2022-23.pdf,Verified
FIN_NGO_00085_FY2021-22,NGO_00085,FY2021-22,Audited Financial Statement,NGO Website,Unknown,"M/s K. Mehta & Co., Chartered Accountants",37214117.39,19490202.02,9096762.88,8627152.49,0.0,37214117.39,35411970.8,27177528.34,4195645.38,570126.67,1942872.04,457739.51,915479.02,152579.84,9728850.9,33899755.25,12178488.49,1802146.59,0.0,https://eleos.org/docs/FIN_NGO_00085_FY2021-22.pdf,Extracted
FIN_NGO_00086_FY2025-26,NGO_00086,FY2025-26,Audited Financial Statement,Public Repository,Clean,"M/s R. K. Sharma & Associates, Chartered Accountants",10415945.63,3828114.61,2525802.34,4062028.68,0.0,10415945.63,10488378.94,8171383.0,762791.44,462931.16,971481.07,35937.68,71875.37,11979.22,6687003.17,12795154.83,3001035.32,-72433.31,0.0,https://eleos.org/docs/FIN_NGO_00086_FY2025-26.pdf,Verified
FIN_NGO_00086_FY2024-25,NGO_00086,FY2024-25,Audited Financial Statement,Public Repository,Clean,"M/s Iyer, Natarajan & Co., Chartered Accountants",10351527.41,5791732.43,4416791.65,143003.33,0.0,10351527.41,9529118.12,7836359.2,619622.92,464063.07,537908.41,21349.35,42698.71,7116.46,5983347.19,10816867.16,4237423.34,822409.29,0.0,https://eleos.org/docs/FIN_NGO_00086_FY2024-25.pdf,Verified
FIN_NGO_00086_FY2023-24,NGO_00086,FY2023-24,Audited Financial Statement,Public Repository,Clean,"M/s K. Mehta & Co., Chartered Accountants",11039799.85,7706909.53,3285162.51,47727.81,0.0,11039799.85,10334564.79,7335404.64,1214988.29,425524.54,651584.24,212118.93,424237.86,70706.29,2953071.86,11109234.52,1644176.89,705235.06,0.0,https://eleos.org/docs/FIN_NGO_00086_FY2023-24.pdf,Verified
FIN_NGO_00087_FY2025-26,NGO_00087,FY2025-26,Audited Financial Statement,NGO Website,Clean,"M/s K. Mehta & Co., Chartered Accountants",1299804.21,654576.49,244514.9,400712.82,0.0,1299804.21,1283968.0,876230.31,160170.57,19628.23,123364.5,31372.32,62744.64,10457.43,364426.38,1174484.69,328727.88,15836.21,0.0,https://eleos.org/docs/FIN_NGO_00087_FY2025-26.pdf,Verified
FIN_NGO_00087_FY2024-25,NGO_00087,FY2024-25,Audited Financial Statement,Public Repository,Clean,"M/s Sen & Dasgupta, Chartered Accountants",1115598.58,718950.41,244935.43,151712.74,0.0,1115598.58,1051123.31,848616.03,71696.01,34176.28,72344.11,7287.26,14574.52,2429.1,243410.96,1043434.99,152710.88,64475.27,0.0,https://eleos.org/docs/FIN_NGO_00087_FY2024-25.pdf,Verified
FIN_NGO_00087_FY2023-24,NGO_00087,FY2023-24,Audited Financial Statement,NGO Website,Clean,"M/s Sen & Dasgupta, Chartered Accountants",1133114.2,406202.36,194765.57,532146.27,0.0,1133114.2,997332.51,775960.18,59072.95,26540.4,92938.84,12846.04,25692.09,4282.01,261457.07,1020742.33,220087.27,135781.69,0.0,https://eleos.org/docs/FIN_NGO_00087_FY2023-24.pdf,Verified
FIN_NGO_00087_FY2022-23,NGO_00087,FY2022-23,Audited Financial Statement,Public Repository,Qualified,"M/s R. K. Sharma & Associates, Chartered Accountants",1086098.77,764276.37,293661.57,28160.83,0.0,1086098.77,1101107.43,771032.38,71858.62,15491.98,51320.57,57421.17,114842.33,19140.38,361883.31,1104752.94,149699.87,-15008.66,0.0,https://eleos.org/docs/FIN_NGO_00087_FY2022-23.pdf,Extracted
FIN_NGO_00087_FY2021-22,NGO_00087,FY2021-22,Audited Financial Statement,Public Repository,Clean,"M/s Deshmukh & Associates, Chartered Accountants",1126960.3,474706.23,425377.61,226876.46,0.0,1126960.3,1039304.12,818898.97,115517.61,38133.04,50939.62,4744.46,9488.93,1581.49,580743.68,1047026.16,137345.51,87656.18,0.0,https://eleos.org/docs/FIN_NGO_00087_FY2021-22.pdf,Verified
FIN_NGO_00088_FY2025-26,NGO_00088,FY2025-26,Audited Financial Statement,Public Repository,Adverse,"M/s Iyer, Natarajan & Co., Chartered Accountants",1320910.3,494020.87,602081.53,224807.9,437554.28,883356.02,1337757.02,422777.88,569934.03,95222.93,93401.57,46926.18,93852.36,15642.07,504532.73,1913273.56,339445.93,-16846.72,38298.65,https://eleos.org/docs/FIN_NGO_00088_FY2025-26.pdf,Extracted
FIN_NGO_00088_FY2024-25,NGO_00088,FY2024-25,Audited Financial Statement,Public Repository,Clean,"M/s Sen & Dasgupta, Chartered Accountants",1212408.01,468928.64,393905.92,349573.45,527787.77,684620.24,1206528.67,981829.9,103805.16,30997.7,52314.85,11274.32,22548.63,3758.11,769757.69,1874238.87,230836.45,5879.34,27554.48,https://eleos.org/docs/FIN_NGO_00088_FY2024-25.pdf,Verified
FIN_NGO_00088_FY2023-24,NGO_00088,FY2023-24,Audited Financial Statement,Public Repository,Clean,"M/s K. Mehta & Co., Chartered Accountants",1355243.4,563686.04,675867.58,115689.78,466195.81,889047.59,1353244.82,967639.75,80864.6,46183.01,60447.44,59433.01,118866.02,19810.99,221965.21,1755700.62,460819.4,1998.58,38153.03,https://eleos.org/docs/FIN_NGO_00088_FY2023-24.pdf,Verified
FIN_NGO_00089_FY2025-26,NGO_00089,FY2025-26,Audited Financial Statement,NGO Website,Clean,"M/s Gupta & Aggarwal, Chartered Accountants",4034083.36,1569106.82,632902.13,1832074.41,0.0,4034083.36,4055540.16,3317176.82,315759.52,169908.16,373320.67,0.0,0.0,-120625.01,1620010.38,2967966.72,447911.56,-21456.8,0.0,https://eleos.org/docs/FIN_NGO_00089_FY2025-26.pdf,Verified
FIN_NGO_00089_FY2024-25,NGO_00089,FY2024-25,Audited Financial Statement,NGO Website,Clean,"M/s K. Mehta & Co., Chartered Accountants",3835599.1,1479358.72,894452.75,1461787.63,0.0,3835599.1,3846078.35,3149743.14,281590.51,77848.67,263055.06,22152.29,44304.58,7384.1,1827448.9,2779662.38,381341.51,-10479.25,0.0,https://eleos.org/docs/FIN_NGO_00089_FY2024-25.pdf,Verified
FIN_NGO_00089_FY2023-24,NGO_00089,FY2023-24,Audited Financial Statement,Public Repository,Clean,"M/s R. K. Sharma & Associates, Chartered Accountants",3540967.65,1818688.05,1269271.52,453008.08,0.0,3540967.65,3271536.69,2625425.4,293373.39,114455.62,231457.15,2047.54,4095.08,682.51,627301.7,2943039.85,691695.83,269430.96,0.0,https://eleos.org/docs/FIN_NGO_00089_FY2023-24.pdf,Verified
FIN_NGO_00089_FY2022-23,NGO_00089,FY2022-23,Audited Financial Statement,Public Repository,Clean,"M/s R. K. Sharma & Associates, Chartered Accountants",3694719.8,2244714.87,1218031.64,231973.29,0.0,3694719.8,3401700.75,2463059.33,421508.66,150091.17,137689.2,68805.72,137611.43,22935.24,779339.51,2934705.37,357721.81,293019.05,0.0,https://eleos.org/docs/FIN_NGO_00089_FY2022-23.pdf,Verified
FIN_NGO_00089_FY2021-22,NGO_00089,FY2021-22,Audited Financial Statement,NGO Website,Clean,"M/s Gupta & Aggarwal, Chartered Accountants",3493792.31,1877548.19,1108509.04,507735.08,0.0,3493792.31,3543881.9,2931825.69,211997.55,50797.77,180087.33,50752.07,101504.14,16917.35,1234945.17,2954972.18,651441.76,-50089.59,0.0,https://eleos.org/docs/FIN_NGO_00089_FY2021-22.pdf,Verified
FIN_NGO_00090_FY2025-26,NGO_00090,FY2025-26,Audited Financial Statement,NGO Website,Clean,"M/s Iyer, Natarajan & Co., Chartered Accountants",49470737.28,29206402.47,10196618.28,10067716.53,0.0,49470737.28,46098608.9,33087615.56,3098025.21,2222145.56,3723739.35,1190124.97,2380249.93,396708.32,15300000.45,81211657.84,15599917.03,3372128.38,0.0,https://eleos.org/docs/FIN_NGO_00090_FY2025-26.pdf,Verified
FIN_NGO_00090_FY2024-25,NGO_00090,FY2024-25,Audited Financial Statement,Public Repository,Clean,"M/s Iyer, Natarajan & Co., Chartered Accountants",52122774.65,27750112.79,14612060.28,9760601.58,0.0,52122774.65,46695396.91,34713265.59,4614533.98,1895984.67,3333593.23,641405.83,1282811.66,213801.95,11109157.24,83350027.51,12758267.7,5427377.74,0.0,https://eleos.org/docs/FIN_NGO_00090_FY2024-25.pdf,Verified
FIN_NGO_00090_FY2023-24,NGO_00090,FY2023-24,Audited Financial Statement,Public Repository,Clean,"M/s R. K. Sharma & Associates, Chartered Accountants",48088996.07,29519057.16,14939030.96,3630907.95,0.0,48088996.07,42986345.28,34137146.24,4865552.89,1987487.03,4138471.36,0.0,0.0,-2142312.24,8331187.5,90264613.77,11453801.59,5102650.79,0.0,https://eleos.org/docs/FIN_NGO_00090_FY2023-24.pdf,Verified
FIN_NGO_00091_FY2025-26,NGO_00091,FY2025-26,Audited Financial Statement,Public Repository,Clean,"M/s K. Mehta & Co., Chartered Accountants",3684091.61,2251013.45,747861.32,685216.84,766838.78,2917252.83,3376348.98,2806698.88,389523.09,84828.33,298556.51,0.0,0.0,-203257.83,593813.46,5649240.08,808580.58,307742.63,0.0,https://eleos.org/docs/FIN_NGO_00091_FY2025-26.pdf,Verified
FIN_NGO_00091_FY2024-25,NGO_00091,FY2024-25,Audited Financial Statement,NGO Website,Clean,"M/s Sen & Dasgupta, Chartered Accountants",3158117.25,1685332.71,1069056.03,403728.51,575165.78,2582951.47,2938930.09,2147897.5,383572.79,87491.37,133917.14,55815.39,111630.78,18605.12,1672715.4,6028698.54,1490963.99,219187.16,0.0,https://eleos.org/docs/FIN_NGO_00091_FY2024-25.pdf,Verified
FIN_NGO_00091_FY2023-24,NGO_00091,FY2023-24,Audited Financial Statement,Public Repository,Qualified,"M/s Iyer, Natarajan & Co., Chartered Accountants",2676417.73,1672585.95,627504.3,376327.48,653247.94,2023169.79,2422197.63,2043110.21,297371.79,25204.45,123019.51,0.0,0.0,-66508.33,1050378.55,6294774.14,688869.5,254220.1,0.0,https://eleos.org/docs/FIN_NGO_00091_FY2023-24.pdf,Extracted
FIN_NGO_00092_FY2025-26,NGO_00092,FY2025-26,Audited Financial Statement,Public Repository,Clean,"M/s V. Raman & Co., Chartered Accountants",549054.61,341980.18,136635.39,70439.04,0.0,549054.61,486764.84,402267.82,33018.98,14484.84,20920.95,4821.67,9643.35,1607.23,139802.62,368356.83,86871.63,62289.77,0.0,https://eleos.org/docs/FIN_NGO_00092_FY2025-26.pdf,Verified
FIN_NGO_00092_FY2024-25,NGO_00092,FY2024-25,Audited Financial Statement,Public Repository,Clean,"M/s R. K. Sharma & Associates, Chartered Accountants",564158.54,261777.89,224786.6,77594.05,0.0,564158.54,562934.32,469542.7,78200.54,12032.51,53309.09,0.0,0.0,-50150.52,197818.16,430283.44,161532.85,1224.22,0.0,https://eleos.org/docs/FIN_NGO_00092_FY2024-25.pdf,Verified
FIN_NGO_00092_FY2023-24,NGO_00092,FY2023-24,Audited Financial Statement,Public Repository,Unknown,"M/s Sen & Dasgupta, Chartered Accountants",558043.97,380552.55,122634.69,54856.73,0.0,558043.97,551596.26,404970.77,43326.27,7275.93,33509.18,18754.23,37508.46,6251.42,218933.69,362600.43,68724.8,6447.71,0.0,https://eleos.org/docs/FIN_NGO_00092_FY2023-24.pdf,Extracted
FIN_NGO_00092_FY2022-23,NGO_00092,FY2022-23,Audited Financial Statement,NGO Website,Clean,"M/s K. Mehta & Co., Chartered Accountants",651892.96,259821.83,207819.71,184251.42,0.0,651892.96,583261.02,461497.03,30700.49,6075.15,25004.43,17995.17,35990.35,5998.4,181644.7,413678.36,95437.56,68631.94,0.0,https://eleos.org/docs/FIN_NGO_00092_FY2022-23.pdf,Verified
FIN_NGO_00092_FY2021-22,NGO_00092,FY2021-22,Audited Financial Statement,Public Repository,Clean,"M/s Deshmukh & Associates, Chartered Accountants",621121.42,441711.88,178509.61,899.93,0.0,621121.42,556222.0,471754.05,71263.91,23026.35,30915.52,0.0,0.0,-40737.83,346844.7,364830.82,72527.89,64899.42,0.0,https://eleos.org/docs/FIN_NGO_00092_FY2021-22.pdf,Verified
FIN_NGO_00093_FY2025-26,NGO_00093,FY2025-26,Audited Financial Statement,Public Repository,Clean,"M/s Sen & Dasgupta, Chartered Accountants",1177790.21,656556.07,214289.78,306944.36,0.0,1177790.21,1184042.14,815777.64,85730.55,17295.91,55253.29,62995.43,125990.85,20998.47,518154.9,1120166.77,290839.56,-6251.93,0.0,https://eleos.org/docs/FIN_NGO_00093_FY2025-26.pdf,Verified
FIN_NGO_00093_FY2024-25,NGO_00093,FY2024-25,Audited Financial Statement,NGO Website,Clean,"M/s Gupta & Aggarwal, Chartered Accountants",1269300.26,643234.71,234530.32,391535.23,0.0,1269300.26,1256609.63,1020500.71,162300.55,22905.75,70490.8,0.0,0.0,-19588.18,406911.0,1131802.85,315653.05,12690.63,0.0,https://eleos.org/docs/FIN_NGO_00093_FY2024-25.pdf,Verified
FIN_NGO_00094_FY2025-26,NGO_00094,FY2025-26,Audited Financial Statement,NGO Website,Clean,"M/s Sen & Dasgupta, Chartered Accountants",10074248.03,4357344.07,1886602.76,3830301.2,0.0,10074248.03,9749503.02,8245315.63,818958.68,204319.9,453116.92,8337.57,16675.13,2779.19,4118757.6,14146760.16,5604939.3,324745.01,0.0,https://eleos.org/docs/FIN_NGO_00094_FY2025-26.pdf,Verified
FIN_NGO_00094_FY2024-25,NGO_00094,FY2024-25,Audited Financial Statement,Public Repository,Clean,"M/s Deshmukh & Associates, Chartered Accountants",9526049.97,4596112.09,3491531.98,1438405.9,0.0,9526049.97,9318924.96,7922465.14,697635.61,309208.2,479312.94,0.0,0.0,-89696.93,5284629.87,12083371.44,4091428.02,207125.01,0.0,https://eleos.org/docs/FIN_NGO_00094_FY2024-25.pdf,Verified
FIN_NGO_00094_FY2023-24,NGO_00094,FY2023-24,Audited Financial Statement,NGO Website,Clean,"M/s R. K. Sharma & Associates, Chartered Accountants",8800422.85,6492845.99,1812760.56,494816.3,0.0,8800422.85,8512924.64,6839239.44,782921.53,414297.3,417249.64,17765.02,35530.04,5921.67,4104593.11,12555639.28,2341350.33,287498.21,0.0,https://eleos.org/docs/FIN_NGO_00094_FY2023-24.pdf,Verified
FIN_NGO_00094_FY2022-23,NGO_00094,FY2022-23,Audited Financial Statement,Public Repository,Clean,"M/s Gupta & Aggarwal, Chartered Accountants",7904866.38,5376797.15,1351422.63,1176646.6,0.0,7904866.38,7011508.08,5384178.84,353787.53,304049.86,428650.87,162252.29,324504.59,54084.1,1534534.4,14058758.72,4717824.05,893358.3,0.0,https://eleos.org/docs/FIN_NGO_00094_FY2022-23.pdf,Verified
FIN_NGO_00095_FY2025-26,NGO_00095,FY2025-26,Audited Financial Statement,NGO Website,Clean,"M/s Iyer, Natarajan & Co., Chartered Accountants",48087128.92,24581027.11,7310059.25,16196042.56,0.0,48087128.92,42684875.91,35229816.55,5495335.38,519639.25,2886062.98,0.0,0.0,-1445978.25,24114698.76,43261725.71,8654293.49,5402253.01,0.0,https://eleos.org/docs/FIN_NGO_00095_FY2025-26.pdf,Verified
FIN_NGO_00096_FY2025-26,NGO_00096,FY2025-26,Audited Financial Statement,Public Repository,Clean,"M/s R. K. Sharma & Associates, Chartered Accountants",3503909.88,1394733.43,1142282.97,966893.48,0.0,3503909.88,3301478.89,2589999.8,175201.29,119802.94,260900.49,46672.31,93344.62,15557.44,1994272.09,5901108.67,836724.44,202430.99,0.0,https://eleos.org/docs/FIN_NGO_00096_FY2025-26.pdf,Verified
FIN_NGO_00096_FY2024-25,NGO_00096,FY2024-25,Audited Financial Statement,Public Repository,Clean,"M/s K. Mehta & Co., Chartered Accountants",4111597.62,2027424.94,1872626.9,211545.78,0.0,4111597.62,3654335.37,2815946.83,297444.87,93642.25,301020.31,43884.33,87768.67,14628.11,1746624.76,5897632.39,1862252.52,457262.25,0.0,https://eleos.org/docs/FIN_NGO_00096_FY2024-25.pdf,Verified
FIN_NGO_00096_FY2023-24,NGO_00096,FY2023-24,Audited Financial Statement,Public Repository,Clean,"M/s Deshmukh & Associates, Chartered Accountants",3578792.73,2376262.46,975152.53,227377.74,0.0,3578792.73,3631607.48,3073160.12,203874.48,106586.9,328150.34,0.0,0.0,-80164.36,1644830.92,5689176.65,1778152.48,-52814.75,0.0,https://eleos.org/docs/FIN_NGO_00096_FY2023-24.pdf,Verified
FIN_NGO_00096_FY2022-23,NGO_00096,FY2022-23,Audited Financial Statement,Public Repository,Qualified,"M/s K. Mehta & Co., Chartered Accountants",3101352.82,1487503.85,1562383.42,51465.55,0.0,3101352.82,3099133.39,2301593.54,327184.04,36560.99,199046.28,70424.56,140849.13,23474.85,711529.53,5587273.06,736772.08,2219.43,0.0,https://eleos.org/docs/FIN_NGO_00096_FY2022-23.pdf,Extracted
FIN_NGO_00096_FY2021-22,NGO_00096,FY2021-22,Audited Financial Statement,NGO Website,Clean,"M/s Sen & Dasgupta, Chartered Accountants",2801614.65,1845416.08,911857.97,44340.6,0.0,2801614.65,2616068.43,2153570.78,155626.94,102357.67,242889.72,0.0,0.0,-38376.68,1665545.77,6591107.94,781560.35,185546.22,0.0,https://eleos.org/docs/FIN_NGO_00096_FY2021-22.pdf,Verified
FIN_NGO_00097_FY2025-26,NGO_00097,FY2025-26,Audited Financial Statement,Public Repository,Clean,"M/s Gupta & Aggarwal, Chartered Accountants",220745726.85,111734989.06,60276462.01,48734275.78,90888247.49,129857479.36,210257295.1,148949493.98,15964039.46,4132803.94,15152282.09,7817602.69,15635205.38,2605867.56,95798202.22,85727758.41,24483288.41,10488431.75,0.0,https://eleos.org/docs/FIN_NGO_00097_FY2025-26.pdf,Verified
FIN_NGO_00097_FY2024-25,NGO_00097,FY2024-25,Audited Financial Statement,Public Repository,Clean,"M/s V. Raman & Co., Chartered Accountants",218439449.31,156611590.67,40410750.32,21417108.32,34730432.68,183709016.63,196486373.76,145566565.26,14437681.1,7975271.21,11803422.72,5011030.04,10022060.08,1670343.35,83220560.6,93238956.28,35174608.72,21953075.55,0.0,https://eleos.org/docs/FIN_NGO_00097_FY2024-25.pdf,Verified
FIN_NGO_00097_FY2023-24,NGO_00097,FY2023-24,Audited Financial Statement,NGO Website,Clean,"M/s Sen & Dasgupta, Chartered Accountants",217932635.08,146508445.68,54530467.11,16893722.29,72571679.34,145360955.74,204480443.42,169780239.38,25084408.27,2623591.2,12422337.1,0.0,0.0,-5430132.53,106257177.92,96721534.14,35424802.56,13452191.66,0.0,https://eleos.org/docs/FIN_NGO_00097_FY2023-24.pdf,Verified
FIN_NGO_00097_FY2022-23,NGO_00097,FY2022-23,Audited Financial Statement,Public Repository,Clean,"M/s Sen & Dasgupta, Chartered Accountants",181979580.37,66284248.53,72168339.3,43526992.54,62801351.65,119178228.72,160688343.75,121749187.55,12422438.5,7851011.68,14621034.03,1213401.59,2426803.19,404467.21,28550827.52,93946915.72,32262211.76,21291236.62,0.0,https://eleos.org/docs/FIN_NGO_00097_FY2022-23.pdf,Verified
FIN_NGO_00098_FY2025-26,NGO_00098,FY2025-26,Audited Financial Statement,NGO Website,Clean,"M/s Sen & Dasgupta, Chartered Accountants",2228794.96,1368838.9,350774.88,509181.18,0.0,2228794.96,2066250.2,1688827.57,277601.02,83020.12,195473.96,0.0,0.0,-178672.47,1165527.9,3234272.45,1054358.3,162544.76,0.0,https://eleos.org/docs/FIN_NGO_00098_FY2025-26.pdf,Verified
FIN_NGO_00098_FY2024-25,NGO_00098,FY2024-25,Audited Financial Statement,Public Repository,Qualified,"M/s Gupta & Aggarwal, Chartered Accountants",2492965.57,1305392.57,721810.9,465762.1,0.0,2492965.57,2329266.18,1889642.12,270631.16,33467.85,101153.31,10311.52,20623.05,3437.17,1189436.31,3516398.75,1257303.24,163699.39,0.0,https://eleos.org/docs/FIN_NGO_00098_FY2024-25.pdf,Extracted
FIN_NGO_00099_FY2025-26,NGO_00099,FY2025-26,Audited Financial Statement,Public Repository,Clean,"M/s Deshmukh & Associates, Chartered Accountants",3066646.52,1836205.35,583509.06,646932.11,0.0,3066646.52,2960127.6,2036656.31,395851.25,32624.78,280360.67,64390.38,128780.75,21463.46,1639961.33,4691714.3,1568262.39,106518.92,0.0,https://eleos.org/docs/FIN_NGO_00099_FY2025-26.pdf,Verified
FIN_NGO_00099_FY2024-25,NGO_00099,FY2024-25,Audited Financial Statement,Public Repository,Unknown,"M/s Sen & Dasgupta, Chartered Accountants",3552336.91,1781624.41,1254135.68,516576.82,0.0,3552336.91,3601093.12,2874647.05,228693.62,129525.86,308817.9,17822.61,35645.22,5940.86,2266213.22,5142574.72,1386544.68,-48756.21,0.0,https://eleos.org/docs/FIN_NGO_00099_FY2024-25.pdf,Extracted
FIN_NGO_00100_FY2025-26,NGO_00100,FY2025-26,Audited Financial Statement,Public Repository,Clean,"M/s Iyer, Natarajan & Co., Chartered Accountants",1790983.35,815525.07,660629.76,314828.52,0.0,1790983.35,1684238.56,1427261.7,196814.83,19138.05,80142.6,0.0,0.0,-39118.62,833737.3,1380762.9,192910.98,106744.79,0.0,https://eleos.org/docs/FIN_NGO_00100_FY2025-26.pdf,Verified
FIN_NGO_00101_FY2025-26,NGO_00101,FY2025-26,Audited Financial Statement,NGO Website,Clean,"M/s Deshmukh & Associates, Chartered Accountants",22071856.14,10243612.0,6582062.28,5246181.86,0.0,22071856.14,22149853.3,18081236.2,3008309.57,1058809.64,941724.62,0.0,0.0,-940226.73,11418081.96,19626556.7,3601019.15,-77997.16,0.0,https://eleos.org/docs/FIN_NGO_00101_FY2025-26.pdf,Verified
FIN_NGO_00101_FY2024-25,NGO_00101,FY2024-25,Audited Financial Statement,NGO Website,Clean,"M/s K. Mehta & Co., Chartered Accountants",20361833.44,8092208.62,5577884.74,6691740.08,0.0,20361833.44,20737158.64,15739607.38,2689224.28,968585.45,1188420.21,45396.39,90792.79,15132.14,10922974.86,21592892.19,6476357.96,-375325.2,0.0,https://eleos.org/docs/FIN_NGO_00101_FY2024-25.pdf,Verified
FIN_NGO_00101_FY2023-24,NGO_00101,FY2023-24,Audited Financial Statement,Public Repository,Qualified,"M/s Iyer, Natarajan & Co., Chartered Accountants",20425593.3,8528521.99,8349570.48,3547500.83,0.0,20425593.3,19371044.94,13310893.09,2521296.45,344907.39,1400041.41,538171.98,1076343.96,179390.66,10871013.07,19383750.95,3577295.6,1054548.36,0.0,https://eleos.org/docs/FIN_NGO_00101_FY2023-24.pdf,Extracted
FIN_NGO_00101_FY2022-23,NGO_00101,FY2022-23,Audited Financial Statement,NGO Website,Clean,"M/s Deshmukh & Associates, Chartered Accountants",20579230.57,14043578.23,4104069.6,2431582.74,0.0,20579230.57,19355120.99,13543371.93,2198141.7,537611.76,1755212.32,396234.98,792469.97,132078.33,5449013.65,21354003.33,8497252.81,1224109.58,0.0,https://eleos.org/docs/FIN_NGO_00101_FY2022-23.pdf,Verified
FIN_NGO_00101_FY2021-22,NGO_00101,FY2021-22,Audited Financial Statement,NGO Website,Clean,"M/s R. K. Sharma & Associates, Chartered Accountants",22828762.51,14786440.92,4451552.1,3590769.49,0.0,22828762.51,22440058.18,15559556.19,1438529.96,631430.98,1349101.46,1038431.88,2076863.75,346143.96,10906782.44,18207670.99,5578489.41,388704.33,0.0,https://eleos.org/docs/FIN_NGO_00101_FY2021-22.pdf,Verified
FIN_NGO_00102_FY2025-26,NGO_00102,FY2025-26,Audited Financial Statement,NGO Website,Clean,"M/s V. Raman & Co., Chartered Accountants",3776840.81,2235831.15,585937.75,955071.91,0.0,3776840.81,3805967.8,3082838.37,465154.57,145346.94,172848.65,0.0,0.0,-60220.73,2030183.25,2838728.18,841624.64,-29126.99,0.0,https://eleos.org/docs/FIN_NGO_00102_FY2025-26.pdf,Verified
FIN_NGO_00102_FY2024-25,NGO_00102,FY2024-25,Audited Financial Statement,Public Repository,Clean,"M/s Gupta & Aggarwal, Chartered Accountants",4436572.67,3040204.11,954569.21,441799.35,0.0,4436572.67,4160952.1,3367074.44,316718.66,103837.38,206733.79,49976.35,99952.69,16658.79,1774544.48,2667833.26,277700.81,275620.57,0.0,https://eleos.org/docs/FIN_NGO_00102_FY2024-25.pdf,Verified
FIN_NGO_00102_FY2023-24,NGO_00102,FY2023-24,Audited Financial Statement,NGO Website,Clean,"M/s Sen & Dasgupta, Chartered Accountants",3801732.23,1935746.87,1198557.07,667428.29,0.0,3801732.23,3477152.59,2462693.99,268199.66,142203.25,187071.9,125095.14,250190.27,41698.38,995262.34,2597573.73,870748.49,324579.64,0.0,https://eleos.org/docs/FIN_NGO_00102_FY2023-24.pdf,Verified
FIN_NGO_00103_FY2025-26,NGO_00103,FY2025-26,Audited Financial Statement,Public Repository,Clean,"M/s Gupta & Aggarwal, Chartered Accountants",8763554.35,5757334.39,1740878.57,1265341.39,0.0,8763554.35,8405508.21,6186974.28,675871.48,192130.75,412178.54,281505.95,563011.9,93835.31,2969389.86,8666260.66,2661575.05,358046.14,0.0,https://eleos.org/docs/FIN_NGO_00103_FY2025-26.pdf,Verified
FIN_NGO_00104_FY2025-26,NGO_00104,FY2025-26,Audited Financial Statement,Public Repository,Clean,"M/s Deshmukh & Associates, Chartered Accountants",1306516.02,492176.08,589468.4,224871.54,0.0,1306516.02,1201715.48,1008241.42,97394.44,21277.13,49087.4,7714.53,15429.06,2571.5,727945.59,1226452.43,390989.27,104800.54,0.0,https://eleos.org/docs/FIN_NGO_00104_FY2025-26.pdf,Verified
FIN_NGO_00104_FY2024-25,NGO_00104,FY2024-25,Audited Financial Statement,Public Repository,Clean,"M/s K. Mehta & Co., Chartered Accountants",1335259.93,810021.74,266119.83,259118.36,0.0,1335259.93,1280397.26,1007256.57,75886.41,21937.06,67843.75,32242.04,64484.08,10747.35,273175.37,1250391.13,366926.07,54862.67,0.0,https://eleos.org/docs/FIN_NGO_00104_FY2024-25.pdf,Verified
FIN_NGO_00104_FY2023-24,NGO_00104,FY2023-24,Audited Financial Statement,NGO Website,Clean,"M/s K. Mehta & Co., Chartered Accountants",1379565.44,635834.82,640289.85,103440.77,0.0,1379565.44,1365316.03,1142551.87,150409.66,22833.51,93393.64,0.0,0.0,-43872.65,880005.73,1143091.48,389801.22,14249.41,0.0,https://eleos.org/docs/FIN_NGO_00104_FY2023-24.pdf,Verified
FIN_NGO_00105_FY2025-26,NGO_00105,FY2025-26,Audited Financial Statement,Public Repository,Clean,"M/s Gupta & Aggarwal, Chartered Accountants",2183926.36,1294434.48,346428.54,543063.34,0.0,2183926.36,1999221.47,1458414.58,186099.81,75610.48,85236.89,58157.91,116315.83,19385.97,924910.24,4046043.13,1403967.71,184704.89,0.0,https://eleos.org/docs/FIN_NGO_00105_FY2025-26.pdf,Verified
FIN_NGO_00105_FY2024-25,NGO_00105,FY2024-25,Audited Financial Statement,NGO Website,Clean,"M/s Iyer, Natarajan & Co., Chartered Accountants",2287895.3,1249465.83,672347.02,366082.45,0.0,2287895.3,2022584.5,1693891.52,237760.41,23315.84,178889.19,0.0,0.0,-111272.46,1207751.08,3441149.77,1104123.36,265310.8,0.0,https://eleos.org/docs/FIN_NGO_00105_FY2024-25.pdf,Verified
FIN_NGO_00106_FY2025-26,NGO_00106,FY2025-26,Audited Financial Statement,NGO Website,Clean,"M/s V. Raman & Co., Chartered Accountants",25835241.74,17695159.78,6614638.71,1525443.25,0.0,25835241.74,22927923.0,19311415.86,1540704.73,351012.57,1956897.14,0.0,0.0,-232107.3,11531758.94,9330640.7,1326143.64,2907318.74,0.0,https://eleos.org/docs/FIN_NGO_00106_FY2025-26.pdf,Verified
FIN_NGO_00107_FY2025-26,NGO_00107,FY2025-26,Audited Financial Statement,NGO Website,Clean,"M/s K. Mehta & Co., Chartered Accountants",19534593.05,11899546.69,3401651.84,4233394.52,0.0,19534593.05,17249924.64,14565263.46,1337987.07,300949.59,1173175.55,0.0,0.0,-127451.03,9566992.19,21340203.56,5821384.75,2284668.41,0.0,https://eleos.org/docs/FIN_NGO_00107_FY2025-26.pdf,Verified
FIN_NGO_00107_FY2024-25,NGO_00107,FY2024-25,Audited Financial Statement,NGO Website,Clean,"M/s Gupta & Aggarwal, Chartered Accountants",17731392.68,11336547.86,4904308.66,1490536.16,0.0,17731392.68,16185258.27,12411833.09,1393611.91,763290.01,686380.19,279042.92,558085.84,93014.31,9992409.8,23365707.67,3092605.5,1546134.41,0.0,https://eleos.org/docs/FIN_NGO_00107_FY2024-25.pdf,Verified
FIN_NGO_00107_FY2023-24,NGO_00107,FY2023-24,Audited Financial Statement,Public Repository,Clean,"M/s R. K. Sharma & Associates, Chartered Accountants",17097850.83,6179540.61,6843444.58,4074865.64,0.0,17097850.83,15521167.39,13131274.65,2014547.76,740574.7,1519741.7,0.0,0.0,-1884971.42,9874782.07,22612080.78,3142338.64,1576683.44,0.0,https://eleos.org/docs/FIN_NGO_00107_FY2023-24.pdf,Verified
FIN_NGO_00107_FY2022-23,NGO_00107,FY2022-23,Audited Financial Statement,NGO Website,Clean,"M/s V. Raman & Co., Chartered Accountants",15923886.3,10451312.27,4860369.8,612204.23,0.0,15923886.3,15981429.87,12186933.94,1036887.75,254098.99,640065.74,559033.04,1118066.07,186344.34,4804675.72,19721015.22,3369435.53,-57543.57,0.0,https://eleos.org/docs/FIN_NGO_00107_FY2022-23.pdf,Verified
FIN_NGO_00108_FY2025-26,NGO_00108,FY2025-26,Audited Financial Statement,Public Repository,Clean,"M/s K. Mehta & Co., Chartered Accountants",176521066.98,110240841.39,26939412.61,39340812.98,0.0,176521066.98,165841077.85,132289288.87,18295180.31,2020019.21,10837287.24,719790.67,1439581.34,239930.21,86408592.2,75234799.54,25740648.26,10679989.13,0.0,https://eleos.org/docs/FIN_NGO_00108_FY2025-26.pdf,Verified
FIN_NGO_00108_FY2024-25,NGO_00108,FY2024-25,Audited Financial Statement,Public Repository,Qualified,"M/s V. Raman & Co., Chartered Accountants",174840060.86,84627030.99,60460611.53,29752418.34,0.0,174840060.86,163245726.73,121728277.15,19702865.47,5104443.32,16135872.12,172280.6,344561.21,57426.86,79559348.37,75795949.29,15245196.05,11594334.13,0.0,https://eleos.org/docs/FIN_NGO_00108_FY2024-25.pdf,Extracted
FIN_NGO_00108_FY2023-24,NGO_00108,FY2023-24,Audited Financial Statement,Public Repository,Clean,"M/s K. Mehta & Co., Chartered Accountants",175777669.25,104729749.69,65337885.42,5710034.14,0.0,175777669.25,166010600.67,125882493.0,15244535.27,7423308.22,7037300.06,3126889.24,6253778.48,1042296.4,29057956.93,83113169.99,17519335.8,9767068.58,0.0,https://eleos.org/docs/FIN_NGO_00108_FY2023-24.pdf,Verified
FIN_NGO_00108_FY2022-23,NGO_00108,FY2022-23,Audited Financial Statement,NGO Website,Clean,"M/s R. K. Sharma & Associates, Chartered Accountants",195974692.79,111137130.53,39305137.01,45532425.25,0.0,195974692.79,188803791.98,140515214.28,9737878.31,6691075.74,11229663.07,6188988.18,12377976.36,2062996.04,62045125.24,73941550.11,23779905.07,7170900.81,0.0,https://eleos.org/docs/FIN_NGO_00108_FY2022-23.pdf,Verified
FIN_NGO_00108_FY2021-22,NGO_00108,FY2021-22,Audited Financial Statement,NGO Website,Clean,"M/s Deshmukh & Associates, Chartered Accountants",169592514.18,69169617.33,62439763.75,37983133.1,0.0,169592514.18,171055846.33,143804768.75,13870023.16,5933866.63,11543165.41,0.0,0.0,-4095977.62,102939738.65,88539676.95,30647627.76,-1463332.15,0.0,https://eleos.org/docs/FIN_NGO_00108_FY2021-22.pdf,Verified
FIN_NGO_00109_FY2025-26,NGO_00109,FY2025-26,Audited Financial Statement,NGO Website,Clean,"M/s Sen & Dasgupta, Chartered Accountants",29365606.59,13281389.59,4781693.69,11302523.31,0.0,29365606.59,27261322.63,22719927.1,3737394.43,884712.51,2123194.78,0.0,0.0,-2203906.19,6918258.53,30955840.35,6524173.56,2104283.96,0.0,https://eleos.org/docs/FIN_NGO_00109_FY2025-26.pdf,Verified
FIN_NGO_00109_FY2024-25,NGO_00109,FY2024-25,Audited Financial Statement,Public Repository,Clean,"M/s Iyer, Natarajan & Co., Chartered Accountants",29020761.53,11967007.0,11782187.24,5271567.29,0.0,29020761.53,28591091.08,22654657.78,2883134.75,1160729.86,1856235.98,10899.81,21799.62,3633.28,8346992.93,29596704.82,11747052.66,429670.45,0.0,https://eleos.org/docs/FIN_NGO_00109_FY2024-25.pdf,Verified
FIN_NGO_00109_FY2023-24,NGO_00109,FY2023-24,Audited Financial Statement,Public Repository,Clean,"M/s Iyer, Natarajan & Co., Chartered Accountants",30139913.17,20792539.81,4989049.07,4358324.29,0.0,30139913.17,27194533.93,19560891.43,3787975.08,466247.5,2019050.04,408110.97,816221.93,136036.98,14651390.73,29542572.81,6509261.39,2945379.24,0.0,https://eleos.org/docs/FIN_NGO_00109_FY2023-24.pdf,Verified
FIN_NGO_00109_FY2022-23,NGO_00109,FY2022-23,Audited Financial Statement,Public Repository,Clean,"M/s Deshmukh & Associates, Chartered Accountants",34485039.97,15916635.3,15494098.9,3074305.77,0.0,34485039.97,33418408.85,26515823.76,3668710.08,1180502.06,2713930.13,0.0,0.0,-660557.18,13405872.74,28402781.87,4758311.34,1066631.12,0.0,https://eleos.org/docs/FIN_NGO_00109_FY2022-23.pdf,Verified
FIN_NGO_00109_FY2021-22,NGO_00109,FY2021-22,Audited Financial Statement,Public Repository,Clean,"M/s Iyer, Natarajan & Co., Chartered Accountants",38533922.89,20414593.0,17180443.88,938886.01,0.0,38533922.89,36413131.69,25925159.07,2765821.43,850690.64,2620286.86,1275352.11,2550704.22,425117.36,8598427.02,30517945.99,6561542.32,2120791.2,0.0,https://eleos.org/docs/FIN_NGO_00109_FY2021-22.pdf,Verified
FIN_NGO_00110_FY2025-26,NGO_00110,FY2025-26,Audited Financial Statement,Public Repository,Clean,"M/s K. Mehta & Co., Chartered Accountants",7690382.14,4912598.32,1748778.68,1029005.14,0.0,7690382.14,7052319.43,5628996.77,442712.94,206658.63,384944.65,116701.93,233403.86,38900.65,2221571.19,11971792.64,2842972.8,638062.71,0.0,https://eleos.org/docs/FIN_NGO_00110_FY2025-26.pdf,Verified
FIN_NGO_00110_FY2024-25,NGO_00110,FY2024-25,Audited Financial Statement,NGO Website,Clean,"M/s Deshmukh & Associates, Chartered Accountants",7025931.89,3288956.95,2246982.8,1489992.14,0.0,7025931.89,6931680.3,5695951.01,783006.42,234132.23,513595.03,0.0,0.0,-295004.39,1552779.48,11037587.64,1835622.15,94251.59,0.0,https://eleos.org/docs/FIN_NGO_00110_FY2024-25.pdf,Verified
FIN_NGO_00111_FY2025-26,NGO_00111,FY2025-26,Audited Financial Statement,Public Repository,Clean,"M/s V. Raman & Co., Chartered Accountants",301993140.76,172532846.51,90304564.6,39155729.65,0.0,301993140.76,289713587.04,235660685.86,37238453.31,3545802.27,28457474.36,0.0,0.0,-15188828.76,79377459.08,446170718.54,143591449.63,12279553.72,0.0,https://eleos.org/docs/FIN_NGO_00111_FY2025-26.pdf,Verified
FIN_NGO_00111_FY2024-25,NGO_00111,FY2024-25,Audited Financial Statement,NGO Website,Clean,"M/s V. Raman & Co., Chartered Accountants",272458928.83,173543295.16,51168121.21,47747512.46,0.0,272458928.83,267736456.87,229259501.33,19790730.97,10635674.92,15166893.69,0.0,0.0,-7116344.04,162980128.33,507154173.27,70882241.69,4722471.96,0.0,https://eleos.org/docs/FIN_NGO_00111_FY2024-25.pdf,Verified
FIN_NGO_00111_FY2023-24,NGO_00111,FY2023-24,Audited Financial Statement,NGO Website,Clean,"M/s Iyer, Natarajan & Co., Chartered Accountants",280862614.09,163604768.76,77009376.22,40248469.11,0.0,280862614.09,254882714.45,197954164.7,30669306.24,9011691.38,15071597.31,652786.45,1305572.89,217595.48,53067395.74,429970927.03,68459486.24,25979899.64,0.0,https://eleos.org/docs/FIN_NGO_00111_FY2023-24.pdf,Verified
FIN_NGO_00111_FY2022-23,NGO_00111,FY2022-23,Audited Financial Statement,Public Repository,Clean,"M/s Deshmukh & Associates, Chartered Accountants",260636558.54,92223898.06,94670271.03,73742389.45,0.0,260636558.54,250849983.09,211440946.89,28797159.34,8956622.25,16696200.84,0.0,0.0,-15040946.23,117263907.48,493026468.63,196062479.74,9786575.45,0.0,https://eleos.org/docs/FIN_NGO_00111_FY2022-23.pdf,Verified
FIN_NGO_00112_FY2025-26,NGO_00112,FY2025-26,Audited Financial Statement,Public Repository,Clean,"M/s Iyer, Natarajan & Co., Chartered Accountants",2092701.07,1417623.39,386938.97,288138.71,0.0,2092701.07,1966824.62,1571826.9,143644.36,21531.14,176921.98,15870.07,31740.14,5290.03,671086.79,2947595.51,948256.47,125876.45,0.0,https://eleos.org/docs/FIN_NGO_00112_FY2025-26.pdf,Verified
FIN_NGO_00112_FY2024-25,NGO_00112,FY2024-25,Audited Financial Statement,Public Repository,Clean,"M/s Deshmukh & Associates, Chartered Accountants",2361205.58,927325.31,616696.6,817183.67,0.0,2361205.58,2398887.22,1771786.79,223507.78,69075.65,199769.35,40424.3,80848.59,13474.76,415007.43,3006657.38,921060.29,-37681.64,0.0,https://eleos.org/docs/FIN_NGO_00112_FY2024-25.pdf,Verified
FIN_NGO_00113_FY2025-26,NGO_00113,FY2025-26,Audited Financial Statement,NGO Website,Clean,"M/s V. Raman & Co., Chartered Accountants",13589935.55,7625116.97,4757810.97,1207007.61,0.0,13589935.55,11971232.26,9907841.16,1064431.04,394925.13,494280.35,32926.38,65852.75,10975.45,6753107.65,3892654.16,652288.09,1618703.29,0.0,https://eleos.org/docs/FIN_NGO_00113_FY2025-26.pdf,Verified
FIN_NGO_00113_FY2024-25,NGO_00113,FY2024-25,Audited Financial Statement,NGO Website,Clean,"M/s R. K. Sharma & Associates, Chartered Accountants",14002737.09,9201360.07,3538308.61,1263068.41,0.0,14002737.09,14073508.25,11225737.88,957418.51,661655.6,1256644.45,0.0,0.0,-27948.19,7141633.17,4373314.06,685098.07,-70771.16,0.0,https://eleos.org/docs/FIN_NGO_00113_FY2024-25.pdf,Verified
FIN_NGO_00113_FY2023-24,NGO_00113,FY2023-24,Audited Financial Statement,NGO Website,Clean,"M/s V. Raman & Co., Chartered Accountants",11614441.69,6861447.31,4285407.71,467586.67,0.0,11614441.69,10733452.31,8804687.2,1058392.06,247926.02,1044146.33,0.0,0.0,-421699.3,2844922.22,4056268.82,774255.94,880989.38,0.0,https://eleos.org/docs/FIN_NGO_00113_FY2023-24.pdf,Verified
FIN_NGO_00113_FY2022-23,NGO_00113,FY2022-23,Audited Financial Statement,NGO Website,Clean,"M/s K. Mehta & Co., Chartered Accountants",12753171.74,4602856.58,7387099.3,763215.86,0.0,12753171.74,12771722.38,10855831.12,780095.64,140705.5,1237334.96,0.0,0.0,-242244.84,7370485.07,4056076.8,465492.76,-18550.64,0.0,https://eleos.org/docs/FIN_NGO_00113_FY2022-23.pdf,Verified
FIN_NGO_00113_FY2021-22,NGO_00113,FY2021-22,Audited Financial Statement,NGO Website,Clean,"M/s V. Raman & Co., Chartered Accountants",12204552.73,8247833.89,2028089.21,1928629.63,0.0,12204552.73,12032772.31,8561527.12,1590678.22,178905.06,1004388.75,209181.95,418363.89,69727.32,2529038.01,4297726.33,1209614.51,171780.42,0.0,https://eleos.org/docs/FIN_NGO_00113_FY2021-22.pdf,Verified
FIN_NGO_00114_FY2025-26,NGO_00114,FY2025-26,Audited Financial Statement,Public Repository,Clean,"M/s Iyer, Natarajan & Co., Chartered Accountants",2316444.34,1310620.97,849465.16,156358.21,849571.75,1466872.59,2174639.96,1545197.47,128326.31,41118.06,132479.03,98255.72,196511.45,32751.92,398313.28,2019520.39,483331.81,141804.38,0.0,https://eleos.org/docs/FIN_NGO_00114_FY2025-26.pdf,Verified
FIN_NGO_00114_FY2024-25,NGO_00114,FY2024-25,Audited Financial Statement,Public Repository,Clean,"M/s V. Raman & Co., Chartered Accountants",2011567.7,1189456.96,633139.07,188971.67,489674.45,1521893.25,1873134.79,1432025.89,245866.67,67910.45,89333.39,11399.52,22799.04,3799.83,855656.94,1926307.26,468741.74,138432.91,0.0,https://eleos.org/docs/FIN_NGO_00114_FY2024-25.pdf,Verified
FIN_NGO_00115_FY2025-26,NGO_00115,FY2025-26,Audited Financial Statement,NGO Website,Clean,"M/s Iyer, Natarajan & Co., Chartered Accountants",34495722.72,12944420.2,11158858.08,10392444.44,0.0,34495722.72,32565365.58,25909417.94,4455847.96,621510.07,1549254.61,8800.5,17600.99,2933.51,6694412.81,35651757.81,6727986.89,1930357.14,0.0,https://eleos.org/docs/FIN_NGO_00115_FY2025-26.pdf,Verified
FIN_NGO_00115_FY2024-25,NGO_00115,FY2024-25,Audited Financial Statement,Public Repository,Clean,"M/s Gupta & Aggarwal, Chartered Accountants",35157608.52,25518076.11,9492369.36,147163.05,0.0,35157608.52,33453401.34,28599391.68,2222480.53,1519619.79,2984096.83,0.0,0.0,-1872187.49,7388324.61,36570215.04,12169595.1,1704207.18,0.0,https://eleos.org/docs/FIN_NGO_00115_FY2024-25.pdf,Verified
FIN_NGO_00115_FY2023-24,NGO_00115,FY2023-24,Audited Financial Statement,Public Repository,Clean,"M/s Gupta & Aggarwal, Chartered Accountants",36435132.92,14964217.94,19228943.42,2241971.56,0.0,36435132.92,36894320.89,28574951.86,4501970.44,708996.02,2278569.98,248949.78,497899.56,82983.25,15327193.56,34409407.34,4474648.26,-459187.97,0.0,https://eleos.org/docs/FIN_NGO_00115_FY2023-24.pdf,Verified
FIN_NGO_00115_FY2022-23,NGO_00115,FY2022-23,Audited Financial Statement,Public Repository,Clean,"M/s Iyer, Natarajan & Co., Chartered Accountants",32844548.87,23722289.1,7931076.44,1191183.33,0.0,32844548.87,29128112.8,22642676.79,3960308.93,526864.79,1906171.22,27627.32,55254.65,9209.1,18483919.43,34595772.8,7504920.49,3716436.07,0.0,https://eleos.org/docs/FIN_NGO_00115_FY2022-23.pdf,Verified
FIN_NGO_00116_FY2025-26,NGO_00116,FY2025-26,Audited Financial Statement,Public Repository,Clean,"M/s Iyer, Natarajan & Co., Chartered Accountants",36571957.08,14015739.7,7212142.3,15344075.08,0.0,36571957.08,35591389.34,29365688.99,2557133.83,1197414.55,2480668.76,0.0,0.0,-9516.79,7188845.87,34453641.08,10768786.18,980567.74,0.0,https://eleos.org/docs/FIN_NGO_00116_FY2025-26.pdf,Verified
FIN_NGO_00116_FY2024-25,NGO_00116,FY2024-25,Audited Financial Statement,Public Repository,Clean,"M/s Gupta & Aggarwal, Chartered Accountants",37975808.95,26513091.46,9545736.27,1916981.22,0.0,37975808.95,33942806.22,23338334.34,2026446.33,1211999.55,3064775.36,1290375.19,2580750.38,430125.07,6702237.31,35665882.24,6119705.25,4033002.73,0.0,https://eleos.org/docs/FIN_NGO_00116_FY2024-25.pdf,Verified
FIN_NGO_00117_FY2025-26,NGO_00117,FY2025-26,Audited Financial Statement,Public Repository,Clean,"M/s Sen & Dasgupta, Chartered Accountants",2083121.15,897532.84,1059838.05,125750.26,0.0,2083121.15,1879580.28,1442351.02,150986.89,45971.77,124552.54,34715.42,69430.83,11571.81,440332.27,1996543.32,313331.37,203540.87,0.0,https://eleos.org/docs/FIN_NGO_00117_FY2025-26.pdf,Verified
FIN_NGO_00117_FY2024-25,NGO_00117,FY2024-25,Audited Financial Statement,Public Repository,Clean,"M/s Iyer, Natarajan & Co., Chartered Accountants",2128480.5,1389276.74,545302.13,193901.63,0.0,2128480.5,2051250.1,1541791.0,230985.63,27941.49,106495.11,43211.06,86422.12,14403.69,1207092.02,2168396.36,388166.83,77230.4,0.0,https://eleos.org/docs/FIN_NGO_00117_FY2024-25.pdf,Verified
FIN_NGO_00117_FY2023-24,NGO_00117,FY2023-24,Audited Financial Statement,NGO Website,Clean,"M/s Deshmukh & Associates, Chartered Accountants",1847290.39,931211.82,817041.96,99036.61,0.0,1847290.39,1876670.32,1524852.48,241868.65,64814.19,164976.65,0.0,0.0,-119841.65,585367.53,2088899.31,726603.17,-29379.93,0.0,https://eleos.org/docs/FIN_NGO_00117_FY2023-24.pdf,Verified
FIN_NGO_00117_FY2022-23,NGO_00117,FY2022-23,Audited Financial Statement,Public Repository,Clean,"M/s Gupta & Aggarwal, Chartered Accountants",1532307.63,673889.65,666753.29,191664.69,0.0,1532307.63,1379617.37,992518.16,177642.62,58579.95,91636.05,17772.18,35544.35,5924.06,411673.09,2415958.19,863123.78,152690.26,0.0,https://eleos.org/docs/FIN_NGO_00117_FY2022-23.pdf,Verified
FIN_NGO_00117_FY2021-22,NGO_00117,FY2021-22,Audited Financial Statement,NGO Website,Clean,"M/s Deshmukh & Associates, Chartered Accountants",1560565.55,900811.93,409598.1,250155.52,0.0,1560565.55,1587217.44,1321553.52,162341.56,72288.49,123224.11,0.0,0.0,-92190.24,830743.88,2301962.15,908296.39,-26651.89,0.0,https://eleos.org/docs/FIN_NGO_00117_FY2021-22.pdf,Verified
FIN_NGO_00118_FY2025-26,NGO_00118,FY2025-26,Audited Financial Statement,Public Repository,Clean,"M/s Gupta & Aggarwal, Chartered Accountants",93269920.57,59893478.82,28191791.3,5184650.45,0.0,93269920.57,84444098.85,61203724.63,8793779.8,1450211.93,7222441.3,1732182.36,3464364.71,577394.12,40085909.86,99081708.78,13460252.98,8825821.72,0.0,https://eleos.org/docs/FIN_NGO_00118_FY2025-26.pdf,Verified
FIN_NGO_00118_FY2024-25,NGO_00118,FY2024-25,Audited Financial Statement,NGO Website,Clean,"M/s V. Raman & Co., Chartered Accountants",100016534.8,62424442.39,33185174.16,4406918.25,0.0,100016534.8,92372006.37,69152670.14,8562578.37,1599844.72,8390697.35,1399864.74,2799729.48,466621.57,22049703.68,97800004.39,17174095.46,7644528.43,0.0,https://eleos.org/docs/FIN_NGO_00118_FY2024-25.pdf,Verified
FIN_NGO_00118_FY2023-24,NGO_00118,FY2023-24,Audited Financial Statement,Public Repository,Clean,"M/s Gupta & Aggarwal, Chartered Accountants",90173954.99,67112363.6,19562133.43,3499457.96,0.0,90173954.99,87005451.39,64484058.17,10237355.91,941053.61,6214976.57,1538402.14,3076804.28,512800.71,55770934.71,90436486.99,19167479.35,3168503.6,0.0,https://eleos.org/docs/FIN_NGO_00118_FY2023-24.pdf,Verified
FIN_NGO_00118_FY2022-23,NGO_00118,FY2022-23,Audited Financial Statement,NGO Website,Qualified,"M/s Sen & Dasgupta, Chartered Accountants",74350973.56,35743774.42,19560984.17,19046214.97,0.0,74350973.56,67223318.53,55392476.37,6798097.85,858816.16,4200796.01,0.0,0.0,-26867.86,31476705.8,99145706.68,25833821.55,7127655.03,0.0,https://eleos.org/docs/FIN_NGO_00118_FY2022-23.pdf,Extracted
FIN_NGO_00118_FY2021-22,NGO_00118,FY2021-22,Audited Financial Statement,Public Repository,Clean,"M/s R. K. Sharma & Associates, Chartered Accountants",85395161.36,50373523.06,25558838.27,9462800.03,0.0,85395161.36,76927288.83,64654202.85,8736869.2,1315432.06,7137338.22,0.0,0.0,-4916553.5,43040643.06,89865112.28,10031847.77,8467872.53,0.0,https://eleos.org/docs/FIN_NGO_00118_FY2021-22.pdf,Verified
FIN_NGO_00119_FY2025-26,NGO_00119,FY2025-26,Audited Financial Statement,NGO Website,Clean,"M/s V. Raman & Co., Chartered Accountants",6873464.39,2923254.19,3845665.55,104544.65,0.0,6873464.39,6552871.04,4517800.57,814426.74,259111.03,605631.49,106770.36,213540.72,35590.13,1567086.73,11482426.81,3556738.36,320593.35,0.0,https://eleos.org/docs/FIN_NGO_00119_FY2025-26.pdf,Verified
FIN_NGO_00119_FY2024-25,NGO_00119,FY2024-25,Audited Financial Statement,NGO Website,Clean,"M/s K. Mehta & Co., Chartered Accountants",7844328.78,4980868.2,1299724.94,1563735.64,0.0,7844328.78,7915650.1,5672746.54,543063.66,84093.56,620786.98,298487.81,596975.61,99495.94,2002777.57,12233409.84,4615588.11,-71321.32,0.0,https://eleos.org/docs/FIN_NGO_00119_FY2024-25.pdf,Verified
FIN_NGO_00119_FY2023-24,NGO_00119,FY2023-24,Audited Financial Statement,Public Repository,Qualified,"M/s Sen & Dasgupta, Chartered Accountants",9016963.34,4348883.93,1939585.65,2728493.76,0.0,9016963.34,8131768.58,6100329.5,573724.44,212063.1,772965.44,141805.83,283611.66,47268.61,3654220.16,12073989.59,2142596.93,885194.76,0.0,https://eleos.org/docs/FIN_NGO_00119_FY2023-24.pdf,Extracted
FIN_NGO_00119_FY2022-23,NGO_00119,FY2022-23,Audited Financial Statement,Public Repository,Clean,"M/s Gupta & Aggarwal, Chartered Accountants",10197713.2,6123483.71,2050979.53,2023249.96,0.0,10197713.2,9567741.63,8019323.09,1112699.85,359854.73,539208.22,0.0,0.0,-463344.26,3413960.87,11263809.06,4171244.65,629971.57,0.0,https://eleos.org/docs/FIN_NGO_00119_FY2022-23.pdf,Verified
FIN_NGO_00119_FY2021-22,NGO_00119,FY2021-22,Audited Financial Statement,NGO Website,Clean,"M/s Sen & Dasgupta, Chartered Accountants",8400414.12,5267137.41,1338361.27,1794915.44,0.0,8400414.12,7526882.38,6157612.93,463655.52,96501.96,612462.14,58994.95,117989.9,19664.98,1727132.86,12473393.29,1496184.7,873531.74,0.0,https://eleos.org/docs/FIN_NGO_00119_FY2021-22.pdf,Verified
FIN_NGO_00120_FY2025-26,NGO_00120,FY2025-26,Audited Financial Statement,Public Repository,Clean,"M/s R. K. Sharma & Associates, Chartered Accountants",1605992.55,800023.36,321978.83,483990.36,0.0,1605992.55,1596226.27,1115255.63,113379.28,51890.87,100359.22,64602.38,129204.77,21534.12,852939.86,1551618.83,259671.82,9766.28,0.0,https://eleos.org/docs/FIN_NGO_00120_FY2025-26.pdf,Verified
FIN_NGO_00120_FY2024-25,NGO_00120,FY2024-25,Audited Financial Statement,Public Repository,Unknown,"M/s Iyer, Natarajan & Co., Chartered Accountants",1328357.57,902750.96,307094.59,118512.02,0.0,1328357.57,1338232.25,1047659.92,113408.39,34085.69,108579.61,10349.59,20699.18,3449.87,359763.03,1676201.39,293356.52,-9874.68,0.0,https://eleos.org/docs/FIN_NGO_00120_FY2024-25.pdf,Extracted
FIN_NGO_00120_FY2023-24,NGO_00120,FY2023-24,Audited Financial Statement,Public Repository,Clean,"M/s V. Raman & Co., Chartered Accountants",1528930.99,628780.77,589199.12,310951.1,0.0,1528930.99,1552525.15,1156358.5,97803.91,26352.76,121447.2,45168.84,90337.67,15056.27,1008474.13,1807654.23,380372.8,-23594.16,0.0,https://eleos.org/docs/FIN_NGO_00120_FY2023-24.pdf,Verified
FIN_NGO_00120_FY2022-23,NGO_00120,FY2022-23,Audited Financial Statement,Public Repository,Clean,"M/s Iyer, Natarajan & Co., Chartered Accountants",1277146.27,656642.94,568947.93,51555.4,0.0,1277146.27,1161097.26,967545.9,161246.27,40708.07,55153.81,0.0,0.0,-63556.79,409746.79,1808219.94,430671.81,116049.01,0.0,https://eleos.org/docs/FIN_NGO_00120_FY2022-23.pdf,Verified
FIN_NGO_00121_FY2025-26,NGO_00121,FY2025-26,Audited Financial Statement,Public Repository,Clean,"M/s V. Raman & Co., Chartered Accountants",38089293.01,24660292.76,13104609.8,324390.45,0.0,38089293.01,38341905.79,28195147.24,2144925.87,867293.96,2967429.67,1250132.72,2500265.43,416710.9,14313359.83,59029941.76,9005926.6,-252612.78,0.0,https://eleos.org/docs/FIN_NGO_00121_FY2025-26.pdf,Verified
FIN_NGO_00121_FY2024-25,NGO_00121,FY2024-25,Audited Financial Statement,Public Repository,Qualified,"M/s V. Raman & Co., Chartered Accountants",43585354.82,17905158.3,14485454.43,11194742.09,0.0,43585354.82,41220390.57,31979394.53,4354769.4,1322879.74,2040278.47,456920.53,913841.06,152306.84,26449125.85,63316236.19,23496369.29,2364964.25,0.0,https://eleos.org/docs/FIN_NGO_00121_FY2024-25.pdf,Extracted
FIN_NGO_00121_FY2023-24,NGO_00121,FY2023-24,Audited Financial Statement,Public Repository,Clean,"M/s R. K. Sharma & Associates, Chartered Accountants",50005762.49,19443619.29,8408979.39,22153163.81,0.0,50005762.49,48108771.49,40336401.31,4452619.69,1957330.57,3300877.65,0.0,0.0,-1938457.73,30976589.74,59319849.89,13778871.4,1896991.0,0.0,https://eleos.org/docs/FIN_NGO_00121_FY2023-24.pdf,Verified
FIN_NGO_00122_FY2025-26,NGO_00122,FY2025-26,Audited Financial Statement,NGO Website,Clean,"M/s Sen & Dasgupta, Chartered Accountants",4610108.08,1750761.62,1500958.64,1358387.82,0.0,4610108.08,4063120.3,2875555.98,496233.49,181002.32,352404.99,47377.05,94754.11,15792.36,636786.89,8171775.03,2950402.04,546987.78,0.0,https://eleos.org/docs/FIN_NGO_00122_FY2025-26.pdf,Verified
FIN_NGO_00123_FY2025-26,NGO_00123,FY2025-26,Audited Financial Statement,NGO Website,Clean,"M/s K. Mehta & Co., Chartered Accountants",1341716.24,754340.16,454104.21,133271.87,0.0,1341716.24,1192503.46,1018714.0,86635.54,15009.01,101670.25,0.0,0.0,-29525.34,384119.23,1002960.32,286800.13,149212.78,0.0,https://eleos.org/docs/FIN_NGO_00123_FY2025-26.pdf,Verified
FIN_NGO_00123_FY2024-25,NGO_00123,FY2024-25,Audited Financial Statement,NGO Website,Clean,"M/s Deshmukh & Associates, Chartered Accountants",1534266.32,810664.6,712334.84,11266.88,0.0,1534266.32,1500099.19,1202194.79,117991.54,69873.22,129433.31,0.0,0.0,-19393.67,679175.05,1046349.55,283309.96,34167.13,0.0,https://eleos.org/docs/FIN_NGO_00123_FY2024-25.pdf,Verified
FIN_NGO_00123_FY2023-24,NGO_00123,FY2023-24,Audited Financial Statement,Public Repository,Clean,"M/s K. Mehta & Co., Chartered Accountants",1668038.01,904376.05,506777.19,256884.77,0.0,1668038.01,1605006.32,1311955.03,125531.91,28266.41,160413.71,0.0,0.0,-21160.74,275017.42,930124.39,222749.39,63031.69,0.0,https://eleos.org/docs/FIN_NGO_00123_FY2023-24.pdf,Verified
FIN_NGO_00124_FY2025-26,NGO_00124,FY2025-26,Audited Financial Statement,Public Repository,Clean,"M/s Deshmukh & Associates, Chartered Accountants",286041841.54,156017279.91,83830312.24,46194249.39,0.0,286041841.54,276689697.7,189115059.94,26558459.61,11069716.46,12654392.14,11187620.87,22375241.73,3729206.95,52751951.76,310647691.92,87223638.11,9352143.84,0.0,https://eleos.org/docs/FIN_NGO_00124_FY2025-26.pdf,Verified
FIN_NGO_00124_FY2024-25,NGO_00124,FY2024-25,Audited Financial Statement,Public Repository,Clean,"M/s K. Mehta & Co., Chartered Accountants",241445962.19,122130753.81,52269969.72,67045238.66,0.0,241445962.19,228486246.56,187036607.82,26063811.3,9393154.38,14126607.15,0.0,0.0,-8133934.09,59787232.85,280280459.8,57976190.42,12959715.63,0.0,https://eleos.org/docs/FIN_NGO_00124_FY2024-25.pdf,Verified
FIN_NGO_00124_FY2023-24,NGO_00124,FY2023-24,Audited Financial Statement,NGO Website,Clean,"M/s K. Mehta & Co., Chartered Accountants",221693925.76,105972859.63,114507529.04,1213537.09,0.0,221693925.76,224815730.37,177347863.78,22092173.1,8055971.14,20109359.38,0.0,0.0,-2789637.03,100895859.58,287582055.43,92033727.79,-3121804.61,0.0,https://eleos.org/docs/FIN_NGO_00124_FY2023-24.pdf,Verified
FIN_NGO_00125_FY2025-26,NGO_00125,FY2025-26,Audited Financial Statement,NGO Website,Clean,"M/s V. Raman & Co., Chartered Accountants",1215772.06,889663.58,202155.31,123953.17,0.0,1215772.06,1156727.57,853089.62,98179.88,29880.99,90293.96,25584.93,51169.87,8528.32,341026.08,1562340.02,491235.09,59044.49,0.0,https://eleos.org/docs/FIN_NGO_00125_FY2025-26.pdf,Verified
FIN_NGO_00125_FY2024-25,NGO_00125,FY2024-25,Audited Financial Statement,Public Repository,Clean,"M/s Deshmukh & Associates, Chartered Accountants",1255018.06,544093.81,492833.9,218090.35,0.0,1255018.06,1262298.49,859988.09,142846.97,31209.99,94539.84,40114.08,80228.16,13371.36,292966.34,1627708.81,424618.76,-7280.43,0.0,https://eleos.org/docs/FIN_NGO_00125_FY2024-25.pdf,Verified
FIN_NGO_00125_FY2023-24,NGO_00125,FY2023-24,Audited Financial Statement,Public Repository,Clean,"M/s Sen & Dasgupta, Chartered Accountants",1149135.73,574246.37,328716.7,246172.66,0.0,1149135.73,1155697.22,959538.44,136228.31,20607.12,63998.69,0.0,0.0,-24675.34,400236.69,1778877.1,418916.54,-6561.49,0.0,https://eleos.org/docs/FIN_NGO_00125_FY2023-24.pdf,Verified
FIN_NGO_00126_FY2025-26,NGO_00126,FY2025-26,Audited Financial Statement,Public Repository,Clean,"M/s K. Mehta & Co., Chartered Accountants",7847772.97,4975179.63,2395959.26,476634.08,0.0,7847772.97,7112670.3,5096126.94,526733.06,345160.71,570966.43,172104.95,344209.89,57368.32,3519616.7,10892721.83,4343486.3,735102.67,0.0,https://eleos.org/docs/FIN_NGO_00126_FY2025-26.pdf,Verified
FIN_NGO_00126_FY2024-25,NGO_00126,FY2024-25,Audited Financial Statement,NGO Website,Clean,"M/s Gupta & Aggarwal, Chartered Accountants",7665108.36,5602110.15,1595905.29,467092.92,0.0,7665108.36,7387070.89,5331055.21,933438.34,181436.74,316444.92,187408.7,374817.41,62469.57,2793263.82,10199657.07,1521466.68,278037.47,0.0,https://eleos.org/docs/FIN_NGO_00126_FY2024-25.pdf,Verified
FIN_NGO_00126_FY2023-24,NGO_00126,FY2023-24,Audited Financial Statement,Public Repository,Clean,"M/s Iyer, Natarajan & Co., Chartered Accountants",7777602.45,3719906.66,3014933.11,1042762.68,0.0,7777602.45,7679790.24,5784881.07,785020.95,378924.78,478655.18,75692.48,151384.96,25230.82,1718864.49,10610276.62,3892154.24,97812.21,0.0,https://eleos.org/docs/FIN_NGO_00126_FY2023-24.pdf,Verified
FIN_NGO_00126_FY2022-23,NGO_00126,FY2022-23,Audited Financial Statement,NGO Website,Unknown,"M/s Deshmukh & Associates, Chartered Accountants",6619676.12,2987328.25,1356241.88,2276105.99,0.0,6619676.12,6455821.09,5464526.11,697821.15,203800.41,432837.79,0.0,0.0,-343164.37,3840377.22,9935005.32,3730491.22,163855.03,0.0,https://eleos.org/docs/FIN_NGO_00126_FY2022-23.pdf,Extracted
FIN_NGO_00128_FY2025-26,NGO_00128,FY2025-26,Audited Financial Statement,NGO Website,Clean,"M/s V. Raman & Co., Chartered Accountants",1736335.17,904096.95,653158.45,179079.77,0.0,1736335.17,1622123.41,1385847.6,92321.3,32380.35,111810.97,0.0,0.0,-236.81,847178.91,1976048.78,302314.68,114211.76,0.0,https://eleos.org/docs/FIN_NGO_00128_FY2025-26.pdf,Verified
FIN_NGO_00128_FY2024-25,NGO_00128,FY2024-25,Audited Financial Statement,Public Repository,Clean,"M/s Deshmukh & Associates, Chartered Accountants",1636366.28,1019805.15,559239.48,57321.65,0.0,1636366.28,1463263.73,1055264.62,131722.97,67992.32,120056.11,26468.32,52936.63,8822.76,321336.6,2009207.99,771539.34,173102.55,0.0,https://eleos.org/docs/FIN_NGO_00128_FY2024-25.pdf,Verified
FIN_NGO_00128_FY2023-24,NGO_00128,FY2023-24,Audited Financial Statement,Public Repository,Clean,"M/s Sen & Dasgupta, Chartered Accountants",1809758.02,944674.47,691989.23,173094.32,0.0,1809758.02,1601084.16,1347446.98,133123.66,42820.97,116253.24,0.0,0.0,-38560.69,589432.03,1994520.06,239505.09,208673.86,0.0,https://eleos.org/docs/FIN_NGO_00128_FY2023-24.pdf,Verified
FIN_NGO_00128_FY2022-23,NGO_00128,FY2022-23,Audited Financial Statement,NGO Website,Clean,"M/s R. K. Sharma & Associates, Chartered Accountants",1717010.33,876586.64,793371.02,47052.67,0.0,1717010.33,1648087.62,1389652.52,212270.34,27160.18,77889.7,0.0,0.0,-58885.12,794906.4,1896387.79,756575.54,68922.71,0.0,https://eleos.org/docs/FIN_NGO_00128_FY2022-23.pdf,Verified
FIN_NGO_00129_FY2025-26,NGO_00129,FY2025-26,Audited Financial Statement,Public Repository,Clean,"M/s Deshmukh & Associates, Chartered Accountants",1763750.65,855119.41,709887.16,198744.08,0.0,1763750.65,1707446.42,1460790.07,167238.44,21372.75,131442.64,0.0,0.0,-73397.48,1053631.78,2351477.1,654486.96,56304.23,0.0,https://eleos.org/docs/FIN_NGO_00129_FY2025-26.pdf,Verified
FIN_NGO_00129_FY2024-25,NGO_00129,FY2024-25,Audited Financial Statement,NGO Website,Clean,"M/s K. Mehta & Co., Chartered Accountants",2022313.58,1165673.62,496176.93,360463.03,0.0,2022313.58,1854355.22,1363215.47,230526.34,49069.15,131771.05,23931.96,47863.93,7977.32,671135.76,2257133.5,745969.57,167958.36,0.0,https://eleos.org/docs/FIN_NGO_00129_FY2024-25.pdf,Verified
FIN_NGO_00129_FY2023-24,NGO_00129,FY2023-24,Audited Financial Statement,Public Repository,Clean,"M/s Sen & Dasgupta, Chartered Accountants",2159425.6,919885.98,952014.5,287525.12,0.0,2159425.6,2057534.78,1663047.31,205262.32,58655.41,107542.96,6908.03,13816.07,2302.68,429212.83,2284972.52,428291.44,101890.82,0.0,https://eleos.org/docs/FIN_NGO_00129_FY2023-24.pdf,Verified
FIN_NGO_00129_FY2022-23,NGO_00129,FY2022-23,Audited Financial Statement,Public Repository,Clean,"M/s K. Mehta & Co., Chartered Accountants",2416267.97,1022639.83,1030111.02,363517.12,0.0,2416267.97,2318521.51,1783991.07,167181.73,48293.92,160118.48,47680.89,95361.78,15893.64,970774.94,2032793.87,572831.41,97746.46,0.0,https://eleos.org/docs/FIN_NGO_00129_FY2022-23.pdf,Verified
FIN_NGO_00129_FY2021-22,NGO_00129,FY2021-22,Audited Financial Statement,Public Repository,Clean,"M/s Sen & Dasgupta, Chartered Accountants",2460355.27,1247971.87,425173.88,787209.52,0.0,2460355.27,2354781.88,1945422.86,171741.25,111593.21,164136.15,0.0,0.0,-38111.59,1320041.55,2192386.04,495803.63,105573.39,0.0,https://eleos.org/docs/FIN_NGO_00129_FY2021-22.pdf,Verified
FIN_NGO_00130_FY2025-26,NGO_00130,FY2025-26,Audited Financial Statement,Public Repository,Clean,"M/s V. Raman & Co., Chartered Accountants",4312769.94,2262738.38,1874847.91,175183.65,0.0,4312769.94,4062226.15,3012595.55,210685.01,103651.87,286198.29,134728.63,269457.25,44909.55,1026665.88,3419867.73,421351.94,250543.79,0.0,https://eleos.org/docs/FIN_NGO_00130_FY2025-26.pdf,Verified
FIN_NGO_00130_FY2024-25,NGO_00130,FY2024-25,Audited Financial Statement,Public Repository,Clean,"M/s Iyer, Natarajan & Co., Chartered Accountants",4760026.53,2060388.74,1337913.52,1361724.27,0.0,4760026.53,4588955.88,3455109.37,332189.51,88272.33,263592.97,134937.51,269875.02,44979.17,1766089.55,3331332.33,1267837.32,171070.65,0.0,https://eleos.org/docs/FIN_NGO_00130_FY2024-25.pdf,Verified
FIN_NGO_00131_FY2025-26,NGO_00131,FY2025-26,Audited Financial Statement,NGO Website,Clean,"M/s V. Raman & Co., Chartered Accountants",44232254.83,29155006.29,8906219.16,6171029.38,0.0,44232254.83,41208992.72,33831175.57,4040780.72,1324355.91,3574614.69,0.0,0.0,-1561934.17,9867987.41,70664273.26,11026595.46,3023262.11,0.0,https://eleos.org/docs/FIN_NGO_00131_FY2025-26.pdf,Verified
FIN_NGO_00132_FY2025-26,NGO_00132,FY2025-26,Audited Financial Statement,Public Repository,Clean,"M/s V. Raman & Co., Chartered Accountants",4976215.66,3463838.58,1351930.27,160446.81,0.0,4976215.66,4390479.88,3577628.88,476000.11,86842.25,255167.35,0.0,0.0,-5158.71,1157048.38,7604886.13,1871051.05,585735.78,0.0,https://eleos.org/docs/FIN_NGO_00132_FY2025-26.pdf,Verified
FIN_NGO_00133_FY2025-26,NGO_00133,FY2025-26,Audited Financial Statement,NGO Website,Clean,"M/s V. Raman & Co., Chartered Accountants",3699972.6,1716679.5,627719.57,1355573.53,0.0,3699972.6,3651538.3,2822856.57,223097.31,107722.84,242111.12,76725.14,153450.28,25575.04,613743.11,2466561.98,785845.0,48434.3,0.0,https://eleos.org/docs/FIN_NGO_00133_FY2025-26.pdf,Verified
FIN_NGO_00133_FY2024-25,NGO_00133,FY2024-25,Audited Financial Statement,NGO Website,Clean,"M/s V. Raman & Co., Chartered Accountants",4276654.51,2143330.92,1627022.3,506301.29,0.0,4276654.51,4311292.31,3273025.61,495923.28,67637.49,241545.98,69947.98,139895.97,23316.0,847577.65,2281817.34,498165.96,-34637.8,0.0,https://eleos.org/docs/FIN_NGO_00133_FY2024-25.pdf,Verified
FIN_NGO_00133_FY2023-24,NGO_00133,FY2023-24,Audited Financial Statement,Public Repository,Clean,"M/s R. K. Sharma & Associates, Chartered Accountants",3806297.96,2198966.66,1003728.39,603602.91,0.0,3806297.96,3837699.83,3180171.3,244262.61,77544.24,279474.19,16874.25,33748.49,5624.75,576742.93,2133401.82,763015.85,-31401.87,0.0,https://eleos.org/docs/FIN_NGO_00133_FY2023-24.pdf,Verified
FIN_NGO_00133_FY2022-23,NGO_00133,FY2022-23,Audited Financial Statement,Public Repository,Qualified,"M/s Gupta & Aggarwal, Chartered Accountants",3421382.28,2449893.13,589100.61,382388.54,0.0,3421382.28,3174985.27,2543385.84,191392.34,134833.98,254522.78,15255.1,30510.2,5085.03,1631818.44,2276316.77,547859.12,246397.01,0.0,https://eleos.org/docs/FIN_NGO_00133_FY2022-23.pdf,Extracted
FIN_NGO_00134_FY2025-26,NGO_00134,FY2025-26,Audited Financial Statement,NGO Website,Clean,"M/s K. Mehta & Co., Chartered Accountants",11834945.49,4615492.92,7199393.57,20059.0,0.0,11834945.49,11722939.28,8145358.96,627836.49,549829.82,469067.47,579253.96,1158507.92,193084.66,7016508.2,3556022.59,878721.73,112006.21,0.0,https://eleos.org/docs/FIN_NGO_00134_FY2025-26.pdf,Verified
FIN_NGO_00134_FY2024-25,NGO_00134,FY2024-25,Audited Financial Statement,Public Repository,Clean,"M/s Sen & Dasgupta, Chartered Accountants",11946093.35,8155847.44,2360329.23,1429916.68,0.0,11946093.35,11683183.51,8081137.15,1221536.37,417540.17,649572.54,394019.18,788038.36,131339.74,2313972.44,3410616.05,1046068.71,262909.84,0.0,https://eleos.org/docs/FIN_NGO_00134_FY2024-25.pdf,Verified
FIN_NGO_00134_FY2023-24,NGO_00134,FY2023-24,Audited Financial Statement,NGO Website,Clean,"M/s Iyer, Natarajan & Co., Chartered Accountants",10495961.21,5657996.13,3051187.6,1786777.48,0.0,10495961.21,9850624.84,8385904.15,764170.97,419493.99,780261.74,0.0,0.0,-499206.01,6060582.63,3536030.09,1252238.58,645336.37,0.0,https://eleos.org/docs/FIN_NGO_00134_FY2023-24.pdf,Verified
FIN_NGO_00134_FY2022-23,NGO_00134,FY2022-23,Audited Financial Statement,Public Repository,Clean,"M/s Iyer, Natarajan & Co., Chartered Accountants",9168637.03,3778281.92,1694304.59,3696050.52,0.0,9168637.03,8260077.87,6490628.42,500516.38,230925.41,383767.1,196272.17,392544.34,65424.05,1542330.64,3520073.44,1078260.95,908559.16,0.0,https://eleos.org/docs/FIN_NGO_00134_FY2022-23.pdf,Verified
FIN_NGO_00135_FY2025-26,NGO_00135,FY2025-26,Audited Financial Statement,Public Repository,Clean,"M/s Deshmukh & Associates, Chartered Accountants",108998304.09,55908992.75,39387023.31,13702288.03,0.0,108998304.09,109867536.01,90369442.25,10185443.64,5181565.73,10184068.25,0.0,0.0,-6052983.86,49921636.17,147638907.54,28723719.99,-869231.92,0.0,https://eleos.org/docs/FIN_NGO_00135_FY2025-26.pdf,Verified
FIN_NGO_00135_FY2024-25,NGO_00135,FY2024-25,Audited Financial Statement,NGO Website,Clean,"M/s R. K. Sharma & Associates, Chartered Accountants",124361042.87,85916802.48,34817435.74,3626804.65,0.0,124361042.87,113428577.79,90778909.94,11587946.89,1153727.52,7224124.87,805160.57,1610321.14,268386.86,29593569.14,166068609.92,28512982.34,10932465.08,0.0,https://eleos.org/docs/FIN_NGO_00135_FY2024-25.pdf,Verified
FIN_NGO_00136_FY2025-26,NGO_00136,FY2025-26,Audited Financial Statement,Public Repository,Clean,"M/s Iyer, Natarajan & Co., Chartered Accountants",16262416.19,8805710.38,7078969.55,377736.26,0.0,16262416.19,15295391.41,12139686.74,805776.82,637918.96,1395098.36,95073.16,190146.32,31691.05,8468102.55,3932376.07,868024.11,967024.78,0.0,https://eleos.org/docs/FIN_NGO_00136_FY2025-26.pdf,Verified
FIN_NGO_00137_FY2025-26,NGO_00137,FY2025-26,Audited Financial Statement,Public Repository,Clean,"M/s Gupta & Aggarwal, Chartered Accountants",2354134.25,1165326.74,432641.86,756165.65,0.0,2354134.25,2141611.17,1558142.0,171415.98,37060.06,199821.97,52551.35,105102.7,17517.11,1178284.04,710724.02,130030.14,212523.08,0.0,https://eleos.org/docs/FIN_NGO_00137_FY2025-26.pdf,Verified
FIN_NGO_00137_FY2024-25,NGO_00137,FY2024-25,Audited Financial Statement,Public Repository,Clean,"M/s R. K. Sharma & Associates, Chartered Accountants",2704124.23,1032611.09,1307965.81,363547.33,0.0,2704124.23,2628695.28,2230021.24,337332.68,121584.46,191274.06,0.0,0.0,-251517.16,526311.74,736579.82,279337.74,75428.95,0.0,https://eleos.org/docs/FIN_NGO_00137_FY2024-25.pdf,Verified
FIN_NGO_00138_FY2025-26,NGO_00138,FY2025-26,Audited Financial Statement,Public Repository,Qualified,"M/s Deshmukh & Associates, Chartered Accountants",1445922.34,887518.83,449226.07,109177.44,409230.05,1036692.29,1448515.1,1037540.67,155215.12,34948.51,75912.17,43469.59,86939.18,14489.86,838772.51,563164.15,139086.9,-2592.76,0.0,https://eleos.org/docs/FIN_NGO_00138_FY2025-26.pdf,Extracted
FIN_NGO_00138_FY2024-25,NGO_00138,FY2024-25,Audited Financial Statement,Public Repository,Clean,"M/s Gupta & Aggarwal, Chartered Accountants",1187247.79,635691.65,201019.88,350536.26,494703.6,692544.19,1191264.16,822837.86,108747.27,31611.59,68312.3,47926.54,95853.08,15975.52,262493.78,521384.73,118795.26,-4016.37,0.0,https://eleos.org/docs/FIN_NGO_00138_FY2024-25.pdf,Verified
FIN_NGO_00138_FY2023-24,NGO_00138,FY2023-24,Audited Financial Statement,Public Repository,Clean,"M/s Iyer, Natarajan & Co., Chartered Accountants",1001450.88,532543.16,246843.09,222064.63,217609.99,783840.89,919081.07,658214.91,117409.21,44612.5,83055.59,4736.66,9473.32,1578.88,358602.59,538708.61,75444.0,82369.81,0.0,https://eleos.org/docs/FIN_NGO_00138_FY2023-24.pdf,Verified
FIN_NGO_00138_FY2022-23,NGO_00138,FY2022-23,Audited Financial Statement,Public Repository,Clean,"M/s R. K. Sharma & Associates, Chartered Accountants",900098.28,656537.21,190340.56,53220.51,387215.87,512882.41,826338.55,578245.6,94956.08,31067.28,58935.87,18940.12,37880.23,6313.37,395937.56,578126.92,187267.38,73759.73,0.0,https://eleos.org/docs/FIN_NGO_00138_FY2022-23.pdf,Verified
FIN_NGO_00138_FY2021-22,NGO_00138,FY2021-22,Audited Financial Statement,NGO Website,Clean,"M/s K. Mehta & Co., Chartered Accountants",816246.27,378024.33,378131.26,60090.68,307986.92,508259.35,778852.97,623331.96,77913.52,32680.5,59828.09,0.0,0.0,-14901.1,188072.45,545134.92,140916.47,37393.3,0.0,https://eleos.org/docs/FIN_NGO_00138_FY2021-22.pdf,Verified
FIN_NGO_00139_FY2025-26,NGO_00139,FY2025-26,Audited Financial Statement,NGO Website,Clean,"M/s R. K. Sharma & Associates, Chartered Accountants",44936072.3,29008943.41,15749870.26,177258.63,0.0,44936072.3,41017230.59,32112667.12,4514228.16,1759334.07,2114548.06,154935.96,309871.91,51645.31,7079659.48,15145984.75,5273578.02,3918841.71,0.0,https://eleos.org/docs/FIN_NGO_00139_FY2025-26.pdf,Verified
FIN_NGO_00139_FY2024-25,NGO_00139,FY2024-25,Audited Financial Statement,Public Repository,Clean,"M/s Iyer, Natarajan & Co., Chartered Accountants",47551264.42,20934447.52,9753597.81,16863219.09,0.0,47551264.42,47704535.99,33451266.02,6301850.86,1673724.27,2492553.25,1135542.48,2271084.96,378514.15,14301668.22,16788204.81,2454080.36,-153271.57,0.0,https://eleos.org/docs/FIN_NGO_00139_FY2024-25.pdf,Verified
FIN_NGO_00140_FY2025-26,NGO_00140,FY2025-26,Audited Financial Statement,Public Repository,Clean,"M/s K. Mehta & Co., Chartered Accountants",8760554.72,4881223.63,2916952.81,962378.28,0.0,8760554.72,8104020.68,5614938.33,931012.47,320186.98,590001.69,194364.36,388728.73,64788.12,1882704.35,8704388.24,3082813.69,656534.04,0.0,https://eleos.org/docs/FIN_NGO_00140_FY2025-26.pdf,Verified
FIN_NGO_00140_FY2024-25,NGO_00140,FY2024-25,Audited Financial Statement,NGO Website,Qualified,"M/s K. Mehta & Co., Chartered Accountants",7269822.38,4477867.85,1131661.47,1660293.06,0.0,7269822.38,7219777.64,5961569.28,380708.02,290973.94,428492.33,47410.22,94820.44,15803.41,3197785.86,8351426.68,1312231.32,50044.74,0.0,https://eleos.org/docs/FIN_NGO_00140_FY2024-25.pdf,Extracted
FIN_NGO_00141_FY2025-26,NGO_00141,FY2025-26,Audited Financial Statement,Public Repository,Clean,"M/s V. Raman & Co., Chartered Accountants",25701064.41,17890524.59,4855139.57,2955400.25,7930647.88,17770416.53,25255405.37,21220523.45,3343086.89,516834.52,2129292.64,0.0,0.0,-1954332.13,15938080.8,20309265.67,5366587.4,445659.04,0.0,https://eleos.org/docs/FIN_NGO_00141_FY2025-26.pdf,Verified
FIN_NGO_00141_FY2024-25,NGO_00141,FY2024-25,Audited Financial Statement,Public Repository,Clean,"M/s Sen & Dasgupta, Chartered Accountants",25845987.72,12954918.01,10762398.53,2128671.18,7973393.91,17872593.81,25265234.47,17472169.52,1872203.13,318878.14,1245365.25,1306985.53,2613971.06,435661.84,11610318.71,18932778.35,2863797.43,580753.25,0.0,https://eleos.org/docs/FIN_NGO_00141_FY2024-25.pdf,Verified
FIN_NGO_00142_FY2025-26,NGO_00142,FY2025-26,Audited Financial Statement,Public Repository,Clean,"M/s Iyer, Natarajan & Co., Chartered Accountants",137412874.93,92393558.36,22810002.44,22209314.13,0.0,137412874.93,123304562.08,99634401.33,11211707.99,5566444.06,8383107.4,0.0,0.0,-1491098.7,21475359.64,79368484.14,13677483.3,14108312.85,0.0,https://eleos.org/docs/FIN_NGO_00142_FY2025-26.pdf,Verified
FIN_NGO_00142_FY2024-25,NGO_00142,FY2024-25,Audited Financial Statement,NGO Website,Clean,"M/s Iyer, Natarajan & Co., Chartered Accountants",123402479.83,63181798.56,31983643.08,28237038.19,0.0,123402479.83,125114008.4,90160803.88,16191560.56,4871242.93,11421509.18,740667.56,1481335.11,246889.18,76202588.29,74096446.93,18632732.19,-1711528.57,0.0,https://eleos.org/docs/FIN_NGO_00142_FY2024-25.pdf,Verified
FIN_NGO_00142_FY2023-24,NGO_00142,FY2023-24,Audited Financial Statement,NGO Website,Clean,"M/s Iyer, Natarajan & Co., Chartered Accountants",105424071.95,77412471.67,26284102.2,1727498.08,0.0,105424071.95,106226510.03,87127451.16,12197538.29,1097880.5,7591843.44,0.0,0.0,-1788203.36,27018901.58,65612458.86,22518599.75,-802438.08,0.0,https://eleos.org/docs/FIN_NGO_00142_FY2023-24.pdf,Verified
FIN_NGO_00143_FY2025-26,NGO_00143,FY2025-26,Audited Financial Statement,NGO Website,Clean,"M/s Sen & Dasgupta, Chartered Accountants",1470135.21,820147.41,395420.04,254567.76,0.0,1470135.21,1363181.19,1110292.21,169937.54,56055.02,106094.59,0.0,0.0,-79198.17,540075.71,1674238.25,386098.38,106954.02,0.0,https://eleos.org/docs/FIN_NGO_00143_FY2025-26.pdf,Verified
FIN_NGO_00143_FY2024-25,NGO_00143,FY2024-25,Audited Financial Statement,Public Repository,Clean,"M/s K. Mehta & Co., Chartered Accountants",1256310.98,814764.36,296397.83,145148.79,0.0,1256310.98,1115295.4,928345.85,150002.85,50180.67,107771.97,0.0,0.0,-121005.94,660777.58,1662550.74,364679.0,141015.58,0.0,https://eleos.org/docs/FIN_NGO_00143_FY2024-25.pdf,Verified
FIN_NGO_00143_FY2023-24,NGO_00143,FY2023-24,Audited Financial Statement,NGO Website,Clean,"M/s Gupta & Aggarwal, Chartered Accountants",1042508.24,429092.98,364616.36,248798.9,0.0,1042508.24,949312.77,700277.73,111130.84,16157.61,43665.3,23424.39,46848.78,7808.12,568398.0,1660660.61,573292.1,93195.47,0.0,https://eleos.org/docs/FIN_NGO_00143_FY2023-24.pdf,Verified
FIN_NGO_00144_FY2025-26,NGO_00144,FY2025-26,Audited Financial Statement,Public Repository,Clean,"M/s Gupta & Aggarwal, Chartered Accountants",347568229.41,134113328.1,136378367.76,77076533.55,0.0,347568229.41,333535707.21,235520432.39,40196979.1,11830871.83,24934053.79,6316011.03,12632022.06,2105337.01,74533865.65,398813641.58,75105482.55,14032522.2,0.0,https://eleos.org/docs/FIN_NGO_00144_FY2025-26.pdf,Verified
FIN_NGO_00145_FY2025-26,NGO_00145,FY2025-26,Audited Financial Statement,Public Repository,Adverse,"M/s V. Raman & Co., Chartered Accountants",3515659.52,2478234.41,587438.6,449986.51,0.0,3515659.52,3364118.1,1243089.76,1417533.2,225621.26,270812.69,62118.36,124236.71,20706.12,1932638.3,3802992.48,1054013.21,151541.42,62851.52,https://eleos.org/docs/FIN_NGO_00145_FY2025-26.pdf,Extracted
FIN_NGO_00145_FY2024-25,NGO_00145,FY2024-25,Audited Financial Statement,NGO Website,Clean,"M/s V. Raman & Co., Chartered Accountants",3219549.15,2135978.78,712636.7,370933.67,0.0,3219549.15,2839934.15,2124535.71,246004.31,122595.95,126002.91,66238.58,132477.17,22079.52,1110313.54,4031071.29,1215785.15,379615.0,74249.08,https://eleos.org/docs/FIN_NGO_00145_FY2024-25.pdf,Verified
FIN_NGO_00145_FY2023-24,NGO_00145,FY2023-24,Audited Financial Statement,Public Repository,Clean,"M/s K. Mehta & Co., Chartered Accountants",3003614.26,1455974.97,1464069.0,83570.29,0.0,3003614.26,2705815.77,1898490.9,340656.0,70207.31,234413.25,48614.49,97228.98,16204.84,1200856.21,4315189.23,1531586.06,297798.49,28652.11,https://eleos.org/docs/FIN_NGO_00145_FY2023-24.pdf,Verified
FIN_NGO_00145_FY2022-23,NGO_00145,FY2022-23,Audited Financial Statement,Public Repository,Clean,"M/s R. K. Sharma & Associates, Chartered Accountants",3500172.11,1894877.43,766719.43,838575.25,0.0,3500172.11,3513937.34,2393597.13,445211.29,90051.39,232112.74,105889.44,211778.88,35296.47,637085.56,3727630.98,1305092.37,-13765.23,40847.0,https://eleos.org/docs/FIN_NGO_00145_FY2022-23.pdf,Verified
FIN_NGO_00145_FY2021-22,NGO_00145,FY2021-22,Audited Financial Statement,Public Repository,Clean,"M/s R. K. Sharma & Associates, Chartered Accountants",3113752.56,1851922.85,1121601.48,140228.23,0.0,3113752.56,2764508.08,2289561.34,144566.3,69133.87,267384.91,0.0,0.0,-6138.34,1310771.05,3748051.28,1083031.68,349244.48,52699.09,https://eleos.org/docs/FIN_NGO_00145_FY2021-22.pdf,Verified
FIN_NGO_00146_FY2025-26,NGO_00146,FY2025-26,Audited Financial Statement,Public Repository,Clean,"M/s Gupta & Aggarwal, Chartered Accountants",170393689.96,74555491.19,55209793.89,40628404.88,0.0,170393689.96,162974031.38,135028894.83,22516325.8,4678839.13,9626119.23,0.0,0.0,-8876147.61,104012724.73,157444906.22,24737139.0,7419658.58,0.0,https://eleos.org/docs/FIN_NGO_00146_FY2025-26.pdf,Verified
FIN_NGO_00146_FY2024-25,NGO_00146,FY2024-25,Audited Financial Statement,Public Repository,Clean,"M/s V. Raman & Co., Chartered Accountants",157924643.89,71988285.78,26750298.55,59186059.56,0.0,157924643.89,147719931.76,126008471.3,18880116.69,2309460.1,8771810.42,0.0,0.0,-8249926.75,59846412.74,176725119.11,22683530.22,10204712.13,0.0,https://eleos.org/docs/FIN_NGO_00146_FY2024-25.pdf,Verified
FIN_NGO_00147_FY2025-26,NGO_00147,FY2025-26,Audited Financial Statement,Public Repository,Clean,"M/s R. K. Sharma & Associates, Chartered Accountants",8795862.75,5494766.64,2121845.24,1179250.87,0.0,8795862.75,7829949.12,5536253.95,442843.1,371787.0,619177.51,257966.27,515932.54,85988.75,3408448.36,13121230.7,2878524.21,965913.63,0.0,https://eleos.org/docs/FIN_NGO_00147_FY2025-26.pdf,Verified
FIN_NGO_00147_FY2024-25,NGO_00147,FY2024-25,Audited Financial Statement,Public Repository,Clean,"M/s Gupta & Aggarwal, Chartered Accountants",8978020.75,5060944.43,3099342.93,817733.39,0.0,8978020.75,8991764.94,6495106.57,954110.15,371665.37,652005.99,155663.06,311326.11,51887.69,5633731.46,12576205.82,4723318.59,-13744.19,0.0,https://eleos.org/docs/FIN_NGO_00147_FY2024-25.pdf,Verified
FIN_NGO_00148_FY2025-26,NGO_00148,FY2025-26,Audited Financial Statement,NGO Website,Clean,"M/s Iyer, Natarajan & Co., Chartered Accountants",22733015.26,15833928.26,4088825.59,2810261.41,0.0,22733015.26,20528345.03,17508326.7,2733131.68,484621.73,1972202.84,0.0,0.0,-2169937.92,3896351.2,10000162.82,1983674.3,2204670.23,0.0,https://eleos.org/docs/FIN_NGO_00148_FY2025-26.pdf,Verified
FIN_NGO_00148_FY2024-25,NGO_00148,FY2024-25,Audited Financial Statement,Public Repository,Clean,"M/s Gupta & Aggarwal, Chartered Accountants",20096974.1,14630793.2,3968419.68,1497761.22,0.0,20096974.1,19639640.82,16779186.82,1285751.25,370523.13,1900407.93,0.0,0.0,-696228.31,6317336.41,9860036.03,3016493.08,457333.28,0.0,https://eleos.org/docs/FIN_NGO_00148_FY2024-25.pdf,Verified
FIN_NGO_00148_FY2023-24,NGO_00148,FY2023-24,Audited Financial Statement,Public Repository,Clean,"M/s K. Mehta & Co., Chartered Accountants",17247943.14,10939440.93,3961216.35,2347285.86,0.0,17247943.14,17471145.16,11961072.14,1889047.91,842989.03,1242829.12,460562.09,921124.18,153520.69,7501104.29,8716688.02,1709625.16,-223202.02,0.0,https://eleos.org/docs/FIN_NGO_00148_FY2023-24.pdf,Verified
FIN_NGO_00149_FY2025-26,NGO_00149,FY2025-26,Audited Financial Statement,Public Repository,Clean,"M/s Gupta & Aggarwal, Chartered Accountants",3162806.6,1615806.55,1429215.05,117785.0,0.0,3162806.6,2967508.46,2517430.36,297245.21,121769.83,281241.37,0.0,0.0,-250178.31,1862921.78,3245890.01,892847.41,195298.14,0.0,https://eleos.org/docs/FIN_NGO_00149_FY2025-26.pdf,Verified
FIN_NGO_00149_FY2024-25,NGO_00149,FY2024-25,Audited Financial Statement,Public Repository,Qualified,"M/s Deshmukh & Associates, Chartered Accountants",3096996.62,1453916.25,662059.32,981021.05,0.0,3096996.62,3015558.2,2318023.81,242481.48,119512.83,181648.54,46167.46,92334.93,15389.15,1268569.13,2928505.11,809721.02,81438.42,0.0,https://eleos.org/docs/FIN_NGO_00149_FY2024-25.pdf,Extracted
FIN_NGO_00149_FY2023-24,NGO_00149,FY2023-24,Audited Financial Statement,NGO Website,Qualified,"M/s R. K. Sharma & Associates, Chartered Accountants",3417655.94,2346666.93,673468.7,397520.31,0.0,3417655.94,3047239.8,2347488.75,235883.04,44935.55,234219.85,55413.79,110827.58,18471.24,1513229.17,3319322.46,357221.25,370416.14,0.0,https://eleos.org/docs/FIN_NGO_00149_FY2023-24.pdf,Extracted
FIN_NGO_00149_FY2022-23,NGO_00149,FY2022-23,Audited Financial Statement,Public Repository,Clean,"M/s R. K. Sharma & Associates, Chartered Accountants",2855229.31,1914855.53,619039.53,321334.25,0.0,2855229.31,2565017.82,1850206.89,277690.38,123988.99,138319.54,52443.6,104887.21,17481.21,1509989.74,3257417.35,1133981.46,290211.49,0.0,https://eleos.org/docs/FIN_NGO_00149_FY2022-23.pdf,Verified
FIN_NGO_00150_FY2025-26,NGO_00150,FY2025-26,Audited Financial Statement,NGO Website,Clean,"M/s K. Mehta & Co., Chartered Accountants",916718.39,511045.31,160862.78,244810.3,0.0,916718.39,847890.11,646164.29,102444.68,24761.09,79694.12,0.0,0.0,-5174.07,443796.96,716383.99,206548.09,68828.28,0.0,https://eleos.org/docs/FIN_NGO_00150_FY2025-26.pdf,Verified
FIN_NGO_00150_FY2024-25,NGO_00150,FY2024-25,Audited Financial Statement,Public Repository,Clean,"M/s Sen & Dasgupta, Chartered Accountants",940221.93,341373.44,206247.13,392601.36,0.0,940221.93,877732.7,611114.49,108400.09,34824.97,80130.63,12978.76,25957.51,4326.25,420292.59,698397.97,91263.14,62489.23,0.0,https://eleos.org/docs/FIN_NGO_00150_FY2024-25.pdf,Verified
FIN_NGO_00150_FY2023-24,NGO_00150,FY2023-24,Audited Financial Statement,Public Repository,Qualified,"M/s Deshmukh & Associates, Chartered Accountants",919756.26,366405.06,332685.79,220665.41,0.0,919756.26,903166.14,624447.22,101040.32,37470.98,46873.66,28000.19,56000.38,9333.39,553548.26,759428.52,296166.54,16590.12,0.0,https://eleos.org/docs/FIN_NGO_00150_FY2023-24.pdf,Extracted
FIN_NGO_00150_FY2022-23,NGO_00150,FY2022-23,Audited Financial Statement,NGO Website,Clean,"M/s Gupta & Aggarwal, Chartered Accountants",814392.78,335592.26,462820.41,15980.11,0.0,814392.78,728159.5,614374.0,50438.78,12267.82,47123.87,1186.51,2373.02,395.5,264722.41,711046.64,253246.54,86233.28,0.0,https://eleos.org/docs/FIN_NGO_00150_FY2022-23.pdf,Verified
FIN_NGO_00150_FY2021-22,NGO_00150,FY2021-22,Audited Financial Statement,Public Repository,Clean,"M/s Sen & Dasgupta, Chartered Accountants",829245.04,368667.33,180384.01,280193.7,0.0,829245.04,833584.51,664864.95,94380.37,27595.15,45573.12,351.27,702.54,117.11,209724.24,744778.5,143309.11,-4339.47,0.0,https://eleos.org/docs/FIN_NGO_00150_FY2021-22.pdf,Verified
FIN_NGO_00151_FY2025-26,NGO_00151,FY2025-26,Audited Financial Statement,Public Repository,Clean,"M/s Sen & Dasgupta, Chartered Accountants",46593616.03,18348208.88,8400644.33,19844762.82,0.0,46593616.03,46863652.27,38912443.29,3030692.42,1833226.94,2465172.68,186635.08,373270.16,62211.7,27358824.09,62289505.4,9017316.12,-270036.24,0.0,https://eleos.org/docs/FIN_NGO_00151_FY2025-26.pdf,Verified
FIN_NGO_00151_FY2024-25,NGO_00151,FY2024-25,Audited Financial Statement,Public Repository,Clean,"M/s R. K. Sharma & Associates, Chartered Accountants",54004699.42,35087464.11,15282971.57,3634263.74,0.0,54004699.42,51390512.14,35800969.57,3489187.33,2297889.66,2910298.72,2067650.06,4135300.12,689216.68,9165205.97,73312899.73,27382099.19,2614187.28,0.0,https://eleos.org/docs/FIN_NGO_00151_FY2024-25.pdf,Verified
FIN_NGO_00152_FY2025-26,NGO_00152,FY2025-26,Audited Financial Statement,Public Repository,Clean,"M/s Deshmukh & Associates, Chartered Accountants",46958108.52,28656214.36,14532023.51,3769870.65,0.0,46958108.52,42481085.03,31192319.95,4115964.46,1758718.64,2080634.61,1000034.21,2000068.42,333344.74,8285945.45,21948070.15,5871459.54,4477023.49,0.0,https://eleos.org/docs/FIN_NGO_00152_FY2025-26.pdf,Verified
FIN_NGO_00152_FY2024-25,NGO_00152,FY2024-25,Audited Financial Statement,NGO Website,Clean,"M/s K. Mehta & Co., Chartered Accountants",53041239.56,30794249.0,12624123.95,9622866.61,0.0,53041239.56,52789471.19,37176149.16,5472636.63,564034.17,3301169.32,1882644.57,3765289.15,627548.19,13029864.01,25947619.98,10336756.66,251768.37,0.0,https://eleos.org/docs/FIN_NGO_00152_FY2024-25.pdf,Verified
FIN_NGO_00152_FY2023-24,NGO_00152,FY2023-24,Audited Financial Statement,Public Repository,Clean,"M/s R. K. Sharma & Associates, Chartered Accountants",44754411.87,28949159.55,12669902.98,3135349.34,0.0,44754411.87,40187155.5,33153004.3,2785598.2,1360259.26,3215656.97,0.0,0.0,-327363.23,19984280.43,24247590.61,2549065.82,4567256.37,0.0,https://eleos.org/docs/FIN_NGO_00152_FY2023-24.pdf,Verified
FIN_NGO_00152_FY2022-23,NGO_00152,FY2022-23,Audited Financial Statement,NGO Website,Clean,"M/s V. Raman & Co., Chartered Accountants",38984514.04,16619198.69,21294457.86,1070857.49,0.0,38984514.04,35017711.27,27276874.43,3451609.64,1418318.34,2214594.47,196894.32,393788.63,65631.44,20071138.5,23096488.65,2828966.56,3966802.77,0.0,https://eleos.org/docs/FIN_NGO_00152_FY2022-23.pdf,Verified
FIN_NGO_00152_FY2021-22,NGO_00152,FY2021-22,Audited Financial Statement,Public Repository,Qualified,"M/s K. Mehta & Co., Chartered Accountants",45862785.76,33116329.37,9358005.73,3388450.66,0.0,45862785.76,40746482.66,30361347.75,2631238.66,1214012.26,2194133.21,1303725.23,2607450.47,434575.08,18316905.01,22136405.35,6987407.16,5116303.1,0.0,https://eleos.org/docs/FIN_NGO_00152_FY2021-22.pdf,Extracted
FIN_NGO_00153_FY2025-26,NGO_00153,FY2025-26,Audited Financial Statement,NGO Website,Clean,"M/s Gupta & Aggarwal, Chartered Accountants",16092635.15,6367571.58,3850931.63,5874131.94,0.0,16092635.15,15685350.8,10715248.66,1398484.68,696055.97,955802.76,575927.62,1151855.24,191975.87,5857065.51,15727629.62,4385619.42,407284.35,0.0,https://eleos.org/docs/FIN_NGO_00153_FY2025-26.pdf,Verified
FIN_NGO_00153_FY2024-25,NGO_00153,FY2024-25,Audited Financial Statement,Public Repository,Clean,"M/s R. K. Sharma & Associates, Chartered Accountants",13227631.2,5682404.1,5715913.32,1829313.78,0.0,13227631.2,13343027.33,11167983.89,907764.92,572461.48,856019.13,0.0,0.0,-161202.09,4933425.81,14369934.58,3322939.06,-115396.13,0.0,https://eleos.org/docs/FIN_NGO_00153_FY2024-25.pdf,Verified
FIN_NGO_00153_FY2023-24,NGO_00153,FY2023-24,Audited Financial Statement,NGO Website,Clean,"M/s R. K. Sharma & Associates, Chartered Accountants",12528738.0,4706167.6,3308948.95,4513621.45,0.0,12528738.0,11491867.32,8100387.02,1457599.33,141387.15,472762.05,395919.53,791839.06,131973.18,4107216.49,13904296.73,5416061.24,1036870.68,0.0,https://eleos.org/docs/FIN_NGO_00153_FY2023-24.pdf,Verified
FIN_NGO_00154_FY2025-26,NGO_00154,FY2025-26,Audited Financial Statement,NGO Website,Clean,"M/s Iyer, Natarajan & Co., Chartered Accountants",2219018.1,963884.14,968197.68,286936.28,0.0,2219018.1,1988132.33,1536368.74,205150.91,65088.47,114012.14,20253.62,40507.24,6751.21,905143.14,846302.9,101639.86,230885.77,0.0,https://eleos.org/docs/FIN_NGO_00154_FY2025-26.pdf,Verified
FIN_NGO_00154_FY2024-25,NGO_00154,FY2024-25,Audited Financial Statement,Public Repository,Clean,"M/s Sen & Dasgupta, Chartered Accountants",2497113.77,1828640.81,415586.51,252886.45,0.0,2497113.77,2492606.79,1791141.39,136067.1,115066.35,168611.16,84516.24,169032.48,28172.07,505614.3,783109.97,275896.09,4506.98,0.0,https://eleos.org/docs/FIN_NGO_00154_FY2024-25.pdf,Verified
FIN_NGO_00154_FY2023-24,NGO_00154,FY2023-24,Audited Financial Statement,Public Repository,Clean,"M/s K. Mehta & Co., Chartered Accountants",2769723.24,1664902.87,481001.67,623818.7,0.0,2769723.24,2528562.06,2143108.04,339550.85,106117.26,244316.87,0.0,0.0,-304530.96,1244490.18,837358.66,227316.7,241161.18,0.0,https://eleos.org/docs/FIN_NGO_00154_FY2023-24.pdf,Verified
FIN_NGO_00155_FY2025-26,NGO_00155,FY2025-26,Audited Financial Statement,NGO Website,Clean,"M/s Iyer, Natarajan & Co., Chartered Accountants",30118442.92,20602058.3,6398819.47,3117565.15,0.0,30118442.92,27624342.41,21503443.36,3172156.94,750617.74,2655621.69,0.0,0.0,-457497.32,11211347.9,20547056.32,4791243.31,2494100.51,0.0,https://eleos.org/docs/FIN_NGO_00155_FY2025-26.pdf,Verified
FIN_NGO_00155_FY2024-25,NGO_00155,FY2024-25,Audited Financial Statement,Public Repository,Clean,"M/s Gupta & Aggarwal, Chartered Accountants",26240461.16,19483293.52,4939171.0,1817996.64,0.0,26240461.16,23551025.85,19236686.56,2927316.74,746680.24,1516635.61,0.0,0.0,-876293.3,9450235.91,22411878.97,7548393.58,2689435.31,0.0,https://eleos.org/docs/FIN_NGO_00155_FY2024-25.pdf,Verified
FIN_NGO_00155_FY2023-24,NGO_00155,FY2023-24,Audited Financial Statement,Public Repository,Clean,"M/s R. K. Sharma & Associates, Chartered Accountants",28098485.72,12396513.09,4686758.23,11015214.4,0.0,28098485.72,28611373.81,21700682.22,3966999.0,459314.06,1822868.14,198453.12,396906.23,66151.04,11833797.25,22535876.79,2714332.74,-512888.09,0.0,https://eleos.org/docs/FIN_NGO_00155_FY2023-24.pdf,Verified
FIN_NGO_00155_FY2022-23,NGO_00155,FY2022-23,Audited Financial Statement,Public Repository,Clean,"M/s R. K. Sharma & Associates, Chartered Accountants",26074380.0,11362712.06,12872300.46,1839367.48,0.0,26074380.0,25703308.92,20191738.85,3035611.53,624844.47,2145872.91,0.0,0.0,-294758.84,11562505.8,23476373.36,9380541.27,371071.08,0.0,https://eleos.org/docs/FIN_NGO_00155_FY2022-23.pdf,Verified
FIN_NGO_00156_FY2025-26,NGO_00156,FY2025-26,Audited Financial Statement,Public Repository,Clean,"M/s V. Raman & Co., Chartered Accountants",237977029.48,112954920.04,80959884.01,44062225.43,76192253.43,161784776.05,242033458.92,194586198.78,30981711.3,8116371.22,14434778.01,0.0,0.0,-6085600.39,133551556.46,371449128.48,50975838.26,-4056429.44,0.0,https://eleos.org/docs/FIN_NGO_00156_FY2025-26.pdf,Verified
FIN_NGO_00156_FY2024-25,NGO_00156,FY2024-25,Audited Financial Statement,Public Repository,Clean,"M/s K. Mehta & Co., Chartered Accountants",200160506.29,125096523.6,51542193.89,23521788.8,51720438.3,148440067.99,178113569.5,143463063.68,15021046.13,4283710.02,14549385.08,238909.38,477818.76,79636.45,33717462.04,423171413.23,50171260.25,22046936.79,0.0,https://eleos.org/docs/FIN_NGO_00156_FY2024-25.pdf,Verified
FIN_NGO_00156_FY2023-24,NGO_00156,FY2023-24,Audited Financial Statement,Public Repository,Clean,"M/s Gupta & Aggarwal, Chartered Accountants",204140933.9,103694266.41,60035061.51,40411605.98,45843084.55,158297849.35,189008280.44,161725986.29,20466887.27,6269547.19,8694475.17,0.0,0.0,-8148615.48,85005892.62,398367604.96,40754399.91,15132653.46,0.0,https://eleos.org/docs/FIN_NGO_00156_FY2023-24.pdf,Verified
FIN_NGO_00156_FY2022-23,NGO_00156,FY2022-23,Audited Financial Statement,Public Repository,Clean,"M/s R. K. Sharma & Associates, Chartered Accountants",189526033.99,76635742.3,73223242.45,39667049.24,61427125.22,128098908.77,189739392.35,135133715.33,14495816.84,4743823.85,11873916.03,7047636.09,14095272.19,2349212.02,102982680.61,427890278.4,114257706.25,-213358.36,0.0,https://eleos.org/docs/FIN_NGO_00156_FY2022-23.pdf,Verified
FIN_NGO_00156_FY2021-22,NGO_00156,FY2021-22,Audited Financial Statement,Public Repository,Qualified,"M/s V. Raman & Co., Chartered Accountants",177713788.82,93179177.32,36023349.35,48511262.15,70384863.33,107328925.49,167412333.29,141907185.27,13112953.45,4955601.3,15386985.2,0.0,0.0,-7950391.93,70105417.64,369806636.05,86973485.84,10301455.53,0.0,https://eleos.org/docs/FIN_NGO_00156_FY2021-22.pdf,Extracted
FIN_NGO_00157_FY2025-26,NGO_00157,FY2025-26,Audited Financial Statement,Public Repository,Clean,"M/s Sen & Dasgupta, Chartered Accountants",16304047.03,10343072.57,5931575.33,29399.13,0.0,16304047.03,16497210.86,11597760.09,2123449.92,557951.77,831019.77,416108.8,832217.59,138702.92,6137691.12,25422278.17,2646103.05,-193163.83,0.0,https://eleos.org/docs/FIN_NGO_00157_FY2025-26.pdf,Verified
FIN_NGO_00157_FY2024-25,NGO_00157,FY2024-25,Audited Financial Statement,NGO Website,Clean,"M/s Deshmukh & Associates, Chartered Accountants",15767277.45,7178035.54,3386536.56,5202705.35,0.0,15767277.45,13993237.53,11560625.39,795551.55,654615.83,1173008.49,0.0,0.0,-190563.73,5798530.98,22744288.19,7458230.68,1774039.92,0.0,https://eleos.org/docs/FIN_NGO_00157_FY2024-25.pdf,Verified
FIN_NGO_00157_FY2023-24,NGO_00157,FY2023-24,Audited Financial Statement,Public Repository,Clean,"M/s Sen & Dasgupta, Chartered Accountants",16882281.69,10835022.92,5577660.22,469598.55,0.0,16882281.69,15255378.54,11835308.64,1395995.05,652320.59,930902.49,132255.53,264511.07,44085.17,9789384.57,26203351.99,3994662.44,1626903.15,0.0,https://eleos.org/docs/FIN_NGO_00157_FY2023-24.pdf,Verified
FIN_NGO_00157_FY2022-23,NGO_00157,FY2022-23,Audited Financial Statement,NGO Website,Clean,"M/s V. Raman & Co., Chartered Accountants",18408849.82,10150365.05,7591404.46,667080.31,0.0,18408849.82,17941539.12,13369411.52,2112040.86,213252.47,1740354.72,151943.86,303887.72,50647.97,6541819.38,23113172.93,4859040.04,467310.7,0.0,https://eleos.org/docs/FIN_NGO_00157_FY2022-23.pdf,Verified
FIN_NGO_00157_FY2021-22,NGO_00157,FY2021-22,Audited Financial Statement,Public Repository,Clean,"M/s Sen & Dasgupta, Chartered Accountants",20860049.26,14355968.89,3387888.27,3116192.1,0.0,20860049.26,19190520.11,13532960.32,1293813.7,947800.97,1843811.47,471640.1,943280.19,157213.36,8033793.71,25324912.45,8086033.45,1669529.15,0.0,https://eleos.org/docs/FIN_NGO_00157_FY2021-22.pdf,Verified
FIN_NGO_00158_FY2025-26,NGO_00158,FY2025-26,Audited Financial Statement,Public Repository,Clean,"M/s K. Mehta & Co., Chartered Accountants",2633767.86,978167.9,1065338.13,590261.83,0.0,2633767.86,2546157.55,2106947.57,328736.28,73849.92,207017.99,0.0,0.0,-170394.21,955237.41,1833135.49,242241.41,87610.31,0.0,https://eleos.org/docs/FIN_NGO_00158_FY2025-26.pdf,Verified
FIN_NGO_00158_FY2024-25,NGO_00158,FY2024-25,Audited Financial Statement,Public Repository,Clean,"M/s Gupta & Aggarwal, Chartered Accountants",2848076.79,1361948.69,1108782.53,377345.57,0.0,2848076.79,2608166.05,1831453.97,256374.32,79548.26,254610.99,55853.55,111707.1,18617.86,1093951.79,1694970.12,485828.73,239910.74,0.0,https://eleos.org/docs/FIN_NGO_00158_FY2024-25.pdf,Verified
FIN_NGO_00158_FY2023-24,NGO_00158,FY2023-24,Audited Financial Statement,NGO Website,Clean,"M/s Iyer, Natarajan & Co., Chartered Accountants",2862936.03,1179533.71,1541359.55,142042.77,0.0,2862936.03,2751363.19,2212943.38,152653.55,62126.01,274015.03,14887.57,29775.13,4962.52,595456.76,1727351.74,314848.3,111572.84,0.0,https://eleos.org/docs/FIN_NGO_00158_FY2023-24.pdf,Verified
FIN_NGO_00158_FY2022-23,NGO_00158,FY2022-23,Audited Financial Statement,Public Repository,Clean,"M/s Gupta & Aggarwal, Chartered Accountants",2587288.05,1744063.79,780346.95,62877.31,0.0,2587288.05,2340212.74,2006894.42,230839.13,89908.41,228897.18,0.0,0.0,-216326.4,505721.34,1631742.95,435714.72,247075.31,0.0,https://eleos.org/docs/FIN_NGO_00158_FY2022-23.pdf,Verified
FIN_NGO_00158_FY2021-22,NGO_00158,FY2021-22,Audited Financial Statement,Public Repository,Unknown,"M/s Gupta & Aggarwal, Chartered Accountants",2340894.65,1351176.73,417038.17,572679.75,0.0,2340894.65,2188421.89,1872504.51,303489.79,65649.96,174136.8,0.0,0.0,-227359.17,1222136.67,1888439.99,509830.4,152472.76,0.0,https://eleos.org/docs/FIN_NGO_00158_FY2021-22.pdf,Extracted
FIN_NGO_00159_FY2025-26,NGO_00159,FY2025-26,Audited Financial Statement,Public Repository,Clean,"M/s Iyer, Natarajan & Co., Chartered Accountants",29764915.85,20362787.05,6460814.64,2941314.16,0.0,29764915.85,30162264.46,21500515.59,2512674.84,1439896.33,2682475.6,608010.63,1216021.26,202670.21,13396966.29,12380484.67,1514874.41,-397348.61,0.0,https://eleos.org/docs/FIN_NGO_00159_FY2025-26.pdf,Verified
FIN_NGO_00159_FY2024-25,NGO_00159,FY2024-25,Audited Financial Statement,Public Repository,Clean,"M/s Deshmukh & Associates, Chartered Accountants",29045387.75,20586055.5,5956522.0,2502810.25,0.0,29045387.75,27068430.39,19715590.62,1533272.76,696186.36,2552532.03,771254.59,1542509.18,257084.85,15801246.76,13061058.97,4064913.67,1976957.36,0.0,https://eleos.org/docs/FIN_NGO_00159_FY2024-25.pdf,Verified
FIN_NGO_00159_FY2023-24,NGO_00159,FY2023-24,Audited Financial Statement,NGO Website,Clean,"M/s Iyer, Natarajan & Co., Chartered Accountants",23833798.01,12603512.06,6054831.63,5175454.32,0.0,23833798.01,23037890.41,17319613.95,2847829.78,478141.8,2188103.62,61260.38,122520.76,20420.12,3938991.61,12825904.79,2695816.33,795907.6,0.0,https://eleos.org/docs/FIN_NGO_00159_FY2023-24.pdf,Verified
FIN_NGO_00159_FY2022-23,NGO_00159,FY2022-23,Audited Financial Statement,Public Repository,Clean,"M/s Sen & Dasgupta, Chartered Accountants",24247660.34,11340156.41,4942662.65,7964841.28,0.0,24247660.34,23398280.67,18161119.55,2364913.94,383081.9,1808916.51,204074.63,408149.26,68024.88,12692533.53,12607204.8,3302844.14,849379.67,0.0,https://eleos.org/docs/FIN_NGO_00159_FY2022-23.pdf,Verified
FIN_NGO_00159_FY2021-22,NGO_00159,FY2021-22,Audited Financial Statement,Public Repository,Clean,"M/s Iyer, Natarajan & Co., Chartered Accountants",24821626.17,13378642.28,11404435.42,38548.47,0.0,24821626.17,23132251.53,18479757.34,2166949.66,568206.16,1777989.12,41804.77,83609.55,13934.93,10309603.91,11736265.74,2770466.28,1689374.64,0.0,https://eleos.org/docs/FIN_NGO_00159_FY2021-22.pdf,Verified
FIN_NGO_00160_FY2025-26,NGO_00160,FY2025-26,Audited Financial Statement,NGO Website,Clean,"M/s K. Mehta & Co., Chartered Accountants",1698220.09,775340.07,342855.16,580024.86,0.0,1698220.09,1692957.59,1402099.6,137459.74,49847.89,97546.37,1801.2,3602.39,600.4,523936.89,825477.34,113854.55,5262.5,0.0,https://eleos.org/docs/FIN_NGO_00160_FY2025-26.pdf,Verified
FIN_NGO_00160_FY2024-25,NGO_00160,FY2024-25,Audited Financial Statement,NGO Website,Clean,"M/s K. Mehta & Co., Chartered Accountants",1924205.06,1055961.38,288666.04,579577.64,0.0,1924205.06,1752446.71,1372891.41,235579.18,61834.61,75332.19,2042.8,4085.6,680.92,879839.31,757098.37,138195.21,171758.35,0.0,https://eleos.org/docs/FIN_NGO_00160_FY2024-25.pdf,Verified
FIN_NGO_00161_FY2025-26,NGO_00161,FY2025-26,Audited Financial Statement,Public Repository,Clean,"M/s Gupta & Aggarwal, Chartered Accountants",42972822.75,29149591.69,7450449.19,6372781.87,7011232.78,35961589.97,37843779.56,28883416.36,4649849.26,1408523.42,2861705.22,12085.59,24171.18,4028.53,14832243.12,75151192.75,26227250.04,5129043.19,0.0,https://eleos.org/docs/FIN_NGO_00161_FY2025-26.pdf,Verified
FIN_NGO_00161_FY2024-25,NGO_00161,FY2024-25,Audited Financial Statement,NGO Website,Clean,"M/s Iyer, Natarajan & Co., Chartered Accountants",47385045.78,27232647.88,11376339.16,8776058.74,11273408.02,36111637.76,45633397.43,37690040.77,2860138.54,1311184.8,3379117.42,117874.77,235749.54,39291.59,19920902.53,74583373.66,16679639.59,1751648.35,0.0,https://eleos.org/docs/FIN_NGO_00161_FY2024-25.pdf,Verified
FIN_NGO_00162_FY2025-26,NGO_00162,FY2025-26,Audited Financial Statement,Public Repository,Clean,"M/s V. Raman & Co., Chartered Accountants",3729865.1,2670590.13,829465.2,229809.77,0.0,3729865.1,3650256.01,2699556.68,199948.49,171855.8,324793.44,76230.48,152460.95,25410.17,1265677.99,2223183.78,446124.21,79609.09,0.0,https://eleos.org/docs/FIN_NGO_00162_FY2025-26.pdf,Verified
FIN_NGO_00162_FY2024-25,NGO_00162,FY2024-25,Audited Financial Statement,Public Repository,Clean,"M/s V. Raman & Co., Chartered Accountants",3335082.73,1411103.2,1674333.51,249646.02,0.0,3335082.73,2984897.77,2348911.55,294537.16,121265.62,179089.06,12328.31,24656.63,4109.44,1184085.82,2335871.33,745577.34,350184.96,0.0,https://eleos.org/docs/FIN_NGO_00162_FY2024-25.pdf,Verified
FIN_NGO_00162_FY2023-24,NGO_00162,FY2023-24,Audited Financial Statement,NGO Website,Clean,"M/s Sen & Dasgupta, Chartered Accountants",2854506.49,1094229.0,561542.06,1198735.43,0.0,2854506.49,2519597.31,2066582.92,339456.13,124597.13,115108.52,0.0,0.0,-126147.39,791826.24,2153979.77,824390.19,334909.18,0.0,https://eleos.org/docs/FIN_NGO_00162_FY2023-24.pdf,Verified
FIN_NGO_00162_FY2022-23,NGO_00162,FY2022-23,Audited Financial Statement,Public Repository,Clean,"M/s V. Raman & Co., Chartered Accountants",2522736.15,1522568.04,630920.46,369247.65,0.0,2522736.15,2314678.27,1832708.67,307259.54,108319.27,136352.19,0.0,0.0,-69961.4,1435675.46,2328122.63,929999.47,208057.88,0.0,https://eleos.org/docs/FIN_NGO_00162_FY2022-23.pdf,Verified
FIN_NGO_00162_FY2021-22,NGO_00162,FY2021-22,Audited Financial Statement,NGO Website,Clean,"M/s Sen & Dasgupta, Chartered Accountants",2466190.17,1172670.48,1103154.86,190364.83,0.0,2466190.17,2314458.58,1809583.18,297345.59,37763.51,100843.88,20676.73,41353.46,6892.23,1287366.7,2434311.49,301080.45,151731.59,0.0,https://eleos.org/docs/FIN_NGO_00162_FY2021-22.pdf,Verified
FIN_NGO_00164_FY2025-26,NGO_00164,FY2025-26,Audited Financial Statement,NGO Website,Clean,"M/s Sen & Dasgupta, Chartered Accountants",8279534.11,3622578.13,1997751.7,2659204.28,0.0,8279534.11,7948224.21,5878390.55,465546.58,329836.97,325193.65,284776.94,569553.87,94925.65,3748187.95,4822017.79,1695802.77,331309.9,0.0,https://eleos.org/docs/FIN_NGO_00164_FY2025-26.pdf,Verified
FIN_NGO_00164_FY2024-25,NGO_00164,FY2024-25,Audited Financial Statement,NGO Website,Qualified,"M/s Sen & Dasgupta, Chartered Accountants",9067331.4,5135786.79,3709177.62,222366.99,0.0,9067331.4,8091451.47,6245618.35,581514.94,373130.14,397193.24,148198.44,296396.89,49399.47,2801997.13,4220732.48,594381.8,975879.93,0.0,https://eleos.org/docs/FIN_NGO_00164_FY2024-25.pdf,Extracted
FIN_NGO_00164_FY2023-24,NGO_00164,FY2023-24,Audited Financial Statement,Public Repository,Clean,"M/s K. Mehta & Co., Chartered Accountants",8527138.1,6311024.25,2133742.85,82371.0,0.0,8527138.1,8152150.83,6033691.66,1050658.64,339114.6,601256.74,38228.76,76457.51,12742.92,2540526.59,4529823.96,705839.04,374987.27,0.0,https://eleos.org/docs/FIN_NGO_00164_FY2023-24.pdf,Verified
FIN_NGO_00166_FY2025-26,NGO_00166,FY2025-26,Audited Financial Statement,Public Repository,Clean,"M/s V. Raman & Co., Chartered Accountants",3871877.33,1411091.26,971554.9,1489231.17,0.0,3871877.33,3478370.99,2397040.69,467282.33,65256.68,284366.27,79327.51,158655.02,26442.49,1768646.46,4024548.11,1429301.95,393506.34,0.0,https://eleos.org/docs/FIN_NGO_00166_FY2025-26.pdf,Verified
FIN_NGO_00166_FY2024-25,NGO_00166,FY2024-25,Audited Financial Statement,Public Repository,Clean,"M/s Gupta & Aggarwal, Chartered Accountants",3694758.52,1579824.5,1956538.31,158395.71,0.0,3694758.52,3461996.56,2827325.11,329929.76,157359.64,225291.92,0.0,0.0,-77909.87,1204554.77,3625846.89,1433327.57,232761.96,0.0,https://eleos.org/docs/FIN_NGO_00166_FY2024-25.pdf,Verified
FIN_NGO_00166_FY2023-24,NGO_00166,FY2023-24,Audited Financial Statement,Public Repository,Clean,"M/s K. Mehta & Co., Chartered Accountants",3336704.22,2273198.9,757750.36,305754.96,0.0,3336704.22,2997970.96,2230654.1,393568.84,94408.39,137178.84,42648.24,85296.47,14216.08,556180.07,3641977.14,541087.59,338733.26,0.0,https://eleos.org/docs/FIN_NGO_00166_FY2023-24.pdf,Verified
FIN_NGO_00167_FY2025-26,NGO_00167,FY2025-26,Audited Financial Statement,NGO Website,Clean,"M/s Deshmukh & Associates, Chartered Accountants",16994977.41,6951074.3,4348729.23,5695173.88,0.0,16994977.41,16579921.99,12202893.59,2053580.1,564238.05,747391.77,303545.54,607091.09,101181.85,4672799.96,7064016.34,1424463.44,415055.42,0.0,https://eleos.org/docs/FIN_NGO_00167_FY2025-26.pdf,Verified
FIN_NGO_00167_FY2024-25,NGO_00167,FY2024-25,Audited Financial Statement,NGO Website,Clean,"M/s K. Mehta & Co., Chartered Accountants",19731245.12,14594083.77,3366131.98,1771029.37,0.0,19731245.12,18083762.84,13487123.39,997939.56,343528.45,1300181.41,586497.01,1172994.02,195499.0,4541799.26,7986984.1,2736940.13,1647482.28,0.0,https://eleos.org/docs/FIN_NGO_00167_FY2024-25.pdf,Verified
FIN_NGO_00167_FY2023-24,NGO_00167,FY2023-24,Audited Financial Statement,Public Repository,Clean,"M/s Iyer, Natarajan & Co., Chartered Accountants",18778304.2,11593432.9,4998660.44,2186210.86,0.0,18778304.2,18571192.32,12721974.22,2566769.17,827210.75,1040443.08,424438.53,848877.05,141479.52,6410815.57,7798539.38,2359384.56,207111.88,0.0,https://eleos.org/docs/FIN_NGO_00167_FY2023-24.pdf,Verified
FIN_NGO_00167_FY2022-23,NGO_00167,FY2022-23,Audited Financial Statement,Public Repository,Clean,"M/s Iyer, Natarajan & Co., Chartered Accountants",19365267.9,13709947.31,5098304.16,557016.43,0.0,19365267.9,19608854.34,14280838.59,2343022.43,694724.32,1844982.73,133585.88,267171.76,44528.63,6475751.68,7122493.74,1504382.13,-243586.44,0.0,https://eleos.org/docs/FIN_NGO_00167_FY2022-23.pdf,Verified
FIN_NGO_00167_FY2021-22,NGO_00167,FY2021-22,Audited Financial Statement,NGO Website,Clean,"M/s Deshmukh & Associates, Chartered Accountants",18575113.1,11911354.07,5798770.99,864988.04,0.0,18575113.1,16674994.98,12486493.01,2044694.48,771014.93,1098123.14,82400.83,164801.65,27466.94,3977679.96,7191047.33,766837.48,1900118.12,0.0,https://eleos.org/docs/FIN_NGO_00167_FY2021-22.pdf,Verified
FIN_NGO_00168_FY2025-26,NGO_00168,FY2025-26,Audited Financial Statement,Public Repository,Clean,"M/s Sen & Dasgupta, Chartered Accountants",3561243.39,2535515.97,761671.2,264056.22,0.0,3561243.39,3231105.76,2273956.07,286591.72,84879.55,261454.99,97267.03,194534.06,32422.34,490167.3,5529032.47,655652.7,330137.63,0.0,https://eleos.org/docs/FIN_NGO_00168_FY2025-26.pdf,Verified
FIN_NGO_00168_FY2024-25,NGO_00168,FY2024-25,Audited Financial Statement,Public Repository,Clean,"M/s V. Raman & Co., Chartered Accountants",3817993.89,2581408.43,1112884.44,123701.02,0.0,3817993.89,3706778.79,3142745.04,206316.94,91555.6,354569.31,0.0,0.0,-88408.1,1776075.81,5259414.02,565887.56,111215.1,0.0,https://eleos.org/docs/FIN_NGO_00168_FY2024-25.pdf,Verified
FIN_NGO_00168_FY2023-24,NGO_00168,FY2023-24,Audited Financial Statement,NGO Website,Clean,"M/s Iyer, Natarajan & Co., Chartered Accountants",4133420.36,1555344.21,984817.01,1593259.14,0.0,4133420.36,3987056.54,3043562.06,503171.99,107717.93,206099.14,37951.63,75903.26,12650.53,1050009.61,5870363.25,1981413.08,146363.82,0.0,https://eleos.org/docs/FIN_NGO_00168_FY2023-24.pdf,Verified
FIN_NGO_00169_FY2025-26,NGO_00169,FY2025-26,Audited Financial Statement,Public Repository,Clean,"M/s Sen & Dasgupta, Chartered Accountants",253331272.81,137151156.55,63354529.16,52825587.1,0.0,253331272.81,230616762.99,188108396.75,14250310.63,11252848.73,12127953.68,1463175.96,2926351.92,487725.32,114253502.76,285571422.98,110140674.75,22714509.82,0.0,https://eleos.org/docs/FIN_NGO_00169_FY2025-26.pdf,Verified
FIN_NGO_00169_FY2024-25,NGO_00169,FY2024-25,Audited Financial Statement,Public Repository,Clean,"M/s Deshmukh & Associates, Chartered Accountants",217410673.49,128918284.93,46791703.3,41700685.26,0.0,217410673.49,196017380.6,138724314.99,19683904.37,7766731.81,15724745.07,4235305.31,8470610.62,1411768.43,109347001.77,337007926.87,97530290.83,21393292.89,0.0,https://eleos.org/docs/FIN_NGO_00169_FY2024-25.pdf,Verified
FIN_NGO_00169_FY2023-24,NGO_00169,FY2023-24,Audited Financial Statement,Public Repository,Clean,"M/s R. K. Sharma & Associates, Chartered Accountants",209977371.04,105158930.07,91697710.13,13120730.84,0.0,209977371.04,211243648.97,167141855.59,29442131.58,7656227.92,11124895.86,0.0,0.0,-4121461.98,57272712.88,331255483.56,111668455.38,-1266277.93,0.0,https://eleos.org/docs/FIN_NGO_00169_FY2023-24.pdf,Verified
FIN_NGO_00169_FY2022-23,NGO_00169,FY2022-23,Audited Financial Statement,NGO Website,Clean,"M/s Gupta & Aggarwal, Chartered Accountants",236818797.75,93755649.63,41482905.6,101580242.52,0.0,236818797.75,208609844.24,156755185.04,25318653.83,8992529.15,11796215.51,1724178.21,3448356.42,574726.08,101071718.44,290257467.07,77692389.52,28208953.51,0.0,https://eleos.org/docs/FIN_NGO_00169_FY2022-23.pdf,Verified
FIN_NGO_00169_FY2021-22,NGO_00169,FY2021-22,Audited Financial Statement,NGO Website,Clean,"M/s R. K. Sharma & Associates, Chartered Accountants",221810451.97,78836053.07,105674486.23,37299912.67,0.0,221810451.97,219556039.59,157982707.03,18592666.42,2699063.2,14068614.88,7863896.42,15727792.84,2621298.8,105822739.45,290265042.44,101143312.94,2254412.38,0.0,https://eleos.org/docs/FIN_NGO_00169_FY2021-22.pdf,Verified
FIN_NGO_00170_FY2025-26,NGO_00170,FY2025-26,Audited Financial Statement,Public Repository,Clean,"M/s V. Raman & Co., Chartered Accountants",6635105.65,3484357.02,1834618.27,1316130.36,0.0,6635105.65,6331605.99,5176944.66,578926.62,209392.7,382094.27,0.0,0.0,-15752.26,2917722.58,11805365.42,2669275.51,303499.66,0.0,https://eleos.org/docs/FIN_NGO_00170_FY2025-26.pdf,Verified
FIN_NGO_00170_FY2024-25,NGO_00170,FY2024-25,Audited Financial Statement,Public Repository,Clean,"M/s Sen & Dasgupta, Chartered Accountants",7687789.46,4796989.33,2717226.75,173573.38,0.0,7687789.46,7593959.03,6118384.79,590726.97,103792.87,356287.96,127429.93,254859.86,42476.65,2387600.22,10749795.75,4150967.81,93830.43,0.0,https://eleos.org/docs/FIN_NGO_00170_FY2024-25.pdf,Verified
FIN_NGO_00170_FY2023-24,NGO_00170,FY2023-24,Audited Financial Statement,Public Repository,Clean,"M/s Deshmukh & Associates, Chartered Accountants",7230778.21,3205186.66,1510269.06,2515322.49,0.0,7230778.21,6716487.38,4758880.61,690108.44,73483.47,410500.77,235054.23,470108.46,78351.4,3719436.96,10942192.82,2022516.48,514290.83,0.0,https://eleos.org/docs/FIN_NGO_00170_FY2023-24.pdf,Verified
FIN_NGO_00171_FY2025-26,NGO_00171,FY2025-26,Audited Financial Statement,NGO Website,Clean,"M/s Gupta & Aggarwal, Chartered Accountants",46227431.29,32352896.5,13472654.54,401880.25,0.0,46227431.29,45803941.64,33555453.68,3202913.83,1897317.61,3780758.15,1010249.51,2020499.02,336749.84,13863765.77,50982016.51,13806727.57,423489.65,0.0,https://eleos.org/docs/FIN_NGO_00171_FY2025-26.pdf,Verified
FIN_NGO_00171_FY2024-25,NGO_00171,FY2024-25,Audited Financial Statement,Public Repository,Clean,"M/s V. Raman & Co., Chartered Accountants",41941450.43,26518525.57,14123709.81,1299215.05,0.0,41941450.43,42058478.8,30687625.45,3809662.74,1902586.84,2253699.26,1021471.35,2042942.71,340490.45,11856166.47,55444569.54,16788975.51,-117028.37,0.0,https://eleos.org/docs/FIN_NGO_00171_FY2024-25.pdf,Verified
FIN_NGO_00171_FY2023-24,NGO_00171,FY2023-24,Audited Financial Statement,Public Repository,Clean,"M/s R. K. Sharma & Associates, Chartered Accountants",37782131.85,22190518.68,10634470.88,4957142.29,0.0,37782131.85,36293014.45,25517424.9,4176073.98,680169.24,3027300.6,867613.72,1735227.44,289204.57,20280035.97,56732224.78,20690302.13,1489117.4,0.0,https://eleos.org/docs/FIN_NGO_00171_FY2023-24.pdf,Verified
FIN_NGO_00171_FY2022-23,NGO_00171,FY2022-23,Audited Financial Statement,Public Repository,Clean,"M/s V. Raman & Co., Chartered Accountants",34370548.87,13454163.59,5281292.07,15635093.21,0.0,34370548.87,30800139.49,25901652.04,3122845.41,1159652.29,1470562.69,0.0,0.0,-854572.94,11992607.13,50121960.88,9926506.23,3570409.38,0.0,https://eleos.org/docs/FIN_NGO_00171_FY2022-23.pdf,Verified
FIN_NGO_00172_FY2025-26,NGO_00172,FY2025-26,Audited Financial Statement,Public Repository,Clean,"M/s Sen & Dasgupta, Chartered Accountants",4506119.63,1995293.01,1503025.5,1007801.12,0.0,4506119.63,4215359.14,3306107.02,402141.56,177213.07,343926.04,0.0,0.0,-14028.55,2363877.3,2425313.96,266301.56,290760.49,0.0,https://eleos.org/docs/FIN_NGO_00172_FY2025-26.pdf,Verified
FIN_NGO_00172_FY2024-25,NGO_00172,FY2024-25,Audited Financial Statement,NGO Website,Clean,"M/s Iyer, Natarajan & Co., Chartered Accountants",4204053.36,2661748.29,759037.22,783267.85,0.0,4204053.36,4221108.94,3524051.81,355960.29,50674.08,316389.01,0.0,0.0,-25966.25,2013086.1,2341351.42,917069.12,-17055.58,0.0,https://eleos.org/docs/FIN_NGO_00172_FY2024-25.pdf,Verified
FIN_NGO_00172_FY2023-24,NGO_00172,FY2023-24,Audited Financial Statement,NGO Website,Clean,"M/s Iyer, Natarajan & Co., Chartered Accountants",3846114.14,2874658.0,696106.6,275349.54,0.0,3846114.14,3834037.82,3187868.37,211869.24,160100.1,205898.77,20490.4,40980.8,6830.14,2391000.27,2121500.9,730899.53,12076.32,0.0,https://eleos.org/docs/FIN_NGO_00172_FY2023-24.pdf,Verified
FIN_NGO_00172_FY2022-23,NGO_00172,FY2022-23,Audited Financial Statement,NGO Website,Clean,"M/s Gupta & Aggarwal, Chartered Accountants",3622280.16,1917570.9,934460.42,770248.84,0.0,3622280.16,3451467.75,2888827.83,459063.65,62270.26,171085.75,0.0,0.0,-129779.74,782306.24,2408032.47,247535.58,170812.41,0.0,https://eleos.org/docs/FIN_NGO_00172_FY2022-23.pdf,Verified
FIN_NGO_00173_FY2025-26,NGO_00173,FY2025-26,Audited Financial Statement,Public Repository,Clean,"M/s K. Mehta & Co., Chartered Accountants",54915655.61,33730378.54,15312932.2,5872344.87,0.0,54915655.61,53215945.94,43176040.21,7251190.35,1546002.11,4784210.54,0.0,0.0,-3541497.27,21158453.62,54199521.08,12150231.37,1699709.67,0.0,https://eleos.org/docs/FIN_NGO_00173_FY2025-26.pdf,Verified
FIN_NGO_00173_FY2024-25,NGO_00173,FY2024-25,Audited Financial Statement,NGO Website,Qualified,"M/s Deshmukh & Associates, Chartered Accountants",48646244.09,22157579.17,14711034.14,11777630.78,0.0,48646244.09,48179569.52,38310821.99,3394978.2,1331117.19,4449085.98,208069.85,416139.7,69356.61,18528921.35,47313661.58,11910588.57,466674.57,0.0,https://eleos.org/docs/FIN_NGO_00173_FY2024-25.pdf,Extracted
FIN_NGO_00173_FY2023-24,NGO_00173,FY2023-24,Audited Financial Statement,Public Repository,Clean,"M/s Iyer, Natarajan & Co., Chartered Accountants",50376444.71,33805908.18,12829096.13,3741440.4,0.0,50376444.71,46127753.02,37080101.78,3905865.86,981132.55,3943690.72,65088.63,130177.27,21696.21,18615621.28,53330850.48,20486848.6,4248691.69,0.0,https://eleos.org/docs/FIN_NGO_00173_FY2023-24.pdf,Verified
FIN_NGO_00173_FY2022-23,NGO_00173,FY2022-23,Audited Financial Statement,Public Repository,Clean,"M/s Sen & Dasgupta, Chartered Accountants",51707653.98,37549862.07,12841800.63,1315991.28,0.0,51707653.98,48817431.15,34072191.61,2812287.74,720986.23,4821189.25,1917232.9,3834465.8,639077.62,19856801.05,48202949.67,9833241.91,2890222.83,0.0,https://eleos.org/docs/FIN_NGO_00173_FY2022-23.pdf,Verified
FIN_NGO_00174_FY2025-26,NGO_00174,FY2025-26,Audited Financial Statement,Public Repository,Clean,"M/s V. Raman & Co., Chartered Accountants",19094981.28,8096169.16,10358474.63,640337.49,0.0,19094981.28,17214231.3,13174907.69,2092065.09,419127.09,853844.44,202286.1,404572.19,67428.7,6183015.0,30047122.15,6153257.14,1880749.98,0.0,https://eleos.org/docs/FIN_NGO_00174_FY2025-26.pdf,Verified
FIN_NGO_00174_FY2024-25,NGO_00174,FY2024-25,Audited Financial Statement,NGO Website,Clean,"M/s Sen & Dasgupta, Chartered Accountants",15848828.85,7885650.98,6427781.73,1535396.14,0.0,15848828.85,15865564.45,11238852.11,1639351.09,363372.4,746023.22,563389.69,1126779.38,187796.56,9748890.01,27395403.8,3085063.63,-16735.6,0.0,https://eleos.org/docs/FIN_NGO_00174_FY2024-25.pdf,Verified
FIN_NGO_00174_FY2023-24,NGO_00174,FY2023-24,Audited Financial Statement,NGO Website,Clean,"M/s Deshmukh & Associates, Chartered Accountants",16996399.95,8683278.49,5061791.87,3251329.59,0.0,16996399.95,16923885.48,12919508.41,1943169.04,445846.59,833504.06,234557.21,469114.42,78185.75,8654196.94,28810039.47,11126051.36,72514.47,0.0,https://eleos.org/docs/FIN_NGO_00174_FY2023-24.pdf,Verified
FIN_NGO_00174_FY2022-23,NGO_00174,FY2022-23,Audited Financial Statement,Public Repository,Clean,"M/s V. Raman & Co., Chartered Accountants",17995249.8,10786369.84,2821352.42,4387527.54,0.0,17995249.8,16397720.44,13124541.51,1321128.58,638757.69,847301.46,139797.36,279594.72,46599.12,6873184.65,29854710.49,3376054.76,1597529.36,0.0,https://eleos.org/docs/FIN_NGO_00174_FY2022-23.pdf,Verified
FIN_NGO_00175_FY2025-26,NGO_00175,FY2025-26,Audited Financial Statement,Public Repository,Qualified,"M/s Gupta & Aggarwal, Chartered Accountants",4382153.84,1728135.08,1754612.67,899406.09,0.0,4382153.84,4278500.32,2953287.69,550927.53,46368.12,279535.39,134514.48,269028.95,44838.16,1001364.82,3608130.34,366639.42,103653.52,0.0,https://eleos.org/docs/FIN_NGO_00175_FY2025-26.pdf,Extracted
FIN_NGO_00176_FY2025-26,NGO_00176,FY2025-26,Audited Financial Statement,NGO Website,Clean,"M/s Iyer, Natarajan & Co., Chartered Accountants",39558363.62,17027898.96,9678118.91,12852345.75,0.0,39558363.62,40187907.45,31731539.18,2368009.82,1218661.02,2910965.09,587619.7,1175239.41,195873.23,13047559.06,17919361.88,5754837.77,-629543.83,0.0,https://eleos.org/docs/FIN_NGO_00176_FY2025-26.pdf,Verified
FIN_NGO_00176_FY2024-25,NGO_00176,FY2024-25,Audited Financial Statement,NGO Website,Clean,"M/s Sen & Dasgupta, Chartered Accountants",37071410.85,26882638.74,8968274.8,1220497.31,0.0,37071410.85,33115745.59,26693181.88,2866017.3,984211.0,3104242.94,0.0,0.0,-531907.53,5686780.83,20093628.93,6369790.89,3955665.26,0.0,https://eleos.org/docs/FIN_NGO_00176_FY2024-25.pdf,Verified
FIN_NGO_00176_FY2023-24,NGO_00176,FY2023-24,Audited Financial Statement,NGO Website,Clean,"M/s Gupta & Aggarwal, Chartered Accountants",42394399.26,23965151.42,7571614.17,10857633.67,0.0,42394399.26,40079344.71,31973459.73,2964913.35,1396636.77,3455619.93,86614.48,173228.96,28871.49,14921433.44,18771647.72,4471280.59,2315054.55,0.0,https://eleos.org/docs/FIN_NGO_00176_FY2023-24.pdf,Verified
FIN_NGO_00178_FY2025-26,NGO_00178,FY2025-26,Audited Financial Statement,NGO Website,Clean,"M/s R. K. Sharma & Associates, Chartered Accountants",2949638.9,1762532.39,991181.33,195925.18,0.0,2949638.9,2767466.74,2012347.03,351232.87,88927.81,275890.44,11720.58,23441.15,3906.86,1612732.54,1685570.87,636532.75,182172.16,0.0,https://eleos.org/docs/FIN_NGO_00178_FY2025-26.pdf,Verified
FIN_NGO_00178_FY2024-25,NGO_00178,FY2024-25,Audited Financial Statement,NGO Website,Qualified,"M/s Deshmukh & Associates, Chartered Accountants",2468870.14,1074308.17,1066456.64,328105.33,0.0,2468870.14,2473120.12,2002328.8,292766.74,83311.89,158768.93,0.0,0.0,-64056.24,1108502.17,1920968.64,202059.43,-4249.98,0.0,https://eleos.org/docs/FIN_NGO_00178_FY2024-25.pdf,Extracted
FIN_NGO_00178_FY2023-24,NGO_00178,FY2023-24,Audited Financial Statement,Public Repository,Clean,"M/s Sen & Dasgupta, Chartered Accountants",2110767.7,959182.86,788651.29,362933.55,0.0,2110767.7,1944410.84,1611108.19,268498.47,89225.33,155354.51,0.0,0.0,-179775.66,728012.21,1699466.46,558021.52,166356.86,0.0,https://eleos.org/docs/FIN_NGO_00178_FY2023-24.pdf,Verified
FIN_NGO_00179_FY2025-26,NGO_00179,FY2025-26,Audited Financial Statement,Public Repository,Clean,"M/s Deshmukh & Associates, Chartered Accountants",280435521.55,174961960.56,62716140.71,42757420.28,0.0,280435521.55,279137813.84,219824319.5,29049985.17,3867609.67,16629762.34,2929841.15,5859682.3,976613.71,74217198.23,131128348.32,13353060.96,1297707.71,0.0,https://eleos.org/docs/FIN_NGO_00179_FY2025-26.pdf,Verified
FIN_NGO_00179_FY2024-25,NGO_00179,FY2024-25,Audited Financial Statement,Public Repository,Clean,"M/s K. Mehta & Co., Chartered Accountants",263577447.94,128910263.58,49204487.58,85462696.78,0.0,263577447.94,241141514.02,194425897.0,30761638.94,2443480.26,18267897.89,0.0,0.0,-4757400.07,51571223.48,130007516.52,16565736.35,22435933.92,0.0,https://eleos.org/docs/FIN_NGO_00179_FY2024-25.pdf,Verified
FIN_NGO_00179_FY2023-24,NGO_00179,FY2023-24,Audited Financial Statement,Public Repository,Clean,"M/s Gupta & Aggarwal, Chartered Accountants",260949188.87,187688822.12,60981047.11,12279319.64,0.0,260949188.87,249219533.02,197879142.72,22853007.24,10192090.95,12317220.9,1793421.36,3586842.72,597807.13,105367253.12,131715459.2,26863567.45,11729655.85,0.0,https://eleos.org/docs/FIN_NGO_00179_FY2023-24.pdf,Verified
FIN_NGO_00179_FY2022-23,NGO_00179,FY2022-23,Audited Financial Statement,Public Repository,Clean,"M/s R. K. Sharma & Associates, Chartered Accountants",244483463.22,103264401.1,106571646.48,34647415.64,0.0,244483463.22,218616242.69,155360947.29,27491611.97,9699717.09,10580279.87,4645105.94,9290211.88,1548368.65,45434593.94,138818984.77,34257202.33,25867220.53,0.0,https://eleos.org/docs/FIN_NGO_00179_FY2022-23.pdf,Verified
FIN_NGO_00180_FY2025-26,NGO_00180,FY2025-26,Audited Financial Statement,NGO Website,Clean,"M/s Deshmukh & Associates, Chartered Accountants",2503266.53,1301554.19,770726.81,430985.53,0.0,2503266.53,2358019.58,1727618.9,302397.35,92926.78,164575.24,21150.39,42300.78,7050.14,800429.63,1608749.93,551353.43,145246.95,0.0,https://eleos.org/docs/FIN_NGO_00180_FY2025-26.pdf,Verified
FIN_NGO_00180_FY2024-25,NGO_00180,FY2024-25,Audited Financial Statement,NGO Website,Clean,"M/s R. K. Sharma & Associates, Chartered Accountants",2254978.04,1523131.8,391993.4,339852.84,0.0,2254978.04,2067091.1,1630579.79,151157.54,86310.71,129325.97,20915.13,41830.25,6971.71,1246492.3,1570821.39,433959.17,187886.94,0.0,https://eleos.org/docs/FIN_NGO_00180_FY2024-25.pdf,Verified
FIN_NGO_00181_FY2025-26,NGO_00181,FY2025-26,Audited Financial Statement,Public Repository,Qualified,"M/s K. Mehta & Co., Chartered Accountants",47545153.64,22331763.33,16903945.25,8309445.06,0.0,47545153.64,41935511.08,33341817.56,5521118.35,556818.52,2814342.17,0.0,0.0,-298585.52,13171235.32,67009877.3,12716773.37,5609642.56,0.0,https://eleos.org/docs/FIN_NGO_00181_FY2025-26.pdf,Extracted
FIN_NGO_00182_FY2025-26,NGO_00182,FY2025-26,Audited Financial Statement,Public Repository,Clean,"M/s V. Raman & Co., Chartered Accountants",4051933.87,1623263.92,1326243.39,1102426.56,0.0,4051933.87,3610981.48,2940433.72,220047.46,149821.76,269163.99,9454.36,18908.73,3151.46,990527.95,1489610.34,205112.0,440952.39,0.0,https://eleos.org/docs/FIN_NGO_00182_FY2025-26.pdf,Verified
FIN_NGO_00182_FY2024-25,NGO_00182,FY2024-25,Audited Financial Statement,NGO Website,Clean,"M/s V. Raman & Co., Chartered Accountants",4265367.83,2030569.5,833218.16,1401580.17,0.0,4265367.83,4246980.89,3441036.64,228502.98,132695.86,184931.59,77944.15,155888.29,25981.38,2330745.44,1489036.55,469275.32,18386.94,0.0,https://eleos.org/docs/FIN_NGO_00182_FY2024-25.pdf,Verified
FIN_NGO_00182_FY2023-24,NGO_00182,FY2023-24,Audited Financial Statement,Public Repository,Clean,"M/s Gupta & Aggarwal, Chartered Accountants",3957243.07,2516226.69,768651.99,672364.39,0.0,3957243.07,3757269.76,2602067.8,303935.29,155854.22,307455.88,116386.97,232773.94,38795.66,1275808.47,1362940.12,510426.23,199973.31,0.0,https://eleos.org/docs/FIN_NGO_00182_FY2023-24.pdf,Verified
FIN_NGO_00183_FY2025-26,NGO_00183,FY2025-26,Audited Financial Statement,NGO Website,Clean,"M/s V. Raman & Co., Chartered Accountants",14383878.03,10365396.53,3228240.11,790241.39,0.0,14383878.03,14180547.6,11110797.77,766335.57,289355.62,988636.96,307626.5,615253.01,102542.17,8632002.28,6398083.88,1842704.8,203330.43,0.0,https://eleos.org/docs/FIN_NGO_00183_FY2025-26.pdf,Verified
FIN_NGO_00183_FY2024-25,NGO_00183,FY2024-25,Audited Financial Statement,NGO Website,Clean,"M/s Sen & Dasgupta, Chartered Accountants",12691297.71,7165918.15,5011810.99,513568.57,0.0,12691297.71,12508743.95,10619013.06,1198628.83,560976.52,1074696.82,0.0,0.0,-944571.28,4069125.66,6392607.06,1094023.39,182553.76,0.0,https://eleos.org/docs/FIN_NGO_00183_FY2024-25.pdf,Verified
FIN_NGO_00183_FY2023-24,NGO_00183,FY2023-24,Audited Financial Statement,Public Repository,Clean,"M/s K. Mehta & Co., Chartered Accountants",14485750.68,5856790.53,5342548.13,3286412.02,0.0,14485750.68,14382122.14,10953888.7,1868869.6,700602.2,593641.93,79535.92,159071.83,26511.96,9059698.12,6547109.13,2204089.88,103628.54,0.0,https://eleos.org/docs/FIN_NGO_00183_FY2023-24.pdf,Verified
FIN_NGO_00184_FY2025-26,NGO_00184,FY2025-26,Audited Financial Statement,Public Repository,Clean,"M/s V. Raman & Co., Chartered Accountants",42808491.21,15465188.63,21698325.43,5644977.15,13587684.01,29220807.2,40109943.99,28365118.82,3412542.53,1898486.8,2219907.28,1264166.57,2528333.14,421388.85,9693214.61,51285458.77,20388879.51,2698547.22,0.0,https://eleos.org/docs/FIN_NGO_00184_FY2025-26.pdf,Verified
FIN_NGO_00184_FY2024-25,NGO_00184,FY2024-25,Audited Financial Statement,NGO Website,Clean,"M/s Iyer, Natarajan & Co., Chartered Accountants",39566199.13,18042419.91,19810157.81,1713621.41,13599134.23,25967064.9,35104179.49,25222959.78,3079670.06,1514306.15,1631394.35,1096754.75,2193509.49,365584.91,8642980.82,51384148.58,11791960.56,4462019.64,0.0,https://eleos.org/docs/FIN_NGO_00184_FY2024-25.pdf,Verified
FIN_NGO_00184_FY2023-24,NGO_00184,FY2023-24,Audited Financial Statement,NGO Website,Clean,"M/s Deshmukh & Associates, Chartered Accountants",32615197.96,18540505.15,9011976.8,5062716.01,11279617.71,21335580.25,30232036.88,20863016.75,4041933.73,340772.54,2622392.24,709176.49,1418352.98,236392.15,16513078.62,51472043.07,17540452.08,2383161.08,0.0,https://eleos.org/docs/FIN_NGO_00184_FY2023-24.pdf,Verified
FIN_NGO_00184_FY2022-23,NGO_00184,FY2022-23,Audited Financial Statement,Public Repository,Clean,"M/s Gupta & Aggarwal, Chartered Accountants",29052763.68,21306555.23,6334619.43,1411589.02,4444867.12,24607896.56,26556413.71,20280398.63,2773614.73,367306.74,1110098.03,607498.68,1214997.35,202499.55,8412253.3,55755493.12,21728420.52,2496349.97,0.0,https://eleos.org/docs/FIN_NGO_00184_FY2022-23.pdf,Verified
FIN_NGO_00184_FY2021-22,NGO_00184,FY2021-22,Audited Financial Statement,NGO Website,Clean,"M/s R. K. Sharma & Associates, Chartered Accountants",28649874.08,12199191.55,13761086.09,2689596.44,9921581.72,18728292.36,27483595.8,19538080.89,1605514.08,1168599.11,1436062.72,1120601.7,2241203.4,373533.9,14336053.79,52331750.8,6419596.15,1166278.28,0.0,https://eleos.org/docs/FIN_NGO_00184_FY2021-22.pdf,Verified
FIN_NGO_00186_FY2025-26,NGO_00186,FY2025-26,Audited Financial Statement,NGO Website,Clean,"M/s K. Mehta & Co., Chartered Accountants",17849109.79,9818437.51,4118659.9,3912012.38,0.0,17849109.79,17349850.33,13222556.41,904399.2,477691.35,1473905.98,381389.22,762778.44,127129.73,11072862.08,22887095.96,3040794.17,499259.46,0.0,https://eleos.org/docs/FIN_NGO_00186_FY2025-26.pdf,Verified
FIN_NGO_00186_FY2024-25,NGO_00186,FY2024-25,Audited Financial Statement,Public Repository,Qualified,"M/s K. Mehta & Co., Chartered Accountants",18281261.01,7025518.1,5302857.85,5952885.06,0.0,18281261.01,18196128.3,12538285.0,1845364.98,567054.33,1520577.26,517454.02,1034908.04,172484.67,10860667.09,22877754.36,4985324.31,85132.71,0.0,https://eleos.org/docs/FIN_NGO_00186_FY2024-25.pdf,Extracted
FIN_NGO_00188_FY2025-26,NGO_00188,FY2025-26,Audited Financial Statement,NGO Website,Clean,"M/s R. K. Sharma & Associates, Chartered Accountants",1136847.31,585645.96,181936.41,369264.94,0.0,1136847.31,1093056.69,806563.58,147464.79,21877.87,83545.14,10081.59,20163.19,3360.53,548743.77,1362510.77,312808.94,43790.62,0.0,https://eleos.org/docs/FIN_NGO_00188_FY2025-26.pdf,Verified
FIN_NGO_00188_FY2024-25,NGO_00188,FY2024-25,Audited Financial Statement,Public Repository,Clean,"M/s Deshmukh & Associates, Chartered Accountants",1157530.11,528758.16,466724.14,162047.81,0.0,1157530.11,1130236.21,771822.21,70679.46,52454.26,97425.75,41356.36,82712.72,13785.45,255550.67,1178210.73,196463.88,27293.9,0.0,https://eleos.org/docs/FIN_NGO_00188_FY2024-25.pdf,Verified
FIN_NGO_00189_FY2025-26,NGO_00189,FY2025-26,Audited Financial Statement,Public Repository,Unknown,"M/s R. K. Sharma & Associates, Chartered Accountants",580545.14,232865.21,150225.47,197454.46,0.0,580545.14,584627.85,412629.38,33791.45,26401.3,26532.67,25581.92,51163.83,8527.3,146304.24,793673.33,214561.24,-4082.71,0.0,https://eleos.org/docs/FIN_NGO_00189_FY2025-26.pdf,Extracted
FIN_NGO_00189_FY2024-25,NGO_00189,FY2024-25,Audited Financial Statement,Public Repository,Clean,"M/s K. Mehta & Co., Chartered Accountants",549372.82,219769.66,244286.48,85316.68,0.0,549372.82,516472.89,375790.09,50568.71,15447.88,32256.66,12722.86,25445.73,4240.96,271517.57,693850.08,239009.86,32899.93,0.0,https://eleos.org/docs/FIN_NGO_00189_FY2024-25.pdf,Verified
FIN_NGO_00190_FY2025-26,NGO_00190,FY2025-26,Audited Financial Statement,Public Repository,Clean,"M/s V. Raman & Co., Chartered Accountants",8623381.96,6444845.66,2155131.1,23405.2,0.0,8623381.96,7653343.42,5377237.04,598404.44,140660.77,430979.01,331818.65,663637.3,110606.21,3926387.9,4224807.26,1378005.41,970038.54,0.0,https://eleos.org/docs/FIN_NGO_00190_FY2025-26.pdf,Verified
FIN_NGO_00190_FY2024-25,NGO_00190,FY2024-25,Audited Financial Statement,NGO Website,Clean,"M/s K. Mehta & Co., Chartered Accountants",7340887.02,4890880.38,1684957.42,765049.22,0.0,7340887.02,7050749.38,5115318.73,821009.92,171168.84,432752.57,153149.79,306299.59,51049.94,1664214.95,4296435.32,1280240.81,290137.64,0.0,https://eleos.org/docs/FIN_NGO_00190_FY2024-25.pdf,Verified
FIN_NGO_00190_FY2023-24,NGO_00190,FY2023-24,Audited Financial Statement,NGO Website,Clean,"M/s Gupta & Aggarwal, Chartered Accountants",6251931.83,2497583.72,2826519.2,927828.91,0.0,6251931.83,5630147.46,4449182.59,673759.22,74387.28,409886.66,6879.51,13759.03,2293.17,1545694.02,4207895.63,962389.28,621784.37,0.0,https://eleos.org/docs/FIN_NGO_00190_FY2023-24.pdf,Verified
FIN_NGO_00190_FY2022-23,NGO_00190,FY2022-23,Audited Financial Statement,NGO Website,Clean,"M/s K. Mehta & Co., Chartered Accountants",6902281.58,3797477.39,2823357.53,281446.66,0.0,6902281.58,6848387.91,5650827.3,788670.0,144426.32,490989.04,0.0,0.0,-226524.75,2865503.64,4314639.25,955888.83,53893.67,0.0,https://eleos.org/docs/FIN_NGO_00190_FY2022-23.pdf,Verified
FIN_NGO_00190_FY2021-22,NGO_00190,FY2021-22,Audited Financial Statement,Public Repository,Clean,"M/s R. K. Sharma & Associates, Chartered Accountants",5904227.2,2304435.24,1004357.85,2595434.11,0.0,5904227.2,5815458.69,4049882.2,717429.75,103764.84,362094.87,174686.11,349372.22,58228.7,1111513.66,4105024.97,714850.56,88768.51,0.0,https://eleos.org/docs/FIN_NGO_00190_FY2021-22.pdf,Verified
FIN_NGO_00191_FY2025-26,NGO_00191,FY2025-26,Audited Financial Statement,NGO Website,Clean,"M/s V. Raman & Co., Chartered Accountants",1427148.63,841300.86,234980.24,350867.53,0.0,1427148.63,1366285.7,984826.34,82080.43,36985.46,88713.08,52104.12,104208.23,17368.04,554702.23,1356275.2,326854.86,60862.93,0.0,https://eleos.org/docs/FIN_NGO_00191_FY2025-26.pdf,Verified
FIN_NGO_00191_FY2024-25,NGO_00191,FY2024-25,Audited Financial Statement,Public Repository,Clean,"M/s R. K. Sharma & Associates, Chartered Accountants",1518007.47,1065104.03,360137.79,92765.65,0.0,1518007.47,1377918.41,1181994.87,100062.06,20427.06,95661.43,0.0,0.0,-20227.01,440140.21,1214329.65,284423.46,140089.06,0.0,https://eleos.org/docs/FIN_NGO_00191_FY2024-25.pdf,Verified
FIN_NGO_00191_FY2023-24,NGO_00191,FY2023-24,Audited Financial Statement,NGO Website,Clean,"M/s K. Mehta & Co., Chartered Accountants",1344259.41,624702.07,209368.51,510188.83,0.0,1344259.41,1365551.52,1106237.48,135754.51,39083.29,118888.59,0.0,0.0,-34412.35,226325.02,1199693.88,212427.33,-21292.11,0.0,https://eleos.org/docs/FIN_NGO_00191_FY2023-24.pdf,Verified
FIN_NGO_00191_FY2022-23,NGO_00191,FY2022-23,Audited Financial Statement,NGO Website,Clean,"M/s Sen & Dasgupta, Chartered Accountants",1167601.19,817946.18,343374.0,6281.01,0.0,1167601.19,1189860.32,843859.01,147758.81,13709.64,75487.34,32713.65,65427.31,10904.56,536903.54,1352221.46,358941.52,-22259.13,0.0,https://eleos.org/docs/FIN_NGO_00191_FY2022-23.pdf,Verified
FIN_NGO_00191_FY2021-22,NGO_00191,FY2021-22,Audited Financial Statement,Public Repository,Qualified,"M/s R. K. Sharma & Associates, Chartered Accountants",1155898.94,584391.78,349547.6,221959.56,0.0,1155898.94,1110736.8,891782.85,62163.93,16367.56,85731.8,16407.2,32814.4,5469.06,712283.71,1395407.82,431312.8,45162.14,0.0,https://eleos.org/docs/FIN_NGO_00191_FY2021-22.pdf,Extracted
FIN_NGO_00192_FY2025-26,NGO_00192,FY2025-26,Audited Financial Statement,Public Repository,Clean,"M/s Gupta & Aggarwal, Chartered Accountants",41911830.17,20193384.63,7806494.03,13911951.51,0.0,41911830.17,38885429.82,28081417.99,3246561.69,1176968.1,2868470.6,1053603.43,2107206.87,351201.14,10880091.4,46448279.72,17727751.49,3026400.35,0.0,https://eleos.org/docs/FIN_NGO_00192_FY2025-26.pdf,Verified
FIN_NGO_00193_FY2025-26,NGO_00193,FY2025-26,Audited Financial Statement,Public Repository,Clean,"M/s K. Mehta & Co., Chartered Accountants",37519704.27,23722625.83,11115310.16,2681768.28,0.0,37519704.27,36966052.68,27687502.32,2387259.86,753457.12,1861813.7,1282805.9,2565611.81,427601.97,18210423.65,20103107.82,2899876.76,553651.59,0.0,https://eleos.org/docs/FIN_NGO_00193_FY2025-26.pdf,Verified
FIN_NGO_00193_FY2024-25,NGO_00193,FY2024-25,Audited Financial Statement,NGO Website,Clean,"M/s Sen & Dasgupta, Chartered Accountants",34821762.08,12824064.44,12211819.67,9785877.97,0.0,34821762.08,31651673.11,22951289.72,1611883.73,794136.62,2505614.78,1136624.48,2273248.96,378874.82,12316216.7,18728565.72,6563434.33,3170088.97,0.0,https://eleos.org/docs/FIN_NGO_00193_FY2024-25.pdf,Verified
FIN_NGO_00193_FY2023-24,NGO_00193,FY2023-24,Audited Financial Statement,Public Repository,Clean,"M/s K. Mehta & Co., Chartered Accountants",35429622.85,25450470.67,7534322.32,2444829.86,0.0,35429622.85,33317068.97,26803353.42,2739732.82,1523411.63,1583321.1,200175.0,400350.0,66725.0,13392623.81,20399793.28,2358939.62,2112553.88,0.0,https://eleos.org/docs/FIN_NGO_00193_FY2023-24.pdf,Verified
FIN_NGO_00193_FY2022-23,NGO_00193,FY2022-23,Audited Financial Statement,Public Repository,Clean,"M/s K. Mehta & Co., Chartered Accountants",32409908.16,23251160.37,7110310.02,2048437.77,0.0,32409908.16,32060662.02,24071439.32,3563482.04,1210510.2,1621689.02,478062.43,956124.87,159354.14,17271411.67,19516278.04,3982412.47,349246.14,0.0,https://eleos.org/docs/FIN_NGO_00193_FY2022-23.pdf,Verified
FIN_NGO_00195_FY2025-26,NGO_00195,FY2025-26,Audited Financial Statement,Public Repository,Unknown,"M/s Gupta & Aggarwal, Chartered Accountants",3034406.37,2131338.39,730974.14,172093.84,0.0,3034406.37,2763305.63,2183825.71,383540.36,104881.91,164424.97,0.0,0.0,-73367.32,1249996.88,4077556.66,1264916.39,271100.74,0.0,https://eleos.org/docs/FIN_NGO_00195_FY2025-26.pdf,Extracted
FIN_NGO_00195_FY2024-25,NGO_00195,FY2024-25,Audited Financial Statement,Public Repository,Clean,"M/s Sen & Dasgupta, Chartered Accountants",3428953.35,1419676.28,1370330.18,638946.89,0.0,3428953.35,3388274.22,2805505.84,237175.06,74334.01,268124.45,940.46,1880.91,313.49,1892527.65,4017880.29,1402776.82,40679.13,0.0,https://eleos.org/docs/FIN_NGO_00195_FY2024-25.pdf,Verified
FIN_NGO_00195_FY2023-24,NGO_00195,FY2023-24,Audited Financial Statement,Public Repository,Clean,"M/s Gupta & Aggarwal, Chartered Accountants",3220493.45,1348285.96,1681913.76,190293.73,0.0,3220493.45,2953413.09,2302284.91,228402.25,99011.65,291306.44,9722.35,19444.7,3240.79,1548944.91,4482176.55,479675.71,267080.36,0.0,https://eleos.org/docs/FIN_NGO_00195_FY2023-24.pdf,Verified
FIN_NGO_00196_FY2025-26,NGO_00196,FY2025-26,Audited Financial Statement,NGO Website,Clean,"M/s Deshmukh & Associates, Chartered Accountants",6199353.23,4104159.67,1805452.03,289741.53,1660475.31,4538877.92,5557761.18,4687311.48,583873.76,267079.07,427321.16,0.0,0.0,-407824.29,1508173.14,6832541.42,1089287.31,641592.05,0.0,https://eleos.org/docs/FIN_NGO_00196_FY2025-26.pdf,Verified
FIN_NGO_00196_FY2024-25,NGO_00196,FY2024-25,Audited Financial Statement,Public Repository,Clean,"M/s Sen & Dasgupta, Chartered Accountants",5703577.74,2145837.73,895765.63,2661974.38,1167383.79,4536193.95,5376985.98,4406318.03,398639.81,97463.13,245052.94,68853.62,137707.25,22951.2,2479151.12,7243358.3,1997624.47,326591.76,0.0,https://eleos.org/docs/FIN_NGO_00196_FY2024-25.pdf,Verified
FIN_NGO_00196_FY2023-24,NGO_00196,FY2023-24,Audited Financial Statement,Public Repository,Clean,"M/s Sen & Dasgupta, Chartered Accountants",5147300.97,2793167.59,1139316.49,1214816.89,1390979.24,3756321.73,5010841.76,4258953.63,636113.24,113946.93,282832.8,0.0,0.0,-281004.84,2026123.7,7408796.73,1300705.8,136459.21,0.0,https://eleos.org/docs/FIN_NGO_00196_FY2023-24.pdf,Verified
FIN_NGO_00196_FY2022-23,NGO_00196,FY2022-23,Audited Financial Statement,NGO Website,Clean,"M/s R. K. Sharma & Associates, Chartered Accountants",4267862.68,2553566.09,769573.5,944723.09,1675543.53,2592319.15,4281137.15,3087309.32,215794.37,155806.81,323591.85,149590.44,299180.89,49863.47,2573789.17,6585015.01,929992.27,-13274.47,0.0,https://eleos.org/docs/FIN_NGO_00196_FY2022-23.pdf,Verified
FIN_NGO_00196_FY2021-22,NGO_00196,FY2021-22,Audited Financial Statement,Public Repository,Clean,"M/s Gupta & Aggarwal, Chartered Accountants",3596126.94,2252733.65,1230885.01,112508.28,922002.79,2674124.15,3457547.08,2548914.46,257177.61,53878.82,287625.46,92985.22,185970.44,30995.07,700269.91,6478840.05,2283109.96,138579.86,0.0,https://eleos.org/docs/FIN_NGO_00196_FY2021-22.pdf,Verified
FIN_NGO_00197_FY2025-26,NGO_00197,FY2025-26,Audited Financial Statement,Public Repository,Clean,"M/s V. Raman & Co., Chartered Accountants",12572678.82,8197296.01,3213501.3,1161881.51,0.0,12572678.82,12396291.86,9216399.73,1507677.89,325147.3,1190410.61,46996.9,93993.8,15665.63,7988524.2,8561554.78,2275157.76,176386.96,0.0,https://eleos.org/docs/FIN_NGO_00197_FY2025-26.pdf,Verified
FIN_NGO_00197_FY2024-25,NGO_00197,FY2024-25,Audited Financial Statement,NGO Website,Clean,"M/s K. Mehta & Co., Chartered Accountants",13234037.8,5111724.77,7789455.45,332857.58,0.0,13234037.8,12708324.57,10455461.49,916416.97,273215.51,716897.15,103900.03,207800.07,34633.35,5680758.64,9151403.11,2577450.23,525713.23,0.0,https://eleos.org/docs/FIN_NGO_00197_FY2024-25.pdf,Verified
FIN_NGO_00198_FY2025-26,NGO_00198,FY2025-26,Audited Financial Statement,Public Repository,Clean,"M/s R. K. Sharma & Associates, Chartered Accountants",4724110.57,2554059.75,1322745.25,847305.57,0.0,4724110.57,4323227.75,3654621.36,228474.57,79275.59,395658.27,0.0,0.0,-34802.04,1280361.7,6509476.64,738831.26,400882.82,0.0,https://eleos.org/docs/FIN_NGO_00198_FY2025-26.pdf,Verified
FIN_NGO_00198_FY2024-25,NGO_00198,FY2024-25,Audited Financial Statement,NGO Website,Clean,"M/s Gupta & Aggarwal, Chartered Accountants",4678840.97,3244023.85,775188.85,659628.27,0.0,4678840.97,4523321.71,3524057.62,234215.58,198344.2,204420.49,108685.15,217370.29,36228.38,1955504.2,5936189.52,1835469.59,155519.26,0.0,https://eleos.org/docs/FIN_NGO_00198_FY2024-25.pdf,Verified
FIN_NGO_00199_FY2025-26,NGO_00199,FY2025-26,Audited Financial Statement,NGO Website,Clean,"M/s V. Raman & Co., Chartered Accountants",2753869.15,1489243.52,479205.06,785420.57,0.0,2753869.15,2581694.85,2067816.47,140681.68,92687.33,178972.7,30461.0,60922.0,10153.67,508417.35,1923429.39,483851.45,172174.3,0.0,https://eleos.org/docs/FIN_NGO_00199_FY2025-26.pdf,Verified
FIN_NGO_00199_FY2024-25,NGO_00199,FY2024-25,Audited Financial Statement,NGO Website,Clean,"M/s V. Raman & Co., Chartered Accountants",2711275.37,1378606.84,754096.18,578572.35,0.0,2711275.37,2719370.8,2114587.62,246438.91,120320.09,215128.1,6868.82,13737.65,2289.61,756538.77,2001621.0,480801.67,-8095.43,0.0,https://eleos.org/docs/FIN_NGO_00199_FY2024-25.pdf,Verified
FIN_NGO_00199_FY2023-24,NGO_00199,FY2023-24,Audited Financial Statement,NGO Website,Qualified,"M/s Iyer, Natarajan & Co., Chartered Accountants",2617702.69,1884344.17,699741.0,33617.52,0.0,2617702.69,2493951.87,2047002.61,207239.59,94172.3,144190.52,404.05,808.11,134.69,1392219.23,2137035.76,579940.24,123750.82,0.0,https://eleos.org/docs/FIN_NGO_00199_FY2023-24.pdf,Extracted
FIN_NGO_00200_FY2025-26,NGO_00200,FY2025-26,Audited Financial Statement,NGO Website,Clean,"M/s Sen & Dasgupta, Chartered Accountants",1340685.6,830100.99,376470.79,134113.82,0.0,1340685.6,1311646.23,1018586.95,84439.12,21191.92,61909.55,37655.61,75311.21,12551.87,830124.83,420925.27,139656.48,29039.37,0.0,https://eleos.org/docs/FIN_NGO_00200_FY2025-26.pdf,Verified
FIN_NGO_00200_FY2024-25,NGO_00200,FY2024-25,Audited Financial Statement,NGO Website,Qualified,"M/s R. K. Sharma & Associates, Chartered Accountants",1540704.15,542990.86,555295.3,442417.99,0.0,1540704.15,1389842.88,1152850.39,145887.83,46549.3,69904.84,0.0,0.0,-25349.48,351801.78,415013.48,108181.01,150861.27,0.0,https://eleos.org/docs/FIN_NGO_00200_FY2024-25.pdf,Extracted
