project_id,ngo_id,project_name,project_status,project_description,primary_sector,secondary_sectors,funder_name,location_states,location_districts,start_date,end_date,duration_months,beneficiaries_reported,villages_covered,milestones_reported,milestones_completed,outcomes_reported,partnerships_reported,source_url,source_type,verification_status
PRJ_NGO_00002_1,NGO_00002,Skill Development & Livelihood Initiative #1 (Kolkata),Ongoing,Community-based skill development & livelihood support project serving rural/urban clusters.,Skill Development & Livelihood,"[""Disaster Relief & Rehabilitation"", ""Rural Development""]",,"[""West Bengal""]","[""Kolkata""]",2024-11-01,,22,1829,6,5,1,,"[""District Administration"", ""Local Panchayat""]",https://eleos.org/projects/PRJ_NGO_00002_1,Annual Report,Self-reported
PRJ_NGO_00002_2,NGO_00002,Skill Development & Livelihood Initiative #2 (Kolkata),Completed,Community-based skill development & livelihood support project serving rural/urban clusters.,Skill Development & Livelihood,"[""Disaster Relief & Rehabilitation"", ""Rural Development""]",,"[""West Bengal""]","[""Kolkata""]",2023-09-01,2024-02-28,6,2855,17,3,2,Successfully completed primary community training and material deployment.,"[""District Administration"", ""Local Panchayat""]",https://eleos.org/projects/PRJ_NGO_00002_2,Annual Report,Self-reported
PRJ_NGO_00002_3,NGO_00002,Skill Development & Livelihood Initiative #3 (Kolkata),Completed,Community-based skill development & livelihood support project serving rural/urban clusters.,Skill Development & Livelihood,"[""Disaster Relief & Rehabilitation"", ""Rural Development""]",CSR India Grant,"[""West Bengal""]","[""Kolkata""]",2022-05-01,2023-05-26,13,2173,20,3,2,Successfully completed primary community training and material deployment.,"[""District Administration"", ""Local Panchayat""]",https://eleos.org/projects/PRJ_NGO_00002_3,Annual Report,Self-reported
PRJ_NGO_00002_4,NGO_00002,Skill Development & Livelihood Initiative #4 (Kolkata),Completed,Community-based skill development & livelihood support project serving rural/urban clusters.,Skill Development & Livelihood,"[""Disaster Relief & Rehabilitation"", ""Rural Development""]",District Development Fund,"[""West Bengal""]","[""Kolkata""]",2021-02-01,2022-12-23,23,1251,17,4,4,Successfully completed primary community training and material deployment.,"[""District Administration"", ""Local Panchayat""]",https://eleos.org/projects/PRJ_NGO_00002_4,Annual Report,Self-reported
PRJ_NGO_00002_5,NGO_00002,Skill Development & Livelihood Initiative #5 (Kolkata),Completed,Community-based skill development & livelihood support project serving rural/urban clusters.,Skill Development & Livelihood,"[""Disaster Relief & Rehabilitation"", ""Rural Development""]",District Development Fund,"[""West Bengal""]","[""Kolkata""]",2020-10-01,2022-04-24,19,4617,8,5,5,Successfully completed primary community training and material deployment.,"[""District Administration"", ""Local Panchayat""]",https://eleos.org/projects/PRJ_NGO_00002_5,Annual Report,Self-reported
PRJ_NGO_00002_6,NGO_00002,Skill Development & Livelihood Initiative #6 (Kolkata),Completed,Community-based skill development & livelihood support project serving rural/urban clusters.,Skill Development & Livelihood,"[""Disaster Relief & Rehabilitation"", ""Rural Development""]",State Grant,"[""West Bengal""]","[""Kolkata""]",2019-11-01,2021-03-25,17,4439,16,3,3,Successfully completed primary community training and material deployment.,[],https://eleos.org/projects/PRJ_NGO_00002_6,Annual Report,Self-reported
PRJ_NGO_00002_7,NGO_00002,Skill Development & Livelihood Initiative #7 (Kolkata),Completed,Community-based skill development & livelihood support project serving rural/urban clusters.,Skill Development & Livelihood,"[""Disaster Relief & Rehabilitation"", ""Rural Development""]",,"[""West Bengal""]","[""Kolkata""]",2019-06-01,2019-11-28,6,4737,9,4,2,Successfully completed primary community training and material deployment.,[],https://eleos.org/projects/PRJ_NGO_00002_7,Annual Report,Self-reported
PRJ_NGO_00003_1,NGO_00003,Water & Sanitation Initiative #1 (Coimbatore),Completed,Community-based water & sanitation support project serving rural/urban clusters.,Water & Sanitation,"[""Child Welfare"", ""Disaster Relief & Rehabilitation""]",CSR India Grant,"[""Tamil Nadu""]","[""Coimbatore""]",2024-09-01,2025-07-28,11,4360,4,4,2,Successfully completed primary community training and material deployment.,"[""District Administration"", ""Local Panchayat""]",https://eleos.org/projects/PRJ_NGO_00003_1,Annual Report,Self-reported
PRJ_NGO_00003_2,NGO_00003,Water & Sanitation Initiative #2 (Coimbatore),Completed,Community-based water & sanitation support project serving rural/urban clusters.,Water & Sanitation,"[""Child Welfare"", ""Disaster Relief & Rehabilitation""]",State Grant,"[""Tamil Nadu""]","[""Coimbatore""]",2023-11-01,2024-11-25,13,1182,20,4,6,Successfully completed primary community training and material deployment.,"[""District Administration"", ""Local Panchayat""]",https://eleos.org/projects/PRJ_NGO_00003_2,Annual Report,Self-reported
PRJ_NGO_00003_3,NGO_00003,Water & Sanitation Initiative #3 (Coimbatore),Completed,Community-based water & sanitation support project serving rural/urban clusters.,Water & Sanitation,"[""Child Welfare"", ""Disaster Relief & Rehabilitation""]",State Grant,"[""Tamil Nadu""]","[""Coimbatore""]",2022-10-01,2023-05-29,8,4981,20,5,4,Successfully completed primary community training and material deployment.,[],https://eleos.org/projects/PRJ_NGO_00003_3,Annual Report,Self-reported
PRJ_NGO_00003_4,NGO_00003,Water & Sanitation Initiative #4 (Coimbatore),Completed,Community-based water & sanitation support project serving rural/urban clusters.,Water & Sanitation,"[""Child Welfare"", ""Disaster Relief & Rehabilitation""]",District Development Fund,"[""Tamil Nadu""]","[""Coimbatore""]",2021-12-01,2023-03-26,16,2375,14,4,4,Successfully completed primary community training and material deployment.,"[""District Administration"", ""Local Panchayat""]",https://eleos.org/projects/PRJ_NGO_00003_4,Annual Report,Self-reported
PRJ_NGO_00003_5,NGO_00003,Water & Sanitation Initiative #5 (Coimbatore),Completed,Community-based water & sanitation support project serving rural/urban clusters.,Water & Sanitation,"[""Child Welfare"", ""Disaster Relief & Rehabilitation""]",State Grant,"[""Tamil Nadu""]","[""Coimbatore""]",2020-02-01,2020-07-30,6,4812,5,3,6,Successfully completed primary community training and material deployment.,[],https://eleos.org/projects/PRJ_NGO_00003_5,Annual Report,Self-reported
PRJ_NGO_00003_6,NGO_00003,Water & Sanitation Initiative #6 (Coimbatore),Completed,Community-based water & sanitation support project serving rural/urban clusters.,Water & Sanitation,"[""Child Welfare"", ""Disaster Relief & Rehabilitation""]",Public Donations,"[""Tamil Nadu""]","[""Coimbatore""]",2019-05-01,2020-02-25,10,763,9,5,4,Successfully completed primary community training and material deployment.,[],https://eleos.org/projects/PRJ_NGO_00003_6,Annual Report,Self-reported
PRJ_NGO_00005_1,NGO_00005,Women Empowerment Initiative #1 (Bengaluru Urban),Completed,Community-based women empowerment support project serving rural/urban clusters.,Women Empowerment,"[""Nutrition & Food Security""]",Public Donations,"[""Karnataka""]","[""Bengaluru Urban""]",2024-12-01,2025-11-26,12,3733,4,5,6,Successfully completed primary community training and material deployment.,[],https://eleos.org/projects/PRJ_NGO_00005_1,Annual Report,Self-reported
PRJ_NGO_00005_2,NGO_00005,Women Empowerment Initiative #2 (Bengaluru Urban),Completed,Community-based women empowerment support project serving rural/urban clusters.,Women Empowerment,"[""Nutrition & Food Security""]",,"[""Karnataka""]","[""Bengaluru Urban""]",2023-02-01,2024-04-26,15,2733,15,5,5,Successfully completed primary community training and material deployment.,"[""District Administration"", ""Local Panchayat""]",https://eleos.org/projects/PRJ_NGO_00005_2,Annual Report,Self-reported
PRJ_NGO_00005_3,NGO_00005,Women Empowerment Initiative #3 (Bengaluru Urban),Completed,Community-based women empowerment support project serving rural/urban clusters.,Women Empowerment,"[""Nutrition & Food Security""]",District Development Fund,"[""Karnataka""]","[""Bengaluru Urban""]",2023-09-01,2024-06-27,10,3644,14,4,6,Successfully completed primary community training and material deployment.,"[""District Administration"", ""Local Panchayat""]",https://eleos.org/projects/PRJ_NGO_00005_3,Annual Report,Self-reported
PRJ_NGO_00006_1,NGO_00006,Nutrition & Food Security Initiative #1 (Howrah),Ongoing,Community-based nutrition & food security support project serving rural/urban clusters.,Nutrition & Food Security,"[""Healthcare & Medical""]",,"[""West Bengal""]","[""Howrah""]",2024-07-01,,18,360,20,6,2,,[],https://eleos.org/projects/PRJ_NGO_00006_1,Annual Report,Self-reported
PRJ_NGO_00006_2,NGO_00006,Nutrition & Food Security Initiative #2 (Howrah),Completed,Community-based nutrition & food security support project serving rural/urban clusters.,Nutrition & Food Security,"[""Healthcare & Medical""]",State Grant,"[""West Bengal""]","[""Howrah""]",2023-06-01,2024-08-24,15,3632,19,4,5,Successfully completed primary community training and material deployment.,[],https://eleos.org/projects/PRJ_NGO_00006_2,Annual Report,Self-reported
PRJ_NGO_00006_3,NGO_00006,Nutrition & Food Security Initiative #3 (Howrah),Completed,Community-based nutrition & food security support project serving rural/urban clusters.,Nutrition & Food Security,"[""Healthcare & Medical""]",CSR India Grant,"[""West Bengal""]","[""Howrah""]",2022-07-01,2024-03-22,21,3385,12,6,3,Successfully completed primary community training and material deployment.,"[""District Administration"", ""Local Panchayat""]",https://eleos.org/projects/PRJ_NGO_00006_3,Annual Report,Self-reported
PRJ_NGO_00006_4,NGO_00006,Nutrition & Food Security Initiative #4 (Howrah),Completed,Community-based nutrition & food security support project serving rural/urban clusters.,Nutrition & Food Security,"[""Healthcare & Medical""]",CSR India Grant,"[""West Bengal""]","[""Howrah""]",2021-03-01,2023-01-20,23,3427,20,3,2,Successfully completed primary community training and material deployment.,"[""District Administration"", ""Local Panchayat""]",https://eleos.org/projects/PRJ_NGO_00006_4,Annual Report,Self-reported
PRJ_NGO_00006_5,NGO_00006,Nutrition & Food Security Initiative #5 (Howrah),Completed,Community-based nutrition & food security support project serving rural/urban clusters.,Nutrition & Food Security,"[""Healthcare & Medical""]",District Development Fund,"[""West Bengal""]","[""Howrah""]",2020-03-01,2021-10-22,20,611,10,6,4,Successfully completed primary community training and material deployment.,[],https://eleos.org/projects/PRJ_NGO_00006_5,Annual Report,Self-reported
PRJ_NGO_00007_1,NGO_00007,Education Initiative #1 (Kozhikode),Ongoing,Community-based education support project serving rural/urban clusters.,Education,[],District Development Fund,"[""Kerala""]","[""Kozhikode""]",2024-06-01,,20,3767,7,5,3,,"[""District Administration"", ""Local Panchayat""]",https://eleos.org/projects/PRJ_NGO_00007_1,Annual Report,Self-reported
PRJ_NGO_00007_2,NGO_00007,Education Initiative #2 (Kozhikode),Completed,Community-based education support project serving rural/urban clusters.,Education,[],State Grant,"[""Kerala""]","[""Kozhikode""]",2024-09-01,2026-05-24,21,3768,20,5,4,Successfully completed primary community training and material deployment.,"[""District Administration"", ""Local Panchayat""]",https://eleos.org/projects/PRJ_NGO_00007_2,Annual Report,Self-reported
PRJ_NGO_00008_1,NGO_00008,Environment & Forests Initiative #1 (North Delhi),Completed,Community-based environment & forests support project serving rural/urban clusters.,Environment & Forests,[],CSR India Grant,"[""Delhi""]","[""North Delhi""]",2024-08-01,2025-04-28,9,4902,11,6,5,Successfully completed primary community training and material deployment.,"[""District Administration"", ""Local Panchayat""]",https://eleos.org/projects/PRJ_NGO_00008_1,Annual Report,Self-reported
PRJ_NGO_00008_2,NGO_00008,Environment & Forests Initiative #2 (North Delhi),Completed,Community-based environment & forests support project serving rural/urban clusters.,Environment & Forests,[],Public Donations,"[""Delhi""]","[""North Delhi""]",2024-03-01,2024-09-27,7,4113,5,3,5,Successfully completed primary community training and material deployment.,"[""District Administration"", ""Local Panchayat""]",https://eleos.org/projects/PRJ_NGO_00008_2,Annual Report,Self-reported
PRJ_NGO_00008_3,NGO_00008,Environment & Forests Initiative #3 (North Delhi),Completed,Community-based environment & forests support project serving rural/urban clusters.,Environment & Forests,[],District Development Fund,"[""Delhi""]","[""North Delhi""]",2024-10-01,2025-04-29,7,1422,20,5,2,Successfully completed primary community training and material deployment.,"[""District Administration"", ""Local Panchayat""]",https://eleos.org/projects/PRJ_NGO_00008_3,Annual Report,Self-reported
PRJ_NGO_00009_1,NGO_00009,Disaster Relief & Rehabilitation Initiative #1 (Rajkot),Completed,Community-based disaster relief & rehabilitation support project serving rural/urban clusters.,Disaster Relief & Rehabilitation,[],Public Donations,"[""Gujarat""]","[""Rajkot""]",2024-11-01,2026-06-24,20,1686,20,6,5,Successfully completed primary community training and material deployment.,"[""District Administration"", ""Local Panchayat""]",https://eleos.org/projects/PRJ_NGO_00009_1,Annual Report,Self-reported
PRJ_NGO_00009_2,NGO_00009,Disaster Relief & Rehabilitation Initiative #2 (Rajkot),Completed,Community-based disaster relief & rehabilitation support project serving rural/urban clusters.,Disaster Relief & Rehabilitation,[],State Grant,"[""Gujarat""]","[""Rajkot""]",2023-08-01,2024-12-23,17,2930,12,3,3,Successfully completed primary community training and material deployment.,[],https://eleos.org/projects/PRJ_NGO_00009_2,Annual Report,Self-reported
PRJ_NGO_00009_3,NGO_00009,Disaster Relief & Rehabilitation Initiative #3 (Rajkot),Completed,Community-based disaster relief & rehabilitation support project serving rural/urban clusters.,Disaster Relief & Rehabilitation,[],Public Donations,"[""Gujarat""]","[""Rajkot""]",2022-12-01,2024-08-22,21,3480,19,3,5,Successfully completed primary community training and material deployment.,[],https://eleos.org/projects/PRJ_NGO_00009_3,Annual Report,Self-reported
PRJ_NGO_00010_1,NGO_00010,Child Welfare Initiative #1 (Ahmedabad),Completed,Community-based child welfare support project serving rural/urban clusters.,Child Welfare,"[""Education""]",State Grant,"[""Gujarat""]","[""Ahmedabad""]",2025-04-01,2027-03-22,24,2113,15,3,4,Successfully completed primary community training and material deployment.,"[""District Administration"", ""Local Panchayat""]",https://eleos.org/projects/PRJ_NGO_00010_1,Annual Report,Self-reported
PRJ_NGO_00011_1,NGO_00011,Nutrition & Food Security Initiative #1 (Jaipur),Completed,Community-based nutrition & food security support project serving rural/urban clusters.,Nutrition & Food Security,[],State Grant,"[""Rajasthan""]","[""Jaipur""]",2024-10-01,2025-12-25,15,2248,16,5,3,Successfully completed primary community training and material deployment.,"[""District Administration"", ""Local Panchayat""]",https://eleos.org/projects/PRJ_NGO_00011_1,Annual Report,Self-reported
PRJ_NGO_00011_2,NGO_00011,Nutrition & Food Security Initiative #2 (Jaipur),Completed,Community-based nutrition & food security support project serving rural/urban clusters.,Nutrition & Food Security,[],District Development Fund,"[""Rajasthan""]","[""Jaipur""]",2023-08-01,2024-04-27,9,3324,20,5,6,Successfully completed primary community training and material deployment.,[],https://eleos.org/projects/PRJ_NGO_00011_2,Annual Report,Self-reported
PRJ_NGO_00011_3,NGO_00011,Nutrition & Food Security Initiative #3 (Jaipur),Completed,Community-based nutrition & food security support project serving rural/urban clusters.,Nutrition & Food Security,[],CSR India Grant,"[""Rajasthan""]","[""Jaipur""]",2022-12-01,2024-02-24,15,3442,10,3,6,Successfully completed primary community training and material deployment.,"[""District Administration"", ""Local Panchayat""]",https://eleos.org/projects/PRJ_NGO_00011_3,Annual Report,Self-reported
PRJ_NGO_00011_4,NGO_00011,Nutrition & Food Security Initiative #4 (Jaipur),Completed,Community-based nutrition & food security support project serving rural/urban clusters.,Nutrition & Food Security,[],,"[""Rajasthan""]","[""Jaipur""]",2021-12-01,2022-06-29,7,4269,11,4,6,Successfully completed primary community training and material deployment.,"[""District Administration"", ""Local Panchayat""]",https://eleos.org/projects/PRJ_NGO_00011_4,Annual Report,Self-reported
PRJ_NGO_00011_5,NGO_00011,Nutrition & Food Security Initiative #5 (Jaipur),Completed,Community-based nutrition & food security support project serving rural/urban clusters.,Nutrition & Food Security,[],,"[""Rajasthan""]","[""Jaipur""]",2020-04-01,2021-03-27,12,2253,6,3,2,Successfully completed primary community training and material deployment.,[],https://eleos.org/projects/PRJ_NGO_00011_5,Annual Report,Self-reported
PRJ_NGO_00012_1,NGO_00012,Environment & Forests Initiative #1 (Bengaluru Urban),Ongoing,Community-based environment & forests support project serving rural/urban clusters.,Environment & Forests,"[""Nutrition & Food Security""]",CSR India Grant,"[""Karnataka""]","[""Bengaluru Urban""]",2024-02-01,,20,1937,2,3,2,,[],https://eleos.org/projects/PRJ_NGO_00012_1,Annual Report,Self-reported
PRJ_NGO_00012_2,NGO_00012,Environment & Forests Initiative #2 (Bengaluru Urban),Completed,Community-based environment & forests support project serving rural/urban clusters.,Environment & Forests,"[""Nutrition & Food Security""]",District Development Fund,"[""Karnataka""]","[""Bengaluru Urban""]",2023-03-01,2025-02-18,24,762,19,4,6,Successfully completed primary community training and material deployment.,[],https://eleos.org/projects/PRJ_NGO_00012_2,Annual Report,Self-reported
PRJ_NGO_00012_3,NGO_00012,Environment & Forests Initiative #3 (Bengaluru Urban),Completed,Community-based environment & forests support project serving rural/urban clusters.,Environment & Forests,"[""Nutrition & Food Security""]",District Development Fund,"[""Karnataka""]","[""Bengaluru Urban""]",2022-04-01,2023-07-25,16,223,10,4,3,Successfully completed primary community training and material deployment.,"[""District Administration"", ""Local Panchayat""]",https://eleos.org/projects/PRJ_NGO_00012_3,Annual Report,Self-reported
PRJ_NGO_00012_4,NGO_00012,Environment & Forests Initiative #4 (Bengaluru Urban),Completed,Community-based environment & forests support project serving rural/urban clusters.,Environment & Forests,"[""Nutrition & Food Security""]",CSR India Grant,"[""Karnataka""]","[""Bengaluru Urban""]",2021-03-01,2021-11-26,9,1279,2,5,3,Successfully completed primary community training and material deployment.,"[""District Administration"", ""Local Panchayat""]",https://eleos.org/projects/PRJ_NGO_00012_4,Annual Report,Self-reported
PRJ_NGO_00012_5,NGO_00012,Environment & Forests Initiative #5 (Bengaluru Urban),Completed,Community-based environment & forests support project serving rural/urban clusters.,Environment & Forests,"[""Nutrition & Food Security""]",Public Donations,"[""Karnataka""]","[""Bengaluru Urban""]",2021-01-01,2021-11-27,11,629,6,6,6,Successfully completed primary community training and material deployment.,[],https://eleos.org/projects/PRJ_NGO_00012_5,Annual Report,Self-reported
PRJ_NGO_00013_1,NGO_00013,Education Initiative #1 (Ahmedabad),Ongoing,Community-based education support project serving rural/urban clusters.,Education,[],District Development Fund,"[""Gujarat""]","[""Ahmedabad""]",2025-01-01,,10,607,4,5,2,,"[""District Administration"", ""Local Panchayat""]",https://eleos.org/projects/PRJ_NGO_00013_1,Annual Report,Self-reported
PRJ_NGO_00013_2,NGO_00013,Education Initiative #2 (Ahmedabad),Completed,Community-based education support project serving rural/urban clusters.,Education,[],State Grant,"[""Gujarat""]","[""Ahmedabad""]",2024-08-01,2026-03-24,20,2437,8,3,4,Successfully completed primary community training and material deployment.,"[""District Administration"", ""Local Panchayat""]",https://eleos.org/projects/PRJ_NGO_00013_2,Annual Report,Self-reported
PRJ_NGO_00013_3,NGO_00013,Education Initiative #3 (Ahmedabad),Completed,Community-based education support project serving rural/urban clusters.,Education,[],State Grant,"[""Gujarat""]","[""Ahmedabad""]",2023-05-01,2025-04-20,24,4516,11,3,3,Successfully completed primary community training and material deployment.,[],https://eleos.org/projects/PRJ_NGO_00013_3,Annual Report,Self-reported
PRJ_NGO_00013_4,NGO_00013,Education Initiative #4 (Ahmedabad),Completed,Community-based education support project serving rural/urban clusters.,Education,[],CSR India Grant,"[""Gujarat""]","[""Ahmedabad""]",2022-10-01,2023-04-29,7,1874,11,4,3,Successfully completed primary community training and material deployment.,"[""District Administration"", ""Local Panchayat""]",https://eleos.org/projects/PRJ_NGO_00013_4,Annual Report,Self-reported
PRJ_NGO_00013_5,NGO_00013,Education Initiative #5 (Ahmedabad),Completed,Community-based education support project serving rural/urban clusters.,Education,[],CSR India Grant,"[""Gujarat""]","[""Ahmedabad""]",2021-05-01,2022-08-24,16,263,17,6,3,Successfully completed primary community training and material deployment.,[],https://eleos.org/projects/PRJ_NGO_00013_5,Annual Report,Self-reported
PRJ_NGO_00013_6,NGO_00013,Education Initiative #6 (Ahmedabad),Completed,Community-based education support project serving rural/urban clusters.,Education,[],,"[""Gujarat""]","[""Ahmedabad""]",2020-09-01,2021-09-26,13,4777,13,3,5,Successfully completed primary community training and material deployment.,"[""District Administration"", ""Local Panchayat""]",https://eleos.org/projects/PRJ_NGO_00013_6,Annual Report,Self-reported
PRJ_NGO_00014_1,NGO_00014,Water & Sanitation Initiative #1 (Nagpur),Completed,Community-based water & sanitation support project serving rural/urban clusters.,Water & Sanitation,"[""Child Welfare"", ""Rural Development""]",,"[""Maharashtra""]","[""Nagpur""]",2024-07-01,2026-02-21,20,4740,3,6,6,Successfully completed primary community training and material deployment.,"[""District Administration"", ""Local Panchayat""]",https://eleos.org/projects/PRJ_NGO_00014_1,Annual Report,Self-reported
PRJ_NGO_00014_2,NGO_00014,Water & Sanitation Initiative #2 (Nagpur),Completed,Community-based water & sanitation support project serving rural/urban clusters.,Water & Sanitation,"[""Child Welfare"", ""Rural Development""]",,"[""Maharashtra""]","[""Nagpur""]",2023-06-01,2025-02-20,21,1435,3,6,2,Successfully completed primary community training and material deployment.,"[""District Administration"", ""Local Panchayat""]",https://eleos.org/projects/PRJ_NGO_00014_2,Annual Report,Self-reported
PRJ_NGO_00014_3,NGO_00014,Water & Sanitation Initiative #3 (Nagpur),Completed,Community-based water & sanitation support project serving rural/urban clusters.,Water & Sanitation,"[""Child Welfare"", ""Rural Development""]",,"[""Maharashtra""]","[""Nagpur""]",2022-06-01,2023-01-27,8,1613,3,4,5,Successfully completed primary community training and material deployment.,"[""District Administration"", ""Local Panchayat""]",https://eleos.org/projects/PRJ_NGO_00014_3,Annual Report,Self-reported
PRJ_NGO_00014_4,NGO_00014,Water & Sanitation Initiative #4 (Nagpur),Completed,Community-based water & sanitation support project serving rural/urban clusters.,Water & Sanitation,"[""Child Welfare"", ""Rural Development""]",,"[""Maharashtra""]","[""Nagpur""]",2022-09-01,2024-06-22,22,1500,13,5,4,Successfully completed primary community training and material deployment.,[],https://eleos.org/projects/PRJ_NGO_00014_4,Annual Report,Self-reported
PRJ_NGO_00014_5,NGO_00014,Water & Sanitation Initiative #5 (Nagpur),Completed,Community-based water & sanitation support project serving rural/urban clusters.,Water & Sanitation,"[""Child Welfare"", ""Rural Development""]",Public Donations,"[""Maharashtra""]","[""Nagpur""]",2022-06-01,2022-12-28,7,739,12,3,6,Successfully completed primary community training and material deployment.,"[""District Administration"", ""Local Panchayat""]",https://eleos.org/projects/PRJ_NGO_00014_5,Annual Report,Self-reported
PRJ_NGO_00014_6,NGO_00014,Water & Sanitation Initiative #6 (Nagpur),Completed,Community-based water & sanitation support project serving rural/urban clusters.,Water & Sanitation,"[""Child Welfare"", ""Rural Development""]",,"[""Maharashtra""]","[""Nagpur""]",2022-05-01,2023-06-25,14,1431,12,3,6,Successfully completed primary community training and material deployment.,"[""District Administration"", ""Local Panchayat""]",https://eleos.org/projects/PRJ_NGO_00014_6,Annual Report,Self-reported
PRJ_NGO_00015_1,NGO_00015,Healthcare & Medical Initiative #1 (Khordha),Ongoing,Community-based healthcare & medical support project serving rural/urban clusters.,Healthcare & Medical,"[""Women Empowerment"", ""Rural Development""]",,"[""Odisha""]","[""Khordha""]",2024-04-01,,19,3944,4,3,2,,"[""District Administration"", ""Local Panchayat""]",https://eleos.org/projects/PRJ_NGO_00015_1,Annual Report,Self-reported
PRJ_NGO_00015_2,NGO_00015,Healthcare & Medical Initiative #2 (Khordha),Completed,Community-based healthcare & medical support project serving rural/urban clusters.,Healthcare & Medical,"[""Women Empowerment"", ""Rural Development""]",,"[""Odisha""]","[""Khordha""]",2023-01-01,2024-10-22,22,2181,6,5,5,Successfully completed primary community training and material deployment.,[],https://eleos.org/projects/PRJ_NGO_00015_2,Annual Report,Self-reported
PRJ_NGO_00015_3,NGO_00015,Healthcare & Medical Initiative #3 (Khordha),Completed,Community-based healthcare & medical support project serving rural/urban clusters.,Healthcare & Medical,"[""Women Empowerment"", ""Rural Development""]",,"[""Odisha""]","[""Khordha""]",2022-06-01,2023-06-26,13,3612,7,3,6,Successfully completed primary community training and material deployment.,"[""District Administration"", ""Local Panchayat""]",https://eleos.org/projects/PRJ_NGO_00015_3,Annual Report,Self-reported
PRJ_NGO_00015_4,NGO_00015,Healthcare & Medical Initiative #4 (Khordha),Completed,Community-based healthcare & medical support project serving rural/urban clusters.,Healthcare & Medical,"[""Women Empowerment"", ""Rural Development""]",,"[""Odisha""]","[""Khordha""]",2021-02-01,2022-11-23,22,4356,18,3,5,Successfully completed primary community training and material deployment.,"[""District Administration"", ""Local Panchayat""]",https://eleos.org/projects/PRJ_NGO_00015_4,Annual Report,Self-reported
PRJ_NGO_00016_1,NGO_00016,Skill Development & Livelihood Initiative #1 (Coimbatore),Completed,Community-based skill development & livelihood support project serving rural/urban clusters.,Skill Development & Livelihood,[],CSR India Grant,"[""Tamil Nadu""]","[""Coimbatore""]",2024-07-01,2025-08-25,14,814,14,5,6,Successfully completed primary community training and material deployment.,"[""District Administration"", ""Local Panchayat""]",https://eleos.org/projects/PRJ_NGO_00016_1,Annual Report,Self-reported
PRJ_NGO_00016_2,NGO_00016,Skill Development & Livelihood Initiative #2 (Coimbatore),Completed,Community-based skill development & livelihood support project serving rural/urban clusters.,Skill Development & Livelihood,[],CSR India Grant,"[""Tamil Nadu""]","[""Coimbatore""]",2023-11-01,2024-09-26,11,1369,16,3,3,Successfully completed primary community training and material deployment.,[],https://eleos.org/projects/PRJ_NGO_00016_2,Annual Report,Self-reported
PRJ_NGO_00016_3,NGO_00016,Skill Development & Livelihood Initiative #3 (Coimbatore),Completed,Community-based skill development & livelihood support project serving rural/urban clusters.,Skill Development & Livelihood,[],Public Donations,"[""Tamil Nadu""]","[""Coimbatore""]",2022-11-01,2024-03-25,17,3336,20,3,6,Successfully completed primary community training and material deployment.,[],https://eleos.org/projects/PRJ_NGO_00016_3,Annual Report,Self-reported
PRJ_NGO_00016_4,NGO_00016,Skill Development & Livelihood Initiative #4 (Coimbatore),Completed,Community-based skill development & livelihood support project serving rural/urban clusters.,Skill Development & Livelihood,[],Public Donations,"[""Tamil Nadu""]","[""Coimbatore""]",2021-08-01,2022-12-24,17,3836,4,4,6,Successfully completed primary community training and material deployment.,[],https://eleos.org/projects/PRJ_NGO_00016_4,Annual Report,Self-reported
PRJ_NGO_00017_1,NGO_00017,Environment & Forests Initiative #1 (Salem),Completed,Community-based environment & forests support project serving rural/urban clusters.,Environment & Forests,"[""Child Welfare"", ""Disaster Relief & Rehabilitation""]",Public Donations,"[""Tamil Nadu""]","[""Salem""]",2024-02-01,2024-11-27,10,807,16,6,6,Successfully completed primary community training and material deployment.,[],https://eleos.org/projects/PRJ_NGO_00017_1,Annual Report,Self-reported
PRJ_NGO_00017_2,NGO_00017,Environment & Forests Initiative #2 (Salem),Completed,Community-based environment & forests support project serving rural/urban clusters.,Environment & Forests,"[""Child Welfare"", ""Disaster Relief & Rehabilitation""]",District Development Fund,"[""Tamil Nadu""]","[""Salem""]",2023-09-01,2025-08-21,24,1257,15,3,2,Successfully completed primary community training and material deployment.,"[""District Administration"", ""Local Panchayat""]",https://eleos.org/projects/PRJ_NGO_00017_2,Annual Report,Self-reported
PRJ_NGO_00018_1,NGO_00018,Water & Sanitation Initiative #1 (South Delhi),Completed,Community-based water & sanitation support project serving rural/urban clusters.,Water & Sanitation,"[""Skill Development & Livelihood""]",State Grant,"[""Delhi""]","[""South Delhi""]",2024-09-01,2026-04-24,20,2727,17,3,2,Successfully completed primary community training and material deployment.,"[""District Administration"", ""Local Panchayat""]",https://eleos.org/projects/PRJ_NGO_00018_1,Annual Report,Self-reported
PRJ_NGO_00018_2,NGO_00018,Water & Sanitation Initiative #2 (South Delhi),Completed,Community-based water & sanitation support project serving rural/urban clusters.,Water & Sanitation,"[""Skill Development & Livelihood""]",District Development Fund,"[""Delhi""]","[""South Delhi""]",2023-09-01,2025-04-23,20,1962,20,5,2,Successfully completed primary community training and material deployment.,[],https://eleos.org/projects/PRJ_NGO_00018_2,Annual Report,Self-reported
PRJ_NGO_00018_3,NGO_00018,Water & Sanitation Initiative #3 (South Delhi),Completed,Community-based water & sanitation support project serving rural/urban clusters.,Water & Sanitation,"[""Skill Development & Livelihood""]",Public Donations,"[""Delhi""]","[""South Delhi""]",2022-08-01,2024-04-22,21,4596,2,3,5,Successfully completed primary community training and material deployment.,[],https://eleos.org/projects/PRJ_NGO_00018_3,Annual Report,Self-reported
PRJ_NGO_00019_1,NGO_00019,Environment & Forests Initiative #1 (Madurai),Completed,Community-based environment & forests support project serving rural/urban clusters.,Environment & Forests,"[""Healthcare & Medical""]",District Development Fund,"[""Tamil Nadu""]","[""Madurai""]",2024-12-01,2025-06-29,7,4449,8,5,5,Successfully completed primary community training and material deployment.,"[""District Administration"", ""Local Panchayat""]",https://eleos.org/projects/PRJ_NGO_00019_1,Annual Report,Self-reported
PRJ_NGO_00019_2,NGO_00019,Environment & Forests Initiative #2 (Madurai),Completed,Community-based environment & forests support project serving rural/urban clusters.,Environment & Forests,"[""Healthcare & Medical""]",State Grant,"[""Tamil Nadu""]","[""Madurai""]",2023-06-01,2024-04-26,11,4567,12,5,4,Successfully completed primary community training and material deployment.,"[""District Administration"", ""Local Panchayat""]",https://eleos.org/projects/PRJ_NGO_00019_2,Annual Report,Self-reported
PRJ_NGO_00019_3,NGO_00019,Environment & Forests Initiative #3 (Madurai),Completed,Community-based environment & forests support project serving rural/urban clusters.,Environment & Forests,"[""Healthcare & Medical""]",Public Donations,"[""Tamil Nadu""]","[""Madurai""]",2022-04-01,2023-04-26,13,4771,11,4,4,Successfully completed primary community training and material deployment.,"[""District Administration"", ""Local Panchayat""]",https://eleos.org/projects/PRJ_NGO_00019_3,Annual Report,Self-reported
PRJ_NGO_00019_4,NGO_00019,Environment & Forests Initiative #4 (Madurai),Completed,Community-based environment & forests support project serving rural/urban clusters.,Environment & Forests,"[""Healthcare & Medical""]",State Grant,"[""Tamil Nadu""]","[""Madurai""]",2021-12-01,2022-11-26,12,2797,17,5,6,Successfully completed primary community training and material deployment.,"[""District Administration"", ""Local Panchayat""]",https://eleos.org/projects/PRJ_NGO_00019_4,Annual Report,Self-reported
PRJ_NGO_00019_5,NGO_00019,Environment & Forests Initiative #5 (Madurai),Completed,Community-based environment & forests support project serving rural/urban clusters.,Environment & Forests,"[""Healthcare & Medical""]",Public Donations,"[""Tamil Nadu""]","[""Madurai""]",2020-12-01,2022-01-25,14,1198,20,6,5,Successfully completed primary community training and material deployment.,"[""District Administration"", ""Local Panchayat""]",https://eleos.org/projects/PRJ_NGO_00019_5,Annual Report,Self-reported
PRJ_NGO_00020_1,NGO_00020,Nutrition & Food Security Initiative #1 (Kolkata),Completed,Community-based nutrition & food security support project serving rural/urban clusters.,Nutrition & Food Security,"[""Healthcare & Medical""]",CSR India Grant,"[""West Bengal""]","[""Kolkata""]",2024-12-01,2025-10-27,11,2961,11,4,3,Successfully completed primary community training and material deployment.,"[""District Administration"", ""Local Panchayat""]",https://eleos.org/projects/PRJ_NGO_00020_1,Annual Report,Self-reported
PRJ_NGO_00020_2,NGO_00020,Nutrition & Food Security Initiative #2 (Kolkata),Completed,Community-based nutrition & food security support project serving rural/urban clusters.,Nutrition & Food Security,"[""Healthcare & Medical""]",State Grant,"[""West Bengal""]","[""Kolkata""]",2023-11-01,2025-04-24,18,4421,12,3,5,Successfully completed primary community training and material deployment.,"[""District Administration"", ""Local Panchayat""]",https://eleos.org/projects/PRJ_NGO_00020_2,Annual Report,Self-reported
PRJ_NGO_00020_3,NGO_00020,Nutrition & Food Security Initiative #3 (Kolkata),Completed,Community-based nutrition & food security support project serving rural/urban clusters.,Nutrition & Food Security,"[""Healthcare & Medical""]",State Grant,"[""West Bengal""]","[""Kolkata""]",2022-03-01,2022-12-26,10,2850,9,3,4,Successfully completed primary community training and material deployment.,[],https://eleos.org/projects/PRJ_NGO_00020_3,Annual Report,Self-reported
PRJ_NGO_00020_4,NGO_00020,Nutrition & Food Security Initiative #4 (Kolkata),Completed,Community-based nutrition & food security support project serving rural/urban clusters.,Nutrition & Food Security,"[""Healthcare & Medical""]",Public Donations,"[""West Bengal""]","[""Kolkata""]",2021-08-01,2022-09-25,14,2673,20,3,4,Successfully completed primary community training and material deployment.,"[""District Administration"", ""Local Panchayat""]",https://eleos.org/projects/PRJ_NGO_00020_4,Annual Report,Self-reported
PRJ_NGO_00020_5,NGO_00020,Nutrition & Food Security Initiative #5 (Kolkata),Completed,Community-based nutrition & food security support project serving rural/urban clusters.,Nutrition & Food Security,"[""Healthcare & Medical""]",CSR India Grant,"[""West Bengal""]","[""Kolkata""]",2021-12-01,2022-12-26,13,1168,16,5,3,Successfully completed primary community training and material deployment.,"[""District Administration"", ""Local Panchayat""]",https://eleos.org/projects/PRJ_NGO_00020_5,Annual Report,Self-reported
PRJ_NGO_00021_1,NGO_00021,Skill Development & Livelihood Initiative #1 (Prayagraj),Completed,Community-based skill development & livelihood support project serving rural/urban clusters.,Skill Development & Livelihood,"[""Child Welfare""]",Public Donations,"[""Uttar Pradesh""]","[""Prayagraj""]",2024-09-01,2025-06-28,10,1171,7,6,6,Successfully completed primary community training and material deployment.,[],https://eleos.org/projects/PRJ_NGO_00021_1,Annual Report,Self-reported
PRJ_NGO_00021_2,NGO_00021,Skill Development & Livelihood Initiative #2 (Prayagraj),Completed,Community-based skill development & livelihood support project serving rural/urban clusters.,Skill Development & Livelihood,"[""Child Welfare""]",CSR India Grant,"[""Uttar Pradesh""]","[""Prayagraj""]",2023-04-01,2023-09-28,6,2644,16,6,6,Successfully completed primary community training and material deployment.,[],https://eleos.org/projects/PRJ_NGO_00021_2,Annual Report,Self-reported
PRJ_NGO_00021_3,NGO_00021,Skill Development & Livelihood Initiative #3 (Prayagraj),Completed,Community-based skill development & livelihood support project serving rural/urban clusters.,Skill Development & Livelihood,"[""Child Welfare""]",State Grant,"[""Uttar Pradesh""]","[""Prayagraj""]",2022-04-01,2023-04-26,13,3035,6,5,3,Successfully completed primary community training and material deployment.,"[""District Administration"", ""Local Panchayat""]",https://eleos.org/projects/PRJ_NGO_00021_3,Annual Report,Self-reported
PRJ_NGO_00021_4,NGO_00021,Skill Development & Livelihood Initiative #4 (Prayagraj),Completed,Community-based skill development & livelihood support project serving rural/urban clusters.,Skill Development & Livelihood,"[""Child Welfare""]",CSR India Grant,"[""Uttar Pradesh""]","[""Prayagraj""]",2021-12-01,2022-08-28,9,3634,2,4,3,Successfully completed primary community training and material deployment.,[],https://eleos.org/projects/PRJ_NGO_00021_4,Annual Report,Self-reported
PRJ_NGO_00021_5,NGO_00021,Skill Development & Livelihood Initiative #5 (Prayagraj),Completed,Community-based skill development & livelihood support project serving rural/urban clusters.,Skill Development & Livelihood,"[""Child Welfare""]",State Grant,"[""Uttar Pradesh""]","[""Prayagraj""]",2021-10-01,2022-04-29,7,598,9,3,5,Successfully completed primary community training and material deployment.,"[""District Administration"", ""Local Panchayat""]",https://eleos.org/projects/PRJ_NGO_00021_5,Annual Report,Self-reported
PRJ_NGO_00021_6,NGO_00021,Skill Development & Livelihood Initiative #6 (Prayagraj),Completed,Community-based skill development & livelihood support project serving rural/urban clusters.,Skill Development & Livelihood,"[""Child Welfare""]",CSR India Grant,"[""Uttar Pradesh""]","[""Prayagraj""]",2021-09-01,2022-08-27,12,1347,18,5,3,Successfully completed primary community training and material deployment.,"[""District Administration"", ""Local Panchayat""]",https://eleos.org/projects/PRJ_NGO_00021_6,Annual Report,Self-reported
PRJ_NGO_00021_7,NGO_00021,Skill Development & Livelihood Initiative #7 (Prayagraj),Completed,Community-based skill development & livelihood support project serving rural/urban clusters.,Skill Development & Livelihood,"[""Child Welfare""]",Public Donations,"[""Uttar Pradesh""]","[""Prayagraj""]",2021-12-01,2023-11-21,24,4930,12,4,4,Successfully completed primary community training and material deployment.,"[""District Administration"", ""Local Panchayat""]",https://eleos.org/projects/PRJ_NGO_00021_7,Annual Report,Self-reported
PRJ_NGO_00022_1,NGO_00022,Skill Development & Livelihood Initiative #1 (North 24 Parganas),Ongoing,Community-based skill development & livelihood support project serving rural/urban clusters.,Skill Development & Livelihood,"[""Rural Development""]",Public Donations,"[""West Bengal""]","[""North 24 Parganas""]",2024-12-01,,21,1864,13,5,2,,[],https://eleos.org/projects/PRJ_NGO_00022_1,Annual Report,Self-reported
PRJ_NGO_00022_2,NGO_00022,Skill Development & Livelihood Initiative #2 (North 24 Parganas),Completed,Community-based skill development & livelihood support project serving rural/urban clusters.,Skill Development & Livelihood,"[""Rural Development""]",CSR India Grant,"[""West Bengal""]","[""North 24 Parganas""]",2023-04-01,2024-01-26,10,2336,19,6,4,Successfully completed primary community training and material deployment.,[],https://eleos.org/projects/PRJ_NGO_00022_2,Annual Report,Self-reported
PRJ_NGO_00022_3,NGO_00022,Skill Development & Livelihood Initiative #3 (North 24 Parganas),Completed,Community-based skill development & livelihood support project serving rural/urban clusters.,Skill Development & Livelihood,"[""Rural Development""]",State Grant,"[""West Bengal""]","[""North 24 Parganas""]",2022-06-01,2023-06-26,13,4867,9,6,6,Successfully completed primary community training and material deployment.,"[""District Administration"", ""Local Panchayat""]",https://eleos.org/projects/PRJ_NGO_00022_3,Annual Report,Self-reported
PRJ_NGO_00022_4,NGO_00022,Skill Development & Livelihood Initiative #4 (North 24 Parganas),Completed,Community-based skill development & livelihood support project serving rural/urban clusters.,Skill Development & Livelihood,"[""Rural Development""]",Public Donations,"[""West Bengal""]","[""North 24 Parganas""]",2021-11-01,2023-02-24,16,4202,17,6,3,Successfully completed primary community training and material deployment.,"[""District Administration"", ""Local Panchayat""]",https://eleos.org/projects/PRJ_NGO_00022_4,Annual Report,Self-reported
PRJ_NGO_00022_5,NGO_00022,Skill Development & Livelihood Initiative #5 (North 24 Parganas),Completed,Community-based skill development & livelihood support project serving rural/urban clusters.,Skill Development & Livelihood,"[""Rural Development""]",District Development Fund,"[""West Bengal""]","[""North 24 Parganas""]",2020-06-01,2021-04-27,11,4677,17,4,6,Successfully completed primary community training and material deployment.,"[""District Administration"", ""Local Panchayat""]",https://eleos.org/projects/PRJ_NGO_00022_5,Annual Report,Self-reported
PRJ_NGO_00023_1,NGO_00023,Water & Sanitation Initiative #1 (Chennai),Completed,Community-based water & sanitation support project serving rural/urban clusters.,Water & Sanitation,[],CSR India Grant,"[""Tamil Nadu""]","[""Chennai""]",2024-11-01,2026-04-25,18,2619,9,3,2,Successfully completed primary community training and material deployment.,[],https://eleos.org/projects/PRJ_NGO_00023_1,Annual Report,Self-reported
PRJ_NGO_00023_2,NGO_00023,Water & Sanitation Initiative #2 (Chennai),Completed,Community-based water & sanitation support project serving rural/urban clusters.,Water & Sanitation,[],State Grant,"[""Tamil Nadu""]","[""Chennai""]",2023-07-01,2024-04-26,10,2794,13,3,2,Successfully completed primary community training and material deployment.,[],https://eleos.org/projects/PRJ_NGO_00023_2,Annual Report,Self-reported
PRJ_NGO_00023_3,NGO_00023,Water & Sanitation Initiative #3 (Chennai),Completed,Community-based water & sanitation support project serving rural/urban clusters.,Water & Sanitation,[],Public Donations,"[""Tamil Nadu""]","[""Chennai""]",2022-05-01,2023-12-22,20,2409,5,4,2,Successfully completed primary community training and material deployment.,[],https://eleos.org/projects/PRJ_NGO_00023_3,Annual Report,Self-reported
PRJ_NGO_00024_1,NGO_00024,Skill Development & Livelihood Initiative #1 (Mumbai),Completed,Community-based skill development & livelihood support project serving rural/urban clusters.,Skill Development & Livelihood,"[""Disaster Relief & Rehabilitation""]",District Development Fund,"[""Maharashtra""]","[""Mumbai""]",2024-11-01,2026-03-26,17,562,20,6,4,Successfully completed primary community training and material deployment.,"[""District Administration"", ""Local Panchayat""]",https://eleos.org/projects/PRJ_NGO_00024_1,Annual Report,Self-reported
PRJ_NGO_00024_2,NGO_00024,Skill Development & Livelihood Initiative #2 (Mumbai),Completed,Community-based skill development & livelihood support project serving rural/urban clusters.,Skill Development & Livelihood,"[""Disaster Relief & Rehabilitation""]",CSR India Grant,"[""Maharashtra""]","[""Mumbai""]",2023-07-01,2024-03-27,9,1007,10,4,6,Successfully completed primary community training and material deployment.,"[""District Administration"", ""Local Panchayat""]",https://eleos.org/projects/PRJ_NGO_00024_2,Annual Report,Self-reported
PRJ_NGO_00025_1,NGO_00025,Healthcare & Medical Initiative #1 (Udaipur),Completed,Community-based healthcare & medical support project serving rural/urban clusters.,Healthcare & Medical,"[""Water & Sanitation"", ""Nutrition & Food Security""]",,"[""Rajasthan""]","[""Udaipur""]",2024-11-01,2025-09-27,11,1566,17,5,3,Successfully completed primary community training and material deployment.,[],https://eleos.org/projects/PRJ_NGO_00025_1,Annual Report,Self-reported
PRJ_NGO_00025_2,NGO_00025,Healthcare & Medical Initiative #2 (Udaipur),Completed,Community-based healthcare & medical support project serving rural/urban clusters.,Healthcare & Medical,"[""Water & Sanitation"", ""Nutrition & Food Security""]",Public Donations,"[""Rajasthan""]","[""Udaipur""]",2023-08-01,2024-02-27,7,278,17,4,3,Successfully completed primary community training and material deployment.,"[""District Administration"", ""Local Panchayat""]",https://eleos.org/projects/PRJ_NGO_00025_2,Annual Report,Self-reported
PRJ_NGO_00025_3,NGO_00025,Healthcare & Medical Initiative #3 (Udaipur),Completed,Community-based healthcare & medical support project serving rural/urban clusters.,Healthcare & Medical,"[""Water & Sanitation"", ""Nutrition & Food Security""]",State Grant,"[""Rajasthan""]","[""Udaipur""]",2022-09-01,2024-06-22,22,3551,17,6,5,Successfully completed primary community training and material deployment.,"[""District Administration"", ""Local Panchayat""]",https://eleos.org/projects/PRJ_NGO_00025_3,Annual Report,Self-reported
PRJ_NGO_00025_4,NGO_00025,Healthcare & Medical Initiative #4 (Udaipur),Completed,Community-based healthcare & medical support project serving rural/urban clusters.,Healthcare & Medical,"[""Water & Sanitation"", ""Nutrition & Food Security""]",CSR India Grant,"[""Rajasthan""]","[""Udaipur""]",2021-02-01,2023-01-22,24,2006,11,3,4,Successfully completed primary community training and material deployment.,[],https://eleos.org/projects/PRJ_NGO_00025_4,Annual Report,Self-reported
PRJ_NGO_00025_5,NGO_00025,Healthcare & Medical Initiative #5 (Udaipur),Completed,Community-based healthcare & medical support project serving rural/urban clusters.,Healthcare & Medical,"[""Water & Sanitation"", ""Nutrition & Food Security""]",State Grant,"[""Rajasthan""]","[""Udaipur""]",2020-05-01,2021-03-27,11,4833,17,3,6,Successfully completed primary community training and material deployment.,[],https://eleos.org/projects/PRJ_NGO_00025_5,Annual Report,Self-reported
PRJ_NGO_00025_6,NGO_00025,Healthcare & Medical Initiative #6 (Udaipur),Completed,Community-based healthcare & medical support project serving rural/urban clusters.,Healthcare & Medical,"[""Water & Sanitation"", ""Nutrition & Food Security""]",,"[""Rajasthan""]","[""Udaipur""]",2019-09-01,2021-01-23,17,540,16,4,5,Successfully completed primary community training and material deployment.,[],https://eleos.org/projects/PRJ_NGO_00025_6,Annual Report,Self-reported
PRJ_NGO_00026_1,NGO_00026,Water & Sanitation Initiative #1 (Udaipur),Ongoing,Community-based water & sanitation support project serving rural/urban clusters.,Water & Sanitation,"[""Rural Development"", ""Women Empowerment""]",CSR India Grant,"[""Rajasthan""]","[""Udaipur""]",2024-08-01,,6,1494,16,6,1,,"[""District Administration"", ""Local Panchayat""]",https://eleos.org/projects/PRJ_NGO_00026_1,Annual Report,Self-reported
PRJ_NGO_00026_2,NGO_00026,Water & Sanitation Initiative #2 (Udaipur),Completed,Community-based water & sanitation support project serving rural/urban clusters.,Water & Sanitation,"[""Rural Development"", ""Women Empowerment""]",District Development Fund,"[""Rajasthan""]","[""Udaipur""]",2023-07-01,2024-06-25,12,2672,7,5,2,Successfully completed primary community training and material deployment.,"[""District Administration"", ""Local Panchayat""]",https://eleos.org/projects/PRJ_NGO_00026_2,Annual Report,Self-reported
PRJ_NGO_00027_1,NGO_00027,Nutrition & Food Security Initiative #1 (Madurai),Completed,Community-based nutrition & food security support project serving rural/urban clusters.,Nutrition & Food Security,"[""Disaster Relief & Rehabilitation""]",CSR India Grant,"[""Tamil Nadu""]","[""Madurai""]",2025-03-01,2026-11-21,21,336,20,3,2,Successfully completed primary community training and material deployment.,[],https://eleos.org/projects/PRJ_NGO_00027_1,Annual Report,Self-reported
PRJ_NGO_00027_2,NGO_00027,Nutrition & Food Security Initiative #2 (Madurai),Completed,Community-based nutrition & food security support project serving rural/urban clusters.,Nutrition & Food Security,"[""Disaster Relief & Rehabilitation""]",State Grant,"[""Tamil Nadu""]","[""Madurai""]",2024-01-01,2024-07-29,7,4350,11,6,5,Successfully completed primary community training and material deployment.,"[""District Administration"", ""Local Panchayat""]",https://eleos.org/projects/PRJ_NGO_00027_2,Annual Report,Self-reported
PRJ_NGO_00027_3,NGO_00027,Nutrition & Food Security Initiative #3 (Madurai),Completed,Community-based nutrition & food security support project serving rural/urban clusters.,Nutrition & Food Security,"[""Disaster Relief & Rehabilitation""]",,"[""Tamil Nadu""]","[""Madurai""]",2023-02-01,2024-12-22,23,1450,10,3,4,Successfully completed primary community training and material deployment.,[],https://eleos.org/projects/PRJ_NGO_00027_3,Annual Report,Self-reported
PRJ_NGO_00027_4,NGO_00027,Nutrition & Food Security Initiative #4 (Madurai),Completed,Community-based nutrition & food security support project serving rural/urban clusters.,Nutrition & Food Security,"[""Disaster Relief & Rehabilitation""]",,"[""Tamil Nadu""]","[""Madurai""]",2022-04-01,2023-01-26,10,2876,14,3,4,Successfully completed primary community training and material deployment.,"[""District Administration"", ""Local Panchayat""]",https://eleos.org/projects/PRJ_NGO_00027_4,Annual Report,Self-reported
PRJ_NGO_00028_1,NGO_00028,Nutrition & Food Security Initiative #1 (Nashik),Completed,Community-based nutrition & food security support project serving rural/urban clusters.,Nutrition & Food Security,[],District Development Fund,"[""Maharashtra""]","[""Nashik""]",2024-09-01,2025-09-26,13,252,15,3,3,Successfully completed primary community training and material deployment.,"[""District Administration"", ""Local Panchayat""]",https://eleos.org/projects/PRJ_NGO_00028_1,Annual Report,Self-reported
PRJ_NGO_00028_2,NGO_00028,Nutrition & Food Security Initiative #2 (Nashik),Completed,Community-based nutrition & food security support project serving rural/urban clusters.,Nutrition & Food Security,[],Public Donations,"[""Maharashtra""]","[""Nashik""]",2023-11-01,2024-04-29,6,211,14,5,2,Successfully completed primary community training and material deployment.,[],https://eleos.org/projects/PRJ_NGO_00028_2,Annual Report,Self-reported
PRJ_NGO_00028_3,NGO_00028,Nutrition & Food Security Initiative #3 (Nashik),Completed,Community-based nutrition & food security support project serving rural/urban clusters.,Nutrition & Food Security,[],State Grant,"[""Maharashtra""]","[""Nashik""]",2022-04-01,2023-10-23,19,690,6,5,2,Successfully completed primary community training and material deployment.,[],https://eleos.org/projects/PRJ_NGO_00028_3,Annual Report,Self-reported
PRJ_NGO_00029_1,NGO_00029,Disaster Relief & Rehabilitation Initiative #1 (Jaipur),Completed,Community-based disaster relief & rehabilitation support project serving rural/urban clusters.,Disaster Relief & Rehabilitation,"[""Environment & Forests"", ""Skill Development & Livelihood""]",CSR India Grant,"[""Rajasthan""]","[""Jaipur""]",2024-02-01,2025-05-26,16,549,16,3,3,Successfully completed primary community training and material deployment.,"[""District Administration"", ""Local Panchayat""]",https://eleos.org/projects/PRJ_NGO_00029_1,Annual Report,Self-reported
PRJ_NGO_00029_2,NGO_00029,Disaster Relief & Rehabilitation Initiative #2 (Jaipur),Completed,Community-based disaster relief & rehabilitation support project serving rural/urban clusters.,Disaster Relief & Rehabilitation,"[""Environment & Forests"", ""Skill Development & Livelihood""]",State Grant,"[""Rajasthan""]","[""Jaipur""]",2024-07-01,2025-12-23,18,441,14,6,3,Successfully completed primary community training and material deployment.,[],https://eleos.org/projects/PRJ_NGO_00029_2,Annual Report,Self-reported
PRJ_NGO_00030_1,NGO_00030,Women Empowerment Initiative #1 (Bengaluru Urban),Ongoing,Community-based women empowerment support project serving rural/urban clusters.,Women Empowerment,[],District Development Fund,"[""Karnataka""]","[""Bengaluru Urban""]",2024-05-01,,16,1490,15,6,3,,[],https://eleos.org/projects/PRJ_NGO_00030_1,Annual Report,Self-reported
PRJ_NGO_00030_2,NGO_00030,Women Empowerment Initiative #2 (Bengaluru Urban),Completed,Community-based women empowerment support project serving rural/urban clusters.,Women Empowerment,[],,"[""Karnataka""]","[""Bengaluru Urban""]",2023-12-01,2025-10-21,23,3123,9,4,5,Successfully completed primary community training and material deployment.,[],https://eleos.org/projects/PRJ_NGO_00030_2,Annual Report,Self-reported
PRJ_NGO_00030_3,NGO_00030,Women Empowerment Initiative #3 (Bengaluru Urban),Completed,Community-based women empowerment support project serving rural/urban clusters.,Women Empowerment,[],District Development Fund,"[""Karnataka""]","[""Bengaluru Urban""]",2022-12-01,2024-02-24,15,1655,2,6,6,Successfully completed primary community training and material deployment.,[],https://eleos.org/projects/PRJ_NGO_00030_3,Annual Report,Self-reported
PRJ_NGO_00030_4,NGO_00030,Women Empowerment Initiative #4 (Bengaluru Urban),Completed,Community-based women empowerment support project serving rural/urban clusters.,Women Empowerment,[],,"[""Karnataka""]","[""Bengaluru Urban""]",2021-10-01,2023-01-24,16,2009,20,3,5,Successfully completed primary community training and material deployment.,[],https://eleos.org/projects/PRJ_NGO_00030_4,Annual Report,Self-reported
PRJ_NGO_00030_5,NGO_00030,Women Empowerment Initiative #5 (Bengaluru Urban),Completed,Community-based women empowerment support project serving rural/urban clusters.,Women Empowerment,[],District Development Fund,"[""Karnataka""]","[""Bengaluru Urban""]",2020-12-01,2021-07-29,8,3041,12,4,2,Successfully completed primary community training and material deployment.,"[""District Administration"", ""Local Panchayat""]",https://eleos.org/projects/PRJ_NGO_00030_5,Annual Report,Self-reported
PRJ_NGO_00030_6,NGO_00030,Women Empowerment Initiative #6 (Bengaluru Urban),Completed,Community-based women empowerment support project serving rural/urban clusters.,Women Empowerment,[],State Grant,"[""Karnataka""]","[""Bengaluru Urban""]",2019-11-01,2021-02-23,16,293,10,4,3,Successfully completed primary community training and material deployment.,"[""District Administration"", ""Local Panchayat""]",https://eleos.org/projects/PRJ_NGO_00030_6,Annual Report,Self-reported
PRJ_NGO_00031_1,NGO_00031,Healthcare & Medical Initiative #1 (Madurai),Completed,Community-based healthcare & medical support project serving rural/urban clusters.,Healthcare & Medical,"[""Child Welfare""]",,"[""Tamil Nadu""]","[""Madurai""]",2024-09-01,2026-03-25,19,2063,19,3,5,Successfully completed primary community training and material deployment.,"[""District Administration"", ""Local Panchayat""]",https://eleos.org/projects/PRJ_NGO_00031_1,Annual Report,Self-reported
PRJ_NGO_00031_2,NGO_00031,Healthcare & Medical Initiative #2 (Madurai),Completed,Community-based healthcare & medical support project serving rural/urban clusters.,Healthcare & Medical,"[""Child Welfare""]",State Grant,"[""Tamil Nadu""]","[""Madurai""]",2023-07-01,2025-05-21,23,4891,9,6,4,Successfully completed primary community training and material deployment.,[],https://eleos.org/projects/PRJ_NGO_00031_2,Annual Report,Self-reported
PRJ_NGO_00032_1,NGO_00032,Nutrition & Food Security Initiative #1 (Nashik),Completed,Community-based nutrition & food security support project serving rural/urban clusters.,Nutrition & Food Security,[],CSR India Grant,"[""Maharashtra""]","[""Nashik""]",2025-05-01,2026-09-23,17,2967,11,5,4,Successfully completed primary community training and material deployment.,"[""District Administration"", ""Local Panchayat""]",https://eleos.org/projects/PRJ_NGO_00032_1,Annual Report,Self-reported
PRJ_NGO_00033_1,NGO_00033,Skill Development & Livelihood Initiative #1 (Darjeeling),Ongoing,Community-based skill development & livelihood support project serving rural/urban clusters.,Skill Development & Livelihood,"[""Rural Development""]",State Grant,"[""West Bengal""]","[""Darjeeling""]",2024-07-01,,17,2264,8,6,2,,"[""District Administration"", ""Local Panchayat""]",https://eleos.org/projects/PRJ_NGO_00033_1,Annual Report,Self-reported
PRJ_NGO_00033_2,NGO_00033,Skill Development & Livelihood Initiative #2 (Darjeeling),Completed,Community-based skill development & livelihood support project serving rural/urban clusters.,Skill Development & Livelihood,"[""Rural Development""]",,"[""West Bengal""]","[""Darjeeling""]",2023-10-01,2025-03-24,18,1038,2,5,6,Successfully completed primary community training and material deployment.,"[""District Administration"", ""Local Panchayat""]",https://eleos.org/projects/PRJ_NGO_00033_2,Annual Report,Self-reported
PRJ_NGO_00033_3,NGO_00033,Skill Development & Livelihood Initiative #3 (Darjeeling),Completed,Community-based skill development & livelihood support project serving rural/urban clusters.,Skill Development & Livelihood,"[""Rural Development""]",Public Donations,"[""West Bengal""]","[""Darjeeling""]",2023-10-01,2024-12-24,15,1085,17,3,4,Successfully completed primary community training and material deployment.,"[""District Administration"", ""Local Panchayat""]",https://eleos.org/projects/PRJ_NGO_00033_3,Annual Report,Self-reported
PRJ_NGO_00034_1,NGO_00034,Nutrition & Food Security Initiative #1 (Howrah),Completed,Community-based nutrition & food security support project serving rural/urban clusters.,Nutrition & Food Security,"[""Education""]",District Development Fund,"[""West Bengal""]","[""Howrah""]",2025-11-01,2026-11-26,13,3020,11,4,2,Successfully completed primary community training and material deployment.,[],https://eleos.org/projects/PRJ_NGO_00034_1,Annual Report,Self-reported
PRJ_NGO_00034_2,NGO_00034,Nutrition & Food Security Initiative #2 (Howrah),Completed,Community-based nutrition & food security support project serving rural/urban clusters.,Nutrition & Food Security,"[""Education""]",District Development Fund,"[""West Bengal""]","[""Howrah""]",2024-10-01,2025-12-25,15,734,3,5,4,Successfully completed primary community training and material deployment.,"[""District Administration"", ""Local Panchayat""]",https://eleos.org/projects/PRJ_NGO_00034_2,Annual Report,Self-reported
PRJ_NGO_00035_1,NGO_00035,Nutrition & Food Security Initiative #1 (Ernakulam),Completed,Community-based nutrition & food security support project serving rural/urban clusters.,Nutrition & Food Security,[],CSR India Grant,"[""Kerala""]","[""Ernakulam""]",2024-02-01,2024-12-27,11,2580,13,5,5,Successfully completed primary community training and material deployment.,"[""District Administration"", ""Local Panchayat""]",https://eleos.org/projects/PRJ_NGO_00035_1,Annual Report,Self-reported
PRJ_NGO_00035_2,NGO_00035,Nutrition & Food Security Initiative #2 (Ernakulam),Completed,Community-based nutrition & food security support project serving rural/urban clusters.,Nutrition & Food Security,[],CSR India Grant,"[""Kerala""]","[""Ernakulam""]",2023-02-01,2023-08-30,7,1333,7,5,4,Successfully completed primary community training and material deployment.,"[""District Administration"", ""Local Panchayat""]",https://eleos.org/projects/PRJ_NGO_00035_2,Annual Report,Self-reported
PRJ_NGO_00035_3,NGO_00035,Nutrition & Food Security Initiative #3 (Ernakulam),Completed,Community-based nutrition & food security support project serving rural/urban clusters.,Nutrition & Food Security,[],CSR India Grant,"[""Kerala""]","[""Ernakulam""]",2022-10-01,2023-11-25,14,3252,12,4,2,Successfully completed primary community training and material deployment.,"[""District Administration"", ""Local Panchayat""]",https://eleos.org/projects/PRJ_NGO_00035_3,Annual Report,Self-reported
PRJ_NGO_00035_4,NGO_00035,Nutrition & Food Security Initiative #4 (Ernakulam),Completed,Community-based nutrition & food security support project serving rural/urban clusters.,Nutrition & Food Security,[],State Grant,"[""Kerala""]","[""Ernakulam""]",2021-08-01,2022-09-25,14,4117,15,4,2,Successfully completed primary community training and material deployment.,[],https://eleos.org/projects/PRJ_NGO_00035_4,Annual Report,Self-reported
PRJ_NGO_00036_1,NGO_00036,Nutrition & Food Security Initiative #1 (Thrissur),Completed,Community-based nutrition & food security support project serving rural/urban clusters.,Nutrition & Food Security,"[""Child Welfare"", ""Skill Development & Livelihood""]",,"[""Kerala""]","[""Thrissur""]",2024-06-01,2026-04-22,23,4075,13,6,2,Successfully completed primary community training and material deployment.,[],https://eleos.org/projects/PRJ_NGO_00036_1,Annual Report,Self-reported
PRJ_NGO_00036_2,NGO_00036,Nutrition & Food Security Initiative #2 (Thrissur),Completed,Community-based nutrition & food security support project serving rural/urban clusters.,Nutrition & Food Security,"[""Child Welfare"", ""Skill Development & Livelihood""]",CSR India Grant,"[""Kerala""]","[""Thrissur""]",2023-11-01,2024-11-25,13,2996,13,5,6,Successfully completed primary community training and material deployment.,"[""District Administration"", ""Local Panchayat""]",https://eleos.org/projects/PRJ_NGO_00036_2,Annual Report,Self-reported
PRJ_NGO_00036_3,NGO_00036,Nutrition & Food Security Initiative #3 (Thrissur),Completed,Community-based nutrition & food security support project serving rural/urban clusters.,Nutrition & Food Security,"[""Child Welfare"", ""Skill Development & Livelihood""]",CSR India Grant,"[""Kerala""]","[""Thrissur""]",2022-12-01,2023-08-28,9,1544,17,4,5,Successfully completed primary community training and material deployment.,[],https://eleos.org/projects/PRJ_NGO_00036_3,Annual Report,Self-reported
PRJ_NGO_00037_1,NGO_00037,Healthcare & Medical Initiative #1 (Ernakulam),Ongoing,Community-based healthcare & medical support project serving rural/urban clusters.,Healthcare & Medical,"[""Child Welfare""]",Public Donations,"[""Kerala""]","[""Ernakulam""]",2025-12-01,,15,1286,7,5,3,,[],https://eleos.org/projects/PRJ_NGO_00037_1,Annual Report,Self-reported
PRJ_NGO_00038_1,NGO_00038,Environment & Forests Initiative #1 (Vadodara),Ongoing,Community-based environment & forests support project serving rural/urban clusters.,Environment & Forests,[],District Development Fund,"[""Gujarat""]","[""Vadodara""]",2025-10-01,,20,3212,20,4,3,,"[""District Administration"", ""Local Panchayat""]",https://eleos.org/projects/PRJ_NGO_00038_1,Annual Report,Self-reported
PRJ_NGO_00041_1,NGO_00041,Child Welfare Initiative #1 (Chennai),Ongoing,Community-based child welfare support project serving rural/urban clusters.,Child Welfare,"[""Women Empowerment""]",State Grant,"[""Tamil Nadu""]","[""Chennai""]",2024-12-01,,24,2910,13,4,3,,"[""District Administration"", ""Local Panchayat""]",https://eleos.org/projects/PRJ_NGO_00041_1,Annual Report,Self-reported
PRJ_NGO_00041_2,NGO_00041,Child Welfare Initiative #2 (Chennai),Completed,Community-based child welfare support project serving rural/urban clusters.,Child Welfare,"[""Women Empowerment""]",,"[""Tamil Nadu""]","[""Chennai""]",2023-02-01,2024-04-26,15,771,8,5,5,Successfully completed primary community training and material deployment.,"[""District Administration"", ""Local Panchayat""]",https://eleos.org/projects/PRJ_NGO_00041_2,Annual Report,Self-reported
PRJ_NGO_00041_3,NGO_00041,Child Welfare Initiative #3 (Chennai),Completed,Community-based child welfare support project serving rural/urban clusters.,Child Welfare,"[""Women Empowerment""]",,"[""Tamil Nadu""]","[""Chennai""]",2022-10-01,2023-12-25,15,1448,20,5,4,Successfully completed primary community training and material deployment.,"[""District Administration"", ""Local Panchayat""]",https://eleos.org/projects/PRJ_NGO_00041_3,Annual Report,Self-reported
PRJ_NGO_00041_4,NGO_00041,Child Welfare Initiative #4 (Chennai),Completed,Community-based child welfare support project serving rural/urban clusters.,Child Welfare,"[""Women Empowerment""]",Public Donations,"[""Tamil Nadu""]","[""Chennai""]",2021-03-01,2021-08-28,6,2216,9,6,4,Successfully completed primary community training and material deployment.,"[""District Administration"", ""Local Panchayat""]",https://eleos.org/projects/PRJ_NGO_00041_4,Annual Report,Self-reported
PRJ_NGO_00042_1,NGO_00042,Skill Development & Livelihood Initiative #1 (Udaipur),Completed,Community-based skill development & livelihood support project serving rural/urban clusters.,Skill Development & Livelihood,"[""Disaster Relief & Rehabilitation"", ""Environment & Forests""]",,"[""Rajasthan""]","[""Udaipur""]",2024-04-01,2024-11-27,8,2500,8,4,3,Successfully completed primary community training and material deployment.,[],https://eleos.org/projects/PRJ_NGO_00042_1,Annual Report,Self-reported
PRJ_NGO_00042_2,NGO_00042,Skill Development & Livelihood Initiative #2 (Udaipur),Completed,Community-based skill development & livelihood support project serving rural/urban clusters.,Skill Development & Livelihood,"[""Disaster Relief & Rehabilitation"", ""Environment & Forests""]",District Development Fund,"[""Rajasthan""]","[""Udaipur""]",2023-10-01,2024-06-27,9,3596,12,3,5,Successfully completed primary community training and material deployment.,"[""District Administration"", ""Local Panchayat""]",https://eleos.org/projects/PRJ_NGO_00042_2,Annual Report,Self-reported
PRJ_NGO_00042_3,NGO_00042,Skill Development & Livelihood Initiative #3 (Udaipur),Completed,Community-based skill development & livelihood support project serving rural/urban clusters.,Skill Development & Livelihood,"[""Disaster Relief & Rehabilitation"", ""Environment & Forests""]",,"[""Rajasthan""]","[""Udaipur""]",2022-08-01,2023-07-27,12,1520,15,3,3,Successfully completed primary community training and material deployment.,[],https://eleos.org/projects/PRJ_NGO_00042_3,Annual Report,Self-reported
PRJ_NGO_00043_1,NGO_00043,Education Initiative #1 (Ahmedabad),Completed,Community-based education support project serving rural/urban clusters.,Education,"[""Environment & Forests"", ""Healthcare & Medical""]",Public Donations,"[""Gujarat""]","[""Ahmedabad""]",2024-09-01,2026-03-25,19,555,18,6,3,Successfully completed primary community training and material deployment.,"[""District Administration"", ""Local Panchayat""]",https://eleos.org/projects/PRJ_NGO_00043_1,Annual Report,Self-reported
PRJ_NGO_00043_2,NGO_00043,Education Initiative #2 (Ahmedabad),Completed,Community-based education support project serving rural/urban clusters.,Education,"[""Environment & Forests"", ""Healthcare & Medical""]",Public Donations,"[""Gujarat""]","[""Ahmedabad""]",2023-08-01,2025-01-22,18,4919,5,6,3,Successfully completed primary community training and material deployment.,[],https://eleos.org/projects/PRJ_NGO_00043_2,Annual Report,Self-reported
PRJ_NGO_00043_3,NGO_00043,Education Initiative #3 (Ahmedabad),Completed,Community-based education support project serving rural/urban clusters.,Education,"[""Environment & Forests"", ""Healthcare & Medical""]",Public Donations,"[""Gujarat""]","[""Ahmedabad""]",2023-04-01,2023-11-27,8,4654,15,5,3,Successfully completed primary community training and material deployment.,[],https://eleos.org/projects/PRJ_NGO_00043_3,Annual Report,Self-reported
PRJ_NGO_00044_1,NGO_00044,Environment & Forests Initiative #1 (Ahmedabad),Completed,Community-based environment & forests support project serving rural/urban clusters.,Environment & Forests,"[""Skill Development & Livelihood""]",CSR India Grant,"[""Gujarat""]","[""Ahmedabad""]",2024-04-01,2025-02-25,11,3146,9,3,3,Successfully completed primary community training and material deployment.,[],https://eleos.org/projects/PRJ_NGO_00044_1,Annual Report,Self-reported
PRJ_NGO_00044_2,NGO_00044,Environment & Forests Initiative #2 (Ahmedabad),Completed,Community-based environment & forests support project serving rural/urban clusters.,Environment & Forests,"[""Skill Development & Livelihood""]",Public Donations,"[""Gujarat""]","[""Ahmedabad""]",2023-05-01,2024-10-22,18,3437,14,4,6,Successfully completed primary community training and material deployment.,[],https://eleos.org/projects/PRJ_NGO_00044_2,Annual Report,Self-reported
PRJ_NGO_00044_3,NGO_00044,Environment & Forests Initiative #3 (Ahmedabad),Completed,Community-based environment & forests support project serving rural/urban clusters.,Environment & Forests,"[""Skill Development & Livelihood""]",CSR India Grant,"[""Gujarat""]","[""Ahmedabad""]",2022-12-01,2023-07-29,8,4702,11,5,4,Successfully completed primary community training and material deployment.,"[""District Administration"", ""Local Panchayat""]",https://eleos.org/projects/PRJ_NGO_00044_3,Annual Report,Self-reported
PRJ_NGO_00044_4,NGO_00044,Environment & Forests Initiative #4 (Ahmedabad),Completed,Community-based environment & forests support project serving rural/urban clusters.,Environment & Forests,"[""Skill Development & Livelihood""]",,"[""Gujarat""]","[""Ahmedabad""]",2021-05-01,2022-05-26,13,1793,16,6,6,Successfully completed primary community training and material deployment.,[],https://eleos.org/projects/PRJ_NGO_00044_4,Annual Report,Self-reported
PRJ_NGO_00044_5,NGO_00044,Environment & Forests Initiative #5 (Ahmedabad),Completed,Community-based environment & forests support project serving rural/urban clusters.,Environment & Forests,"[""Skill Development & Livelihood""]",,"[""Gujarat""]","[""Ahmedabad""]",2020-03-01,2021-09-22,19,1072,19,3,6,Successfully completed primary community training and material deployment.,[],https://eleos.org/projects/PRJ_NGO_00044_5,Annual Report,Self-reported
PRJ_NGO_00044_6,NGO_00044,Environment & Forests Initiative #6 (Ahmedabad),Completed,Community-based environment & forests support project serving rural/urban clusters.,Environment & Forests,"[""Skill Development & Livelihood""]",Public Donations,"[""Gujarat""]","[""Ahmedabad""]",2019-02-01,2020-11-22,22,4606,20,5,5,Successfully completed primary community training and material deployment.,"[""District Administration"", ""Local Panchayat""]",https://eleos.org/projects/PRJ_NGO_00044_6,Annual Report,Self-reported
PRJ_NGO_00046_1,NGO_00046,Nutrition & Food Security Initiative #1 (Ahmedabad),Ongoing,Community-based nutrition & food security support project serving rural/urban clusters.,Nutrition & Food Security,[],Public Donations,"[""Gujarat""]","[""Ahmedabad""]",2024-05-01,,18,3844,13,6,2,,[],https://eleos.org/projects/PRJ_NGO_00046_1,Annual Report,Self-reported
PRJ_NGO_00046_2,NGO_00046,Nutrition & Food Security Initiative #2 (Ahmedabad),Completed,Community-based nutrition & food security support project serving rural/urban clusters.,Nutrition & Food Security,[],District Development Fund,"[""Gujarat""]","[""Ahmedabad""]",2023-01-01,2023-10-28,10,2261,4,4,3,Successfully completed primary community training and material deployment.,[],https://eleos.org/projects/PRJ_NGO_00046_2,Annual Report,Self-reported
PRJ_NGO_00046_3,NGO_00046,Nutrition & Food Security Initiative #3 (Ahmedabad),Completed,Community-based nutrition & food security support project serving rural/urban clusters.,Nutrition & Food Security,[],State Grant,"[""Gujarat""]","[""Ahmedabad""]",2022-02-01,2022-09-29,8,4692,3,3,5,Successfully completed primary community training and material deployment.,"[""District Administration"", ""Local Panchayat""]",https://eleos.org/projects/PRJ_NGO_00046_3,Annual Report,Self-reported
PRJ_NGO_00046_4,NGO_00046,Nutrition & Food Security Initiative #4 (Ahmedabad),Completed,Community-based nutrition & food security support project serving rural/urban clusters.,Nutrition & Food Security,[],Public Donations,"[""Gujarat""]","[""Ahmedabad""]",2021-02-01,2021-10-29,9,1472,4,6,4,Successfully completed primary community training and material deployment.,[],https://eleos.org/projects/PRJ_NGO_00046_4,Annual Report,Self-reported
PRJ_NGO_00046_5,NGO_00046,Nutrition & Food Security Initiative #5 (Ahmedabad),Completed,Community-based nutrition & food security support project serving rural/urban clusters.,Nutrition & Food Security,[],State Grant,"[""Gujarat""]","[""Ahmedabad""]",2020-12-01,2022-02-24,15,1235,6,4,2,Successfully completed primary community training and material deployment.,[],https://eleos.org/projects/PRJ_NGO_00046_5,Annual Report,Self-reported
PRJ_NGO_00046_6,NGO_00046,Nutrition & Food Security Initiative #6 (Ahmedabad),Completed,Community-based nutrition & food security support project serving rural/urban clusters.,Nutrition & Food Security,[],State Grant,"[""Gujarat""]","[""Ahmedabad""]",2019-06-01,2020-09-23,16,4027,19,5,6,Successfully completed primary community training and material deployment.,"[""District Administration"", ""Local Panchayat""]",https://eleos.org/projects/PRJ_NGO_00046_6,Annual Report,Self-reported
PRJ_NGO_00046_7,NGO_00046,Nutrition & Food Security Initiative #7 (Ahmedabad),Completed,Community-based nutrition & food security support project serving rural/urban clusters.,Nutrition & Food Security,[],District Development Fund,"[""Gujarat""]","[""Ahmedabad""]",2018-12-01,2020-10-21,23,3940,20,6,6,Successfully completed primary community training and material deployment.,"[""District Administration"", ""Local Panchayat""]",https://eleos.org/projects/PRJ_NGO_00046_7,Annual Report,Self-reported
PRJ_NGO_00047_1,NGO_00047,Nutrition & Food Security Initiative #1 (Surat),Ongoing,Community-based nutrition & food security support project serving rural/urban clusters.,Nutrition & Food Security,"[""Rural Development""]",District Development Fund,"[""Gujarat""]","[""Surat""]",2024-08-01,,15,3152,3,4,1,,[],https://eleos.org/projects/PRJ_NGO_00047_1,Annual Report,Self-reported
PRJ_NGO_00047_2,NGO_00047,Nutrition & Food Security Initiative #2 (Surat),Completed,Community-based nutrition & food security support project serving rural/urban clusters.,Nutrition & Food Security,"[""Rural Development""]",CSR India Grant,"[""Gujarat""]","[""Surat""]",2023-07-01,2024-10-23,16,1571,10,3,5,Successfully completed primary community training and material deployment.,"[""District Administration"", ""Local Panchayat""]",https://eleos.org/projects/PRJ_NGO_00047_2,Annual Report,Self-reported
PRJ_NGO_00047_3,NGO_00047,Nutrition & Food Security Initiative #3 (Surat),Completed,Community-based nutrition & food security support project serving rural/urban clusters.,Nutrition & Food Security,"[""Rural Development""]",,"[""Gujarat""]","[""Surat""]",2022-01-01,2022-07-30,7,4093,6,5,2,Successfully completed primary community training and material deployment.,[],https://eleos.org/projects/PRJ_NGO_00047_3,Annual Report,Self-reported
PRJ_NGO_00047_4,NGO_00047,Nutrition & Food Security Initiative #4 (Surat),Completed,Community-based nutrition & food security support project serving rural/urban clusters.,Nutrition & Food Security,"[""Rural Development""]",,"[""Gujarat""]","[""Surat""]",2021-08-01,2022-03-29,8,2972,3,3,4,Successfully completed primary community training and material deployment.,"[""District Administration"", ""Local Panchayat""]",https://eleos.org/projects/PRJ_NGO_00047_4,Annual Report,Self-reported
PRJ_NGO_00047_5,NGO_00047,Nutrition & Food Security Initiative #5 (Surat),Completed,Community-based nutrition & food security support project serving rural/urban clusters.,Nutrition & Food Security,"[""Rural Development""]",CSR India Grant,"[""Gujarat""]","[""Surat""]",2020-12-01,2022-10-22,23,1230,17,4,4,Successfully completed primary community training and material deployment.,"[""District Administration"", ""Local Panchayat""]",https://eleos.org/projects/PRJ_NGO_00047_5,Annual Report,Self-reported
PRJ_NGO_00047_6,NGO_00047,Nutrition & Food Security Initiative #6 (Surat),Completed,Community-based nutrition & food security support project serving rural/urban clusters.,Nutrition & Food Security,"[""Rural Development""]",State Grant,"[""Gujarat""]","[""Surat""]",2019-11-01,2021-03-25,17,1780,2,6,4,Successfully completed primary community training and material deployment.,"[""District Administration"", ""Local Panchayat""]",https://eleos.org/projects/PRJ_NGO_00047_6,Annual Report,Self-reported
PRJ_NGO_00048_1,NGO_00048,Water & Sanitation Initiative #1 (Vadodara),Completed,Community-based water & sanitation support project serving rural/urban clusters.,Water & Sanitation,"[""Skill Development & Livelihood""]",,"[""Gujarat""]","[""Vadodara""]",2024-03-01,2025-01-25,11,3489,18,5,3,Successfully completed primary community training and material deployment.,"[""District Administration"", ""Local Panchayat""]",https://eleos.org/projects/PRJ_NGO_00048_1,Annual Report,Self-reported
PRJ_NGO_00048_2,NGO_00048,Water & Sanitation Initiative #2 (Vadodara),Completed,Community-based water & sanitation support project serving rural/urban clusters.,Water & Sanitation,"[""Skill Development & Livelihood""]",Public Donations,"[""Gujarat""]","[""Vadodara""]",2023-10-01,2025-05-23,20,2781,19,5,4,Successfully completed primary community training and material deployment.,"[""District Administration"", ""Local Panchayat""]",https://eleos.org/projects/PRJ_NGO_00048_2,Annual Report,Self-reported
PRJ_NGO_00048_3,NGO_00048,Water & Sanitation Initiative #3 (Vadodara),Completed,Community-based water & sanitation support project serving rural/urban clusters.,Water & Sanitation,"[""Skill Development & Livelihood""]",Public Donations,"[""Gujarat""]","[""Vadodara""]",2022-11-01,2024-05-24,19,2171,20,4,5,Successfully completed primary community training and material deployment.,"[""District Administration"", ""Local Panchayat""]",https://eleos.org/projects/PRJ_NGO_00048_3,Annual Report,Self-reported
PRJ_NGO_00048_4,NGO_00048,Water & Sanitation Initiative #4 (Vadodara),Completed,Community-based water & sanitation support project serving rural/urban clusters.,Water & Sanitation,"[""Skill Development & Livelihood""]",Public Donations,"[""Gujarat""]","[""Vadodara""]",2021-12-01,2023-01-25,14,3906,16,6,2,Successfully completed primary community training and material deployment.,"[""District Administration"", ""Local Panchayat""]",https://eleos.org/projects/PRJ_NGO_00048_4,Annual Report,Self-reported
PRJ_NGO_00048_5,NGO_00048,Water & Sanitation Initiative #5 (Vadodara),Completed,Community-based water & sanitation support project serving rural/urban clusters.,Water & Sanitation,"[""Skill Development & Livelihood""]",,"[""Gujarat""]","[""Vadodara""]",2020-05-01,2020-10-28,6,1306,11,3,4,Successfully completed primary community training and material deployment.,"[""District Administration"", ""Local Panchayat""]",https://eleos.org/projects/PRJ_NGO_00048_5,Annual Report,Self-reported
PRJ_NGO_00049_1,NGO_00049,Environment & Forests Initiative #1 (Surat),Ongoing,Community-based environment & forests support project serving rural/urban clusters.,Environment & Forests,[],CSR India Grant,"[""Gujarat""]","[""Surat""]",2024-07-01,,14,3464,18,6,3,,[],https://eleos.org/projects/PRJ_NGO_00049_1,Annual Report,Self-reported
PRJ_NGO_00049_2,NGO_00049,Environment & Forests Initiative #2 (Surat),Completed,Community-based environment & forests support project serving rural/urban clusters.,Environment & Forests,[],,"[""Gujarat""]","[""Surat""]",2023-03-01,2024-11-20,21,1822,17,6,6,Successfully completed primary community training and material deployment.,[],https://eleos.org/projects/PRJ_NGO_00049_2,Annual Report,Self-reported
PRJ_NGO_00049_3,NGO_00049,Environment & Forests Initiative #3 (Surat),Completed,Community-based environment & forests support project serving rural/urban clusters.,Environment & Forests,[],District Development Fund,"[""Gujarat""]","[""Surat""]",2023-10-01,2025-07-22,22,2185,4,5,5,Successfully completed primary community training and material deployment.,[],https://eleos.org/projects/PRJ_NGO_00049_3,Annual Report,Self-reported
PRJ_NGO_00050_1,NGO_00050,Water & Sanitation Initiative #1 (Kozhikode),Ongoing,Community-based water & sanitation support project serving rural/urban clusters.,Water & Sanitation,"[""Child Welfare"", ""Nutrition & Food Security""]",CSR India Grant,"[""Kerala""]","[""Kozhikode""]",2024-07-01,,10,3331,18,4,2,,[],https://eleos.org/projects/PRJ_NGO_00050_1,Annual Report,Self-reported
PRJ_NGO_00050_2,NGO_00050,Water & Sanitation Initiative #2 (Kozhikode),Completed,Community-based water & sanitation support project serving rural/urban clusters.,Water & Sanitation,"[""Child Welfare"", ""Nutrition & Food Security""]",Public Donations,"[""Kerala""]","[""Kozhikode""]",2023-03-01,2024-09-21,19,2897,16,4,3,Successfully completed primary community training and material deployment.,"[""District Administration"", ""Local Panchayat""]",https://eleos.org/projects/PRJ_NGO_00050_2,Annual Report,Self-reported
PRJ_NGO_00050_3,NGO_00050,Water & Sanitation Initiative #3 (Kozhikode),Completed,Community-based water & sanitation support project serving rural/urban clusters.,Water & Sanitation,"[""Child Welfare"", ""Nutrition & Food Security""]",District Development Fund,"[""Kerala""]","[""Kozhikode""]",2022-10-01,2024-08-21,23,1331,11,4,5,Successfully completed primary community training and material deployment.,"[""District Administration"", ""Local Panchayat""]",https://eleos.org/projects/PRJ_NGO_00050_3,Annual Report,Self-reported
PRJ_NGO_00051_1,NGO_00051,Women Empowerment Initiative #1 (Dharwad),Completed,Community-based women empowerment support project serving rural/urban clusters.,Women Empowerment,"[""Water & Sanitation""]",State Grant,"[""Karnataka""]","[""Dharwad""]",2024-05-01,2025-07-25,15,1563,15,5,6,Successfully completed primary community training and material deployment.,"[""District Administration"", ""Local Panchayat""]",https://eleos.org/projects/PRJ_NGO_00051_1,Annual Report,Self-reported
PRJ_NGO_00051_2,NGO_00051,Women Empowerment Initiative #2 (Dharwad),Completed,Community-based women empowerment support project serving rural/urban clusters.,Women Empowerment,"[""Water & Sanitation""]",District Development Fund,"[""Karnataka""]","[""Dharwad""]",2023-12-01,2025-09-21,22,3997,16,3,6,Successfully completed primary community training and material deployment.,[],https://eleos.org/projects/PRJ_NGO_00051_2,Annual Report,Self-reported
PRJ_NGO_00051_3,NGO_00051,Women Empowerment Initiative #3 (Dharwad),Completed,Community-based women empowerment support project serving rural/urban clusters.,Women Empowerment,"[""Water & Sanitation""]",District Development Fund,"[""Karnataka""]","[""Dharwad""]",2022-10-01,2024-08-21,23,3420,15,5,5,Successfully completed primary community training and material deployment.,[],https://eleos.org/projects/PRJ_NGO_00051_3,Annual Report,Self-reported
PRJ_NGO_00051_4,NGO_00051,Women Empowerment Initiative #4 (Dharwad),Completed,Community-based women empowerment support project serving rural/urban clusters.,Women Empowerment,"[""Water & Sanitation""]",District Development Fund,"[""Karnataka""]","[""Dharwad""]",2021-08-01,2023-07-22,24,3924,4,5,4,Successfully completed primary community training and material deployment.,"[""District Administration"", ""Local Panchayat""]",https://eleos.org/projects/PRJ_NGO_00051_4,Annual Report,Self-reported
PRJ_NGO_00051_5,NGO_00051,Women Empowerment Initiative #5 (Dharwad),Completed,Community-based women empowerment support project serving rural/urban clusters.,Women Empowerment,"[""Water & Sanitation""]",CSR India Grant,"[""Karnataka""]","[""Dharwad""]",2021-12-01,2022-10-27,11,947,5,6,4,Successfully completed primary community training and material deployment.,[],https://eleos.org/projects/PRJ_NGO_00051_5,Annual Report,Self-reported
PRJ_NGO_00052_1,NGO_00052,Nutrition & Food Security Initiative #1 (Cuttack),Completed,Community-based nutrition & food security support project serving rural/urban clusters.,Nutrition & Food Security,"[""Water & Sanitation""]",State Grant,"[""Odisha""]","[""Cuttack""]",2025-10-01,2026-12-25,15,2792,10,5,3,Successfully completed primary community training and material deployment.,"[""District Administration"", ""Local Panchayat""]",https://eleos.org/projects/PRJ_NGO_00052_1,Annual Report,Self-reported
PRJ_NGO_00052_2,NGO_00052,Nutrition & Food Security Initiative #2 (Cuttack),Completed,Community-based nutrition & food security support project serving rural/urban clusters.,Nutrition & Food Security,"[""Water & Sanitation""]",State Grant,"[""Odisha""]","[""Cuttack""]",2024-08-01,2026-05-23,22,4234,7,4,4,Successfully completed primary community training and material deployment.,"[""District Administration"", ""Local Panchayat""]",https://eleos.org/projects/PRJ_NGO_00052_2,Annual Report,Self-reported
PRJ_NGO_00052_3,NGO_00052,Nutrition & Food Security Initiative #3 (Cuttack),Completed,Community-based nutrition & food security support project serving rural/urban clusters.,Nutrition & Food Security,"[""Water & Sanitation""]",CSR India Grant,"[""Odisha""]","[""Cuttack""]",2023-01-01,2023-09-28,9,4008,5,4,6,Successfully completed primary community training and material deployment.,"[""District Administration"", ""Local Panchayat""]",https://eleos.org/projects/PRJ_NGO_00052_3,Annual Report,Self-reported
PRJ_NGO_00052_4,NGO_00052,Nutrition & Food Security Initiative #4 (Cuttack),Completed,Community-based nutrition & food security support project serving rural/urban clusters.,Nutrition & Food Security,"[""Water & Sanitation""]",Public Donations,"[""Odisha""]","[""Cuttack""]",2022-07-01,2023-01-27,7,3064,19,4,2,Successfully completed primary community training and material deployment.,"[""District Administration"", ""Local Panchayat""]",https://eleos.org/projects/PRJ_NGO_00052_4,Annual Report,Self-reported
PRJ_NGO_00052_5,NGO_00052,Nutrition & Food Security Initiative #5 (Cuttack),Completed,Community-based nutrition & food security support project serving rural/urban clusters.,Nutrition & Food Security,"[""Water & Sanitation""]",Public Donations,"[""Odisha""]","[""Cuttack""]",2021-12-01,2023-02-24,15,755,11,5,6,Successfully completed primary community training and material deployment.,"[""District Administration"", ""Local Panchayat""]",https://eleos.org/projects/PRJ_NGO_00052_5,Annual Report,Self-reported
PRJ_NGO_00053_1,NGO_00053,Education Initiative #1 (Kanpur Nagar),Completed,Community-based education support project serving rural/urban clusters.,Education,"[""Nutrition & Food Security"", ""Child Welfare""]",State Grant,"[""Uttar Pradesh""]","[""Kanpur Nagar""]",2024-02-01,2025-05-26,16,577,5,5,2,Successfully completed primary community training and material deployment.,"[""District Administration"", ""Local Panchayat""]",https://eleos.org/projects/PRJ_NGO_00053_1,Annual Report,Self-reported
PRJ_NGO_00053_2,NGO_00053,Education Initiative #2 (Kanpur Nagar),Completed,Community-based education support project serving rural/urban clusters.,Education,"[""Nutrition & Food Security"", ""Child Welfare""]",Public Donations,"[""Uttar Pradesh""]","[""Kanpur Nagar""]",2023-05-01,2024-04-25,12,1842,8,5,4,Successfully completed primary community training and material deployment.,"[""District Administration"", ""Local Panchayat""]",https://eleos.org/projects/PRJ_NGO_00053_2,Annual Report,Self-reported
PRJ_NGO_00053_3,NGO_00053,Education Initiative #3 (Kanpur Nagar),Completed,Community-based education support project serving rural/urban clusters.,Education,"[""Nutrition & Food Security"", ""Child Welfare""]",Public Donations,"[""Uttar Pradesh""]","[""Kanpur Nagar""]",2022-08-01,2023-04-28,9,1423,7,5,2,Successfully completed primary community training and material deployment.,[],https://eleos.org/projects/PRJ_NGO_00053_3,Annual Report,Self-reported
PRJ_NGO_00053_4,NGO_00053,Education Initiative #4 (Kanpur Nagar),Completed,Community-based education support project serving rural/urban clusters.,Education,"[""Nutrition & Food Security"", ""Child Welfare""]",,"[""Uttar Pradesh""]","[""Kanpur Nagar""]",2021-10-01,2023-08-22,23,1038,8,5,6,Successfully completed primary community training and material deployment.,[],https://eleos.org/projects/PRJ_NGO_00053_4,Annual Report,Self-reported
PRJ_NGO_00053_5,NGO_00053,Education Initiative #5 (Kanpur Nagar),Completed,Community-based education support project serving rural/urban clusters.,Education,"[""Nutrition & Food Security"", ""Child Welfare""]",,"[""Uttar Pradesh""]","[""Kanpur Nagar""]",2021-03-01,2022-05-25,15,2205,7,3,4,Successfully completed primary community training and material deployment.,"[""District Administration"", ""Local Panchayat""]",https://eleos.org/projects/PRJ_NGO_00053_5,Annual Report,Self-reported
PRJ_NGO_00053_6,NGO_00053,Education Initiative #6 (Kanpur Nagar),Completed,Community-based education support project serving rural/urban clusters.,Education,"[""Nutrition & Food Security"", ""Child Welfare""]",State Grant,"[""Uttar Pradesh""]","[""Kanpur Nagar""]",2021-06-01,2023-04-22,23,615,6,3,5,Successfully completed primary community training and material deployment.,"[""District Administration"", ""Local Panchayat""]",https://eleos.org/projects/PRJ_NGO_00053_6,Annual Report,Self-reported
PRJ_NGO_00053_7,NGO_00053,Education Initiative #7 (Kanpur Nagar),Completed,Community-based education support project serving rural/urban clusters.,Education,"[""Nutrition & Food Security"", ""Child Welfare""]",State Grant,"[""Uttar Pradesh""]","[""Kanpur Nagar""]",2021-01-01,2021-09-28,9,640,4,6,5,Successfully completed primary community training and material deployment.,[],https://eleos.org/projects/PRJ_NGO_00053_7,Annual Report,Self-reported
PRJ_NGO_00054_1,NGO_00054,Child Welfare Initiative #1 (Sundargarh),Ongoing,Community-based child welfare support project serving rural/urban clusters.,Child Welfare,[],State Grant,"[""Odisha""]","[""Sundargarh""]",2024-12-01,,24,3766,20,5,3,,"[""District Administration"", ""Local Panchayat""]",https://eleos.org/projects/PRJ_NGO_00054_1,Annual Report,Self-reported
PRJ_NGO_00054_2,NGO_00054,Child Welfare Initiative #2 (Sundargarh),Completed,Community-based child welfare support project serving rural/urban clusters.,Child Welfare,[],,"[""Odisha""]","[""Sundargarh""]",2024-03-01,2024-10-27,8,4186,5,6,4,Successfully completed primary community training and material deployment.,"[""District Administration"", ""Local Panchayat""]",https://eleos.org/projects/PRJ_NGO_00054_2,Annual Report,Self-reported
PRJ_NGO_00055_1,NGO_00055,Nutrition & Food Security Initiative #1 (Darjeeling),Completed,Community-based nutrition & food security support project serving rural/urban clusters.,Nutrition & Food Security,[],,"[""West Bengal""]","[""Darjeeling""]",2024-08-01,2026-02-22,19,1672,16,6,6,Successfully completed primary community training and material deployment.,"[""District Administration"", ""Local Panchayat""]",https://eleos.org/projects/PRJ_NGO_00055_1,Annual Report,Self-reported
PRJ_NGO_00055_2,NGO_00055,Nutrition & Food Security Initiative #2 (Darjeeling),Completed,Community-based nutrition & food security support project serving rural/urban clusters.,Nutrition & Food Security,[],District Development Fund,"[""West Bengal""]","[""Darjeeling""]",2023-07-01,2024-11-22,17,1722,15,3,6,Successfully completed primary community training and material deployment.,"[""District Administration"", ""Local Panchayat""]",https://eleos.org/projects/PRJ_NGO_00055_2,Annual Report,Self-reported
PRJ_NGO_00055_3,NGO_00055,Nutrition & Food Security Initiative #3 (Darjeeling),Completed,Community-based nutrition & food security support project serving rural/urban clusters.,Nutrition & Food Security,[],,"[""West Bengal""]","[""Darjeeling""]",2022-12-01,2023-12-26,13,2405,15,5,2,Successfully completed primary community training and material deployment.,"[""District Administration"", ""Local Panchayat""]",https://eleos.org/projects/PRJ_NGO_00055_3,Annual Report,Self-reported
PRJ_NGO_00055_4,NGO_00055,Nutrition & Food Security Initiative #4 (Darjeeling),Completed,Community-based nutrition & food security support project serving rural/urban clusters.,Nutrition & Food Security,[],Public Donations,"[""West Bengal""]","[""Darjeeling""]",2022-10-01,2024-06-22,21,1127,20,6,2,Successfully completed primary community training and material deployment.,[],https://eleos.org/projects/PRJ_NGO_00055_4,Annual Report,Self-reported
PRJ_NGO_00055_5,NGO_00055,Nutrition & Food Security Initiative #5 (Darjeeling),Completed,Community-based nutrition & food security support project serving rural/urban clusters.,Nutrition & Food Security,[],Public Donations,"[""West Bengal""]","[""Darjeeling""]",2022-12-01,2024-09-21,22,4008,18,3,6,Successfully completed primary community training and material deployment.,"[""District Administration"", ""Local Panchayat""]",https://eleos.org/projects/PRJ_NGO_00055_5,Annual Report,Self-reported
PRJ_NGO_00055_6,NGO_00055,Nutrition & Food Security Initiative #6 (Darjeeling),Completed,Community-based nutrition & food security support project serving rural/urban clusters.,Nutrition & Food Security,[],State Grant,"[""West Bengal""]","[""Darjeeling""]",2022-02-01,2023-02-26,13,839,19,5,6,Successfully completed primary community training and material deployment.,[],https://eleos.org/projects/PRJ_NGO_00055_6,Annual Report,Self-reported
PRJ_NGO_00055_7,NGO_00055,Nutrition & Food Security Initiative #7 (Darjeeling),Completed,Community-based nutrition & food security support project serving rural/urban clusters.,Nutrition & Food Security,[],CSR India Grant,"[""West Bengal""]","[""Darjeeling""]",2022-06-01,2024-04-21,23,4040,16,6,6,Successfully completed primary community training and material deployment.,"[""District Administration"", ""Local Panchayat""]",https://eleos.org/projects/PRJ_NGO_00055_7,Annual Report,Self-reported
PRJ_NGO_00056_1,NGO_00056,Environment & Forests Initiative #1 (Howrah),Ongoing,Community-based environment & forests support project serving rural/urban clusters.,Environment & Forests,[],State Grant,"[""West Bengal""]","[""Howrah""]",2025-08-01,,18,2668,17,4,2,,"[""District Administration"", ""Local Panchayat""]",https://eleos.org/projects/PRJ_NGO_00056_1,Annual Report,Self-reported
PRJ_NGO_00057_1,NGO_00057,Healthcare & Medical Initiative #1 (Mangaluru),Completed,Community-based healthcare & medical support project serving rural/urban clusters.,Healthcare & Medical,"[""Skill Development & Livelihood"", ""Rural Development""]",Public Donations,"[""Karnataka""]","[""Mangaluru""]",2024-12-01,2026-03-26,16,1526,4,5,2,Successfully completed primary community training and material deployment.,[],https://eleos.org/projects/PRJ_NGO_00057_1,Annual Report,Self-reported
PRJ_NGO_00057_2,NGO_00057,Healthcare & Medical Initiative #2 (Mangaluru),Completed,Community-based healthcare & medical support project serving rural/urban clusters.,Healthcare & Medical,"[""Skill Development & Livelihood"", ""Rural Development""]",Public Donations,"[""Karnataka""]","[""Mangaluru""]",2023-06-01,2023-12-28,7,2368,7,6,2,Successfully completed primary community training and material deployment.,"[""District Administration"", ""Local Panchayat""]",https://eleos.org/projects/PRJ_NGO_00057_2,Annual Report,Self-reported
PRJ_NGO_00058_1,NGO_00058,Education Initiative #1 (Belagavi),Ongoing,Community-based education support project serving rural/urban clusters.,Education,[],State Grant,"[""Karnataka""]","[""Belagavi""]",2024-10-01,,13,3384,4,5,2,,"[""District Administration"", ""Local Panchayat""]",https://eleos.org/projects/PRJ_NGO_00058_1,Annual Report,Self-reported
PRJ_NGO_00058_2,NGO_00058,Education Initiative #2 (Belagavi),Completed,Community-based education support project serving rural/urban clusters.,Education,[],CSR India Grant,"[""Karnataka""]","[""Belagavi""]",2023-08-01,2024-01-28,6,2979,3,5,2,Successfully completed primary community training and material deployment.,"[""District Administration"", ""Local Panchayat""]",https://eleos.org/projects/PRJ_NGO_00058_2,Annual Report,Self-reported
PRJ_NGO_00058_3,NGO_00058,Education Initiative #3 (Belagavi),Completed,Community-based education support project serving rural/urban clusters.,Education,[],State Grant,"[""Karnataka""]","[""Belagavi""]",2022-04-01,2024-01-21,22,4595,6,4,2,Successfully completed primary community training and material deployment.,[],https://eleos.org/projects/PRJ_NGO_00058_3,Annual Report,Self-reported
PRJ_NGO_00059_1,NGO_00059,Child Welfare Initiative #1 (Jaipur),Completed,Community-based child welfare support project serving rural/urban clusters.,Child Welfare,"[""Nutrition & Food Security""]",State Grant,"[""Rajasthan""]","[""Jaipur""]",2024-10-01,2025-12-25,15,4099,6,4,3,Successfully completed primary community training and material deployment.,"[""District Administration"", ""Local Panchayat""]",https://eleos.org/projects/PRJ_NGO_00059_1,Annual Report,Self-reported
PRJ_NGO_00060_1,NGO_00060,Environment & Forests Initiative #1 (Central Delhi),Ongoing,Community-based environment & forests support project serving rural/urban clusters.,Environment & Forests,"[""Rural Development"", ""Women Empowerment""]",District Development Fund,"[""Delhi""]","[""Central Delhi""]",2024-09-01,,21,4078,16,5,1,,"[""District Administration"", ""Local Panchayat""]",https://eleos.org/projects/PRJ_NGO_00060_1,Annual Report,Self-reported
PRJ_NGO_00060_2,NGO_00060,Environment & Forests Initiative #2 (Central Delhi),Completed,Community-based environment & forests support project serving rural/urban clusters.,Environment & Forests,"[""Rural Development"", ""Women Empowerment""]",District Development Fund,"[""Delhi""]","[""Central Delhi""]",2023-12-01,2024-12-25,13,2881,15,4,6,Successfully completed primary community training and material deployment.,"[""District Administration"", ""Local Panchayat""]",https://eleos.org/projects/PRJ_NGO_00060_2,Annual Report,Self-reported
PRJ_NGO_00060_3,NGO_00060,Environment & Forests Initiative #3 (Central Delhi),Completed,Community-based environment & forests support project serving rural/urban clusters.,Environment & Forests,"[""Rural Development"", ""Women Empowerment""]",State Grant,"[""Delhi""]","[""Central Delhi""]",2022-10-01,2023-03-30,6,562,3,6,6,Successfully completed primary community training and material deployment.,[],https://eleos.org/projects/PRJ_NGO_00060_3,Annual Report,Self-reported
PRJ_NGO_00061_1,NGO_00061,Disaster Relief & Rehabilitation Initiative #1 (Nashik),Completed,Community-based disaster relief & rehabilitation support project serving rural/urban clusters.,Disaster Relief & Rehabilitation,[],District Development Fund,"[""Maharashtra""]","[""Nashik""]",2025-10-01,2026-09-26,12,2825,13,5,6,Successfully completed primary community training and material deployment.,"[""District Administration"", ""Local Panchayat""]",https://eleos.org/projects/PRJ_NGO_00061_1,Annual Report,Self-reported
PRJ_NGO_00061_2,NGO_00061,Disaster Relief & Rehabilitation Initiative #2 (Nashik),Completed,Community-based disaster relief & rehabilitation support project serving rural/urban clusters.,Disaster Relief & Rehabilitation,[],CSR India Grant,"[""Maharashtra""]","[""Nashik""]",2024-05-01,2024-11-27,7,3254,13,6,5,Successfully completed primary community training and material deployment.,"[""District Administration"", ""Local Panchayat""]",https://eleos.org/projects/PRJ_NGO_00061_2,Annual Report,Self-reported
PRJ_NGO_00061_3,NGO_00061,Disaster Relief & Rehabilitation Initiative #3 (Nashik),Completed,Community-based disaster relief & rehabilitation support project serving rural/urban clusters.,Disaster Relief & Rehabilitation,[],,"[""Maharashtra""]","[""Nashik""]",2023-02-01,2024-10-23,21,4565,11,6,6,Successfully completed primary community training and material deployment.,[],https://eleos.org/projects/PRJ_NGO_00061_3,Annual Report,Self-reported
PRJ_NGO_00061_4,NGO_00061,Disaster Relief & Rehabilitation Initiative #4 (Nashik),Completed,Community-based disaster relief & rehabilitation support project serving rural/urban clusters.,Disaster Relief & Rehabilitation,[],District Development Fund,"[""Maharashtra""]","[""Nashik""]",2022-11-01,2023-06-29,8,3950,4,3,5,Successfully completed primary community training and material deployment.,"[""District Administration"", ""Local Panchayat""]",https://eleos.org/projects/PRJ_NGO_00061_4,Annual Report,Self-reported
PRJ_NGO_00061_5,NGO_00061,Disaster Relief & Rehabilitation Initiative #5 (Nashik),Completed,Community-based disaster relief & rehabilitation support project serving rural/urban clusters.,Disaster Relief & Rehabilitation,[],CSR India Grant,"[""Maharashtra""]","[""Nashik""]",2021-05-01,2021-12-27,8,1549,10,3,3,Successfully completed primary community training and material deployment.,"[""District Administration"", ""Local Panchayat""]",https://eleos.org/projects/PRJ_NGO_00061_5,Annual Report,Self-reported
PRJ_NGO_00061_6,NGO_00061,Disaster Relief & Rehabilitation Initiative #6 (Nashik),Completed,Community-based disaster relief & rehabilitation support project serving rural/urban clusters.,Disaster Relief & Rehabilitation,[],CSR India Grant,"[""Maharashtra""]","[""Nashik""]",2020-04-01,2022-01-21,22,2601,15,4,5,Successfully completed primary community training and material deployment.,[],https://eleos.org/projects/PRJ_NGO_00061_6,Annual Report,Self-reported
PRJ_NGO_00061_7,NGO_00061,Disaster Relief & Rehabilitation Initiative #7 (Nashik),Completed,Community-based disaster relief & rehabilitation support project serving rural/urban clusters.,Disaster Relief & Rehabilitation,[],Public Donations,"[""Maharashtra""]","[""Nashik""]",2019-08-01,2020-01-28,6,1748,4,3,3,Successfully completed primary community training and material deployment.,"[""District Administration"", ""Local Panchayat""]",https://eleos.org/projects/PRJ_NGO_00061_7,Annual Report,Self-reported
PRJ_NGO_00062_1,NGO_00062,Water & Sanitation Initiative #1 (Sundargarh),Completed,Community-based water & sanitation support project serving rural/urban clusters.,Water & Sanitation,"[""Nutrition & Food Security""]",CSR India Grant,"[""Odisha""]","[""Sundargarh""]",2024-08-01,2026-06-22,23,1966,16,6,5,Successfully completed primary community training and material deployment.,[],https://eleos.org/projects/PRJ_NGO_00062_1,Annual Report,Self-reported
PRJ_NGO_00062_2,NGO_00062,Water & Sanitation Initiative #2 (Sundargarh),Completed,Community-based water & sanitation support project serving rural/urban clusters.,Water & Sanitation,"[""Nutrition & Food Security""]",State Grant,"[""Odisha""]","[""Sundargarh""]",2023-12-01,2025-06-23,19,1343,20,3,3,Successfully completed primary community training and material deployment.,[],https://eleos.org/projects/PRJ_NGO_00062_2,Annual Report,Self-reported
PRJ_NGO_00062_3,NGO_00062,Water & Sanitation Initiative #3 (Sundargarh),Completed,Community-based water & sanitation support project serving rural/urban clusters.,Water & Sanitation,"[""Nutrition & Food Security""]",Public Donations,"[""Odisha""]","[""Sundargarh""]",2022-08-01,2024-05-22,22,741,20,6,2,Successfully completed primary community training and material deployment.,[],https://eleos.org/projects/PRJ_NGO_00062_3,Annual Report,Self-reported
PRJ_NGO_00062_4,NGO_00062,Water & Sanitation Initiative #4 (Sundargarh),Completed,Community-based water & sanitation support project serving rural/urban clusters.,Water & Sanitation,"[""Nutrition & Food Security""]",State Grant,"[""Odisha""]","[""Sundargarh""]",2021-11-01,2022-12-26,14,1632,19,6,6,Successfully completed primary community training and material deployment.,"[""District Administration"", ""Local Panchayat""]",https://eleos.org/projects/PRJ_NGO_00062_4,Annual Report,Self-reported
PRJ_NGO_00063_1,NGO_00063,Education Initiative #1 (Kozhikode),Completed,Community-based education support project serving rural/urban clusters.,Education,"[""Water & Sanitation""]",State Grant,"[""Kerala""]","[""Kozhikode""]",2024-02-01,2025-08-24,19,825,5,4,2,Successfully completed primary community training and material deployment.,"[""District Administration"", ""Local Panchayat""]",https://eleos.org/projects/PRJ_NGO_00063_1,Annual Report,Self-reported
PRJ_NGO_00063_2,NGO_00063,Education Initiative #2 (Kozhikode),Completed,Community-based education support project serving rural/urban clusters.,Education,"[""Water & Sanitation""]",District Development Fund,"[""Kerala""]","[""Kozhikode""]",2023-05-01,2024-09-22,17,3820,18,5,3,Successfully completed primary community training and material deployment.,"[""District Administration"", ""Local Panchayat""]",https://eleos.org/projects/PRJ_NGO_00063_2,Annual Report,Self-reported
PRJ_NGO_00063_3,NGO_00063,Education Initiative #3 (Kozhikode),Completed,Community-based education support project serving rural/urban clusters.,Education,"[""Water & Sanitation""]",District Development Fund,"[""Kerala""]","[""Kozhikode""]",2022-01-01,2022-09-28,9,1254,6,4,4,Successfully completed primary community training and material deployment.,[],https://eleos.org/projects/PRJ_NGO_00063_3,Annual Report,Self-reported
PRJ_NGO_00063_4,NGO_00063,Education Initiative #4 (Kozhikode),Completed,Community-based education support project serving rural/urban clusters.,Education,"[""Water & Sanitation""]",State Grant,"[""Kerala""]","[""Kozhikode""]",2021-03-01,2021-10-27,8,1115,4,3,5,Successfully completed primary community training and material deployment.,"[""District Administration"", ""Local Panchayat""]",https://eleos.org/projects/PRJ_NGO_00063_4,Annual Report,Self-reported
PRJ_NGO_00063_5,NGO_00063,Education Initiative #5 (Kozhikode),Completed,Community-based education support project serving rural/urban clusters.,Education,"[""Water & Sanitation""]",CSR India Grant,"[""Kerala""]","[""Kozhikode""]",2020-01-01,2020-12-26,12,468,18,3,5,Successfully completed primary community training and material deployment.,[],https://eleos.org/projects/PRJ_NGO_00063_5,Annual Report,Self-reported
PRJ_NGO_00063_6,NGO_00063,Education Initiative #6 (Kozhikode),Completed,Community-based education support project serving rural/urban clusters.,Education,"[""Water & Sanitation""]",CSR India Grant,"[""Kerala""]","[""Kozhikode""]",2019-05-01,2019-11-27,7,2671,2,3,2,Successfully completed primary community training and material deployment.,"[""District Administration"", ""Local Panchayat""]",https://eleos.org/projects/PRJ_NGO_00063_6,Annual Report,Self-reported
PRJ_NGO_00064_1,NGO_00064,Water & Sanitation Initiative #1 (Dharwad),Completed,Community-based water & sanitation support project serving rural/urban clusters.,Water & Sanitation,"[""Disaster Relief & Rehabilitation""]",District Development Fund,"[""Karnataka""]","[""Dharwad""]",2024-08-01,2025-01-28,6,3334,12,4,4,Successfully completed primary community training and material deployment.,"[""District Administration"", ""Local Panchayat""]",https://eleos.org/projects/PRJ_NGO_00064_1,Annual Report,Self-reported
PRJ_NGO_00064_2,NGO_00064,Water & Sanitation Initiative #2 (Dharwad),Completed,Community-based water & sanitation support project serving rural/urban clusters.,Water & Sanitation,"[""Disaster Relief & Rehabilitation""]",,"[""Karnataka""]","[""Dharwad""]",2023-02-01,2023-09-29,8,4232,16,4,4,Successfully completed primary community training and material deployment.,"[""District Administration"", ""Local Panchayat""]",https://eleos.org/projects/PRJ_NGO_00064_2,Annual Report,Self-reported
PRJ_NGO_00065_1,NGO_00065,Women Empowerment Initiative #1 (Vadodara),Completed,Community-based women empowerment support project serving rural/urban clusters.,Women Empowerment,"[""Child Welfare""]",,"[""Gujarat""]","[""Vadodara""]",2024-10-01,2025-05-29,8,976,20,5,4,Successfully completed primary community training and material deployment.,[],https://eleos.org/projects/PRJ_NGO_00065_1,Annual Report,Self-reported
PRJ_NGO_00065_2,NGO_00065,Women Empowerment Initiative #2 (Vadodara),Completed,Community-based women empowerment support project serving rural/urban clusters.,Women Empowerment,"[""Child Welfare""]",State Grant,"[""Gujarat""]","[""Vadodara""]",2023-09-01,2025-05-23,21,1918,13,3,4,Successfully completed primary community training and material deployment.,"[""District Administration"", ""Local Panchayat""]",https://eleos.org/projects/PRJ_NGO_00065_2,Annual Report,Self-reported
PRJ_NGO_00065_3,NGO_00065,Women Empowerment Initiative #3 (Vadodara),Completed,Community-based women empowerment support project serving rural/urban clusters.,Women Empowerment,"[""Child Welfare""]",,"[""Gujarat""]","[""Vadodara""]",2022-05-01,2023-11-22,19,2766,8,6,5,Successfully completed primary community training and material deployment.,[],https://eleos.org/projects/PRJ_NGO_00065_3,Annual Report,Self-reported
PRJ_NGO_00065_4,NGO_00065,Women Empowerment Initiative #4 (Vadodara),Completed,Community-based women empowerment support project serving rural/urban clusters.,Women Empowerment,"[""Child Welfare""]",,"[""Gujarat""]","[""Vadodara""]",2021-09-01,2023-04-24,20,1679,2,4,6,Successfully completed primary community training and material deployment.,"[""District Administration"", ""Local Panchayat""]",https://eleos.org/projects/PRJ_NGO_00065_4,Annual Report,Self-reported
PRJ_NGO_00065_5,NGO_00065,Women Empowerment Initiative #5 (Vadodara),Completed,Community-based women empowerment support project serving rural/urban clusters.,Women Empowerment,"[""Child Welfare""]",Public Donations,"[""Gujarat""]","[""Vadodara""]",2020-11-01,2022-06-24,20,4564,15,3,6,Successfully completed primary community training and material deployment.,[],https://eleos.org/projects/PRJ_NGO_00065_5,Annual Report,Self-reported
PRJ_NGO_00066_1,NGO_00066,Nutrition & Food Security Initiative #1 (Dharwad),Ongoing,Community-based nutrition & food security support project serving rural/urban clusters.,Nutrition & Food Security,[],Public Donations,"[""Karnataka""]","[""Dharwad""]",2024-09-01,,18,3172,5,4,2,,[],https://eleos.org/projects/PRJ_NGO_00066_1,Annual Report,Self-reported
PRJ_NGO_00066_2,NGO_00066,Nutrition & Food Security Initiative #2 (Dharwad),Completed,Community-based nutrition & food security support project serving rural/urban clusters.,Nutrition & Food Security,[],Public Donations,"[""Karnataka""]","[""Dharwad""]",2023-07-01,2024-08-24,14,939,9,5,3,Successfully completed primary community training and material deployment.,"[""District Administration"", ""Local Panchayat""]",https://eleos.org/projects/PRJ_NGO_00066_2,Annual Report,Self-reported
PRJ_NGO_00066_3,NGO_00066,Nutrition & Food Security Initiative #3 (Dharwad),Completed,Community-based nutrition & food security support project serving rural/urban clusters.,Nutrition & Food Security,[],Public Donations,"[""Karnataka""]","[""Dharwad""]",2022-03-01,2023-10-22,20,3528,3,5,2,Successfully completed primary community training and material deployment.,"[""District Administration"", ""Local Panchayat""]",https://eleos.org/projects/PRJ_NGO_00066_3,Annual Report,Self-reported
PRJ_NGO_00066_4,NGO_00066,Nutrition & Food Security Initiative #4 (Dharwad),Completed,Community-based nutrition & food security support project serving rural/urban clusters.,Nutrition & Food Security,[],State Grant,"[""Karnataka""]","[""Dharwad""]",2021-08-01,2023-04-23,21,2925,15,3,3,Successfully completed primary community training and material deployment.,"[""District Administration"", ""Local Panchayat""]",https://eleos.org/projects/PRJ_NGO_00066_4,Annual Report,Self-reported
PRJ_NGO_00066_5,NGO_00066,Nutrition & Food Security Initiative #5 (Dharwad),Completed,Community-based nutrition & food security support project serving rural/urban clusters.,Nutrition & Food Security,[],Public Donations,"[""Karnataka""]","[""Dharwad""]",2020-09-01,2021-04-29,8,3647,19,5,5,Successfully completed primary community training and material deployment.,"[""District Administration"", ""Local Panchayat""]",https://eleos.org/projects/PRJ_NGO_00066_5,Annual Report,Self-reported
PRJ_NGO_00066_6,NGO_00066,Nutrition & Food Security Initiative #6 (Dharwad),Completed,Community-based nutrition & food security support project serving rural/urban clusters.,Nutrition & Food Security,[],State Grant,"[""Karnataka""]","[""Dharwad""]",2019-01-01,2019-11-27,11,1314,2,6,3,Successfully completed primary community training and material deployment.,"[""District Administration"", ""Local Panchayat""]",https://eleos.org/projects/PRJ_NGO_00066_6,Annual Report,Self-reported
PRJ_NGO_00066_7,NGO_00066,Nutrition & Food Security Initiative #7 (Dharwad),Completed,Community-based nutrition & food security support project serving rural/urban clusters.,Nutrition & Food Security,[],CSR India Grant,"[""Karnataka""]","[""Dharwad""]",2018-06-01,2020-05-21,24,1107,7,4,6,Successfully completed primary community training and material deployment.,"[""District Administration"", ""Local Panchayat""]",https://eleos.org/projects/PRJ_NGO_00066_7,Annual Report,Self-reported
PRJ_NGO_00067_1,NGO_00067,Healthcare & Medical Initiative #1 (Kozhikode),Completed,Community-based healthcare & medical support project serving rural/urban clusters.,Healthcare & Medical,[],CSR India Grant,"[""Kerala""]","[""Kozhikode""]",2024-08-01,2025-03-29,8,4041,6,5,5,Successfully completed primary community training and material deployment.,"[""District Administration"", ""Local Panchayat""]",https://eleos.org/projects/PRJ_NGO_00067_1,Annual Report,Self-reported
PRJ_NGO_00067_2,NGO_00067,Healthcare & Medical Initiative #2 (Kozhikode),Completed,Community-based healthcare & medical support project serving rural/urban clusters.,Healthcare & Medical,[],State Grant,"[""Kerala""]","[""Kozhikode""]",2023-12-01,2025-05-24,18,2299,4,3,6,Successfully completed primary community training and material deployment.,[],https://eleos.org/projects/PRJ_NGO_00067_2,Annual Report,Self-reported
PRJ_NGO_00067_3,NGO_00067,Healthcare & Medical Initiative #3 (Kozhikode),Completed,Community-based healthcare & medical support project serving rural/urban clusters.,Healthcare & Medical,[],State Grant,"[""Kerala""]","[""Kozhikode""]",2022-06-01,2023-06-26,13,3102,3,3,4,Successfully completed primary community training and material deployment.,"[""District Administration"", ""Local Panchayat""]",https://eleos.org/projects/PRJ_NGO_00067_3,Annual Report,Self-reported
PRJ_NGO_00067_4,NGO_00067,Healthcare & Medical Initiative #4 (Kozhikode),Completed,Community-based healthcare & medical support project serving rural/urban clusters.,Healthcare & Medical,[],State Grant,"[""Kerala""]","[""Kozhikode""]",2022-07-01,2023-09-24,15,3238,6,3,6,Successfully completed primary community training and material deployment.,[],https://eleos.org/projects/PRJ_NGO_00067_4,Annual Report,Self-reported
PRJ_NGO_00067_5,NGO_00067,Healthcare & Medical Initiative #5 (Kozhikode),Completed,Community-based healthcare & medical support project serving rural/urban clusters.,Healthcare & Medical,[],State Grant,"[""Kerala""]","[""Kozhikode""]",2022-03-01,2023-12-21,22,2978,16,4,2,Successfully completed primary community training and material deployment.,[],https://eleos.org/projects/PRJ_NGO_00067_5,Annual Report,Self-reported
PRJ_NGO_00067_6,NGO_00067,Healthcare & Medical Initiative #6 (Kozhikode),Completed,Community-based healthcare & medical support project serving rural/urban clusters.,Healthcare & Medical,[],District Development Fund,"[""Kerala""]","[""Kozhikode""]",2022-09-01,2024-03-24,19,2333,5,5,2,Successfully completed primary community training and material deployment.,"[""District Administration"", ""Local Panchayat""]",https://eleos.org/projects/PRJ_NGO_00067_6,Annual Report,Self-reported
PRJ_NGO_00068_1,NGO_00068,Nutrition & Food Security Initiative #1 (Kozhikode),Ongoing,Community-based nutrition & food security support project serving rural/urban clusters.,Nutrition & Food Security,"[""Skill Development & Livelihood"", ""Child Welfare""]",Public Donations,"[""Kerala""]","[""Kozhikode""]",2024-08-01,,19,1275,13,3,2,,"[""District Administration"", ""Local Panchayat""]",https://eleos.org/projects/PRJ_NGO_00068_1,Annual Report,Self-reported
PRJ_NGO_00068_2,NGO_00068,Nutrition & Food Security Initiative #2 (Kozhikode),Completed,Community-based nutrition & food security support project serving rural/urban clusters.,Nutrition & Food Security,"[""Skill Development & Livelihood"", ""Child Welfare""]",State Grant,"[""Kerala""]","[""Kozhikode""]",2023-08-01,2025-03-23,20,4102,10,6,2,Successfully completed primary community training and material deployment.,"[""District Administration"", ""Local Panchayat""]",https://eleos.org/projects/PRJ_NGO_00068_2,Annual Report,Self-reported
PRJ_NGO_00068_3,NGO_00068,Nutrition & Food Security Initiative #3 (Kozhikode),Completed,Community-based nutrition & food security support project serving rural/urban clusters.,Nutrition & Food Security,"[""Skill Development & Livelihood"", ""Child Welfare""]",State Grant,"[""Kerala""]","[""Kozhikode""]",2022-06-01,2023-04-27,11,3689,4,3,6,Successfully completed primary community training and material deployment.,[],https://eleos.org/projects/PRJ_NGO_00068_3,Annual Report,Self-reported
PRJ_NGO_00069_1,NGO_00069,Environment & Forests Initiative #1 (Jaipur),Ongoing,Community-based environment & forests support project serving rural/urban clusters.,Environment & Forests,"[""Disaster Relief & Rehabilitation""]",State Grant,"[""Rajasthan""]","[""Jaipur""]",2024-05-01,,24,617,12,3,1,,"[""District Administration"", ""Local Panchayat""]",https://eleos.org/projects/PRJ_NGO_00069_1,Annual Report,Self-reported
PRJ_NGO_00069_2,NGO_00069,Environment & Forests Initiative #2 (Jaipur),Completed,Community-based environment & forests support project serving rural/urban clusters.,Environment & Forests,"[""Disaster Relief & Rehabilitation""]",State Grant,"[""Rajasthan""]","[""Jaipur""]",2023-12-01,2025-06-23,19,4260,20,5,2,Successfully completed primary community training and material deployment.,"[""District Administration"", ""Local Panchayat""]",https://eleos.org/projects/PRJ_NGO_00069_2,Annual Report,Self-reported
PRJ_NGO_00069_3,NGO_00069,Environment & Forests Initiative #3 (Jaipur),Completed,Community-based environment & forests support project serving rural/urban clusters.,Environment & Forests,"[""Disaster Relief & Rehabilitation""]",,"[""Rajasthan""]","[""Jaipur""]",2022-08-01,2024-05-22,22,4196,9,3,6,Successfully completed primary community training and material deployment.,[],https://eleos.org/projects/PRJ_NGO_00069_3,Annual Report,Self-reported
PRJ_NGO_00069_4,NGO_00069,Environment & Forests Initiative #4 (Jaipur),Completed,Community-based environment & forests support project serving rural/urban clusters.,Environment & Forests,"[""Disaster Relief & Rehabilitation""]",,"[""Rajasthan""]","[""Jaipur""]",2021-10-01,2023-01-24,16,720,10,6,5,Successfully completed primary community training and material deployment.,[],https://eleos.org/projects/PRJ_NGO_00069_4,Annual Report,Self-reported
PRJ_NGO_00069_5,NGO_00069,Environment & Forests Initiative #5 (Jaipur),Completed,Community-based environment & forests support project serving rural/urban clusters.,Environment & Forests,"[""Disaster Relief & Rehabilitation""]",State Grant,"[""Rajasthan""]","[""Jaipur""]",2020-10-01,2022-02-23,17,3773,2,4,4,Successfully completed primary community training and material deployment.,"[""District Administration"", ""Local Panchayat""]",https://eleos.org/projects/PRJ_NGO_00069_5,Annual Report,Self-reported
PRJ_NGO_00069_6,NGO_00069,Environment & Forests Initiative #6 (Jaipur),Completed,Community-based environment & forests support project serving rural/urban clusters.,Environment & Forests,"[""Disaster Relief & Rehabilitation""]",State Grant,"[""Rajasthan""]","[""Jaipur""]",2019-08-01,2020-12-23,17,2101,18,4,6,Successfully completed primary community training and material deployment.,"[""District Administration"", ""Local Panchayat""]",https://eleos.org/projects/PRJ_NGO_00069_6,Annual Report,Self-reported
PRJ_NGO_00070_1,NGO_00070,Nutrition & Food Security Initiative #1 (Dharwad),Completed,Community-based nutrition & food security support project serving rural/urban clusters.,Nutrition & Food Security,"[""Disaster Relief & Rehabilitation""]",District Development Fund,"[""Karnataka""]","[""Dharwad""]",2024-07-01,2025-01-27,7,4906,3,5,5,Successfully completed primary community training and material deployment.,"[""District Administration"", ""Local Panchayat""]",https://eleos.org/projects/PRJ_NGO_00070_1,Annual Report,Self-reported
PRJ_NGO_00070_2,NGO_00070,Nutrition & Food Security Initiative #2 (Dharwad),Completed,Community-based nutrition & food security support project serving rural/urban clusters.,Nutrition & Food Security,"[""Disaster Relief & Rehabilitation""]",Public Donations,"[""Karnataka""]","[""Dharwad""]",2023-11-01,2025-09-21,23,2769,13,3,4,Successfully completed primary community training and material deployment.,"[""District Administration"", ""Local Panchayat""]",https://eleos.org/projects/PRJ_NGO_00070_2,Annual Report,Self-reported
PRJ_NGO_00070_3,NGO_00070,Nutrition & Food Security Initiative #3 (Dharwad),Completed,Community-based nutrition & food security support project serving rural/urban clusters.,Nutrition & Food Security,"[""Disaster Relief & Rehabilitation""]",State Grant,"[""Karnataka""]","[""Dharwad""]",2022-10-01,2023-07-28,10,3855,8,6,4,Successfully completed primary community training and material deployment.,"[""District Administration"", ""Local Panchayat""]",https://eleos.org/projects/PRJ_NGO_00070_3,Annual Report,Self-reported
PRJ_NGO_00071_1,NGO_00071,Environment & Forests Initiative #1 (Kolkata),Ongoing,Community-based environment & forests support project serving rural/urban clusters.,Environment & Forests,"[""Disaster Relief & Rehabilitation"", ""Healthcare & Medical""]",State Grant,"[""West Bengal""]","[""Kolkata""]",2024-03-01,,21,1259,18,3,3,,[],https://eleos.org/projects/PRJ_NGO_00071_1,Annual Report,Self-reported
PRJ_NGO_00071_2,NGO_00071,Environment & Forests Initiative #2 (Kolkata),Completed,Community-based environment & forests support project serving rural/urban clusters.,Environment & Forests,"[""Disaster Relief & Rehabilitation"", ""Healthcare & Medical""]",District Development Fund,"[""West Bengal""]","[""Kolkata""]",2023-08-01,2024-02-27,7,4779,13,3,6,Successfully completed primary community training and material deployment.,"[""District Administration"", ""Local Panchayat""]",https://eleos.org/projects/PRJ_NGO_00071_2,Annual Report,Self-reported
PRJ_NGO_00071_3,NGO_00071,Environment & Forests Initiative #3 (Kolkata),Completed,Community-based environment & forests support project serving rural/urban clusters.,Environment & Forests,"[""Disaster Relief & Rehabilitation"", ""Healthcare & Medical""]",Public Donations,"[""West Bengal""]","[""Kolkata""]",2022-02-01,2022-10-29,9,4883,11,3,6,Successfully completed primary community training and material deployment.,[],https://eleos.org/projects/PRJ_NGO_00071_3,Annual Report,Self-reported
PRJ_NGO_00072_1,NGO_00072,Child Welfare Initiative #1 (North 24 Parganas),Completed,Community-based child welfare support project serving rural/urban clusters.,Child Welfare,[],State Grant,"[""West Bengal""]","[""North 24 Parganas""]",2024-08-01,2025-01-28,6,2114,2,5,6,Successfully completed primary community training and material deployment.,"[""District Administration"", ""Local Panchayat""]",https://eleos.org/projects/PRJ_NGO_00072_1,Annual Report,Self-reported
PRJ_NGO_00072_2,NGO_00072,Child Welfare Initiative #2 (North 24 Parganas),Completed,Community-based child welfare support project serving rural/urban clusters.,Child Welfare,[],District Development Fund,"[""West Bengal""]","[""North 24 Parganas""]",2023-11-01,2024-07-28,9,4744,6,5,6,Successfully completed primary community training and material deployment.,"[""District Administration"", ""Local Panchayat""]",https://eleos.org/projects/PRJ_NGO_00072_2,Annual Report,Self-reported
PRJ_NGO_00072_3,NGO_00072,Child Welfare Initiative #3 (North 24 Parganas),Completed,Community-based child welfare support project serving rural/urban clusters.,Child Welfare,[],District Development Fund,"[""West Bengal""]","[""North 24 Parganas""]",2022-02-01,2023-11-23,22,1366,13,4,3,Successfully completed primary community training and material deployment.,"[""District Administration"", ""Local Panchayat""]",https://eleos.org/projects/PRJ_NGO_00072_3,Annual Report,Self-reported
PRJ_NGO_00072_4,NGO_00072,Child Welfare Initiative #4 (North 24 Parganas),Completed,Community-based child welfare support project serving rural/urban clusters.,Child Welfare,[],State Grant,"[""West Bengal""]","[""North 24 Parganas""]",2021-07-01,2023-05-22,23,542,2,6,6,Successfully completed primary community training and material deployment.,[],https://eleos.org/projects/PRJ_NGO_00072_4,Annual Report,Self-reported
PRJ_NGO_00072_5,NGO_00072,Child Welfare Initiative #5 (North 24 Parganas),Completed,Community-based child welfare support project serving rural/urban clusters.,Child Welfare,[],CSR India Grant,"[""West Bengal""]","[""North 24 Parganas""]",2020-03-01,2020-08-28,6,4150,10,5,5,Successfully completed primary community training and material deployment.,"[""District Administration"", ""Local Panchayat""]",https://eleos.org/projects/PRJ_NGO_00072_5,Annual Report,Self-reported
PRJ_NGO_00072_6,NGO_00072,Child Welfare Initiative #6 (North 24 Parganas),Completed,Community-based child welfare support project serving rural/urban clusters.,Child Welfare,[],,"[""West Bengal""]","[""North 24 Parganas""]",2019-11-01,2020-10-26,12,4380,11,3,3,Successfully completed primary community training and material deployment.,"[""District Administration"", ""Local Panchayat""]",https://eleos.org/projects/PRJ_NGO_00072_6,Annual Report,Self-reported
PRJ_NGO_00073_1,NGO_00073,Rural Development Initiative #1 (Nashik),Completed,Community-based rural development support project serving rural/urban clusters.,Rural Development,[],State Grant,"[""Maharashtra""]","[""Nashik""]",2024-06-01,2025-12-23,19,2444,5,6,5,Successfully completed primary community training and material deployment.,[],https://eleos.org/projects/PRJ_NGO_00073_1,Annual Report,Self-reported
PRJ_NGO_00073_2,NGO_00073,Rural Development Initiative #2 (Nashik),Completed,Community-based rural development support project serving rural/urban clusters.,Rural Development,[],CSR India Grant,"[""Maharashtra""]","[""Nashik""]",2023-01-01,2024-01-26,13,2476,15,6,4,Successfully completed primary community training and material deployment.,[],https://eleos.org/projects/PRJ_NGO_00073_2,Annual Report,Self-reported
PRJ_NGO_00074_1,NGO_00074,Healthcare & Medical Initiative #1 (Khordha),Completed,Community-based healthcare & medical support project serving rural/urban clusters.,Healthcare & Medical,[],District Development Fund,"[""Odisha""]","[""Khordha""]",2025-06-01,2027-05-22,24,1084,5,3,6,Successfully completed primary community training and material deployment.,"[""District Administration"", ""Local Panchayat""]",https://eleos.org/projects/PRJ_NGO_00074_1,Annual Report,Self-reported
PRJ_NGO_00074_2,NGO_00074,Healthcare & Medical Initiative #2 (Khordha),Completed,Community-based healthcare & medical support project serving rural/urban clusters.,Healthcare & Medical,[],,"[""Odisha""]","[""Khordha""]",2024-10-01,2025-09-26,12,1232,18,5,4,Successfully completed primary community training and material deployment.,"[""District Administration"", ""Local Panchayat""]",https://eleos.org/projects/PRJ_NGO_00074_2,Annual Report,Self-reported
PRJ_NGO_00075_1,NGO_00075,Environment & Forests Initiative #1 (Mysuru),Ongoing,Community-based environment & forests support project serving rural/urban clusters.,Environment & Forests,"[""Skill Development & Livelihood""]",District Development Fund,"[""Karnataka""]","[""Mysuru""]",2024-01-01,,12,2527,7,4,2,,"[""District Administration"", ""Local Panchayat""]",https://eleos.org/projects/PRJ_NGO_00075_1,Annual Report,Self-reported
PRJ_NGO_00075_2,NGO_00075,Environment & Forests Initiative #2 (Mysuru),Completed,Community-based environment & forests support project serving rural/urban clusters.,Environment & Forests,"[""Skill Development & Livelihood""]",District Development Fund,"[""Karnataka""]","[""Mysuru""]",2024-06-01,2026-04-22,23,1662,8,3,3,Successfully completed primary community training and material deployment.,"[""District Administration"", ""Local Panchayat""]",https://eleos.org/projects/PRJ_NGO_00075_2,Annual Report,Self-reported
PRJ_NGO_00076_1,NGO_00076,Water & Sanitation Initiative #1 (Thiruvananthapuram),Completed,Community-based water & sanitation support project serving rural/urban clusters.,Water & Sanitation,"[""Women Empowerment"", ""Healthcare & Medical""]",State Grant,"[""Kerala""]","[""Thiruvananthapuram""]",2024-05-01,2025-09-23,17,3523,20,3,5,Successfully completed primary community training and material deployment.,"[""District Administration"", ""Local Panchayat""]",https://eleos.org/projects/PRJ_NGO_00076_1,Annual Report,Self-reported
PRJ_NGO_00076_2,NGO_00076,Water & Sanitation Initiative #2 (Thiruvananthapuram),Completed,Community-based water & sanitation support project serving rural/urban clusters.,Water & Sanitation,"[""Women Empowerment"", ""Healthcare & Medical""]",District Development Fund,"[""Kerala""]","[""Thiruvananthapuram""]",2023-03-01,2024-08-22,18,2058,8,6,3,Successfully completed primary community training and material deployment.,"[""District Administration"", ""Local Panchayat""]",https://eleos.org/projects/PRJ_NGO_00076_2,Annual Report,Self-reported
PRJ_NGO_00077_1,NGO_00077,Skill Development & Livelihood Initiative #1 (Udaipur),Completed,Community-based skill development & livelihood support project serving rural/urban clusters.,Skill Development & Livelihood,"[""Education""]",,"[""Rajasthan""]","[""Udaipur""]",2024-11-01,2025-09-27,11,982,14,3,3,Successfully completed primary community training and material deployment.,"[""District Administration"", ""Local Panchayat""]",https://eleos.org/projects/PRJ_NGO_00077_1,Annual Report,Self-reported
PRJ_NGO_00077_2,NGO_00077,Skill Development & Livelihood Initiative #2 (Udaipur),Completed,Community-based skill development & livelihood support project serving rural/urban clusters.,Skill Development & Livelihood,"[""Education""]",,"[""Rajasthan""]","[""Udaipur""]",2023-03-01,2024-04-24,14,2591,4,4,5,Successfully completed primary community training and material deployment.,"[""District Administration"", ""Local Panchayat""]",https://eleos.org/projects/PRJ_NGO_00077_2,Annual Report,Self-reported
PRJ_NGO_00077_3,NGO_00077,Skill Development & Livelihood Initiative #3 (Udaipur),Completed,Community-based skill development & livelihood support project serving rural/urban clusters.,Skill Development & Livelihood,"[""Education""]",Public Donations,"[""Rajasthan""]","[""Udaipur""]",2022-09-01,2023-05-29,9,826,5,5,5,Successfully completed primary community training and material deployment.,"[""District Administration"", ""Local Panchayat""]",https://eleos.org/projects/PRJ_NGO_00077_3,Annual Report,Self-reported
PRJ_NGO_00077_4,NGO_00077,Skill Development & Livelihood Initiative #4 (Udaipur),Completed,Community-based skill development & livelihood support project serving rural/urban clusters.,Skill Development & Livelihood,"[""Education""]",,"[""Rajasthan""]","[""Udaipur""]",2021-05-01,2022-04-26,12,565,16,3,2,Successfully completed primary community training and material deployment.,"[""District Administration"", ""Local Panchayat""]",https://eleos.org/projects/PRJ_NGO_00077_4,Annual Report,Self-reported
PRJ_NGO_00077_5,NGO_00077,Skill Development & Livelihood Initiative #5 (Udaipur),Completed,Community-based skill development & livelihood support project serving rural/urban clusters.,Skill Development & Livelihood,"[""Education""]",State Grant,"[""Rajasthan""]","[""Udaipur""]",2020-11-01,2022-06-24,20,3015,14,4,5,Successfully completed primary community training and material deployment.,[],https://eleos.org/projects/PRJ_NGO_00077_5,Annual Report,Self-reported
PRJ_NGO_00078_1,NGO_00078,Environment & Forests Initiative #1 (Noida),Ongoing,Community-based environment & forests support project serving rural/urban clusters.,Environment & Forests,"[""Nutrition & Food Security""]",State Grant,"[""Uttar Pradesh""]","[""Noida""]",2024-02-01,,16,1288,12,4,3,,"[""District Administration"", ""Local Panchayat""]",https://eleos.org/projects/PRJ_NGO_00078_1,Annual Report,Self-reported
PRJ_NGO_00078_2,NGO_00078,Environment & Forests Initiative #2 (Noida),Completed,Community-based environment & forests support project serving rural/urban clusters.,Environment & Forests,"[""Nutrition & Food Security""]",State Grant,"[""Uttar Pradesh""]","[""Noida""]",2023-12-01,2025-03-25,16,753,12,3,6,Successfully completed primary community training and material deployment.,"[""District Administration"", ""Local Panchayat""]",https://eleos.org/projects/PRJ_NGO_00078_2,Annual Report,Self-reported
PRJ_NGO_00078_3,NGO_00078,Environment & Forests Initiative #3 (Noida),Completed,Community-based environment & forests support project serving rural/urban clusters.,Environment & Forests,"[""Nutrition & Food Security""]",,"[""Uttar Pradesh""]","[""Noida""]",2022-08-01,2024-01-23,18,2104,18,3,3,Successfully completed primary community training and material deployment.,[],https://eleos.org/projects/PRJ_NGO_00078_3,Annual Report,Self-reported
PRJ_NGO_00078_4,NGO_00078,Environment & Forests Initiative #4 (Noida),Completed,Community-based environment & forests support project serving rural/urban clusters.,Environment & Forests,"[""Nutrition & Food Security""]",District Development Fund,"[""Uttar Pradesh""]","[""Noida""]",2021-02-01,2022-04-27,15,3710,9,3,2,Successfully completed primary community training and material deployment.,[],https://eleos.org/projects/PRJ_NGO_00078_4,Annual Report,Self-reported
PRJ_NGO_00078_5,NGO_00078,Environment & Forests Initiative #5 (Noida),Completed,Community-based environment & forests support project serving rural/urban clusters.,Environment & Forests,"[""Nutrition & Food Security""]",District Development Fund,"[""Uttar Pradesh""]","[""Noida""]",2020-08-01,2021-10-25,15,1442,14,4,2,Successfully completed primary community training and material deployment.,[],https://eleos.org/projects/PRJ_NGO_00078_5,Annual Report,Self-reported
PRJ_NGO_00078_6,NGO_00078,Environment & Forests Initiative #6 (Noida),Completed,Community-based environment & forests support project serving rural/urban clusters.,Environment & Forests,"[""Nutrition & Food Security""]",Public Donations,"[""Uttar Pradesh""]","[""Noida""]",2019-12-01,2021-07-23,20,1299,10,5,2,Successfully completed primary community training and material deployment.,"[""District Administration"", ""Local Panchayat""]",https://eleos.org/projects/PRJ_NGO_00078_6,Annual Report,Self-reported
PRJ_NGO_00079_1,NGO_00079,Disaster Relief & Rehabilitation Initiative #1 (South Delhi),Completed,Community-based disaster relief & rehabilitation support project serving rural/urban clusters.,Disaster Relief & Rehabilitation,"[""Women Empowerment""]",Public Donations,"[""Delhi""]","[""South Delhi""]",2024-08-01,2025-03-29,8,1319,17,4,3,Successfully completed primary community training and material deployment.,"[""District Administration"", ""Local Panchayat""]",https://eleos.org/projects/PRJ_NGO_00079_1,Annual Report,Self-reported
PRJ_NGO_00079_2,NGO_00079,Disaster Relief & Rehabilitation Initiative #2 (South Delhi),Completed,Community-based disaster relief & rehabilitation support project serving rural/urban clusters.,Disaster Relief & Rehabilitation,"[""Women Empowerment""]",,"[""Delhi""]","[""South Delhi""]",2024-01-01,2024-06-29,6,3265,17,6,5,Successfully completed primary community training and material deployment.,"[""District Administration"", ""Local Panchayat""]",https://eleos.org/projects/PRJ_NGO_00079_2,Annual Report,Self-reported
PRJ_NGO_00080_1,NGO_00080,Nutrition & Food Security Initiative #1 (Udaipur),Ongoing,Community-based nutrition & food security support project serving rural/urban clusters.,Nutrition & Food Security,"[""Disaster Relief & Rehabilitation"", ""Women Empowerment""]",,"[""Rajasthan""]","[""Udaipur""]",2024-07-01,,20,1094,7,3,2,,[],https://eleos.org/projects/PRJ_NGO_00080_1,Annual Report,Self-reported
PRJ_NGO_00080_2,NGO_00080,Nutrition & Food Security Initiative #2 (Udaipur),Completed,Community-based nutrition & food security support project serving rural/urban clusters.,Nutrition & Food Security,"[""Disaster Relief & Rehabilitation"", ""Women Empowerment""]",CSR India Grant,"[""Rajasthan""]","[""Udaipur""]",2023-02-01,2024-03-27,14,3002,2,4,5,Successfully completed primary community training and material deployment.,"[""District Administration"", ""Local Panchayat""]",https://eleos.org/projects/PRJ_NGO_00080_2,Annual Report,Self-reported
PRJ_NGO_00080_3,NGO_00080,Nutrition & Food Security Initiative #3 (Udaipur),Completed,Community-based nutrition & food security support project serving rural/urban clusters.,Nutrition & Food Security,"[""Disaster Relief & Rehabilitation"", ""Women Empowerment""]",CSR India Grant,"[""Rajasthan""]","[""Udaipur""]",2022-02-01,2022-07-31,6,2379,2,3,2,Successfully completed primary community training and material deployment.,[],https://eleos.org/projects/PRJ_NGO_00080_3,Annual Report,Self-reported
PRJ_NGO_00081_1,NGO_00081,Rural Development Initiative #1 (Sundargarh),Completed,Community-based rural development support project serving rural/urban clusters.,Rural Development,"[""Women Empowerment"", ""Skill Development & Livelihood""]",District Development Fund,"[""Odisha""]","[""Sundargarh""]",2025-11-01,2026-07-29,9,4578,17,3,4,Successfully completed primary community training and material deployment.,"[""District Administration"", ""Local Panchayat""]",https://eleos.org/projects/PRJ_NGO_00081_1,Annual Report,Self-reported
PRJ_NGO_00081_2,NGO_00081,Rural Development Initiative #2 (Sundargarh),Completed,Community-based rural development support project serving rural/urban clusters.,Rural Development,"[""Women Empowerment"", ""Skill Development & Livelihood""]",Public Donations,"[""Odisha""]","[""Sundargarh""]",2024-10-01,2025-05-29,8,3288,14,6,3,Successfully completed primary community training and material deployment.,[],https://eleos.org/projects/PRJ_NGO_00081_2,Annual Report,Self-reported
PRJ_NGO_00081_3,NGO_00081,Rural Development Initiative #3 (Sundargarh),Completed,Community-based rural development support project serving rural/urban clusters.,Rural Development,"[""Women Empowerment"", ""Skill Development & Livelihood""]",CSR India Grant,"[""Odisha""]","[""Sundargarh""]",2023-02-01,2024-04-26,15,1112,4,5,6,Successfully completed primary community training and material deployment.,"[""District Administration"", ""Local Panchayat""]",https://eleos.org/projects/PRJ_NGO_00081_3,Annual Report,Self-reported
PRJ_NGO_00081_4,NGO_00081,Rural Development Initiative #4 (Sundargarh),Completed,Community-based rural development support project serving rural/urban clusters.,Rural Development,"[""Women Empowerment"", ""Skill Development & Livelihood""]",,"[""Odisha""]","[""Sundargarh""]",2022-12-01,2023-08-28,9,3212,6,5,5,Successfully completed primary community training and material deployment.,"[""District Administration"", ""Local Panchayat""]",https://eleos.org/projects/PRJ_NGO_00081_4,Annual Report,Self-reported
PRJ_NGO_00082_1,NGO_00082,Water & Sanitation Initiative #1 (Cuttack),Completed,Community-based water & sanitation support project serving rural/urban clusters.,Water & Sanitation,"[""Disaster Relief & Rehabilitation""]",CSR India Grant,"[""Odisha""]","[""Cuttack""]",2024-11-01,2026-04-25,18,3998,14,5,5,Successfully completed primary community training and material deployment.,[],https://eleos.org/projects/PRJ_NGO_00082_1,Annual Report,Self-reported
PRJ_NGO_00082_2,NGO_00082,Water & Sanitation Initiative #2 (Cuttack),Completed,Community-based water & sanitation support project serving rural/urban clusters.,Water & Sanitation,"[""Disaster Relief & Rehabilitation""]",CSR India Grant,"[""Odisha""]","[""Cuttack""]",2023-02-01,2023-10-29,9,1199,17,4,2,Successfully completed primary community training and material deployment.,"[""District Administration"", ""Local Panchayat""]",https://eleos.org/projects/PRJ_NGO_00082_2,Annual Report,Self-reported
PRJ_NGO_00082_3,NGO_00082,Water & Sanitation Initiative #3 (Cuttack),Completed,Community-based water & sanitation support project serving rural/urban clusters.,Water & Sanitation,"[""Disaster Relief & Rehabilitation""]",Public Donations,"[""Odisha""]","[""Cuttack""]",2022-10-01,2024-06-22,21,974,20,4,5,Successfully completed primary community training and material deployment.,"[""District Administration"", ""Local Panchayat""]",https://eleos.org/projects/PRJ_NGO_00082_3,Annual Report,Self-reported
PRJ_NGO_00082_4,NGO_00082,Water & Sanitation Initiative #4 (Cuttack),Completed,Community-based water & sanitation support project serving rural/urban clusters.,Water & Sanitation,"[""Disaster Relief & Rehabilitation""]",Public Donations,"[""Odisha""]","[""Cuttack""]",2021-11-01,2023-05-25,19,4881,6,3,4,Successfully completed primary community training and material deployment.,[],https://eleos.org/projects/PRJ_NGO_00082_4,Annual Report,Self-reported
PRJ_NGO_00082_5,NGO_00082,Water & Sanitation Initiative #5 (Cuttack),Completed,Community-based water & sanitation support project serving rural/urban clusters.,Water & Sanitation,"[""Disaster Relief & Rehabilitation""]",State Grant,"[""Odisha""]","[""Cuttack""]",2020-09-01,2021-07-28,11,361,14,6,2,Successfully completed primary community training and material deployment.,"[""District Administration"", ""Local Panchayat""]",https://eleos.org/projects/PRJ_NGO_00082_5,Annual Report,Self-reported
PRJ_NGO_00082_6,NGO_00082,Water & Sanitation Initiative #6 (Cuttack),Completed,Community-based water & sanitation support project serving rural/urban clusters.,Water & Sanitation,"[""Disaster Relief & Rehabilitation""]",CSR India Grant,"[""Odisha""]","[""Cuttack""]",2019-10-01,2021-08-21,23,1899,5,4,6,Successfully completed primary community training and material deployment.,"[""District Administration"", ""Local Panchayat""]",https://eleos.org/projects/PRJ_NGO_00082_6,Annual Report,Self-reported
PRJ_NGO_00084_1,NGO_00084,Nutrition & Food Security Initiative #1 (Mangaluru),Completed,Community-based nutrition & food security support project serving rural/urban clusters.,Nutrition & Food Security,"[""Women Empowerment""]",State Grant,"[""Karnataka""]","[""Mangaluru""]",2024-11-01,2026-05-25,19,1699,16,5,5,Successfully completed primary community training and material deployment.,"[""District Administration"", ""Local Panchayat""]",https://eleos.org/projects/PRJ_NGO_00084_1,Annual Report,Self-reported
PRJ_NGO_00084_2,NGO_00084,Nutrition & Food Security Initiative #2 (Mangaluru),Completed,Community-based nutrition & food security support project serving rural/urban clusters.,Nutrition & Food Security,"[""Women Empowerment""]",,"[""Karnataka""]","[""Mangaluru""]",2023-05-01,2024-11-21,19,2074,11,3,4,Successfully completed primary community training and material deployment.,"[""District Administration"", ""Local Panchayat""]",https://eleos.org/projects/PRJ_NGO_00084_2,Annual Report,Self-reported
PRJ_NGO_00084_3,NGO_00084,Nutrition & Food Security Initiative #3 (Mangaluru),Completed,Community-based nutrition & food security support project serving rural/urban clusters.,Nutrition & Food Security,"[""Women Empowerment""]",CSR India Grant,"[""Karnataka""]","[""Mangaluru""]",2022-06-01,2023-01-27,8,828,9,3,3,Successfully completed primary community training and material deployment.,"[""District Administration"", ""Local Panchayat""]",https://eleos.org/projects/PRJ_NGO_00084_3,Annual Report,Self-reported
PRJ_NGO_00084_4,NGO_00084,Nutrition & Food Security Initiative #4 (Mangaluru),Completed,Community-based nutrition & food security support project serving rural/urban clusters.,Nutrition & Food Security,"[""Women Empowerment""]",,"[""Karnataka""]","[""Mangaluru""]",2021-02-01,2022-04-27,15,4237,2,6,6,Successfully completed primary community training and material deployment.,"[""District Administration"", ""Local Panchayat""]",https://eleos.org/projects/PRJ_NGO_00084_4,Annual Report,Self-reported
PRJ_NGO_00084_5,NGO_00084,Nutrition & Food Security Initiative #5 (Mangaluru),Completed,Community-based nutrition & food security support project serving rural/urban clusters.,Nutrition & Food Security,"[""Women Empowerment""]",State Grant,"[""Karnataka""]","[""Mangaluru""]",2020-03-01,2021-11-21,21,4418,19,3,5,Successfully completed primary community training and material deployment.,[],https://eleos.org/projects/PRJ_NGO_00084_5,Annual Report,Self-reported
PRJ_NGO_00084_6,NGO_00084,Nutrition & Food Security Initiative #6 (Mangaluru),Completed,Community-based nutrition & food security support project serving rural/urban clusters.,Nutrition & Food Security,"[""Women Empowerment""]",State Grant,"[""Karnataka""]","[""Mangaluru""]",2019-04-01,2019-09-28,6,4577,13,4,6,Successfully completed primary community training and material deployment.,"[""District Administration"", ""Local Panchayat""]",https://eleos.org/projects/PRJ_NGO_00084_6,Annual Report,Self-reported
PRJ_NGO_00084_7,NGO_00084,Nutrition & Food Security Initiative #7 (Mangaluru),Completed,Community-based nutrition & food security support project serving rural/urban clusters.,Nutrition & Food Security,"[""Women Empowerment""]",District Development Fund,"[""Karnataka""]","[""Mangaluru""]",2018-01-01,2019-08-24,20,4488,9,4,2,Successfully completed primary community training and material deployment.,[],https://eleos.org/projects/PRJ_NGO_00084_7,Annual Report,Self-reported
PRJ_NGO_00085_1,NGO_00085,Healthcare & Medical Initiative #1 (Madurai),Ongoing,Community-based healthcare & medical support project serving rural/urban clusters.,Healthcare & Medical,"[""Environment & Forests"", ""Skill Development & Livelihood""]",,"[""Tamil Nadu""]","[""Madurai""]",2024-12-01,,9,1684,8,4,1,,[],https://eleos.org/projects/PRJ_NGO_00085_1,Annual Report,Self-reported
PRJ_NGO_00085_2,NGO_00085,Healthcare & Medical Initiative #2 (Madurai),Completed,Community-based healthcare & medical support project serving rural/urban clusters.,Healthcare & Medical,"[""Environment & Forests"", ""Skill Development & Livelihood""]",Public Donations,"[""Tamil Nadu""]","[""Madurai""]",2023-07-01,2024-01-27,7,1774,6,6,2,Successfully completed primary community training and material deployment.,"[""District Administration"", ""Local Panchayat""]",https://eleos.org/projects/PRJ_NGO_00085_2,Annual Report,Self-reported
PRJ_NGO_00085_3,NGO_00085,Healthcare & Medical Initiative #3 (Madurai),Completed,Community-based healthcare & medical support project serving rural/urban clusters.,Healthcare & Medical,"[""Environment & Forests"", ""Skill Development & Livelihood""]",State Grant,"[""Tamil Nadu""]","[""Madurai""]",2022-02-01,2022-08-30,7,3536,18,5,3,Successfully completed primary community training and material deployment.,[],https://eleos.org/projects/PRJ_NGO_00085_3,Annual Report,Self-reported
PRJ_NGO_00085_4,NGO_00085,Healthcare & Medical Initiative #4 (Madurai),Completed,Community-based healthcare & medical support project serving rural/urban clusters.,Healthcare & Medical,"[""Environment & Forests"", ""Skill Development & Livelihood""]",CSR India Grant,"[""Tamil Nadu""]","[""Madurai""]",2021-07-01,2023-03-23,21,4376,15,3,4,Successfully completed primary community training and material deployment.,[],https://eleos.org/projects/PRJ_NGO_00085_4,Annual Report,Self-reported
PRJ_NGO_00085_5,NGO_00085,Healthcare & Medical Initiative #5 (Madurai),Completed,Community-based healthcare & medical support project serving rural/urban clusters.,Healthcare & Medical,"[""Environment & Forests"", ""Skill Development & Livelihood""]",Public Donations,"[""Tamil Nadu""]","[""Madurai""]",2020-06-01,2021-07-26,14,3624,9,5,2,Successfully completed primary community training and material deployment.,[],https://eleos.org/projects/PRJ_NGO_00085_5,Annual Report,Self-reported
PRJ_NGO_00086_1,NGO_00086,Healthcare & Medical Initiative #1 (South Delhi),Completed,Community-based healthcare & medical support project serving rural/urban clusters.,Healthcare & Medical,[],Public Donations,"[""Delhi""]","[""South Delhi""]",2024-12-01,2026-09-22,22,2685,9,5,4,Successfully completed primary community training and material deployment.,"[""District Administration"", ""Local Panchayat""]",https://eleos.org/projects/PRJ_NGO_00086_1,Annual Report,Self-reported
PRJ_NGO_00086_2,NGO_00086,Healthcare & Medical Initiative #2 (South Delhi),Completed,Community-based healthcare & medical support project serving rural/urban clusters.,Healthcare & Medical,[],CSR India Grant,"[""Delhi""]","[""South Delhi""]",2023-03-01,2024-03-25,13,4570,9,5,2,Successfully completed primary community training and material deployment.,"[""District Administration"", ""Local Panchayat""]",https://eleos.org/projects/PRJ_NGO_00086_2,Annual Report,Self-reported
PRJ_NGO_00086_3,NGO_00086,Healthcare & Medical Initiative #3 (South Delhi),Completed,Community-based healthcare & medical support project serving rural/urban clusters.,Healthcare & Medical,[],Public Donations,"[""Delhi""]","[""South Delhi""]",2022-05-01,2023-02-25,10,622,9,4,6,Successfully completed primary community training and material deployment.,[],https://eleos.org/projects/PRJ_NGO_00086_3,Annual Report,Self-reported
PRJ_NGO_00086_4,NGO_00086,Healthcare & Medical Initiative #4 (South Delhi),Completed,Community-based healthcare & medical support project serving rural/urban clusters.,Healthcare & Medical,[],,"[""Delhi""]","[""South Delhi""]",2021-11-01,2023-03-26,17,3223,12,3,6,Successfully completed primary community training and material deployment.,[],https://eleos.org/projects/PRJ_NGO_00086_4,Annual Report,Self-reported
PRJ_NGO_00086_5,NGO_00086,Healthcare & Medical Initiative #5 (South Delhi),Completed,Community-based healthcare & medical support project serving rural/urban clusters.,Healthcare & Medical,[],,"[""Delhi""]","[""South Delhi""]",2021-03-01,2022-09-22,19,2615,12,3,2,Successfully completed primary community training and material deployment.,"[""District Administration"", ""Local Panchayat""]",https://eleos.org/projects/PRJ_NGO_00086_5,Annual Report,Self-reported
PRJ_NGO_00086_6,NGO_00086,Healthcare & Medical Initiative #6 (South Delhi),Completed,Community-based healthcare & medical support project serving rural/urban clusters.,Healthcare & Medical,[],District Development Fund,"[""Delhi""]","[""South Delhi""]",2021-04-01,2022-05-26,14,2297,2,3,5,Successfully completed primary community training and material deployment.,"[""District Administration"", ""Local Panchayat""]",https://eleos.org/projects/PRJ_NGO_00086_6,Annual Report,Self-reported
PRJ_NGO_00087_1,NGO_00087,Women Empowerment Initiative #1 (North Delhi),Completed,Community-based women empowerment support project serving rural/urban clusters.,Women Empowerment,"[""Rural Development""]",District Development Fund,"[""Delhi""]","[""North Delhi""]",2025-01-01,2025-10-28,10,2823,6,6,5,Successfully completed primary community training and material deployment.,"[""District Administration"", ""Local Panchayat""]",https://eleos.org/projects/PRJ_NGO_00087_1,Annual Report,Self-reported
PRJ_NGO_00087_2,NGO_00087,Women Empowerment Initiative #2 (North Delhi),Completed,Community-based women empowerment support project serving rural/urban clusters.,Women Empowerment,"[""Rural Development""]",CSR India Grant,"[""Delhi""]","[""North Delhi""]",2024-08-01,2025-03-29,8,4933,15,5,3,Successfully completed primary community training and material deployment.,[],https://eleos.org/projects/PRJ_NGO_00087_2,Annual Report,Self-reported
PRJ_NGO_00087_3,NGO_00087,Women Empowerment Initiative #3 (North Delhi),Completed,Community-based women empowerment support project serving rural/urban clusters.,Women Empowerment,"[""Rural Development""]",State Grant,"[""Delhi""]","[""North Delhi""]",2023-03-01,2024-01-25,11,3088,12,6,5,Successfully completed primary community training and material deployment.,"[""District Administration"", ""Local Panchayat""]",https://eleos.org/projects/PRJ_NGO_00087_3,Annual Report,Self-reported
PRJ_NGO_00087_4,NGO_00087,Women Empowerment Initiative #4 (North Delhi),Completed,Community-based women empowerment support project serving rural/urban clusters.,Women Empowerment,"[""Rural Development""]",District Development Fund,"[""Delhi""]","[""North Delhi""]",2022-07-01,2023-10-24,16,2214,14,6,6,Successfully completed primary community training and material deployment.,"[""District Administration"", ""Local Panchayat""]",https://eleos.org/projects/PRJ_NGO_00087_4,Annual Report,Self-reported
PRJ_NGO_00087_5,NGO_00087,Women Empowerment Initiative #5 (North Delhi),Completed,Community-based women empowerment support project serving rural/urban clusters.,Women Empowerment,"[""Rural Development""]",,"[""Delhi""]","[""North Delhi""]",2021-09-01,2023-05-24,21,4592,9,6,2,Successfully completed primary community training and material deployment.,"[""District Administration"", ""Local Panchayat""]",https://eleos.org/projects/PRJ_NGO_00087_5,Annual Report,Self-reported
PRJ_NGO_00087_6,NGO_00087,Women Empowerment Initiative #6 (North Delhi),Completed,Community-based women empowerment support project serving rural/urban clusters.,Women Empowerment,"[""Rural Development""]",,"[""Delhi""]","[""North Delhi""]",2020-07-01,2022-04-22,22,1996,4,4,4,Successfully completed primary community training and material deployment.,[],https://eleos.org/projects/PRJ_NGO_00087_6,Annual Report,Self-reported
PRJ_NGO_00087_7,NGO_00087,Women Empowerment Initiative #7 (North Delhi),Completed,Community-based women empowerment support project serving rural/urban clusters.,Women Empowerment,"[""Rural Development""]",,"[""Delhi""]","[""North Delhi""]",2019-01-01,2020-05-25,17,4082,6,3,2,Successfully completed primary community training and material deployment.,"[""District Administration"", ""Local Panchayat""]",https://eleos.org/projects/PRJ_NGO_00087_7,Annual Report,Self-reported
PRJ_NGO_00088_1,NGO_00088,Nutrition & Food Security Initiative #1 (Jodhpur),Completed,Community-based nutrition & food security support project serving rural/urban clusters.,Nutrition & Food Security,"[""Women Empowerment"", ""Education""]",District Development Fund,"[""Rajasthan""]","[""Jodhpur""]",2024-11-01,2025-05-30,7,2405,4,3,6,Successfully completed primary community training and material deployment.,"[""District Administration"", ""Local Panchayat""]",https://eleos.org/projects/PRJ_NGO_00088_1,Annual Report,Self-reported
PRJ_NGO_00088_2,NGO_00088,Nutrition & Food Security Initiative #2 (Jodhpur),Completed,Community-based nutrition & food security support project serving rural/urban clusters.,Nutrition & Food Security,"[""Women Empowerment"", ""Education""]",CSR India Grant,"[""Rajasthan""]","[""Jodhpur""]",2023-08-01,2024-02-27,7,2777,4,5,2,Successfully completed primary community training and material deployment.,"[""District Administration"", ""Local Panchayat""]",https://eleos.org/projects/PRJ_NGO_00088_2,Annual Report,Self-reported
PRJ_NGO_00088_3,NGO_00088,Nutrition & Food Security Initiative #3 (Jodhpur),Completed,Community-based nutrition & food security support project serving rural/urban clusters.,Nutrition & Food Security,"[""Women Empowerment"", ""Education""]",,"[""Rajasthan""]","[""Jodhpur""]",2022-05-01,2023-10-23,18,1796,12,6,4,Successfully completed primary community training and material deployment.,"[""District Administration"", ""Local Panchayat""]",https://eleos.org/projects/PRJ_NGO_00088_3,Annual Report,Self-reported
PRJ_NGO_00089_1,NGO_00089,Environment & Forests Initiative #1 (Thiruvananthapuram),Ongoing,Community-based environment & forests support project serving rural/urban clusters.,Environment & Forests,"[""Nutrition & Food Security"", ""Skill Development & Livelihood""]",CSR India Grant,"[""Kerala""]","[""Thiruvananthapuram""]",2024-12-01,,21,2480,16,3,3,,[],https://eleos.org/projects/PRJ_NGO_00089_1,Annual Report,Self-reported
PRJ_NGO_00089_2,NGO_00089,Environment & Forests Initiative #2 (Thiruvananthapuram),Completed,Community-based environment & forests support project serving rural/urban clusters.,Environment & Forests,"[""Nutrition & Food Security"", ""Skill Development & Livelihood""]",District Development Fund,"[""Kerala""]","[""Thiruvananthapuram""]",2023-08-01,2024-05-27,10,2822,20,3,6,Successfully completed primary community training and material deployment.,"[""District Administration"", ""Local Panchayat""]",https://eleos.org/projects/PRJ_NGO_00089_2,Annual Report,Self-reported
PRJ_NGO_00089_3,NGO_00089,Environment & Forests Initiative #3 (Thiruvananthapuram),Completed,Community-based environment & forests support project serving rural/urban clusters.,Environment & Forests,"[""Nutrition & Food Security"", ""Skill Development & Livelihood""]",State Grant,"[""Kerala""]","[""Thiruvananthapuram""]",2022-01-01,2023-05-26,17,4078,8,3,3,Successfully completed primary community training and material deployment.,"[""District Administration"", ""Local Panchayat""]",https://eleos.org/projects/PRJ_NGO_00089_3,Annual Report,Self-reported
PRJ_NGO_00089_4,NGO_00089,Environment & Forests Initiative #4 (Thiruvananthapuram),Completed,Community-based environment & forests support project serving rural/urban clusters.,Environment & Forests,"[""Nutrition & Food Security"", ""Skill Development & Livelihood""]",Public Donations,"[""Kerala""]","[""Thiruvananthapuram""]",2021-11-01,2023-05-25,19,2264,7,3,3,Successfully completed primary community training and material deployment.,[],https://eleos.org/projects/PRJ_NGO_00089_4,Annual Report,Self-reported
PRJ_NGO_00089_5,NGO_00089,Environment & Forests Initiative #5 (Thiruvananthapuram),Completed,Community-based environment & forests support project serving rural/urban clusters.,Environment & Forests,"[""Nutrition & Food Security"", ""Skill Development & Livelihood""]",Public Donations,"[""Kerala""]","[""Thiruvananthapuram""]",2020-07-01,2021-02-26,8,3898,15,4,4,Successfully completed primary community training and material deployment.,[],https://eleos.org/projects/PRJ_NGO_00089_5,Annual Report,Self-reported
PRJ_NGO_00090_1,NGO_00090,Water & Sanitation Initiative #1 (Kanpur Nagar),Completed,Community-based water & sanitation support project serving rural/urban clusters.,Water & Sanitation,"[""Women Empowerment""]",CSR India Grant,"[""Uttar Pradesh""]","[""Kanpur Nagar""]",2024-10-01,2026-08-22,23,3838,18,3,4,Successfully completed primary community training and material deployment.,"[""District Administration"", ""Local Panchayat""]",https://eleos.org/projects/PRJ_NGO_00090_1,Annual Report,Self-reported
PRJ_NGO_00090_2,NGO_00090,Water & Sanitation Initiative #2 (Kanpur Nagar),Completed,Community-based water & sanitation support project serving rural/urban clusters.,Water & Sanitation,"[""Women Empowerment""]",State Grant,"[""Uttar Pradesh""]","[""Kanpur Nagar""]",2023-04-01,2024-04-25,13,4718,14,3,3,Successfully completed primary community training and material deployment.,"[""District Administration"", ""Local Panchayat""]",https://eleos.org/projects/PRJ_NGO_00090_2,Annual Report,Self-reported
PRJ_NGO_00090_3,NGO_00090,Water & Sanitation Initiative #3 (Kanpur Nagar),Completed,Community-based water & sanitation support project serving rural/urban clusters.,Water & Sanitation,"[""Women Empowerment""]",State Grant,"[""Uttar Pradesh""]","[""Kanpur Nagar""]",2022-02-01,2023-06-26,17,3582,14,3,4,Successfully completed primary community training and material deployment.,"[""District Administration"", ""Local Panchayat""]",https://eleos.org/projects/PRJ_NGO_00090_3,Annual Report,Self-reported
PRJ_NGO_00090_4,NGO_00090,Water & Sanitation Initiative #4 (Kanpur Nagar),Completed,Community-based water & sanitation support project serving rural/urban clusters.,Water & Sanitation,"[""Women Empowerment""]",Public Donations,"[""Uttar Pradesh""]","[""Kanpur Nagar""]",2021-09-01,2022-11-25,15,2366,11,6,3,Successfully completed primary community training and material deployment.,[],https://eleos.org/projects/PRJ_NGO_00090_4,Annual Report,Self-reported
PRJ_NGO_00090_5,NGO_00090,Water & Sanitation Initiative #5 (Kanpur Nagar),Completed,Community-based water & sanitation support project serving rural/urban clusters.,Water & Sanitation,"[""Women Empowerment""]",CSR India Grant,"[""Uttar Pradesh""]","[""Kanpur Nagar""]",2020-07-01,2021-01-27,7,415,6,5,6,Successfully completed primary community training and material deployment.,"[""District Administration"", ""Local Panchayat""]",https://eleos.org/projects/PRJ_NGO_00090_5,Annual Report,Self-reported
PRJ_NGO_00091_1,NGO_00091,Women Empowerment Initiative #1 (Mangaluru),Completed,Community-based women empowerment support project serving rural/urban clusters.,Women Empowerment,"[""Nutrition & Food Security"", ""Water & Sanitation""]",,"[""Karnataka""]","[""Mangaluru""]",2024-01-01,2024-11-26,11,2284,5,4,6,Successfully completed primary community training and material deployment.,[],https://eleos.org/projects/PRJ_NGO_00091_1,Annual Report,Self-reported
PRJ_NGO_00091_2,NGO_00091,Women Empowerment Initiative #2 (Mangaluru),Completed,Community-based women empowerment support project serving rural/urban clusters.,Women Empowerment,"[""Nutrition & Food Security"", ""Water & Sanitation""]",,"[""Karnataka""]","[""Mangaluru""]",2023-01-01,2024-10-22,22,1448,8,5,2,Successfully completed primary community training and material deployment.,"[""District Administration"", ""Local Panchayat""]",https://eleos.org/projects/PRJ_NGO_00091_2,Annual Report,Self-reported
PRJ_NGO_00091_3,NGO_00091,Women Empowerment Initiative #3 (Mangaluru),Completed,Community-based women empowerment support project serving rural/urban clusters.,Women Empowerment,"[""Nutrition & Food Security"", ""Water & Sanitation""]",District Development Fund,"[""Karnataka""]","[""Mangaluru""]",2022-01-01,2023-04-26,16,2000,4,4,4,Successfully completed primary community training and material deployment.,[],https://eleos.org/projects/PRJ_NGO_00091_3,Annual Report,Self-reported
PRJ_NGO_00091_4,NGO_00091,Women Empowerment Initiative #4 (Mangaluru),Completed,Community-based women empowerment support project serving rural/urban clusters.,Women Empowerment,"[""Nutrition & Food Security"", ""Water & Sanitation""]",Public Donations,"[""Karnataka""]","[""Mangaluru""]",2021-04-01,2021-11-27,8,4717,11,6,5,Successfully completed primary community training and material deployment.,"[""District Administration"", ""Local Panchayat""]",https://eleos.org/projects/PRJ_NGO_00091_4,Annual Report,Self-reported
PRJ_NGO_00091_5,NGO_00091,Women Empowerment Initiative #5 (Mangaluru),Completed,Community-based women empowerment support project serving rural/urban clusters.,Women Empowerment,"[""Nutrition & Food Security"", ""Water & Sanitation""]",Public Donations,"[""Karnataka""]","[""Mangaluru""]",2020-07-01,2021-06-26,12,1616,8,5,5,Successfully completed primary community training and material deployment.,[],https://eleos.org/projects/PRJ_NGO_00091_5,Annual Report,Self-reported
PRJ_NGO_00091_6,NGO_00091,Women Empowerment Initiative #6 (Mangaluru),Completed,Community-based women empowerment support project serving rural/urban clusters.,Women Empowerment,"[""Nutrition & Food Security"", ""Water & Sanitation""]",District Development Fund,"[""Karnataka""]","[""Mangaluru""]",2019-10-01,2020-12-24,15,1886,17,6,5,Successfully completed primary community training and material deployment.,"[""District Administration"", ""Local Panchayat""]",https://eleos.org/projects/PRJ_NGO_00091_6,Annual Report,Self-reported
PRJ_NGO_00092_1,NGO_00092,Nutrition & Food Security Initiative #1 (Khordha),Ongoing,Community-based nutrition & food security support project serving rural/urban clusters.,Nutrition & Food Security,[],State Grant,"[""Odisha""]","[""Khordha""]",2024-03-01,,24,1182,6,5,1,,"[""District Administration"", ""Local Panchayat""]",https://eleos.org/projects/PRJ_NGO_00092_1,Annual Report,Self-reported
PRJ_NGO_00092_2,NGO_00092,Nutrition & Food Security Initiative #2 (Khordha),Completed,Community-based nutrition & food security support project serving rural/urban clusters.,Nutrition & Food Security,[],CSR India Grant,"[""Odisha""]","[""Khordha""]",2023-07-01,2025-02-20,20,4474,18,4,6,Successfully completed primary community training and material deployment.,"[""District Administration"", ""Local Panchayat""]",https://eleos.org/projects/PRJ_NGO_00092_2,Annual Report,Self-reported
PRJ_NGO_00092_3,NGO_00092,Nutrition & Food Security Initiative #3 (Khordha),Completed,Community-based nutrition & food security support project serving rural/urban clusters.,Nutrition & Food Security,[],Public Donations,"[""Odisha""]","[""Khordha""]",2022-08-01,2023-09-25,14,4154,9,3,4,Successfully completed primary community training and material deployment.,"[""District Administration"", ""Local Panchayat""]",https://eleos.org/projects/PRJ_NGO_00092_3,Annual Report,Self-reported
PRJ_NGO_00092_4,NGO_00092,Nutrition & Food Security Initiative #4 (Khordha),Completed,Community-based nutrition & food security support project serving rural/urban clusters.,Nutrition & Food Security,[],Public Donations,"[""Odisha""]","[""Khordha""]",2021-12-01,2022-07-29,8,4775,9,4,2,Successfully completed primary community training and material deployment.,[],https://eleos.org/projects/PRJ_NGO_00092_4,Annual Report,Self-reported
PRJ_NGO_00092_5,NGO_00092,Nutrition & Food Security Initiative #5 (Khordha),Completed,Community-based nutrition & food security support project serving rural/urban clusters.,Nutrition & Food Security,[],District Development Fund,"[""Odisha""]","[""Khordha""]",2020-08-01,2021-02-27,7,307,8,6,5,Successfully completed primary community training and material deployment.,[],https://eleos.org/projects/PRJ_NGO_00092_5,Annual Report,Self-reported
PRJ_NGO_00092_6,NGO_00092,Nutrition & Food Security Initiative #6 (Khordha),Completed,Community-based nutrition & food security support project serving rural/urban clusters.,Nutrition & Food Security,[],District Development Fund,"[""Odisha""]","[""Khordha""]",2019-02-01,2020-05-26,16,4522,18,5,4,Successfully completed primary community training and material deployment.,"[""District Administration"", ""Local Panchayat""]",https://eleos.org/projects/PRJ_NGO_00092_6,Annual Report,Self-reported
PRJ_NGO_00092_7,NGO_00092,Nutrition & Food Security Initiative #7 (Khordha),Completed,Community-based nutrition & food security support project serving rural/urban clusters.,Nutrition & Food Security,[],,"[""Odisha""]","[""Khordha""]",2018-11-01,2019-08-28,10,1065,6,4,4,Successfully completed primary community training and material deployment.,[],https://eleos.org/projects/PRJ_NGO_00092_7,Annual Report,Self-reported
PRJ_NGO_00093_1,NGO_00093,Child Welfare Initiative #1 (North Delhi),Completed,Community-based child welfare support project serving rural/urban clusters.,Child Welfare,[],District Development Fund,"[""Delhi""]","[""North Delhi""]",2024-12-01,2026-02-24,15,1594,12,3,3,Successfully completed primary community training and material deployment.,[],https://eleos.org/projects/PRJ_NGO_00093_1,Annual Report,Self-reported
PRJ_NGO_00093_2,NGO_00093,Child Welfare Initiative #2 (North Delhi),Completed,Community-based child welfare support project serving rural/urban clusters.,Child Welfare,[],CSR India Grant,"[""Delhi""]","[""North Delhi""]",2023-08-01,2024-05-27,10,4087,15,5,2,Successfully completed primary community training and material deployment.,[],https://eleos.org/projects/PRJ_NGO_00093_2,Annual Report,Self-reported
PRJ_NGO_00093_3,NGO_00093,Child Welfare Initiative #3 (North Delhi),Completed,Community-based child welfare support project serving rural/urban clusters.,Child Welfare,[],District Development Fund,"[""Delhi""]","[""North Delhi""]",2023-05-01,2023-12-27,8,279,13,6,6,Successfully completed primary community training and material deployment.,[],https://eleos.org/projects/PRJ_NGO_00093_3,Annual Report,Self-reported
PRJ_NGO_00094_1,NGO_00094,Environment & Forests Initiative #1 (Chennai),Completed,Community-based environment & forests support project serving rural/urban clusters.,Environment & Forests,[],District Development Fund,"[""Tamil Nadu""]","[""Chennai""]",2024-12-01,2026-01-25,14,1811,15,3,4,Successfully completed primary community training and material deployment.,[],https://eleos.org/projects/PRJ_NGO_00094_1,Annual Report,Self-reported
PRJ_NGO_00094_2,NGO_00094,Environment & Forests Initiative #2 (Chennai),Completed,Community-based environment & forests support project serving rural/urban clusters.,Environment & Forests,[],District Development Fund,"[""Tamil Nadu""]","[""Chennai""]",2023-08-01,2024-12-23,17,3364,15,6,2,Successfully completed primary community training and material deployment.,"[""District Administration"", ""Local Panchayat""]",https://eleos.org/projects/PRJ_NGO_00094_2,Annual Report,Self-reported
PRJ_NGO_00094_3,NGO_00094,Environment & Forests Initiative #3 (Chennai),Completed,Community-based environment & forests support project serving rural/urban clusters.,Environment & Forests,[],District Development Fund,"[""Tamil Nadu""]","[""Chennai""]",2022-05-01,2023-07-25,15,4819,15,5,6,Successfully completed primary community training and material deployment.,[],https://eleos.org/projects/PRJ_NGO_00094_3,Annual Report,Self-reported
PRJ_NGO_00095_1,NGO_00095,Women Empowerment Initiative #1 (Belagavi),Completed,Community-based women empowerment support project serving rural/urban clusters.,Women Empowerment,"[""Water & Sanitation""]",,"[""Karnataka""]","[""Belagavi""]",2024-01-01,2024-09-27,9,4384,3,4,6,Successfully completed primary community training and material deployment.,[],https://eleos.org/projects/PRJ_NGO_00095_1,Annual Report,Self-reported
PRJ_NGO_00095_2,NGO_00095,Women Empowerment Initiative #2 (Belagavi),Completed,Community-based women empowerment support project serving rural/urban clusters.,Women Empowerment,"[""Water & Sanitation""]",District Development Fund,"[""Karnataka""]","[""Belagavi""]",2024-12-01,2026-08-23,21,2031,6,5,4,Successfully completed primary community training and material deployment.,"[""District Administration"", ""Local Panchayat""]",https://eleos.org/projects/PRJ_NGO_00095_2,Annual Report,Self-reported
PRJ_NGO_00095_3,NGO_00095,Women Empowerment Initiative #3 (Belagavi),Completed,Community-based women empowerment support project serving rural/urban clusters.,Women Empowerment,"[""Water & Sanitation""]",,"[""Karnataka""]","[""Belagavi""]",2024-01-01,2025-09-22,21,1844,5,3,2,Successfully completed primary community training and material deployment.,[],https://eleos.org/projects/PRJ_NGO_00095_3,Annual Report,Self-reported
PRJ_NGO_00096_1,NGO_00096,Nutrition & Food Security Initiative #1 (Central Delhi),Completed,Community-based nutrition & food security support project serving rural/urban clusters.,Nutrition & Food Security,"[""Disaster Relief & Rehabilitation""]",District Development Fund,"[""Delhi""]","[""Central Delhi""]",2024-06-01,2024-11-28,6,2830,5,6,5,Successfully completed primary community training and material deployment.,[],https://eleos.org/projects/PRJ_NGO_00096_1,Annual Report,Self-reported
PRJ_NGO_00096_2,NGO_00096,Nutrition & Food Security Initiative #2 (Central Delhi),Completed,Community-based nutrition & food security support project serving rural/urban clusters.,Nutrition & Food Security,"[""Disaster Relief & Rehabilitation""]",,"[""Delhi""]","[""Central Delhi""]",2023-11-01,2025-10-21,24,1836,8,5,5,Successfully completed primary community training and material deployment.,"[""District Administration"", ""Local Panchayat""]",https://eleos.org/projects/PRJ_NGO_00096_2,Annual Report,Self-reported
PRJ_NGO_00097_1,NGO_00097,Nutrition & Food Security Initiative #1 (Belagavi),Completed,Community-based nutrition & food security support project serving rural/urban clusters.,Nutrition & Food Security,[],CSR India Grant,"[""Karnataka""]","[""Belagavi""]",2024-09-01,2026-05-24,21,3371,14,4,5,Successfully completed primary community training and material deployment.,"[""District Administration"", ""Local Panchayat""]",https://eleos.org/projects/PRJ_NGO_00097_1,Annual Report,Self-reported
PRJ_NGO_00097_2,NGO_00097,Nutrition & Food Security Initiative #2 (Belagavi),Completed,Community-based nutrition & food security support project serving rural/urban clusters.,Nutrition & Food Security,[],CSR India Grant,"[""Karnataka""]","[""Belagavi""]",2023-09-01,2024-06-27,10,3787,5,5,4,Successfully completed primary community training and material deployment.,[],https://eleos.org/projects/PRJ_NGO_00097_2,Annual Report,Self-reported
PRJ_NGO_00097_3,NGO_00097,Nutrition & Food Security Initiative #3 (Belagavi),Completed,Community-based nutrition & food security support project serving rural/urban clusters.,Nutrition & Food Security,[],District Development Fund,"[""Karnataka""]","[""Belagavi""]",2022-07-01,2023-01-27,7,2100,4,3,3,Successfully completed primary community training and material deployment.,"[""District Administration"", ""Local Panchayat""]",https://eleos.org/projects/PRJ_NGO_00097_3,Annual Report,Self-reported
PRJ_NGO_00097_4,NGO_00097,Nutrition & Food Security Initiative #4 (Belagavi),Completed,Community-based nutrition & food security support project serving rural/urban clusters.,Nutrition & Food Security,[],CSR India Grant,"[""Karnataka""]","[""Belagavi""]",2021-09-01,2023-08-22,24,322,9,3,2,Successfully completed primary community training and material deployment.,[],https://eleos.org/projects/PRJ_NGO_00097_4,Annual Report,Self-reported
PRJ_NGO_00097_5,NGO_00097,Nutrition & Food Security Initiative #5 (Belagavi),Completed,Community-based nutrition & food security support project serving rural/urban clusters.,Nutrition & Food Security,[],Public Donations,"[""Karnataka""]","[""Belagavi""]",2020-08-01,2021-06-27,11,558,12,5,6,Successfully completed primary community training and material deployment.,"[""District Administration"", ""Local Panchayat""]",https://eleos.org/projects/PRJ_NGO_00097_5,Annual Report,Self-reported
PRJ_NGO_00097_6,NGO_00097,Nutrition & Food Security Initiative #6 (Belagavi),Completed,Community-based nutrition & food security support project serving rural/urban clusters.,Nutrition & Food Security,[],District Development Fund,"[""Karnataka""]","[""Belagavi""]",2019-04-01,2020-06-24,15,3458,17,3,2,Successfully completed primary community training and material deployment.,[],https://eleos.org/projects/PRJ_NGO_00097_6,Annual Report,Self-reported
PRJ_NGO_00097_7,NGO_00097,Nutrition & Food Security Initiative #7 (Belagavi),Completed,Community-based nutrition & food security support project serving rural/urban clusters.,Nutrition & Food Security,[],State Grant,"[""Karnataka""]","[""Belagavi""]",2018-09-01,2019-08-27,12,3124,9,6,4,Successfully completed primary community training and material deployment.,"[""District Administration"", ""Local Panchayat""]",https://eleos.org/projects/PRJ_NGO_00097_7,Annual Report,Self-reported
PRJ_NGO_00098_1,NGO_00098,Disaster Relief & Rehabilitation Initiative #1 (South Delhi),Completed,Community-based disaster relief & rehabilitation support project serving rural/urban clusters.,Disaster Relief & Rehabilitation,[],District Development Fund,"[""Delhi""]","[""South Delhi""]",2024-09-01,2025-10-26,14,3323,16,4,3,Successfully completed primary community training and material deployment.,"[""District Administration"", ""Local Panchayat""]",https://eleos.org/projects/PRJ_NGO_00098_1,Annual Report,Self-reported
PRJ_NGO_00098_2,NGO_00098,Disaster Relief & Rehabilitation Initiative #2 (South Delhi),Completed,Community-based disaster relief & rehabilitation support project serving rural/urban clusters.,Disaster Relief & Rehabilitation,[],CSR India Grant,"[""Delhi""]","[""South Delhi""]",2023-05-01,2024-06-24,14,2247,19,5,4,Successfully completed primary community training and material deployment.,"[""District Administration"", ""Local Panchayat""]",https://eleos.org/projects/PRJ_NGO_00098_2,Annual Report,Self-reported
PRJ_NGO_00098_3,NGO_00098,Disaster Relief & Rehabilitation Initiative #3 (South Delhi),Completed,Community-based disaster relief & rehabilitation support project serving rural/urban clusters.,Disaster Relief & Rehabilitation,[],Public Donations,"[""Delhi""]","[""South Delhi""]",2022-01-01,2023-02-25,14,2401,10,3,2,Successfully completed primary community training and material deployment.,[],https://eleos.org/projects/PRJ_NGO_00098_3,Annual Report,Self-reported
PRJ_NGO_00098_4,NGO_00098,Disaster Relief & Rehabilitation Initiative #4 (South Delhi),Completed,Community-based disaster relief & rehabilitation support project serving rural/urban clusters.,Disaster Relief & Rehabilitation,[],Public Donations,"[""Delhi""]","[""South Delhi""]",2022-11-01,2024-02-24,16,1664,16,6,2,Successfully completed primary community training and material deployment.,"[""District Administration"", ""Local Panchayat""]",https://eleos.org/projects/PRJ_NGO_00098_4,Annual Report,Self-reported
PRJ_NGO_00098_5,NGO_00098,Disaster Relief & Rehabilitation Initiative #5 (South Delhi),Completed,Community-based disaster relief & rehabilitation support project serving rural/urban clusters.,Disaster Relief & Rehabilitation,[],Public Donations,"[""Delhi""]","[""South Delhi""]",2022-08-01,2023-02-27,7,4133,19,4,5,Successfully completed primary community training and material deployment.,[],https://eleos.org/projects/PRJ_NGO_00098_5,Annual Report,Self-reported
PRJ_NGO_00098_6,NGO_00098,Disaster Relief & Rehabilitation Initiative #6 (South Delhi),Completed,Community-based disaster relief & rehabilitation support project serving rural/urban clusters.,Disaster Relief & Rehabilitation,[],,"[""Delhi""]","[""South Delhi""]",2022-02-01,2023-03-28,14,4717,12,3,5,Successfully completed primary community training and material deployment.,[],https://eleos.org/projects/PRJ_NGO_00098_6,Annual Report,Self-reported
PRJ_NGO_00098_7,NGO_00098,Disaster Relief & Rehabilitation Initiative #7 (South Delhi),Completed,Community-based disaster relief & rehabilitation support project serving rural/urban clusters.,Disaster Relief & Rehabilitation,[],State Grant,"[""Delhi""]","[""South Delhi""]",2022-05-01,2023-06-25,14,1242,9,4,3,Successfully completed primary community training and material deployment.,"[""District Administration"", ""Local Panchayat""]",https://eleos.org/projects/PRJ_NGO_00098_7,Annual Report,Self-reported
PRJ_NGO_00099_1,NGO_00099,Environment & Forests Initiative #1 (Thane),Completed,Community-based environment & forests support project serving rural/urban clusters.,Environment & Forests,"[""Education"", ""Rural Development""]",CSR India Grant,"[""Maharashtra""]","[""Thane""]",2024-02-01,2025-11-22,22,4069,18,6,4,Successfully completed primary community training and material deployment.,[],https://eleos.org/projects/PRJ_NGO_00099_1,Annual Report,Self-reported
PRJ_NGO_00099_2,NGO_00099,Environment & Forests Initiative #2 (Thane),Completed,Community-based environment & forests support project serving rural/urban clusters.,Environment & Forests,"[""Education"", ""Rural Development""]",District Development Fund,"[""Maharashtra""]","[""Thane""]",2024-10-01,2025-12-25,15,2892,9,5,3,Successfully completed primary community training and material deployment.,"[""District Administration"", ""Local Panchayat""]",https://eleos.org/projects/PRJ_NGO_00099_2,Annual Report,Self-reported
PRJ_NGO_00101_1,NGO_00101,Women Empowerment Initiative #1 (Kolkata),Completed,Community-based women empowerment support project serving rural/urban clusters.,Women Empowerment,"[""Child Welfare"", ""Water & Sanitation""]",,"[""West Bengal""]","[""Kolkata""]",2024-06-01,2025-05-27,12,491,2,4,3,Successfully completed primary community training and material deployment.,"[""District Administration"", ""Local Panchayat""]",https://eleos.org/projects/PRJ_NGO_00101_1,Annual Report,Self-reported
PRJ_NGO_00101_2,NGO_00101,Women Empowerment Initiative #2 (Kolkata),Completed,Community-based women empowerment support project serving rural/urban clusters.,Women Empowerment,"[""Child Welfare"", ""Water & Sanitation""]",Public Donations,"[""West Bengal""]","[""Kolkata""]",2023-04-01,2024-03-26,12,4051,6,6,3,Successfully completed primary community training and material deployment.,"[""District Administration"", ""Local Panchayat""]",https://eleos.org/projects/PRJ_NGO_00101_2,Annual Report,Self-reported
PRJ_NGO_00101_3,NGO_00101,Women Empowerment Initiative #3 (Kolkata),Completed,Community-based women empowerment support project serving rural/urban clusters.,Women Empowerment,"[""Child Welfare"", ""Water & Sanitation""]",District Development Fund,"[""West Bengal""]","[""Kolkata""]",2022-05-01,2023-02-25,10,926,18,4,2,Successfully completed primary community training and material deployment.,"[""District Administration"", ""Local Panchayat""]",https://eleos.org/projects/PRJ_NGO_00101_3,Annual Report,Self-reported
PRJ_NGO_00101_4,NGO_00101,Women Empowerment Initiative #4 (Kolkata),Completed,Community-based women empowerment support project serving rural/urban clusters.,Women Empowerment,"[""Child Welfare"", ""Water & Sanitation""]",,"[""West Bengal""]","[""Kolkata""]",2021-08-01,2023-06-22,23,1908,7,3,5,Successfully completed primary community training and material deployment.,"[""District Administration"", ""Local Panchayat""]",https://eleos.org/projects/PRJ_NGO_00101_4,Annual Report,Self-reported
PRJ_NGO_00101_5,NGO_00101,Women Empowerment Initiative #5 (Kolkata),Completed,Community-based women empowerment support project serving rural/urban clusters.,Women Empowerment,"[""Child Welfare"", ""Water & Sanitation""]",,"[""West Bengal""]","[""Kolkata""]",2020-10-01,2022-03-25,18,2122,13,6,6,Successfully completed primary community training and material deployment.,"[""District Administration"", ""Local Panchayat""]",https://eleos.org/projects/PRJ_NGO_00101_5,Annual Report,Self-reported
PRJ_NGO_00101_6,NGO_00101,Women Empowerment Initiative #6 (Kolkata),Completed,Community-based women empowerment support project serving rural/urban clusters.,Women Empowerment,"[""Child Welfare"", ""Water & Sanitation""]",District Development Fund,"[""West Bengal""]","[""Kolkata""]",2019-03-01,2020-05-24,15,2593,17,6,5,Successfully completed primary community training and material deployment.,"[""District Administration"", ""Local Panchayat""]",https://eleos.org/projects/PRJ_NGO_00101_6,Annual Report,Self-reported
PRJ_NGO_00101_7,NGO_00101,Women Empowerment Initiative #7 (Kolkata),Completed,Community-based women empowerment support project serving rural/urban clusters.,Women Empowerment,"[""Child Welfare"", ""Water & Sanitation""]",Public Donations,"[""West Bengal""]","[""Kolkata""]",2018-09-01,2020-05-23,21,990,9,3,4,Successfully completed primary community training and material deployment.,"[""District Administration"", ""Local Panchayat""]",https://eleos.org/projects/PRJ_NGO_00101_7,Annual Report,Self-reported
PRJ_NGO_00102_1,NGO_00102,Child Welfare Initiative #1 (Thiruvananthapuram),Completed,Community-based child welfare support project serving rural/urban clusters.,Child Welfare,"[""Women Empowerment"", ""Disaster Relief & Rehabilitation""]",,"[""Kerala""]","[""Thiruvananthapuram""]",2024-02-01,2024-09-28,8,3602,2,3,6,Successfully completed primary community training and material deployment.,"[""District Administration"", ""Local Panchayat""]",https://eleos.org/projects/PRJ_NGO_00102_1,Annual Report,Self-reported
PRJ_NGO_00102_2,NGO_00102,Child Welfare Initiative #2 (Thiruvananthapuram),Completed,Community-based child welfare support project serving rural/urban clusters.,Child Welfare,"[""Women Empowerment"", ""Disaster Relief & Rehabilitation""]",,"[""Kerala""]","[""Thiruvananthapuram""]",2023-03-01,2023-11-26,9,3404,8,5,4,Successfully completed primary community training and material deployment.,"[""District Administration"", ""Local Panchayat""]",https://eleos.org/projects/PRJ_NGO_00102_2,Annual Report,Self-reported
PRJ_NGO_00102_3,NGO_00102,Child Welfare Initiative #3 (Thiruvananthapuram),Completed,Community-based child welfare support project serving rural/urban clusters.,Child Welfare,"[""Women Empowerment"", ""Disaster Relief & Rehabilitation""]",Public Donations,"[""Kerala""]","[""Thiruvananthapuram""]",2022-12-01,2023-05-30,6,2445,16,4,2,Successfully completed primary community training and material deployment.,[],https://eleos.org/projects/PRJ_NGO_00102_3,Annual Report,Self-reported
PRJ_NGO_00102_4,NGO_00102,Child Welfare Initiative #4 (Thiruvananthapuram),Completed,Community-based child welfare support project serving rural/urban clusters.,Child Welfare,"[""Women Empowerment"", ""Disaster Relief & Rehabilitation""]",State Grant,"[""Kerala""]","[""Thiruvananthapuram""]",2022-11-01,2024-10-21,24,3284,11,6,2,Successfully completed primary community training and material deployment.,[],https://eleos.org/projects/PRJ_NGO_00102_4,Annual Report,Self-reported
PRJ_NGO_00103_1,NGO_00103,Healthcare & Medical Initiative #1 (Udaipur),Completed,Community-based healthcare & medical support project serving rural/urban clusters.,Healthcare & Medical,"[""Child Welfare""]",Public Donations,"[""Rajasthan""]","[""Udaipur""]",2025-11-01,2026-11-26,13,3979,17,3,2,Successfully completed primary community training and material deployment.,"[""District Administration"", ""Local Panchayat""]",https://eleos.org/projects/PRJ_NGO_00103_1,Annual Report,Self-reported
PRJ_NGO_00103_2,NGO_00103,Healthcare & Medical Initiative #2 (Udaipur),Completed,Community-based healthcare & medical support project serving rural/urban clusters.,Healthcare & Medical,"[""Child Welfare""]",District Development Fund,"[""Rajasthan""]","[""Udaipur""]",2025-02-01,2026-07-26,18,311,7,3,3,Successfully completed primary community training and material deployment.,[],https://eleos.org/projects/PRJ_NGO_00103_2,Annual Report,Self-reported
PRJ_NGO_00104_1,NGO_00104,Women Empowerment Initiative #1 (Jodhpur),Completed,Community-based women empowerment support project serving rural/urban clusters.,Women Empowerment,[],,"[""Rajasthan""]","[""Jodhpur""]",2024-01-01,2024-10-27,10,3801,15,6,4,Successfully completed primary community training and material deployment.,[],https://eleos.org/projects/PRJ_NGO_00104_1,Annual Report,Self-reported
PRJ_NGO_00104_2,NGO_00104,Women Empowerment Initiative #2 (Jodhpur),Completed,Community-based women empowerment support project serving rural/urban clusters.,Women Empowerment,[],,"[""Rajasthan""]","[""Jodhpur""]",2023-02-01,2024-02-26,13,3421,14,6,5,Successfully completed primary community training and material deployment.,[],https://eleos.org/projects/PRJ_NGO_00104_2,Annual Report,Self-reported
PRJ_NGO_00105_1,NGO_00105,Skill Development & Livelihood Initiative #1 (Ahmedabad),Ongoing,Community-based skill development & livelihood support project serving rural/urban clusters.,Skill Development & Livelihood,"[""Child Welfare"", ""Water & Sanitation""]",Public Donations,"[""Gujarat""]","[""Ahmedabad""]",2024-11-01,,7,998,19,5,1,,"[""District Administration"", ""Local Panchayat""]",https://eleos.org/projects/PRJ_NGO_00105_1,Annual Report,Self-reported
PRJ_NGO_00105_2,NGO_00105,Skill Development & Livelihood Initiative #2 (Ahmedabad),Completed,Community-based skill development & livelihood support project serving rural/urban clusters.,Skill Development & Livelihood,"[""Child Welfare"", ""Water & Sanitation""]",Public Donations,"[""Gujarat""]","[""Ahmedabad""]",2023-12-01,2024-05-29,6,2792,7,5,6,Successfully completed primary community training and material deployment.,[],https://eleos.org/projects/PRJ_NGO_00105_2,Annual Report,Self-reported
PRJ_NGO_00106_1,NGO_00106,Skill Development & Livelihood Initiative #1 (Chennai),Ongoing,Community-based skill development & livelihood support project serving rural/urban clusters.,Skill Development & Livelihood,[],State Grant,"[""Tamil Nadu""]","[""Chennai""]",2025-05-01,,14,2367,4,6,2,,"[""District Administration"", ""Local Panchayat""]",https://eleos.org/projects/PRJ_NGO_00106_1,Annual Report,Self-reported
PRJ_NGO_00107_1,NGO_00107,Environment & Forests Initiative #1 (Bengaluru Urban),Completed,Community-based environment & forests support project serving rural/urban clusters.,Environment & Forests,"[""Disaster Relief & Rehabilitation""]",State Grant,"[""Karnataka""]","[""Bengaluru Urban""]",2024-06-01,2024-11-28,6,1505,13,3,5,Successfully completed primary community training and material deployment.,"[""District Administration"", ""Local Panchayat""]",https://eleos.org/projects/PRJ_NGO_00107_1,Annual Report,Self-reported
PRJ_NGO_00107_2,NGO_00107,Environment & Forests Initiative #2 (Bengaluru Urban),Completed,Community-based environment & forests support project serving rural/urban clusters.,Environment & Forests,"[""Disaster Relief & Rehabilitation""]",State Grant,"[""Karnataka""]","[""Bengaluru Urban""]",2023-07-01,2024-06-25,12,3282,16,4,2,Successfully completed primary community training and material deployment.,[],https://eleos.org/projects/PRJ_NGO_00107_2,Annual Report,Self-reported
PRJ_NGO_00107_3,NGO_00107,Environment & Forests Initiative #3 (Bengaluru Urban),Completed,Community-based environment & forests support project serving rural/urban clusters.,Environment & Forests,"[""Disaster Relief & Rehabilitation""]",State Grant,"[""Karnataka""]","[""Bengaluru Urban""]",2022-06-01,2023-03-28,10,2879,11,6,6,Successfully completed primary community training and material deployment.,[],https://eleos.org/projects/PRJ_NGO_00107_3,Annual Report,Self-reported
PRJ_NGO_00108_1,NGO_00108,Women Empowerment Initiative #1 (Khordha),Ongoing,Community-based women empowerment support project serving rural/urban clusters.,Women Empowerment,"[""Healthcare & Medical""]",State Grant,"[""Odisha""]","[""Khordha""]",2025-10-01,,9,4399,4,5,3,,"[""District Administration"", ""Local Panchayat""]",https://eleos.org/projects/PRJ_NGO_00108_1,Annual Report,Self-reported
PRJ_NGO_00108_2,NGO_00108,Women Empowerment Initiative #2 (Khordha),Completed,Community-based women empowerment support project serving rural/urban clusters.,Women Empowerment,"[""Healthcare & Medical""]",CSR India Grant,"[""Odisha""]","[""Khordha""]",2024-07-01,2025-12-23,18,1706,10,3,5,Successfully completed primary community training and material deployment.,"[""District Administration"", ""Local Panchayat""]",https://eleos.org/projects/PRJ_NGO_00108_2,Annual Report,Self-reported
PRJ_NGO_00108_3,NGO_00108,Women Empowerment Initiative #3 (Khordha),Completed,Community-based women empowerment support project serving rural/urban clusters.,Women Empowerment,"[""Healthcare & Medical""]",Public Donations,"[""Odisha""]","[""Khordha""]",2023-04-01,2025-03-21,24,2683,18,4,2,Successfully completed primary community training and material deployment.,[],https://eleos.org/projects/PRJ_NGO_00108_3,Annual Report,Self-reported
PRJ_NGO_00108_4,NGO_00108,Women Empowerment Initiative #4 (Khordha),Completed,Community-based women empowerment support project serving rural/urban clusters.,Women Empowerment,"[""Healthcare & Medical""]",State Grant,"[""Odisha""]","[""Khordha""]",2023-08-01,2024-07-26,12,2451,7,5,6,Successfully completed primary community training and material deployment.,"[""District Administration"", ""Local Panchayat""]",https://eleos.org/projects/PRJ_NGO_00108_4,Annual Report,Self-reported
PRJ_NGO_00109_1,NGO_00109,Rural Development Initiative #1 (North 24 Parganas),Completed,Community-based rural development support project serving rural/urban clusters.,Rural Development,"[""Healthcare & Medical""]",District Development Fund,"[""West Bengal""]","[""North 24 Parganas""]",2024-10-01,2025-10-26,13,4323,4,6,2,Successfully completed primary community training and material deployment.,[],https://eleos.org/projects/PRJ_NGO_00109_1,Annual Report,Self-reported
PRJ_NGO_00109_2,NGO_00109,Rural Development Initiative #2 (North 24 Parganas),Completed,Community-based rural development support project serving rural/urban clusters.,Rural Development,"[""Healthcare & Medical""]",,"[""West Bengal""]","[""North 24 Parganas""]",2023-04-01,2024-02-25,11,4065,4,5,2,Successfully completed primary community training and material deployment.,"[""District Administration"", ""Local Panchayat""]",https://eleos.org/projects/PRJ_NGO_00109_2,Annual Report,Self-reported
PRJ_NGO_00109_3,NGO_00109,Rural Development Initiative #3 (North 24 Parganas),Completed,Community-based rural development support project serving rural/urban clusters.,Rural Development,"[""Healthcare & Medical""]",,"[""West Bengal""]","[""North 24 Parganas""]",2022-11-01,2024-04-24,18,4388,8,4,5,Successfully completed primary community training and material deployment.,[],https://eleos.org/projects/PRJ_NGO_00109_3,Annual Report,Self-reported
PRJ_NGO_00110_1,NGO_00110,Disaster Relief & Rehabilitation Initiative #1 (South Delhi),Completed,Community-based disaster relief & rehabilitation support project serving rural/urban clusters.,Disaster Relief & Rehabilitation,"[""Nutrition & Food Security""]",Public Donations,"[""Delhi""]","[""South Delhi""]",2024-03-01,2026-02-19,24,4093,16,5,3,Successfully completed primary community training and material deployment.,"[""District Administration"", ""Local Panchayat""]",https://eleos.org/projects/PRJ_NGO_00110_1,Annual Report,Self-reported
PRJ_NGO_00110_2,NGO_00110,Disaster Relief & Rehabilitation Initiative #2 (South Delhi),Completed,Community-based disaster relief & rehabilitation support project serving rural/urban clusters.,Disaster Relief & Rehabilitation,"[""Nutrition & Food Security""]",District Development Fund,"[""Delhi""]","[""South Delhi""]",2023-12-01,2024-09-26,10,2594,14,5,3,Successfully completed primary community training and material deployment.,[],https://eleos.org/projects/PRJ_NGO_00110_2,Annual Report,Self-reported
PRJ_NGO_00110_3,NGO_00110,Disaster Relief & Rehabilitation Initiative #3 (South Delhi),Completed,Community-based disaster relief & rehabilitation support project serving rural/urban clusters.,Disaster Relief & Rehabilitation,"[""Nutrition & Food Security""]",Public Donations,"[""Delhi""]","[""South Delhi""]",2022-04-01,2024-03-21,24,1415,20,3,4,Successfully completed primary community training and material deployment.,[],https://eleos.org/projects/PRJ_NGO_00110_3,Annual Report,Self-reported
PRJ_NGO_00110_4,NGO_00110,Disaster Relief & Rehabilitation Initiative #4 (South Delhi),Completed,Community-based disaster relief & rehabilitation support project serving rural/urban clusters.,Disaster Relief & Rehabilitation,"[""Nutrition & Food Security""]",State Grant,"[""Delhi""]","[""South Delhi""]",2022-09-01,2024-06-22,22,4107,7,5,3,Successfully completed primary community training and material deployment.,"[""District Administration"", ""Local Panchayat""]",https://eleos.org/projects/PRJ_NGO_00110_4,Annual Report,Self-reported
PRJ_NGO_00111_1,NGO_00111,Healthcare & Medical Initiative #1 (Noida),Completed,Community-based healthcare & medical support project serving rural/urban clusters.,Healthcare & Medical,"[""Rural Development""]",State Grant,"[""Uttar Pradesh""]","[""Noida""]",2024-06-01,2026-03-23,22,4412,11,5,4,Successfully completed primary community training and material deployment.,"[""District Administration"", ""Local Panchayat""]",https://eleos.org/projects/PRJ_NGO_00111_1,Annual Report,Self-reported
PRJ_NGO_00111_2,NGO_00111,Healthcare & Medical Initiative #2 (Noida),Completed,Community-based healthcare & medical support project serving rural/urban clusters.,Healthcare & Medical,"[""Rural Development""]",Public Donations,"[""Uttar Pradesh""]","[""Noida""]",2023-04-01,2024-07-24,16,4797,18,5,5,Successfully completed primary community training and material deployment.,[],https://eleos.org/projects/PRJ_NGO_00111_2,Annual Report,Self-reported
PRJ_NGO_00111_3,NGO_00111,Healthcare & Medical Initiative #3 (Noida),Completed,Community-based healthcare & medical support project serving rural/urban clusters.,Healthcare & Medical,"[""Rural Development""]",CSR India Grant,"[""Uttar Pradesh""]","[""Noida""]",2022-03-01,2023-11-21,21,2814,18,6,5,Successfully completed primary community training and material deployment.,[],https://eleos.org/projects/PRJ_NGO_00111_3,Annual Report,Self-reported
PRJ_NGO_00111_4,NGO_00111,Healthcare & Medical Initiative #4 (Noida),Completed,Community-based healthcare & medical support project serving rural/urban clusters.,Healthcare & Medical,"[""Rural Development""]",Public Donations,"[""Uttar Pradesh""]","[""Noida""]",2021-02-01,2022-08-25,19,974,16,5,6,Successfully completed primary community training and material deployment.,"[""District Administration"", ""Local Panchayat""]",https://eleos.org/projects/PRJ_NGO_00111_4,Annual Report,Self-reported
PRJ_NGO_00111_5,NGO_00111,Healthcare & Medical Initiative #5 (Noida),Completed,Community-based healthcare & medical support project serving rural/urban clusters.,Healthcare & Medical,"[""Rural Development""]",District Development Fund,"[""Uttar Pradesh""]","[""Noida""]",2020-04-01,2020-12-27,9,1946,11,5,4,Successfully completed primary community training and material deployment.,"[""District Administration"", ""Local Panchayat""]",https://eleos.org/projects/PRJ_NGO_00111_5,Annual Report,Self-reported
PRJ_NGO_00112_1,NGO_00112,Nutrition & Food Security Initiative #1 (Cuttack),Completed,Community-based nutrition & food security support project serving rural/urban clusters.,Nutrition & Food Security,[],CSR India Grant,"[""Odisha""]","[""Cuttack""]",2024-01-01,2024-09-27,9,3007,10,5,5,Successfully completed primary community training and material deployment.,"[""District Administration"", ""Local Panchayat""]",https://eleos.org/projects/PRJ_NGO_00112_1,Annual Report,Self-reported
PRJ_NGO_00112_2,NGO_00112,Nutrition & Food Security Initiative #2 (Cuttack),Completed,Community-based nutrition & food security support project serving rural/urban clusters.,Nutrition & Food Security,[],District Development Fund,"[""Odisha""]","[""Cuttack""]",2023-02-01,2024-10-23,21,806,12,6,3,Successfully completed primary community training and material deployment.,"[""District Administration"", ""Local Panchayat""]",https://eleos.org/projects/PRJ_NGO_00112_2,Annual Report,Self-reported
PRJ_NGO_00112_3,NGO_00112,Nutrition & Food Security Initiative #3 (Cuttack),Completed,Community-based nutrition & food security support project serving rural/urban clusters.,Nutrition & Food Security,[],,"[""Odisha""]","[""Cuttack""]",2022-10-01,2023-12-25,15,1838,19,3,5,Successfully completed primary community training and material deployment.,[],https://eleos.org/projects/PRJ_NGO_00112_3,Annual Report,Self-reported
PRJ_NGO_00112_4,NGO_00112,Nutrition & Food Security Initiative #4 (Cuttack),Completed,Community-based nutrition & food security support project serving rural/urban clusters.,Nutrition & Food Security,[],Public Donations,"[""Odisha""]","[""Cuttack""]",2021-10-01,2023-08-22,23,4760,18,5,2,Successfully completed primary community training and material deployment.,[],https://eleos.org/projects/PRJ_NGO_00112_4,Annual Report,Self-reported
PRJ_NGO_00112_5,NGO_00112,Nutrition & Food Security Initiative #5 (Cuttack),Completed,Community-based nutrition & food security support project serving rural/urban clusters.,Nutrition & Food Security,[],Public Donations,"[""Odisha""]","[""Cuttack""]",2021-02-01,2022-05-27,16,3852,8,4,4,Successfully completed primary community training and material deployment.,"[""District Administration"", ""Local Panchayat""]",https://eleos.org/projects/PRJ_NGO_00112_5,Annual Report,Self-reported
PRJ_NGO_00112_6,NGO_00112,Nutrition & Food Security Initiative #6 (Cuttack),Completed,Community-based nutrition & food security support project serving rural/urban clusters.,Nutrition & Food Security,[],Public Donations,"[""Odisha""]","[""Cuttack""]",2021-08-01,2022-12-24,17,1830,10,5,6,Successfully completed primary community training and material deployment.,"[""District Administration"", ""Local Panchayat""]",https://eleos.org/projects/PRJ_NGO_00112_6,Annual Report,Self-reported
PRJ_NGO_00113_1,NGO_00113,Women Empowerment Initiative #1 (Thrissur),Completed,Community-based women empowerment support project serving rural/urban clusters.,Women Empowerment,[],State Grant,"[""Kerala""]","[""Thrissur""]",2024-09-01,2026-01-24,17,2291,18,3,5,Successfully completed primary community training and material deployment.,[],https://eleos.org/projects/PRJ_NGO_00113_1,Annual Report,Self-reported
PRJ_NGO_00113_2,NGO_00113,Women Empowerment Initiative #2 (Thrissur),Completed,Community-based women empowerment support project serving rural/urban clusters.,Women Empowerment,[],State Grant,"[""Kerala""]","[""Thrissur""]",2023-07-01,2025-01-21,19,1019,13,5,4,Successfully completed primary community training and material deployment.,"[""District Administration"", ""Local Panchayat""]",https://eleos.org/projects/PRJ_NGO_00113_2,Annual Report,Self-reported
PRJ_NGO_00113_3,NGO_00113,Women Empowerment Initiative #3 (Thrissur),Completed,Community-based women empowerment support project serving rural/urban clusters.,Women Empowerment,[],District Development Fund,"[""Kerala""]","[""Thrissur""]",2022-07-01,2023-09-24,15,891,14,6,2,Successfully completed primary community training and material deployment.,"[""District Administration"", ""Local Panchayat""]",https://eleos.org/projects/PRJ_NGO_00113_3,Annual Report,Self-reported
PRJ_NGO_00114_1,NGO_00114,Water & Sanitation Initiative #1 (Mysuru),Ongoing,Community-based water & sanitation support project serving rural/urban clusters.,Water & Sanitation,[],District Development Fund,"[""Karnataka""]","[""Mysuru""]",2024-03-01,,10,873,5,6,2,,"[""District Administration"", ""Local Panchayat""]",https://eleos.org/projects/PRJ_NGO_00114_1,Annual Report,Self-reported
PRJ_NGO_00114_2,NGO_00114,Water & Sanitation Initiative #2 (Mysuru),Completed,Community-based water & sanitation support project serving rural/urban clusters.,Water & Sanitation,[],District Development Fund,"[""Karnataka""]","[""Mysuru""]",2023-02-01,2024-02-26,13,2253,7,5,4,Successfully completed primary community training and material deployment.,"[""District Administration"", ""Local Panchayat""]",https://eleos.org/projects/PRJ_NGO_00114_2,Annual Report,Self-reported
PRJ_NGO_00114_3,NGO_00114,Water & Sanitation Initiative #3 (Mysuru),Completed,Community-based water & sanitation support project serving rural/urban clusters.,Water & Sanitation,[],,"[""Karnataka""]","[""Mysuru""]",2022-08-01,2024-07-21,24,4434,20,5,3,Successfully completed primary community training and material deployment.,[],https://eleos.org/projects/PRJ_NGO_00114_3,Annual Report,Self-reported
PRJ_NGO_00115_1,NGO_00115,Disaster Relief & Rehabilitation Initiative #1 (Salem),Completed,Community-based disaster relief & rehabilitation support project serving rural/urban clusters.,Disaster Relief & Rehabilitation,"[""Nutrition & Food Security"", ""Women Empowerment""]",CSR India Grant,"[""Tamil Nadu""]","[""Salem""]",2024-12-01,2026-02-24,15,813,10,5,3,Successfully completed primary community training and material deployment.,"[""District Administration"", ""Local Panchayat""]",https://eleos.org/projects/PRJ_NGO_00115_1,Annual Report,Self-reported
PRJ_NGO_00115_2,NGO_00115,Disaster Relief & Rehabilitation Initiative #2 (Salem),Completed,Community-based disaster relief & rehabilitation support project serving rural/urban clusters.,Disaster Relief & Rehabilitation,"[""Nutrition & Food Security"", ""Women Empowerment""]",CSR India Grant,"[""Tamil Nadu""]","[""Salem""]",2023-10-01,2024-05-28,8,3561,6,4,5,Successfully completed primary community training and material deployment.,"[""District Administration"", ""Local Panchayat""]",https://eleos.org/projects/PRJ_NGO_00115_2,Annual Report,Self-reported
PRJ_NGO_00115_3,NGO_00115,Disaster Relief & Rehabilitation Initiative #3 (Salem),Completed,Community-based disaster relief & rehabilitation support project serving rural/urban clusters.,Disaster Relief & Rehabilitation,"[""Nutrition & Food Security"", ""Women Empowerment""]",District Development Fund,"[""Tamil Nadu""]","[""Salem""]",2022-04-01,2023-09-23,18,3632,14,4,3,Successfully completed primary community training and material deployment.,"[""District Administration"", ""Local Panchayat""]",https://eleos.org/projects/PRJ_NGO_00115_3,Annual Report,Self-reported
PRJ_NGO_00115_4,NGO_00115,Disaster Relief & Rehabilitation Initiative #4 (Salem),Completed,Community-based disaster relief & rehabilitation support project serving rural/urban clusters.,Disaster Relief & Rehabilitation,"[""Nutrition & Food Security"", ""Women Empowerment""]",Public Donations,"[""Tamil Nadu""]","[""Salem""]",2021-02-01,2022-02-26,13,1350,14,3,6,Successfully completed primary community training and material deployment.,"[""District Administration"", ""Local Panchayat""]",https://eleos.org/projects/PRJ_NGO_00115_4,Annual Report,Self-reported
PRJ_NGO_00115_5,NGO_00115,Disaster Relief & Rehabilitation Initiative #5 (Salem),Completed,Community-based disaster relief & rehabilitation support project serving rural/urban clusters.,Disaster Relief & Rehabilitation,"[""Nutrition & Food Security"", ""Women Empowerment""]",State Grant,"[""Tamil Nadu""]","[""Salem""]",2020-03-01,2021-02-24,12,1366,10,5,2,Successfully completed primary community training and material deployment.,"[""District Administration"", ""Local Panchayat""]",https://eleos.org/projects/PRJ_NGO_00115_5,Annual Report,Self-reported
PRJ_NGO_00116_1,NGO_00116,Healthcare & Medical Initiative #1 (Thane),Completed,Community-based healthcare & medical support project serving rural/urban clusters.,Healthcare & Medical,"[""Rural Development""]",Public Donations,"[""Maharashtra""]","[""Thane""]",2024-12-01,2025-06-29,7,3806,16,3,5,Successfully completed primary community training and material deployment.,"[""District Administration"", ""Local Panchayat""]",https://eleos.org/projects/PRJ_NGO_00116_1,Annual Report,Self-reported
PRJ_NGO_00116_2,NGO_00116,Healthcare & Medical Initiative #2 (Thane),Completed,Community-based healthcare & medical support project serving rural/urban clusters.,Healthcare & Medical,"[""Rural Development""]",CSR India Grant,"[""Maharashtra""]","[""Thane""]",2023-11-01,2025-05-24,19,1969,20,4,2,Successfully completed primary community training and material deployment.,"[""District Administration"", ""Local Panchayat""]",https://eleos.org/projects/PRJ_NGO_00116_2,Annual Report,Self-reported
PRJ_NGO_00117_1,NGO_00117,Education Initiative #1 (Thiruvananthapuram),Completed,Community-based education support project serving rural/urban clusters.,Education,"[""Rural Development""]",,"[""Kerala""]","[""Thiruvananthapuram""]",2024-04-01,2025-07-25,16,3125,4,4,4,Successfully completed primary community training and material deployment.,"[""District Administration"", ""Local Panchayat""]",https://eleos.org/projects/PRJ_NGO_00117_1,Annual Report,Self-reported
PRJ_NGO_00117_2,NGO_00117,Education Initiative #2 (Thiruvananthapuram),Completed,Community-based education support project serving rural/urban clusters.,Education,"[""Rural Development""]",,"[""Kerala""]","[""Thiruvananthapuram""]",2023-12-01,2024-12-25,13,4942,6,3,6,Successfully completed primary community training and material deployment.,"[""District Administration"", ""Local Panchayat""]",https://eleos.org/projects/PRJ_NGO_00117_2,Annual Report,Self-reported
PRJ_NGO_00117_3,NGO_00117,Education Initiative #3 (Thiruvananthapuram),Completed,Community-based education support project serving rural/urban clusters.,Education,"[""Rural Development""]",CSR India Grant,"[""Kerala""]","[""Thiruvananthapuram""]",2022-09-01,2023-12-25,16,2066,13,4,5,Successfully completed primary community training and material deployment.,[],https://eleos.org/projects/PRJ_NGO_00117_3,Annual Report,Self-reported
PRJ_NGO_00117_4,NGO_00117,Education Initiative #4 (Thiruvananthapuram),Completed,Community-based education support project serving rural/urban clusters.,Education,"[""Rural Development""]",,"[""Kerala""]","[""Thiruvananthapuram""]",2021-01-01,2022-08-24,20,3787,17,6,2,Successfully completed primary community training and material deployment.,"[""District Administration"", ""Local Panchayat""]",https://eleos.org/projects/PRJ_NGO_00117_4,Annual Report,Self-reported
PRJ_NGO_00118_1,NGO_00118,Education Initiative #1 (Jaipur),Completed,Community-based education support project serving rural/urban clusters.,Education,"[""Child Welfare""]",District Development Fund,"[""Rajasthan""]","[""Jaipur""]",2024-02-01,2025-06-25,17,4447,7,3,5,Successfully completed primary community training and material deployment.,[],https://eleos.org/projects/PRJ_NGO_00118_1,Annual Report,Self-reported
PRJ_NGO_00118_2,NGO_00118,Education Initiative #2 (Jaipur),Completed,Community-based education support project serving rural/urban clusters.,Education,"[""Child Welfare""]",State Grant,"[""Rajasthan""]","[""Jaipur""]",2023-03-01,2024-06-23,16,4689,14,6,2,Successfully completed primary community training and material deployment.,"[""District Administration"", ""Local Panchayat""]",https://eleos.org/projects/PRJ_NGO_00118_2,Annual Report,Self-reported
PRJ_NGO_00118_3,NGO_00118,Education Initiative #3 (Jaipur),Completed,Community-based education support project serving rural/urban clusters.,Education,"[""Child Welfare""]",District Development Fund,"[""Rajasthan""]","[""Jaipur""]",2022-02-01,2023-05-27,16,3195,6,4,5,Successfully completed primary community training and material deployment.,[],https://eleos.org/projects/PRJ_NGO_00118_3,Annual Report,Self-reported
PRJ_NGO_00118_4,NGO_00118,Education Initiative #4 (Jaipur),Completed,Community-based education support project serving rural/urban clusters.,Education,"[""Child Welfare""]",Public Donations,"[""Rajasthan""]","[""Jaipur""]",2021-07-01,2022-01-27,7,680,17,3,6,Successfully completed primary community training and material deployment.,[],https://eleos.org/projects/PRJ_NGO_00118_4,Annual Report,Self-reported
PRJ_NGO_00119_1,NGO_00119,Women Empowerment Initiative #1 (Puri),Completed,Community-based women empowerment support project serving rural/urban clusters.,Women Empowerment,"[""Water & Sanitation"", ""Skill Development & Livelihood""]",Public Donations,"[""Odisha""]","[""Puri""]",2024-12-01,2026-05-25,18,4593,11,5,6,Successfully completed primary community training and material deployment.,[],https://eleos.org/projects/PRJ_NGO_00119_1,Annual Report,Self-reported
PRJ_NGO_00119_2,NGO_00119,Women Empowerment Initiative #2 (Puri),Completed,Community-based women empowerment support project serving rural/urban clusters.,Women Empowerment,"[""Water & Sanitation"", ""Skill Development & Livelihood""]",District Development Fund,"[""Odisha""]","[""Puri""]",2023-02-01,2024-07-25,18,908,19,6,3,Successfully completed primary community training and material deployment.,[],https://eleos.org/projects/PRJ_NGO_00119_2,Annual Report,Self-reported
PRJ_NGO_00119_3,NGO_00119,Women Empowerment Initiative #3 (Puri),Completed,Community-based women empowerment support project serving rural/urban clusters.,Women Empowerment,"[""Water & Sanitation"", ""Skill Development & Livelihood""]",State Grant,"[""Odisha""]","[""Puri""]",2022-01-01,2023-09-23,21,1095,5,4,2,Successfully completed primary community training and material deployment.,"[""District Administration"", ""Local Panchayat""]",https://eleos.org/projects/PRJ_NGO_00119_3,Annual Report,Self-reported
PRJ_NGO_00119_4,NGO_00119,Women Empowerment Initiative #4 (Puri),Completed,Community-based women empowerment support project serving rural/urban clusters.,Women Empowerment,"[""Water & Sanitation"", ""Skill Development & Livelihood""]",CSR India Grant,"[""Odisha""]","[""Puri""]",2022-03-01,2022-10-27,8,2180,15,5,5,Successfully completed primary community training and material deployment.,"[""District Administration"", ""Local Panchayat""]",https://eleos.org/projects/PRJ_NGO_00119_4,Annual Report,Self-reported
PRJ_NGO_00120_1,NGO_00120,Nutrition & Food Security Initiative #1 (Surat),Completed,Community-based nutrition & food security support project serving rural/urban clusters.,Nutrition & Food Security,"[""Rural Development"", ""Child Welfare""]",District Development Fund,"[""Gujarat""]","[""Surat""]",2024-11-01,2026-04-25,18,4541,8,4,3,Successfully completed primary community training and material deployment.,"[""District Administration"", ""Local Panchayat""]",https://eleos.org/projects/PRJ_NGO_00120_1,Annual Report,Self-reported
PRJ_NGO_00120_2,NGO_00120,Nutrition & Food Security Initiative #2 (Surat),Completed,Community-based nutrition & food security support project serving rural/urban clusters.,Nutrition & Food Security,"[""Rural Development"", ""Child Welfare""]",,"[""Gujarat""]","[""Surat""]",2023-10-01,2024-09-25,12,3177,16,6,4,Successfully completed primary community training and material deployment.,"[""District Administration"", ""Local Panchayat""]",https://eleos.org/projects/PRJ_NGO_00120_2,Annual Report,Self-reported
PRJ_NGO_00120_3,NGO_00120,Nutrition & Food Security Initiative #3 (Surat),Completed,Community-based nutrition & food security support project serving rural/urban clusters.,Nutrition & Food Security,"[""Rural Development"", ""Child Welfare""]",District Development Fund,"[""Gujarat""]","[""Surat""]",2022-04-01,2023-09-23,18,4052,5,6,4,Successfully completed primary community training and material deployment.,"[""District Administration"", ""Local Panchayat""]",https://eleos.org/projects/PRJ_NGO_00120_3,Annual Report,Self-reported
PRJ_NGO_00120_4,NGO_00120,Nutrition & Food Security Initiative #4 (Surat),Completed,Community-based nutrition & food security support project serving rural/urban clusters.,Nutrition & Food Security,"[""Rural Development"", ""Child Welfare""]",CSR India Grant,"[""Gujarat""]","[""Surat""]",2021-10-01,2023-04-24,19,1833,8,5,6,Successfully completed primary community training and material deployment.,"[""District Administration"", ""Local Panchayat""]",https://eleos.org/projects/PRJ_NGO_00120_4,Annual Report,Self-reported
PRJ_NGO_00121_1,NGO_00121,Nutrition & Food Security Initiative #1 (Ernakulam),Completed,Community-based nutrition & food security support project serving rural/urban clusters.,Nutrition & Food Security,"[""Women Empowerment""]",Public Donations,"[""Kerala""]","[""Ernakulam""]",2024-10-01,2026-02-23,17,896,13,3,3,Successfully completed primary community training and material deployment.,[],https://eleos.org/projects/PRJ_NGO_00121_1,Annual Report,Self-reported
PRJ_NGO_00121_2,NGO_00121,Nutrition & Food Security Initiative #2 (Ernakulam),Completed,Community-based nutrition & food security support project serving rural/urban clusters.,Nutrition & Food Security,"[""Women Empowerment""]",District Development Fund,"[""Kerala""]","[""Ernakulam""]",2023-05-01,2024-10-22,18,1109,8,5,4,Successfully completed primary community training and material deployment.,"[""District Administration"", ""Local Panchayat""]",https://eleos.org/projects/PRJ_NGO_00121_2,Annual Report,Self-reported
PRJ_NGO_00121_3,NGO_00121,Nutrition & Food Security Initiative #3 (Ernakulam),Completed,Community-based nutrition & food security support project serving rural/urban clusters.,Nutrition & Food Security,"[""Women Empowerment""]",,"[""Kerala""]","[""Ernakulam""]",2022-02-01,2023-06-26,17,4252,2,6,3,Successfully completed primary community training and material deployment.,[],https://eleos.org/projects/PRJ_NGO_00121_3,Annual Report,Self-reported
PRJ_NGO_00121_4,NGO_00121,Nutrition & Food Security Initiative #4 (Ernakulam),Completed,Community-based nutrition & food security support project serving rural/urban clusters.,Nutrition & Food Security,"[""Women Empowerment""]",,"[""Kerala""]","[""Ernakulam""]",2021-05-01,2022-04-26,12,2495,18,3,5,Successfully completed primary community training and material deployment.,[],https://eleos.org/projects/PRJ_NGO_00121_4,Annual Report,Self-reported
PRJ_NGO_00121_5,NGO_00121,Nutrition & Food Security Initiative #5 (Ernakulam),Completed,Community-based nutrition & food security support project serving rural/urban clusters.,Nutrition & Food Security,"[""Women Empowerment""]",District Development Fund,"[""Kerala""]","[""Ernakulam""]",2020-03-01,2020-09-27,7,2711,10,6,5,Successfully completed primary community training and material deployment.,[],https://eleos.org/projects/PRJ_NGO_00121_5,Annual Report,Self-reported
PRJ_NGO_00122_1,NGO_00122,Environment & Forests Initiative #1 (Prayagraj),Completed,Community-based environment & forests support project serving rural/urban clusters.,Environment & Forests,[],,"[""Uttar Pradesh""]","[""Prayagraj""]",2024-06-01,2025-02-26,9,1199,3,4,3,Successfully completed primary community training and material deployment.,"[""District Administration"", ""Local Panchayat""]",https://eleos.org/projects/PRJ_NGO_00122_1,Annual Report,Self-reported
PRJ_NGO_00122_2,NGO_00122,Environment & Forests Initiative #2 (Prayagraj),Completed,Community-based environment & forests support project serving rural/urban clusters.,Environment & Forests,[],CSR India Grant,"[""Uttar Pradesh""]","[""Prayagraj""]",2023-02-01,2023-12-28,11,950,2,6,3,Successfully completed primary community training and material deployment.,[],https://eleos.org/projects/PRJ_NGO_00122_2,Annual Report,Self-reported
PRJ_NGO_00123_1,NGO_00123,Education Initiative #1 (Prayagraj),Completed,Community-based education support project serving rural/urban clusters.,Education,"[""Child Welfare""]",District Development Fund,"[""Uttar Pradesh""]","[""Prayagraj""]",2024-08-01,2026-03-24,20,1363,14,6,2,Successfully completed primary community training and material deployment.,"[""District Administration"", ""Local Panchayat""]",https://eleos.org/projects/PRJ_NGO_00123_1,Annual Report,Self-reported
PRJ_NGO_00123_2,NGO_00123,Education Initiative #2 (Prayagraj),Completed,Community-based education support project serving rural/urban clusters.,Education,"[""Child Welfare""]",District Development Fund,"[""Uttar Pradesh""]","[""Prayagraj""]",2023-06-01,2024-11-22,18,3472,13,3,5,Successfully completed primary community training and material deployment.,"[""District Administration"", ""Local Panchayat""]",https://eleos.org/projects/PRJ_NGO_00123_2,Annual Report,Self-reported
PRJ_NGO_00123_3,NGO_00123,Education Initiative #3 (Prayagraj),Completed,Community-based education support project serving rural/urban clusters.,Education,"[""Child Welfare""]",District Development Fund,"[""Uttar Pradesh""]","[""Prayagraj""]",2022-11-01,2023-09-27,11,1706,8,3,2,Successfully completed primary community training and material deployment.,[],https://eleos.org/projects/PRJ_NGO_00123_3,Annual Report,Self-reported
PRJ_NGO_00123_4,NGO_00123,Education Initiative #4 (Prayagraj),Completed,Community-based education support project serving rural/urban clusters.,Education,"[""Child Welfare""]",Public Donations,"[""Uttar Pradesh""]","[""Prayagraj""]",2021-03-01,2022-04-25,14,1820,2,6,5,Successfully completed primary community training and material deployment.,[],https://eleos.org/projects/PRJ_NGO_00123_4,Annual Report,Self-reported
PRJ_NGO_00123_5,NGO_00123,Education Initiative #5 (Prayagraj),Completed,Community-based education support project serving rural/urban clusters.,Education,"[""Child Welfare""]",District Development Fund,"[""Uttar Pradesh""]","[""Prayagraj""]",2020-09-01,2021-10-26,14,1756,17,6,5,Successfully completed primary community training and material deployment.,"[""District Administration"", ""Local Panchayat""]",https://eleos.org/projects/PRJ_NGO_00123_5,Annual Report,Self-reported
PRJ_NGO_00124_1,NGO_00124,Women Empowerment Initiative #1 (Coimbatore),Ongoing,Community-based women empowerment support project serving rural/urban clusters.,Women Empowerment,"[""Child Welfare"", ""Education""]",CSR India Grant,"[""Tamil Nadu""]","[""Coimbatore""]",2024-07-01,,19,2642,10,4,1,,[],https://eleos.org/projects/PRJ_NGO_00124_1,Annual Report,Self-reported
PRJ_NGO_00124_2,NGO_00124,Women Empowerment Initiative #2 (Coimbatore),Completed,Community-based women empowerment support project serving rural/urban clusters.,Women Empowerment,"[""Child Welfare"", ""Education""]",CSR India Grant,"[""Tamil Nadu""]","[""Coimbatore""]",2023-01-01,2024-07-24,19,3219,16,4,5,Successfully completed primary community training and material deployment.,"[""District Administration"", ""Local Panchayat""]",https://eleos.org/projects/PRJ_NGO_00124_2,Annual Report,Self-reported
PRJ_NGO_00124_3,NGO_00124,Women Empowerment Initiative #3 (Coimbatore),Completed,Community-based women empowerment support project serving rural/urban clusters.,Women Empowerment,"[""Child Welfare"", ""Education""]",,"[""Tamil Nadu""]","[""Coimbatore""]",2022-09-01,2023-07-28,11,3838,12,3,4,Successfully completed primary community training and material deployment.,"[""District Administration"", ""Local Panchayat""]",https://eleos.org/projects/PRJ_NGO_00124_3,Annual Report,Self-reported
PRJ_NGO_00124_4,NGO_00124,Women Empowerment Initiative #4 (Coimbatore),Completed,Community-based women empowerment support project serving rural/urban clusters.,Women Empowerment,"[""Child Welfare"", ""Education""]",Public Donations,"[""Tamil Nadu""]","[""Coimbatore""]",2021-04-01,2022-11-22,20,1534,20,4,4,Successfully completed primary community training and material deployment.,"[""District Administration"", ""Local Panchayat""]",https://eleos.org/projects/PRJ_NGO_00124_4,Annual Report,Self-reported
PRJ_NGO_00124_5,NGO_00124,Women Empowerment Initiative #5 (Coimbatore),Completed,Community-based women empowerment support project serving rural/urban clusters.,Women Empowerment,"[""Child Welfare"", ""Education""]",Public Donations,"[""Tamil Nadu""]","[""Coimbatore""]",2020-02-01,2020-08-29,7,4726,17,5,3,Successfully completed primary community training and material deployment.,[],https://eleos.org/projects/PRJ_NGO_00124_5,Annual Report,Self-reported
PRJ_NGO_00124_6,NGO_00124,Women Empowerment Initiative #6 (Coimbatore),Completed,Community-based women empowerment support project serving rural/urban clusters.,Women Empowerment,"[""Child Welfare"", ""Education""]",,"[""Tamil Nadu""]","[""Coimbatore""]",2019-12-01,2021-05-24,18,408,15,5,5,Successfully completed primary community training and material deployment.,[],https://eleos.org/projects/PRJ_NGO_00124_6,Annual Report,Self-reported
PRJ_NGO_00125_1,NGO_00125,Nutrition & Food Security Initiative #1 (Prayagraj),Completed,Community-based nutrition & food security support project serving rural/urban clusters.,Nutrition & Food Security,[],CSR India Grant,"[""Uttar Pradesh""]","[""Prayagraj""]",2024-04-01,2025-02-25,11,541,14,3,3,Successfully completed primary community training and material deployment.,[],https://eleos.org/projects/PRJ_NGO_00125_1,Annual Report,Self-reported
PRJ_NGO_00125_2,NGO_00125,Nutrition & Food Security Initiative #2 (Prayagraj),Completed,Community-based nutrition & food security support project serving rural/urban clusters.,Nutrition & Food Security,[],District Development Fund,"[""Uttar Pradesh""]","[""Prayagraj""]",2023-10-01,2024-12-24,15,2685,13,6,2,Successfully completed primary community training and material deployment.,"[""District Administration"", ""Local Panchayat""]",https://eleos.org/projects/PRJ_NGO_00125_2,Annual Report,Self-reported
PRJ_NGO_00125_3,NGO_00125,Nutrition & Food Security Initiative #3 (Prayagraj),Completed,Community-based nutrition & food security support project serving rural/urban clusters.,Nutrition & Food Security,[],Public Donations,"[""Uttar Pradesh""]","[""Prayagraj""]",2022-04-01,2024-03-21,24,1976,18,3,4,Successfully completed primary community training and material deployment.,[],https://eleos.org/projects/PRJ_NGO_00125_3,Annual Report,Self-reported
PRJ_NGO_00125_4,NGO_00125,Nutrition & Food Security Initiative #4 (Prayagraj),Completed,Community-based nutrition & food security support project serving rural/urban clusters.,Nutrition & Food Security,[],District Development Fund,"[""Uttar Pradesh""]","[""Prayagraj""]",2021-03-01,2022-06-24,16,4292,14,5,5,Successfully completed primary community training and material deployment.,"[""District Administration"", ""Local Panchayat""]",https://eleos.org/projects/PRJ_NGO_00125_4,Annual Report,Self-reported
PRJ_NGO_00125_5,NGO_00125,Nutrition & Food Security Initiative #5 (Prayagraj),Completed,Community-based nutrition & food security support project serving rural/urban clusters.,Nutrition & Food Security,[],State Grant,"[""Uttar Pradesh""]","[""Prayagraj""]",2020-10-01,2021-08-27,11,4133,19,5,3,Successfully completed primary community training and material deployment.,[],https://eleos.org/projects/PRJ_NGO_00125_5,Annual Report,Self-reported
PRJ_NGO_00125_6,NGO_00125,Nutrition & Food Security Initiative #6 (Prayagraj),Completed,Community-based nutrition & food security support project serving rural/urban clusters.,Nutrition & Food Security,[],CSR India Grant,"[""Uttar Pradesh""]","[""Prayagraj""]",2019-02-01,2019-07-31,6,609,2,5,2,Successfully completed primary community training and material deployment.,[],https://eleos.org/projects/PRJ_NGO_00125_6,Annual Report,Self-reported
PRJ_NGO_00126_1,NGO_00126,Environment & Forests Initiative #1 (Mumbai),Completed,Community-based environment & forests support project serving rural/urban clusters.,Environment & Forests,"[""Education""]",,"[""Maharashtra""]","[""Mumbai""]",2024-12-01,2025-10-27,11,1342,8,6,2,Successfully completed primary community training and material deployment.,"[""District Administration"", ""Local Panchayat""]",https://eleos.org/projects/PRJ_NGO_00126_1,Annual Report,Self-reported
PRJ_NGO_00126_2,NGO_00126,Environment & Forests Initiative #2 (Mumbai),Completed,Community-based environment & forests support project serving rural/urban clusters.,Environment & Forests,"[""Education""]",,"[""Maharashtra""]","[""Mumbai""]",2023-02-01,2024-11-22,22,543,18,3,6,Successfully completed primary community training and material deployment.,[],https://eleos.org/projects/PRJ_NGO_00126_2,Annual Report,Self-reported
PRJ_NGO_00126_3,NGO_00126,Environment & Forests Initiative #3 (Mumbai),Completed,Community-based environment & forests support project serving rural/urban clusters.,Environment & Forests,"[""Education""]",District Development Fund,"[""Maharashtra""]","[""Mumbai""]",2022-09-01,2023-07-28,11,2943,17,3,4,Successfully completed primary community training and material deployment.,"[""District Administration"", ""Local Panchayat""]",https://eleos.org/projects/PRJ_NGO_00126_3,Annual Report,Self-reported
PRJ_NGO_00126_4,NGO_00126,Environment & Forests Initiative #4 (Mumbai),Completed,Community-based environment & forests support project serving rural/urban clusters.,Environment & Forests,"[""Education""]",State Grant,"[""Maharashtra""]","[""Mumbai""]",2021-06-01,2023-04-22,23,4485,14,4,6,Successfully completed primary community training and material deployment.,[],https://eleos.org/projects/PRJ_NGO_00126_4,Annual Report,Self-reported
PRJ_NGO_00126_5,NGO_00126,Environment & Forests Initiative #5 (Mumbai),Completed,Community-based environment & forests support project serving rural/urban clusters.,Environment & Forests,"[""Education""]",District Development Fund,"[""Maharashtra""]","[""Mumbai""]",2020-07-01,2021-03-28,9,3916,6,4,2,Successfully completed primary community training and material deployment.,"[""District Administration"", ""Local Panchayat""]",https://eleos.org/projects/PRJ_NGO_00126_5,Annual Report,Self-reported
PRJ_NGO_00126_6,NGO_00126,Environment & Forests Initiative #6 (Mumbai),Completed,Community-based environment & forests support project serving rural/urban clusters.,Environment & Forests,"[""Education""]",State Grant,"[""Maharashtra""]","[""Mumbai""]",2019-09-01,2020-05-28,9,1382,4,5,3,Successfully completed primary community training and material deployment.,"[""District Administration"", ""Local Panchayat""]",https://eleos.org/projects/PRJ_NGO_00126_6,Annual Report,Self-reported
PRJ_NGO_00128_1,NGO_00128,Environment & Forests Initiative #1 (Kolkata),Ongoing,Community-based environment & forests support project serving rural/urban clusters.,Environment & Forests,[],,"[""West Bengal""]","[""Kolkata""]",2025-07-01,,9,525,9,4,1,,[],https://eleos.org/projects/PRJ_NGO_00128_1,Annual Report,Self-reported
PRJ_NGO_00128_2,NGO_00128,Environment & Forests Initiative #2 (Kolkata),Completed,Community-based environment & forests support project serving rural/urban clusters.,Environment & Forests,[],CSR India Grant,"[""West Bengal""]","[""Kolkata""]",2024-12-01,2026-05-25,18,3246,3,3,2,Successfully completed primary community training and material deployment.,"[""District Administration"", ""Local Panchayat""]",https://eleos.org/projects/PRJ_NGO_00128_2,Annual Report,Self-reported
PRJ_NGO_00128_3,NGO_00128,Environment & Forests Initiative #3 (Kolkata),Completed,Community-based environment & forests support project serving rural/urban clusters.,Environment & Forests,[],,"[""West Bengal""]","[""Kolkata""]",2023-05-01,2025-04-20,24,272,11,4,4,Successfully completed primary community training and material deployment.,"[""District Administration"", ""Local Panchayat""]",https://eleos.org/projects/PRJ_NGO_00128_3,Annual Report,Self-reported
PRJ_NGO_00128_4,NGO_00128,Environment & Forests Initiative #4 (Kolkata),Completed,Community-based environment & forests support project serving rural/urban clusters.,Environment & Forests,[],District Development Fund,"[""West Bengal""]","[""Kolkata""]",2023-08-01,2024-07-26,12,4089,17,6,3,Successfully completed primary community training and material deployment.,[],https://eleos.org/projects/PRJ_NGO_00128_4,Annual Report,Self-reported
PRJ_NGO_00128_5,NGO_00128,Environment & Forests Initiative #5 (Kolkata),Completed,Community-based environment & forests support project serving rural/urban clusters.,Environment & Forests,[],,"[""West Bengal""]","[""Kolkata""]",2023-07-01,2025-05-21,23,780,6,4,6,Successfully completed primary community training and material deployment.,[],https://eleos.org/projects/PRJ_NGO_00128_5,Annual Report,Self-reported
PRJ_NGO_00128_6,NGO_00128,Environment & Forests Initiative #6 (Kolkata),Completed,Community-based environment & forests support project serving rural/urban clusters.,Environment & Forests,[],,"[""West Bengal""]","[""Kolkata""]",2023-02-01,2024-10-23,21,794,20,4,3,Successfully completed primary community training and material deployment.,"[""District Administration"", ""Local Panchayat""]",https://eleos.org/projects/PRJ_NGO_00128_6,Annual Report,Self-reported
PRJ_NGO_00128_7,NGO_00128,Environment & Forests Initiative #7 (Kolkata),Completed,Community-based environment & forests support project serving rural/urban clusters.,Environment & Forests,[],District Development Fund,"[""West Bengal""]","[""Kolkata""]",2023-07-01,2024-11-22,17,2350,15,3,5,Successfully completed primary community training and material deployment.,[],https://eleos.org/projects/PRJ_NGO_00128_7,Annual Report,Self-reported
PRJ_NGO_00129_1,NGO_00129,Nutrition & Food Security Initiative #1 (South Delhi),Completed,Community-based nutrition & food security support project serving rural/urban clusters.,Nutrition & Food Security,"[""Disaster Relief & Rehabilitation""]",State Grant,"[""Delhi""]","[""South Delhi""]",2024-08-01,2026-02-22,19,2765,5,4,3,Successfully completed primary community training and material deployment.,[],https://eleos.org/projects/PRJ_NGO_00129_1,Annual Report,Self-reported
PRJ_NGO_00129_2,NGO_00129,Nutrition & Food Security Initiative #2 (South Delhi),Completed,Community-based nutrition & food security support project serving rural/urban clusters.,Nutrition & Food Security,"[""Disaster Relief & Rehabilitation""]",CSR India Grant,"[""Delhi""]","[""South Delhi""]",2023-01-01,2023-07-30,7,2472,5,5,3,Successfully completed primary community training and material deployment.,"[""District Administration"", ""Local Panchayat""]",https://eleos.org/projects/PRJ_NGO_00129_2,Annual Report,Self-reported
PRJ_NGO_00129_3,NGO_00129,Nutrition & Food Security Initiative #3 (South Delhi),Completed,Community-based nutrition & food security support project serving rural/urban clusters.,Nutrition & Food Security,"[""Disaster Relief & Rehabilitation""]",District Development Fund,"[""Delhi""]","[""South Delhi""]",2022-12-01,2024-06-23,19,527,20,3,2,Successfully completed primary community training and material deployment.,[],https://eleos.org/projects/PRJ_NGO_00129_3,Annual Report,Self-reported
PRJ_NGO_00129_4,NGO_00129,Nutrition & Food Security Initiative #4 (South Delhi),Completed,Community-based nutrition & food security support project serving rural/urban clusters.,Nutrition & Food Security,"[""Disaster Relief & Rehabilitation""]",Public Donations,"[""Delhi""]","[""South Delhi""]",2021-10-01,2022-11-25,14,3720,9,4,3,Successfully completed primary community training and material deployment.,"[""District Administration"", ""Local Panchayat""]",https://eleos.org/projects/PRJ_NGO_00129_4,Annual Report,Self-reported
PRJ_NGO_00129_5,NGO_00129,Nutrition & Food Security Initiative #5 (South Delhi),Completed,Community-based nutrition & food security support project serving rural/urban clusters.,Nutrition & Food Security,"[""Disaster Relief & Rehabilitation""]",,"[""Delhi""]","[""South Delhi""]",2020-10-01,2021-11-25,14,3096,9,4,2,Successfully completed primary community training and material deployment.,"[""District Administration"", ""Local Panchayat""]",https://eleos.org/projects/PRJ_NGO_00129_5,Annual Report,Self-reported
PRJ_NGO_00130_1,NGO_00130,Healthcare & Medical Initiative #1 (Ernakulam),Completed,Community-based healthcare & medical support project serving rural/urban clusters.,Healthcare & Medical,"[""Disaster Relief & Rehabilitation""]",Public Donations,"[""Kerala""]","[""Ernakulam""]",2024-07-01,2026-06-21,24,3145,14,3,5,Successfully completed primary community training and material deployment.,"[""District Administration"", ""Local Panchayat""]",https://eleos.org/projects/PRJ_NGO_00130_1,Annual Report,Self-reported
PRJ_NGO_00130_2,NGO_00130,Healthcare & Medical Initiative #2 (Ernakulam),Completed,Community-based healthcare & medical support project serving rural/urban clusters.,Healthcare & Medical,"[""Disaster Relief & Rehabilitation""]",CSR India Grant,"[""Kerala""]","[""Ernakulam""]",2024-08-01,2026-02-22,19,3782,10,5,3,Successfully completed primary community training and material deployment.,[],https://eleos.org/projects/PRJ_NGO_00130_2,Annual Report,Self-reported
PRJ_NGO_00130_3,NGO_00130,Healthcare & Medical Initiative #3 (Ernakulam),Completed,Community-based healthcare & medical support project serving rural/urban clusters.,Healthcare & Medical,"[""Disaster Relief & Rehabilitation""]",District Development Fund,"[""Kerala""]","[""Ernakulam""]",2024-05-01,2026-01-21,21,1580,9,4,2,Successfully completed primary community training and material deployment.,"[""District Administration"", ""Local Panchayat""]",https://eleos.org/projects/PRJ_NGO_00130_3,Annual Report,Self-reported
PRJ_NGO_00131_1,NGO_00131,Women Empowerment Initiative #1 (Thane),Completed,Community-based women empowerment support project serving rural/urban clusters.,Women Empowerment,[],,"[""Maharashtra""]","[""Thane""]",2024-01-01,2025-10-22,22,665,14,4,3,Successfully completed primary community training and material deployment.,[],https://eleos.org/projects/PRJ_NGO_00131_1,Annual Report,Self-reported
PRJ_NGO_00131_2,NGO_00131,Women Empowerment Initiative #2 (Thane),Completed,Community-based women empowerment support project serving rural/urban clusters.,Women Empowerment,[],District Development Fund,"[""Maharashtra""]","[""Thane""]",2024-03-01,2024-12-26,10,3208,20,5,5,Successfully completed primary community training and material deployment.,[],https://eleos.org/projects/PRJ_NGO_00131_2,Annual Report,Self-reported
PRJ_NGO_00133_1,NGO_00133,Water & Sanitation Initiative #1 (Bengaluru Urban),Completed,Community-based water & sanitation support project serving rural/urban clusters.,Water & Sanitation,"[""Environment & Forests""]",,"[""Karnataka""]","[""Bengaluru Urban""]",2024-11-01,2026-02-24,16,1474,20,5,6,Successfully completed primary community training and material deployment.,"[""District Administration"", ""Local Panchayat""]",https://eleos.org/projects/PRJ_NGO_00133_1,Annual Report,Self-reported
PRJ_NGO_00133_2,NGO_00133,Water & Sanitation Initiative #2 (Bengaluru Urban),Completed,Community-based water & sanitation support project serving rural/urban clusters.,Water & Sanitation,"[""Environment & Forests""]",CSR India Grant,"[""Karnataka""]","[""Bengaluru Urban""]",2023-04-01,2024-04-25,13,3754,17,5,4,Successfully completed primary community training and material deployment.,"[""District Administration"", ""Local Panchayat""]",https://eleos.org/projects/PRJ_NGO_00133_2,Annual Report,Self-reported
PRJ_NGO_00133_3,NGO_00133,Water & Sanitation Initiative #3 (Bengaluru Urban),Completed,Community-based water & sanitation support project serving rural/urban clusters.,Water & Sanitation,"[""Environment & Forests""]",State Grant,"[""Karnataka""]","[""Bengaluru Urban""]",2022-05-01,2024-01-21,21,620,20,5,4,Successfully completed primary community training and material deployment.,[],https://eleos.org/projects/PRJ_NGO_00133_3,Annual Report,Self-reported
PRJ_NGO_00133_4,NGO_00133,Water & Sanitation Initiative #4 (Bengaluru Urban),Completed,Community-based water & sanitation support project serving rural/urban clusters.,Water & Sanitation,"[""Environment & Forests""]",District Development Fund,"[""Karnataka""]","[""Bengaluru Urban""]",2021-03-01,2023-01-20,23,1993,9,6,3,Successfully completed primary community training and material deployment.,"[""District Administration"", ""Local Panchayat""]",https://eleos.org/projects/PRJ_NGO_00133_4,Annual Report,Self-reported
PRJ_NGO_00133_5,NGO_00133,Water & Sanitation Initiative #5 (Bengaluru Urban),Completed,Community-based water & sanitation support project serving rural/urban clusters.,Water & Sanitation,"[""Environment & Forests""]",,"[""Karnataka""]","[""Bengaluru Urban""]",2020-12-01,2022-10-22,23,3173,15,6,5,Successfully completed primary community training and material deployment.,"[""District Administration"", ""Local Panchayat""]",https://eleos.org/projects/PRJ_NGO_00133_5,Annual Report,Self-reported
PRJ_NGO_00133_6,NGO_00133,Water & Sanitation Initiative #6 (Bengaluru Urban),Completed,Community-based water & sanitation support project serving rural/urban clusters.,Water & Sanitation,"[""Environment & Forests""]",District Development Fund,"[""Karnataka""]","[""Bengaluru Urban""]",2019-05-01,2019-12-27,8,1530,17,3,4,Successfully completed primary community training and material deployment.,"[""District Administration"", ""Local Panchayat""]",https://eleos.org/projects/PRJ_NGO_00133_6,Annual Report,Self-reported
PRJ_NGO_00133_7,NGO_00133,Water & Sanitation Initiative #7 (Bengaluru Urban),Completed,Community-based water & sanitation support project serving rural/urban clusters.,Water & Sanitation,"[""Environment & Forests""]",State Grant,"[""Karnataka""]","[""Bengaluru Urban""]",2018-01-01,2019-07-25,19,3740,6,6,5,Successfully completed primary community training and material deployment.,"[""District Administration"", ""Local Panchayat""]",https://eleos.org/projects/PRJ_NGO_00133_7,Annual Report,Self-reported
PRJ_NGO_00134_1,NGO_00134,Nutrition & Food Security Initiative #1 (Howrah),Ongoing,Community-based nutrition & food security support project serving rural/urban clusters.,Nutrition & Food Security,"[""Rural Development""]",,"[""West Bengal""]","[""Howrah""]",2024-11-01,,23,2678,8,6,3,,[],https://eleos.org/projects/PRJ_NGO_00134_1,Annual Report,Self-reported
PRJ_NGO_00134_2,NGO_00134,Nutrition & Food Security Initiative #2 (Howrah),Completed,Community-based nutrition & food security support project serving rural/urban clusters.,Nutrition & Food Security,"[""Rural Development""]",District Development Fund,"[""West Bengal""]","[""Howrah""]",2023-03-01,2024-08-22,18,3026,4,3,2,Successfully completed primary community training and material deployment.,"[""District Administration"", ""Local Panchayat""]",https://eleos.org/projects/PRJ_NGO_00134_2,Annual Report,Self-reported
PRJ_NGO_00134_3,NGO_00134,Nutrition & Food Security Initiative #3 (Howrah),Completed,Community-based nutrition & food security support project serving rural/urban clusters.,Nutrition & Food Security,"[""Rural Development""]",District Development Fund,"[""West Bengal""]","[""Howrah""]",2022-05-01,2023-10-23,18,4276,16,6,4,Successfully completed primary community training and material deployment.,"[""District Administration"", ""Local Panchayat""]",https://eleos.org/projects/PRJ_NGO_00134_3,Annual Report,Self-reported
PRJ_NGO_00134_4,NGO_00134,Nutrition & Food Security Initiative #4 (Howrah),Completed,Community-based nutrition & food security support project serving rural/urban clusters.,Nutrition & Food Security,"[""Rural Development""]",Public Donations,"[""West Bengal""]","[""Howrah""]",2021-06-01,2022-12-23,19,4841,7,3,3,Successfully completed primary community training and material deployment.,"[""District Administration"", ""Local Panchayat""]",https://eleos.org/projects/PRJ_NGO_00134_4,Annual Report,Self-reported
PRJ_NGO_00134_5,NGO_00134,Nutrition & Food Security Initiative #5 (Howrah),Completed,Community-based nutrition & food security support project serving rural/urban clusters.,Nutrition & Food Security,"[""Rural Development""]",State Grant,"[""West Bengal""]","[""Howrah""]",2020-07-01,2021-02-26,8,2940,6,3,3,Successfully completed primary community training and material deployment.,[],https://eleos.org/projects/PRJ_NGO_00134_5,Annual Report,Self-reported
PRJ_NGO_00135_1,NGO_00135,Child Welfare Initiative #1 (Central Delhi),Completed,Community-based child welfare support project serving rural/urban clusters.,Child Welfare,[],CSR India Grant,"[""Delhi""]","[""Central Delhi""]",2024-09-01,2026-03-25,19,4310,11,3,5,Successfully completed primary community training and material deployment.,"[""District Administration"", ""Local Panchayat""]",https://eleos.org/projects/PRJ_NGO_00135_1,Annual Report,Self-reported
PRJ_NGO_00135_2,NGO_00135,Child Welfare Initiative #2 (Central Delhi),Completed,Community-based child welfare support project serving rural/urban clusters.,Child Welfare,[],,"[""Delhi""]","[""Central Delhi""]",2023-04-01,2025-02-19,23,2555,5,4,5,Successfully completed primary community training and material deployment.,"[""District Administration"", ""Local Panchayat""]",https://eleos.org/projects/PRJ_NGO_00135_2,Annual Report,Self-reported
PRJ_NGO_00135_3,NGO_00135,Child Welfare Initiative #3 (Central Delhi),Completed,Community-based child welfare support project serving rural/urban clusters.,Child Welfare,[],,"[""Delhi""]","[""Central Delhi""]",2022-06-01,2023-04-27,11,1840,2,6,2,Successfully completed primary community training and material deployment.,[],https://eleos.org/projects/PRJ_NGO_00135_3,Annual Report,Self-reported
PRJ_NGO_00135_4,NGO_00135,Child Welfare Initiative #4 (Central Delhi),Completed,Community-based child welfare support project serving rural/urban clusters.,Child Welfare,[],CSR India Grant,"[""Delhi""]","[""Central Delhi""]",2021-04-01,2022-12-22,21,1014,6,5,3,Successfully completed primary community training and material deployment.,"[""District Administration"", ""Local Panchayat""]",https://eleos.org/projects/PRJ_NGO_00135_4,Annual Report,Self-reported
PRJ_NGO_00136_1,NGO_00136,Healthcare & Medical Initiative #1 (Belagavi),Completed,Community-based healthcare & medical support project serving rural/urban clusters.,Healthcare & Medical,"[""Water & Sanitation""]",State Grant,"[""Karnataka""]","[""Belagavi""]",2024-02-01,2025-02-25,13,4766,16,6,4,Successfully completed primary community training and material deployment.,"[""District Administration"", ""Local Panchayat""]",https://eleos.org/projects/PRJ_NGO_00136_1,Annual Report,Self-reported
PRJ_NGO_00136_2,NGO_00136,Healthcare & Medical Initiative #2 (Belagavi),Completed,Community-based healthcare & medical support project serving rural/urban clusters.,Healthcare & Medical,"[""Water & Sanitation""]",CSR India Grant,"[""Karnataka""]","[""Belagavi""]",2024-04-01,2024-10-28,7,3910,8,3,6,Successfully completed primary community training and material deployment.,[],https://eleos.org/projects/PRJ_NGO_00136_2,Annual Report,Self-reported
PRJ_NGO_00136_3,NGO_00136,Healthcare & Medical Initiative #3 (Belagavi),Completed,Community-based healthcare & medical support project serving rural/urban clusters.,Healthcare & Medical,"[""Water & Sanitation""]",Public Donations,"[""Karnataka""]","[""Belagavi""]",2024-11-01,2026-03-26,17,3604,2,5,5,Successfully completed primary community training and material deployment.,[],https://eleos.org/projects/PRJ_NGO_00136_3,Annual Report,Self-reported
PRJ_NGO_00137_1,NGO_00137,Education Initiative #1 (Ahmedabad),Completed,Community-based education support project serving rural/urban clusters.,Education,"[""Rural Development""]",District Development Fund,"[""Gujarat""]","[""Ahmedabad""]",2024-12-01,2025-06-29,7,763,5,3,2,Successfully completed primary community training and material deployment.,"[""District Administration"", ""Local Panchayat""]",https://eleos.org/projects/PRJ_NGO_00137_1,Annual Report,Self-reported
PRJ_NGO_00137_2,NGO_00137,Education Initiative #2 (Ahmedabad),Completed,Community-based education support project serving rural/urban clusters.,Education,"[""Rural Development""]",Public Donations,"[""Gujarat""]","[""Ahmedabad""]",2023-01-01,2024-09-22,21,3525,19,3,4,Successfully completed primary community training and material deployment.,[],https://eleos.org/projects/PRJ_NGO_00137_2,Annual Report,Self-reported
PRJ_NGO_00137_3,NGO_00137,Education Initiative #3 (Ahmedabad),Completed,Community-based education support project serving rural/urban clusters.,Education,"[""Rural Development""]",CSR India Grant,"[""Gujarat""]","[""Ahmedabad""]",2022-09-01,2023-09-26,13,2936,7,4,6,Successfully completed primary community training and material deployment.,"[""District Administration"", ""Local Panchayat""]",https://eleos.org/projects/PRJ_NGO_00137_3,Annual Report,Self-reported
PRJ_NGO_00137_4,NGO_00137,Education Initiative #4 (Ahmedabad),Completed,Community-based education support project serving rural/urban clusters.,Education,"[""Rural Development""]",State Grant,"[""Gujarat""]","[""Ahmedabad""]",2021-02-01,2021-07-31,6,1989,6,4,6,Successfully completed primary community training and material deployment.,[],https://eleos.org/projects/PRJ_NGO_00137_4,Annual Report,Self-reported
PRJ_NGO_00137_5,NGO_00137,Education Initiative #5 (Ahmedabad),Completed,Community-based education support project serving rural/urban clusters.,Education,"[""Rural Development""]",,"[""Gujarat""]","[""Ahmedabad""]",2020-07-01,2020-12-28,6,2438,20,4,5,Successfully completed primary community training and material deployment.,"[""District Administration"", ""Local Panchayat""]",https://eleos.org/projects/PRJ_NGO_00137_5,Annual Report,Self-reported
PRJ_NGO_00137_6,NGO_00137,Education Initiative #6 (Ahmedabad),Completed,Community-based education support project serving rural/urban clusters.,Education,"[""Rural Development""]",District Development Fund,"[""Gujarat""]","[""Ahmedabad""]",2019-01-01,2020-07-24,19,3382,8,5,4,Successfully completed primary community training and material deployment.,[],https://eleos.org/projects/PRJ_NGO_00137_6,Annual Report,Self-reported
PRJ_NGO_00137_7,NGO_00137,Education Initiative #7 (Ahmedabad),Completed,Community-based education support project serving rural/urban clusters.,Education,"[""Rural Development""]",,"[""Gujarat""]","[""Ahmedabad""]",2018-10-01,2020-04-23,19,2556,10,4,6,Successfully completed primary community training and material deployment.,"[""District Administration"", ""Local Panchayat""]",https://eleos.org/projects/PRJ_NGO_00137_7,Annual Report,Self-reported
PRJ_NGO_00138_1,NGO_00138,Water & Sanitation Initiative #1 (Puri),Completed,Community-based water & sanitation support project serving rural/urban clusters.,Water & Sanitation,"[""Healthcare & Medical"", ""Disaster Relief & Rehabilitation""]",Public Donations,"[""Odisha""]","[""Puri""]",2024-07-01,2026-06-21,24,211,17,4,3,Successfully completed primary community training and material deployment.,[],https://eleos.org/projects/PRJ_NGO_00138_1,Annual Report,Self-reported
PRJ_NGO_00138_2,NGO_00138,Water & Sanitation Initiative #2 (Puri),Completed,Community-based water & sanitation support project serving rural/urban clusters.,Water & Sanitation,"[""Healthcare & Medical"", ""Disaster Relief & Rehabilitation""]",Public Donations,"[""Odisha""]","[""Puri""]",2023-05-01,2024-11-21,19,2427,20,4,5,Successfully completed primary community training and material deployment.,"[""District Administration"", ""Local Panchayat""]",https://eleos.org/projects/PRJ_NGO_00138_2,Annual Report,Self-reported
PRJ_NGO_00138_3,NGO_00138,Water & Sanitation Initiative #3 (Puri),Completed,Community-based water & sanitation support project serving rural/urban clusters.,Water & Sanitation,"[""Healthcare & Medical"", ""Disaster Relief & Rehabilitation""]",,"[""Odisha""]","[""Puri""]",2022-10-01,2024-09-20,24,3123,5,6,5,Successfully completed primary community training and material deployment.,"[""District Administration"", ""Local Panchayat""]",https://eleos.org/projects/PRJ_NGO_00138_3,Annual Report,Self-reported
PRJ_NGO_00138_4,NGO_00138,Water & Sanitation Initiative #4 (Puri),Completed,Community-based water & sanitation support project serving rural/urban clusters.,Water & Sanitation,"[""Healthcare & Medical"", ""Disaster Relief & Rehabilitation""]",CSR India Grant,"[""Odisha""]","[""Puri""]",2021-04-01,2022-07-25,16,2953,13,6,3,Successfully completed primary community training and material deployment.,"[""District Administration"", ""Local Panchayat""]",https://eleos.org/projects/PRJ_NGO_00138_4,Annual Report,Self-reported
PRJ_NGO_00138_5,NGO_00138,Water & Sanitation Initiative #5 (Puri),Completed,Community-based water & sanitation support project serving rural/urban clusters.,Water & Sanitation,"[""Healthcare & Medical"", ""Disaster Relief & Rehabilitation""]",State Grant,"[""Odisha""]","[""Puri""]",2020-08-01,2021-08-26,13,4807,2,3,2,Successfully completed primary community training and material deployment.,"[""District Administration"", ""Local Panchayat""]",https://eleos.org/projects/PRJ_NGO_00138_5,Annual Report,Self-reported
PRJ_NGO_00138_6,NGO_00138,Water & Sanitation Initiative #6 (Puri),Completed,Community-based water & sanitation support project serving rural/urban clusters.,Water & Sanitation,"[""Healthcare & Medical"", ""Disaster Relief & Rehabilitation""]",State Grant,"[""Odisha""]","[""Puri""]",2019-03-01,2020-03-25,13,559,8,6,5,Successfully completed primary community training and material deployment.,"[""District Administration"", ""Local Panchayat""]",https://eleos.org/projects/PRJ_NGO_00138_6,Annual Report,Self-reported
PRJ_NGO_00138_7,NGO_00138,Water & Sanitation Initiative #7 (Puri),Completed,Community-based water & sanitation support project serving rural/urban clusters.,Water & Sanitation,"[""Healthcare & Medical"", ""Disaster Relief & Rehabilitation""]",CSR India Grant,"[""Odisha""]","[""Puri""]",2018-12-01,2019-07-29,8,4693,16,4,3,Successfully completed primary community training and material deployment.,"[""District Administration"", ""Local Panchayat""]",https://eleos.org/projects/PRJ_NGO_00138_7,Annual Report,Self-reported
PRJ_NGO_00139_1,NGO_00139,Disaster Relief & Rehabilitation Initiative #1 (Coimbatore),Ongoing,Community-based disaster relief & rehabilitation support project serving rural/urban clusters.,Disaster Relief & Rehabilitation,[],,"[""Tamil Nadu""]","[""Coimbatore""]",2024-06-01,,7,1634,15,3,1,,"[""District Administration"", ""Local Panchayat""]",https://eleos.org/projects/PRJ_NGO_00139_1,Annual Report,Self-reported
PRJ_NGO_00139_2,NGO_00139,Disaster Relief & Rehabilitation Initiative #2 (Coimbatore),Completed,Community-based disaster relief & rehabilitation support project serving rural/urban clusters.,Disaster Relief & Rehabilitation,[],District Development Fund,"[""Tamil Nadu""]","[""Coimbatore""]",2023-04-01,2023-11-27,8,3600,5,6,3,Successfully completed primary community training and material deployment.,"[""District Administration"", ""Local Panchayat""]",https://eleos.org/projects/PRJ_NGO_00139_2,Annual Report,Self-reported
PRJ_NGO_00139_3,NGO_00139,Disaster Relief & Rehabilitation Initiative #3 (Coimbatore),Completed,Community-based disaster relief & rehabilitation support project serving rural/urban clusters.,Disaster Relief & Rehabilitation,[],,"[""Tamil Nadu""]","[""Coimbatore""]",2022-03-01,2023-04-25,14,4746,18,5,5,Successfully completed primary community training and material deployment.,[],https://eleos.org/projects/PRJ_NGO_00139_3,Annual Report,Self-reported
PRJ_NGO_00139_4,NGO_00139,Disaster Relief & Rehabilitation Initiative #4 (Coimbatore),Completed,Community-based disaster relief & rehabilitation support project serving rural/urban clusters.,Disaster Relief & Rehabilitation,[],,"[""Tamil Nadu""]","[""Coimbatore""]",2021-10-01,2023-08-22,23,1966,16,6,3,Successfully completed primary community training and material deployment.,"[""District Administration"", ""Local Panchayat""]",https://eleos.org/projects/PRJ_NGO_00139_4,Annual Report,Self-reported
PRJ_NGO_00139_5,NGO_00139,Disaster Relief & Rehabilitation Initiative #5 (Coimbatore),Completed,Community-based disaster relief & rehabilitation support project serving rural/urban clusters.,Disaster Relief & Rehabilitation,[],Public Donations,"[""Tamil Nadu""]","[""Coimbatore""]",2020-08-01,2021-09-25,14,2331,8,3,3,Successfully completed primary community training and material deployment.,"[""District Administration"", ""Local Panchayat""]",https://eleos.org/projects/PRJ_NGO_00139_5,Annual Report,Self-reported
PRJ_NGO_00140_1,NGO_00140,Water & Sanitation Initiative #1 (Raigad),Completed,Community-based water & sanitation support project serving rural/urban clusters.,Water & Sanitation,"[""Nutrition & Food Security""]",District Development Fund,"[""Maharashtra""]","[""Raigad""]",2025-01-01,2025-06-30,6,3094,12,6,2,Successfully completed primary community training and material deployment.,"[""District Administration"", ""Local Panchayat""]",https://eleos.org/projects/PRJ_NGO_00140_1,Annual Report,Self-reported
PRJ_NGO_00140_2,NGO_00140,Water & Sanitation Initiative #2 (Raigad),Completed,Community-based water & sanitation support project serving rural/urban clusters.,Water & Sanitation,"[""Nutrition & Food Security""]",Public Donations,"[""Maharashtra""]","[""Raigad""]",2024-09-01,2025-11-25,15,2336,7,3,6,Successfully completed primary community training and material deployment.,"[""District Administration"", ""Local Panchayat""]",https://eleos.org/projects/PRJ_NGO_00140_2,Annual Report,Self-reported
PRJ_NGO_00140_3,NGO_00140,Water & Sanitation Initiative #3 (Raigad),Completed,Community-based water & sanitation support project serving rural/urban clusters.,Water & Sanitation,"[""Nutrition & Food Security""]",,"[""Maharashtra""]","[""Raigad""]",2023-10-01,2025-09-20,24,4105,11,6,6,Successfully completed primary community training and material deployment.,"[""District Administration"", ""Local Panchayat""]",https://eleos.org/projects/PRJ_NGO_00140_3,Annual Report,Self-reported
PRJ_NGO_00140_4,NGO_00140,Water & Sanitation Initiative #4 (Raigad),Completed,Community-based water & sanitation support project serving rural/urban clusters.,Water & Sanitation,"[""Nutrition & Food Security""]",District Development Fund,"[""Maharashtra""]","[""Raigad""]",2022-02-01,2022-11-28,10,2567,18,3,4,Successfully completed primary community training and material deployment.,[],https://eleos.org/projects/PRJ_NGO_00140_4,Annual Report,Self-reported
PRJ_NGO_00140_5,NGO_00140,Water & Sanitation Initiative #5 (Raigad),Completed,Community-based water & sanitation support project serving rural/urban clusters.,Water & Sanitation,"[""Nutrition & Food Security""]",State Grant,"[""Maharashtra""]","[""Raigad""]",2022-01-01,2023-10-23,22,4028,2,3,6,Successfully completed primary community training and material deployment.,[],https://eleos.org/projects/PRJ_NGO_00140_5,Annual Report,Self-reported
PRJ_NGO_00140_6,NGO_00140,Water & Sanitation Initiative #6 (Raigad),Completed,Community-based water & sanitation support project serving rural/urban clusters.,Water & Sanitation,"[""Nutrition & Food Security""]",District Development Fund,"[""Maharashtra""]","[""Raigad""]",2022-11-01,2023-12-26,14,3295,13,5,2,Successfully completed primary community training and material deployment.,[],https://eleos.org/projects/PRJ_NGO_00140_6,Annual Report,Self-reported
PRJ_NGO_00141_1,NGO_00141,Rural Development Initiative #1 (Belagavi),Completed,Community-based rural development support project serving rural/urban clusters.,Rural Development,"[""Education"", ""Water & Sanitation""]",District Development Fund,"[""Karnataka""]","[""Belagavi""]",2024-03-01,2024-08-28,6,3638,6,5,6,Successfully completed primary community training and material deployment.,"[""District Administration"", ""Local Panchayat""]",https://eleos.org/projects/PRJ_NGO_00141_1,Annual Report,Self-reported
PRJ_NGO_00141_2,NGO_00141,Rural Development Initiative #2 (Belagavi),Completed,Community-based rural development support project serving rural/urban clusters.,Rural Development,"[""Education"", ""Water & Sanitation""]",Public Donations,"[""Karnataka""]","[""Belagavi""]",2023-02-01,2024-04-26,15,873,16,3,5,Successfully completed primary community training and material deployment.,[],https://eleos.org/projects/PRJ_NGO_00141_2,Annual Report,Self-reported
PRJ_NGO_00141_3,NGO_00141,Rural Development Initiative #3 (Belagavi),Completed,Community-based rural development support project serving rural/urban clusters.,Rural Development,"[""Education"", ""Water & Sanitation""]",District Development Fund,"[""Karnataka""]","[""Belagavi""]",2022-11-01,2024-04-24,18,3105,13,5,2,Successfully completed primary community training and material deployment.,[],https://eleos.org/projects/PRJ_NGO_00141_3,Annual Report,Self-reported
PRJ_NGO_00141_4,NGO_00141,Rural Development Initiative #4 (Belagavi),Completed,Community-based rural development support project serving rural/urban clusters.,Rural Development,"[""Education"", ""Water & Sanitation""]",Public Donations,"[""Karnataka""]","[""Belagavi""]",2021-04-01,2022-08-24,17,4652,7,5,3,Successfully completed primary community training and material deployment.,"[""District Administration"", ""Local Panchayat""]",https://eleos.org/projects/PRJ_NGO_00141_4,Annual Report,Self-reported
PRJ_NGO_00142_1,NGO_00142,Education Initiative #1 (Kota),Completed,Community-based education support project serving rural/urban clusters.,Education,"[""Disaster Relief & Rehabilitation"", ""Healthcare & Medical""]",CSR India Grant,"[""Rajasthan""]","[""Kota""]",2024-10-01,2026-07-23,22,2202,14,5,5,Successfully completed primary community training and material deployment.,"[""District Administration"", ""Local Panchayat""]",https://eleos.org/projects/PRJ_NGO_00142_1,Annual Report,Self-reported
PRJ_NGO_00142_2,NGO_00142,Education Initiative #2 (Kota),Completed,Community-based education support project serving rural/urban clusters.,Education,"[""Disaster Relief & Rehabilitation"", ""Healthcare & Medical""]",Public Donations,"[""Rajasthan""]","[""Kota""]",2023-08-01,2024-09-24,14,1180,15,3,6,Successfully completed primary community training and material deployment.,"[""District Administration"", ""Local Panchayat""]",https://eleos.org/projects/PRJ_NGO_00142_2,Annual Report,Self-reported
PRJ_NGO_00143_1,NGO_00143,Healthcare & Medical Initiative #1 (Varanasi),Completed,Community-based healthcare & medical support project serving rural/urban clusters.,Healthcare & Medical,"[""Skill Development & Livelihood""]",,"[""Uttar Pradesh""]","[""Varanasi""]",2024-08-01,2026-02-22,19,1368,8,5,4,Successfully completed primary community training and material deployment.,"[""District Administration"", ""Local Panchayat""]",https://eleos.org/projects/PRJ_NGO_00143_1,Annual Report,Self-reported
PRJ_NGO_00143_2,NGO_00143,Healthcare & Medical Initiative #2 (Varanasi),Completed,Community-based healthcare & medical support project serving rural/urban clusters.,Healthcare & Medical,"[""Skill Development & Livelihood""]",District Development Fund,"[""Uttar Pradesh""]","[""Varanasi""]",2023-01-01,2023-09-28,9,2690,19,3,6,Successfully completed primary community training and material deployment.,"[""District Administration"", ""Local Panchayat""]",https://eleos.org/projects/PRJ_NGO_00143_2,Annual Report,Self-reported
PRJ_NGO_00145_1,NGO_00145,Education Initiative #1 (New Delhi),Completed,Community-based education support project serving rural/urban clusters.,Education,"[""Women Empowerment""]",,"[""Delhi""]","[""New Delhi""]",2024-09-01,2025-08-27,12,3831,15,4,2,Successfully completed primary community training and material deployment.,"[""District Administration"", ""Local Panchayat""]",https://eleos.org/projects/PRJ_NGO_00145_1,Annual Report,Self-reported
PRJ_NGO_00145_2,NGO_00145,Education Initiative #2 (New Delhi),Completed,Community-based education support project serving rural/urban clusters.,Education,"[""Women Empowerment""]",Public Donations,"[""Delhi""]","[""New Delhi""]",2023-04-01,2024-05-25,14,337,17,6,5,Successfully completed primary community training and material deployment.,"[""District Administration"", ""Local Panchayat""]",https://eleos.org/projects/PRJ_NGO_00145_2,Annual Report,Self-reported
PRJ_NGO_00145_3,NGO_00145,Education Initiative #3 (New Delhi),Completed,Community-based education support project serving rural/urban clusters.,Education,"[""Women Empowerment""]",CSR India Grant,"[""Delhi""]","[""New Delhi""]",2022-07-01,2023-05-27,11,3878,6,6,5,Successfully completed primary community training and material deployment.,"[""District Administration"", ""Local Panchayat""]",https://eleos.org/projects/PRJ_NGO_00145_3,Annual Report,Self-reported
PRJ_NGO_00146_1,NGO_00146,Water & Sanitation Initiative #1 (Tiruchirappalli),Ongoing,Community-based water & sanitation support project serving rural/urban clusters.,Water & Sanitation,"[""Healthcare & Medical""]",State Grant,"[""Tamil Nadu""]","[""Tiruchirappalli""]",2024-05-01,,9,4053,19,3,1,,"[""District Administration"", ""Local Panchayat""]",https://eleos.org/projects/PRJ_NGO_00146_1,Annual Report,Self-reported
PRJ_NGO_00146_2,NGO_00146,Water & Sanitation Initiative #2 (Tiruchirappalli),Completed,Community-based water & sanitation support project serving rural/urban clusters.,Water & Sanitation,"[""Healthcare & Medical""]",,"[""Tamil Nadu""]","[""Tiruchirappalli""]",2023-12-01,2025-08-22,21,1595,7,3,2,Successfully completed primary community training and material deployment.,"[""District Administration"", ""Local Panchayat""]",https://eleos.org/projects/PRJ_NGO_00146_2,Annual Report,Self-reported
PRJ_NGO_00146_3,NGO_00146,Water & Sanitation Initiative #3 (Tiruchirappalli),Completed,Community-based water & sanitation support project serving rural/urban clusters.,Water & Sanitation,"[""Healthcare & Medical""]",State Grant,"[""Tamil Nadu""]","[""Tiruchirappalli""]",2022-11-01,2023-06-29,8,4592,7,3,3,Successfully completed primary community training and material deployment.,[],https://eleos.org/projects/PRJ_NGO_00146_3,Annual Report,Self-reported
PRJ_NGO_00146_4,NGO_00146,Water & Sanitation Initiative #4 (Tiruchirappalli),Completed,Community-based water & sanitation support project serving rural/urban clusters.,Water & Sanitation,"[""Healthcare & Medical""]",,"[""Tamil Nadu""]","[""Tiruchirappalli""]",2021-07-01,2022-05-27,11,4673,12,6,6,Successfully completed primary community training and material deployment.,"[""District Administration"", ""Local Panchayat""]",https://eleos.org/projects/PRJ_NGO_00146_4,Annual Report,Self-reported
PRJ_NGO_00146_5,NGO_00146,Water & Sanitation Initiative #5 (Tiruchirappalli),Completed,Community-based water & sanitation support project serving rural/urban clusters.,Water & Sanitation,"[""Healthcare & Medical""]",,"[""Tamil Nadu""]","[""Tiruchirappalli""]",2020-07-01,2021-07-26,13,2190,5,4,6,Successfully completed primary community training and material deployment.,"[""District Administration"", ""Local Panchayat""]",https://eleos.org/projects/PRJ_NGO_00146_5,Annual Report,Self-reported
PRJ_NGO_00147_1,NGO_00147,Women Empowerment Initiative #1 (Varanasi),Completed,Community-based women empowerment support project serving rural/urban clusters.,Women Empowerment,"[""Healthcare & Medical""]",State Grant,"[""Uttar Pradesh""]","[""Varanasi""]",2025-11-01,2027-09-22,23,2254,18,5,3,Successfully completed primary community training and material deployment.,[],https://eleos.org/projects/PRJ_NGO_00147_1,Annual Report,Self-reported
PRJ_NGO_00147_2,NGO_00147,Women Empowerment Initiative #2 (Varanasi),Completed,Community-based women empowerment support project serving rural/urban clusters.,Women Empowerment,"[""Healthcare & Medical""]",,"[""Uttar Pradesh""]","[""Varanasi""]",2024-10-01,2026-01-24,16,4395,19,3,2,Successfully completed primary community training and material deployment.,[],https://eleos.org/projects/PRJ_NGO_00147_2,Annual Report,Self-reported
PRJ_NGO_00147_3,NGO_00147,Women Empowerment Initiative #3 (Varanasi),Completed,Community-based women empowerment support project serving rural/urban clusters.,Women Empowerment,"[""Healthcare & Medical""]",,"[""Uttar Pradesh""]","[""Varanasi""]",2023-08-01,2025-06-21,23,3950,3,6,2,Successfully completed primary community training and material deployment.,[],https://eleos.org/projects/PRJ_NGO_00147_3,Annual Report,Self-reported
PRJ_NGO_00147_4,NGO_00147,Women Empowerment Initiative #4 (Varanasi),Completed,Community-based women empowerment support project serving rural/urban clusters.,Women Empowerment,"[""Healthcare & Medical""]",,"[""Uttar Pradesh""]","[""Varanasi""]",2022-03-01,2023-03-26,13,3490,16,6,5,Successfully completed primary community training and material deployment.,[],https://eleos.org/projects/PRJ_NGO_00147_4,Annual Report,Self-reported
PRJ_NGO_00147_5,NGO_00147,Women Empowerment Initiative #5 (Varanasi),Completed,Community-based women empowerment support project serving rural/urban clusters.,Women Empowerment,"[""Healthcare & Medical""]",CSR India Grant,"[""Uttar Pradesh""]","[""Varanasi""]",2021-11-01,2022-09-27,11,3902,10,6,2,Successfully completed primary community training and material deployment.,"[""District Administration"", ""Local Panchayat""]",https://eleos.org/projects/PRJ_NGO_00147_5,Annual Report,Self-reported
PRJ_NGO_00147_6,NGO_00147,Women Empowerment Initiative #6 (Varanasi),Completed,Community-based women empowerment support project serving rural/urban clusters.,Women Empowerment,"[""Healthcare & Medical""]",State Grant,"[""Uttar Pradesh""]","[""Varanasi""]",2020-02-01,2021-09-23,20,4559,17,6,6,Successfully completed primary community training and material deployment.,[],https://eleos.org/projects/PRJ_NGO_00147_6,Annual Report,Self-reported
PRJ_NGO_00147_7,NGO_00147,Women Empowerment Initiative #7 (Varanasi),Completed,Community-based women empowerment support project serving rural/urban clusters.,Women Empowerment,"[""Healthcare & Medical""]",State Grant,"[""Uttar Pradesh""]","[""Varanasi""]",2019-10-01,2021-09-20,24,4343,17,4,3,Successfully completed primary community training and material deployment.,[],https://eleos.org/projects/PRJ_NGO_00147_7,Annual Report,Self-reported
PRJ_NGO_00148_1,NGO_00148,Environment & Forests Initiative #1 (Salem),Ongoing,Community-based environment & forests support project serving rural/urban clusters.,Environment & Forests,[],,"[""Tamil Nadu""]","[""Salem""]",2024-04-01,,15,1182,18,3,1,,"[""District Administration"", ""Local Panchayat""]",https://eleos.org/projects/PRJ_NGO_00148_1,Annual Report,Self-reported
PRJ_NGO_00148_2,NGO_00148,Environment & Forests Initiative #2 (Salem),Completed,Community-based environment & forests support project serving rural/urban clusters.,Environment & Forests,[],District Development Fund,"[""Tamil Nadu""]","[""Salem""]",2023-10-01,2025-06-22,21,584,8,5,6,Successfully completed primary community training and material deployment.,[],https://eleos.org/projects/PRJ_NGO_00148_2,Annual Report,Self-reported
PRJ_NGO_00148_3,NGO_00148,Environment & Forests Initiative #3 (Salem),Completed,Community-based environment & forests support project serving rural/urban clusters.,Environment & Forests,[],Public Donations,"[""Tamil Nadu""]","[""Salem""]",2022-01-01,2022-08-29,8,1921,14,5,2,Successfully completed primary community training and material deployment.,[],https://eleos.org/projects/PRJ_NGO_00148_3,Annual Report,Self-reported
PRJ_NGO_00148_4,NGO_00148,Environment & Forests Initiative #4 (Salem),Completed,Community-based environment & forests support project serving rural/urban clusters.,Environment & Forests,[],Public Donations,"[""Tamil Nadu""]","[""Salem""]",2021-08-01,2022-04-28,9,2885,8,3,3,Successfully completed primary community training and material deployment.,"[""District Administration"", ""Local Panchayat""]",https://eleos.org/projects/PRJ_NGO_00148_4,Annual Report,Self-reported
PRJ_NGO_00149_1,NGO_00149,Water & Sanitation Initiative #1 (Thrissur),Ongoing,Community-based water & sanitation support project serving rural/urban clusters.,Water & Sanitation,[],CSR India Grant,"[""Kerala""]","[""Thrissur""]",2024-06-01,,21,4474,8,6,3,,"[""District Administration"", ""Local Panchayat""]",https://eleos.org/projects/PRJ_NGO_00149_1,Annual Report,Self-reported
PRJ_NGO_00149_2,NGO_00149,Water & Sanitation Initiative #2 (Thrissur),Completed,Community-based water & sanitation support project serving rural/urban clusters.,Water & Sanitation,[],Public Donations,"[""Kerala""]","[""Thrissur""]",2023-11-01,2024-07-28,9,2684,11,6,5,Successfully completed primary community training and material deployment.,"[""District Administration"", ""Local Panchayat""]",https://eleos.org/projects/PRJ_NGO_00149_2,Annual Report,Self-reported
PRJ_NGO_00149_3,NGO_00149,Water & Sanitation Initiative #3 (Thrissur),Completed,Community-based water & sanitation support project serving rural/urban clusters.,Water & Sanitation,[],District Development Fund,"[""Kerala""]","[""Thrissur""]",2022-12-01,2024-08-22,21,4292,9,6,5,Successfully completed primary community training and material deployment.,"[""District Administration"", ""Local Panchayat""]",https://eleos.org/projects/PRJ_NGO_00149_3,Annual Report,Self-reported
PRJ_NGO_00150_1,NGO_00150,Environment & Forests Initiative #1 (Ernakulam),Completed,Community-based environment & forests support project serving rural/urban clusters.,Environment & Forests,"[""Disaster Relief & Rehabilitation"", ""Healthcare & Medical""]",District Development Fund,"[""Kerala""]","[""Ernakulam""]",2024-08-01,2025-08-26,13,3420,11,4,2,Successfully completed primary community training and material deployment.,"[""District Administration"", ""Local Panchayat""]",https://eleos.org/projects/PRJ_NGO_00150_1,Annual Report,Self-reported
PRJ_NGO_00150_2,NGO_00150,Environment & Forests Initiative #2 (Ernakulam),Completed,Community-based environment & forests support project serving rural/urban clusters.,Environment & Forests,"[""Disaster Relief & Rehabilitation"", ""Healthcare & Medical""]",,"[""Kerala""]","[""Ernakulam""]",2023-05-01,2024-06-24,14,4280,5,4,5,Successfully completed primary community training and material deployment.,"[""District Administration"", ""Local Panchayat""]",https://eleos.org/projects/PRJ_NGO_00150_2,Annual Report,Self-reported
PRJ_NGO_00150_3,NGO_00150,Environment & Forests Initiative #3 (Ernakulam),Completed,Community-based environment & forests support project serving rural/urban clusters.,Environment & Forests,"[""Disaster Relief & Rehabilitation"", ""Healthcare & Medical""]",CSR India Grant,"[""Kerala""]","[""Ernakulam""]",2022-10-01,2024-05-23,20,1730,20,4,5,Successfully completed primary community training and material deployment.,[],https://eleos.org/projects/PRJ_NGO_00150_3,Annual Report,Self-reported
PRJ_NGO_00150_4,NGO_00150,Environment & Forests Initiative #4 (Ernakulam),Completed,Community-based environment & forests support project serving rural/urban clusters.,Environment & Forests,"[""Disaster Relief & Rehabilitation"", ""Healthcare & Medical""]",District Development Fund,"[""Kerala""]","[""Ernakulam""]",2021-01-01,2022-04-26,16,4038,18,6,2,Successfully completed primary community training and material deployment.,[],https://eleos.org/projects/PRJ_NGO_00150_4,Annual Report,Self-reported
PRJ_NGO_00150_5,NGO_00150,Environment & Forests Initiative #5 (Ernakulam),Completed,Community-based environment & forests support project serving rural/urban clusters.,Environment & Forests,"[""Disaster Relief & Rehabilitation"", ""Healthcare & Medical""]",District Development Fund,"[""Kerala""]","[""Ernakulam""]",2020-12-01,2022-03-26,16,4947,19,4,3,Successfully completed primary community training and material deployment.,[],https://eleos.org/projects/PRJ_NGO_00150_5,Annual Report,Self-reported
PRJ_NGO_00151_1,NGO_00151,Child Welfare Initiative #1 (Noida),Completed,Community-based child welfare support project serving rural/urban clusters.,Child Welfare,"[""Water & Sanitation""]",,"[""Uttar Pradesh""]","[""Noida""]",2024-08-01,2025-03-29,8,1143,6,6,2,Successfully completed primary community training and material deployment.,"[""District Administration"", ""Local Panchayat""]",https://eleos.org/projects/PRJ_NGO_00151_1,Annual Report,Self-reported
PRJ_NGO_00152_1,NGO_00152,Healthcare & Medical Initiative #1 (Central Delhi),Ongoing,Community-based healthcare & medical support project serving rural/urban clusters.,Healthcare & Medical,"[""Water & Sanitation""]",District Development Fund,"[""Delhi""]","[""Central Delhi""]",2024-04-01,,10,2505,18,3,2,,[],https://eleos.org/projects/PRJ_NGO_00152_1,Annual Report,Self-reported
PRJ_NGO_00152_2,NGO_00152,Healthcare & Medical Initiative #2 (Central Delhi),Completed,Community-based healthcare & medical support project serving rural/urban clusters.,Healthcare & Medical,"[""Water & Sanitation""]",District Development Fund,"[""Delhi""]","[""Central Delhi""]",2023-03-01,2023-08-28,6,2538,3,4,2,Successfully completed primary community training and material deployment.,[],https://eleos.org/projects/PRJ_NGO_00152_2,Annual Report,Self-reported
PRJ_NGO_00152_3,NGO_00152,Healthcare & Medical Initiative #3 (Central Delhi),Completed,Community-based healthcare & medical support project serving rural/urban clusters.,Healthcare & Medical,"[""Water & Sanitation""]",State Grant,"[""Delhi""]","[""Central Delhi""]",2022-10-01,2024-02-23,17,4266,20,6,4,Successfully completed primary community training and material deployment.,"[""District Administration"", ""Local Panchayat""]",https://eleos.org/projects/PRJ_NGO_00152_3,Annual Report,Self-reported
PRJ_NGO_00152_4,NGO_00152,Healthcare & Medical Initiative #4 (Central Delhi),Completed,Community-based healthcare & medical support project serving rural/urban clusters.,Healthcare & Medical,"[""Water & Sanitation""]",Public Donations,"[""Delhi""]","[""Central Delhi""]",2021-05-01,2021-12-27,8,3827,20,5,4,Successfully completed primary community training and material deployment.,[],https://eleos.org/projects/PRJ_NGO_00152_4,Annual Report,Self-reported
PRJ_NGO_00152_5,NGO_00152,Healthcare & Medical Initiative #5 (Central Delhi),Completed,Community-based healthcare & medical support project serving rural/urban clusters.,Healthcare & Medical,"[""Water & Sanitation""]",Public Donations,"[""Delhi""]","[""Central Delhi""]",2020-03-01,2021-03-26,13,4128,5,4,4,Successfully completed primary community training and material deployment.,"[""District Administration"", ""Local Panchayat""]",https://eleos.org/projects/PRJ_NGO_00152_5,Annual Report,Self-reported
PRJ_NGO_00152_6,NGO_00152,Healthcare & Medical Initiative #6 (Central Delhi),Completed,Community-based healthcare & medical support project serving rural/urban clusters.,Healthcare & Medical,"[""Water & Sanitation""]",CSR India Grant,"[""Delhi""]","[""Central Delhi""]",2019-01-01,2019-09-28,9,4746,3,3,6,Successfully completed primary community training and material deployment.,[],https://eleos.org/projects/PRJ_NGO_00152_6,Annual Report,Self-reported
PRJ_NGO_00153_1,NGO_00153,Skill Development & Livelihood Initiative #1 (Surat),Ongoing,Community-based skill development & livelihood support project serving rural/urban clusters.,Skill Development & Livelihood,"[""Education""]",State Grant,"[""Gujarat""]","[""Surat""]",2024-10-01,,21,1218,10,3,1,,"[""District Administration"", ""Local Panchayat""]",https://eleos.org/projects/PRJ_NGO_00153_1,Annual Report,Self-reported
PRJ_NGO_00153_2,NGO_00153,Skill Development & Livelihood Initiative #2 (Surat),Completed,Community-based skill development & livelihood support project serving rural/urban clusters.,Skill Development & Livelihood,"[""Education""]",District Development Fund,"[""Gujarat""]","[""Surat""]",2023-05-01,2025-04-20,24,4655,19,3,6,Successfully completed primary community training and material deployment.,"[""District Administration"", ""Local Panchayat""]",https://eleos.org/projects/PRJ_NGO_00153_2,Annual Report,Self-reported
PRJ_NGO_00154_1,NGO_00154,Water & Sanitation Initiative #1 (Coimbatore),Completed,Community-based water & sanitation support project serving rural/urban clusters.,Water & Sanitation,"[""Environment & Forests""]",CSR India Grant,"[""Tamil Nadu""]","[""Coimbatore""]",2024-03-01,2024-11-26,9,3840,2,5,6,Successfully completed primary community training and material deployment.,[],https://eleos.org/projects/PRJ_NGO_00154_1,Annual Report,Self-reported
PRJ_NGO_00154_2,NGO_00154,Water & Sanitation Initiative #2 (Coimbatore),Completed,Community-based water & sanitation support project serving rural/urban clusters.,Water & Sanitation,"[""Environment & Forests""]",State Grant,"[""Tamil Nadu""]","[""Coimbatore""]",2023-02-01,2024-12-22,23,2330,11,4,3,Successfully completed primary community training and material deployment.,"[""District Administration"", ""Local Panchayat""]",https://eleos.org/projects/PRJ_NGO_00154_2,Annual Report,Self-reported
PRJ_NGO_00154_3,NGO_00154,Water & Sanitation Initiative #3 (Coimbatore),Completed,Community-based water & sanitation support project serving rural/urban clusters.,Water & Sanitation,"[""Environment & Forests""]",,"[""Tamil Nadu""]","[""Coimbatore""]",2022-08-01,2023-12-24,17,4403,9,6,6,Successfully completed primary community training and material deployment.,[],https://eleos.org/projects/PRJ_NGO_00154_3,Annual Report,Self-reported
PRJ_NGO_00154_4,NGO_00154,Water & Sanitation Initiative #4 (Coimbatore),Completed,Community-based water & sanitation support project serving rural/urban clusters.,Water & Sanitation,"[""Environment & Forests""]",District Development Fund,"[""Tamil Nadu""]","[""Coimbatore""]",2021-01-01,2022-11-22,23,705,2,5,6,Successfully completed primary community training and material deployment.,[],https://eleos.org/projects/PRJ_NGO_00154_4,Annual Report,Self-reported
PRJ_NGO_00154_5,NGO_00154,Water & Sanitation Initiative #5 (Coimbatore),Completed,Community-based water & sanitation support project serving rural/urban clusters.,Water & Sanitation,"[""Environment & Forests""]",State Grant,"[""Tamil Nadu""]","[""Coimbatore""]",2020-08-01,2021-11-24,16,967,7,4,5,Successfully completed primary community training and material deployment.,"[""District Administration"", ""Local Panchayat""]",https://eleos.org/projects/PRJ_NGO_00154_5,Annual Report,Self-reported
PRJ_NGO_00154_6,NGO_00154,Water & Sanitation Initiative #6 (Coimbatore),Completed,Community-based water & sanitation support project serving rural/urban clusters.,Water & Sanitation,"[""Environment & Forests""]",CSR India Grant,"[""Tamil Nadu""]","[""Coimbatore""]",2020-05-01,2021-10-23,18,888,7,6,6,Successfully completed primary community training and material deployment.,[],https://eleos.org/projects/PRJ_NGO_00154_6,Annual Report,Self-reported
PRJ_NGO_00155_1,NGO_00155,Healthcare & Medical Initiative #1 (Surat),Ongoing,Community-based healthcare & medical support project serving rural/urban clusters.,Healthcare & Medical,[],CSR India Grant,"[""Gujarat""]","[""Surat""]",2024-12-01,,19,2999,7,4,1,,"[""District Administration"", ""Local Panchayat""]",https://eleos.org/projects/PRJ_NGO_00155_1,Annual Report,Self-reported
PRJ_NGO_00155_2,NGO_00155,Healthcare & Medical Initiative #2 (Surat),Completed,Community-based healthcare & medical support project serving rural/urban clusters.,Healthcare & Medical,[],,"[""Gujarat""]","[""Surat""]",2023-06-01,2025-04-21,23,973,14,5,2,Successfully completed primary community training and material deployment.,"[""District Administration"", ""Local Panchayat""]",https://eleos.org/projects/PRJ_NGO_00155_2,Annual Report,Self-reported
PRJ_NGO_00155_3,NGO_00155,Healthcare & Medical Initiative #3 (Surat),Completed,Community-based healthcare & medical support project serving rural/urban clusters.,Healthcare & Medical,[],Public Donations,"[""Gujarat""]","[""Surat""]",2022-06-01,2023-07-26,14,4259,6,5,2,Successfully completed primary community training and material deployment.,"[""District Administration"", ""Local Panchayat""]",https://eleos.org/projects/PRJ_NGO_00155_3,Annual Report,Self-reported
PRJ_NGO_00156_1,NGO_00156,Healthcare & Medical Initiative #1 (South Delhi),Completed,Community-based healthcare & medical support project serving rural/urban clusters.,Healthcare & Medical,"[""Skill Development & Livelihood"", ""Nutrition & Food Security""]",State Grant,"[""Delhi""]","[""South Delhi""]",2024-10-01,2025-03-30,6,1271,9,5,4,Successfully completed primary community training and material deployment.,"[""District Administration"", ""Local Panchayat""]",https://eleos.org/projects/PRJ_NGO_00156_1,Annual Report,Self-reported
PRJ_NGO_00156_2,NGO_00156,Healthcare & Medical Initiative #2 (South Delhi),Completed,Community-based healthcare & medical support project serving rural/urban clusters.,Healthcare & Medical,"[""Skill Development & Livelihood"", ""Nutrition & Food Security""]",District Development Fund,"[""Delhi""]","[""South Delhi""]",2023-07-01,2024-04-26,10,3630,12,5,2,Successfully completed primary community training and material deployment.,[],https://eleos.org/projects/PRJ_NGO_00156_2,Annual Report,Self-reported
PRJ_NGO_00156_3,NGO_00156,Healthcare & Medical Initiative #3 (South Delhi),Completed,Community-based healthcare & medical support project serving rural/urban clusters.,Healthcare & Medical,"[""Skill Development & Livelihood"", ""Nutrition & Food Security""]",,"[""Delhi""]","[""South Delhi""]",2022-11-01,2024-02-24,16,3042,9,3,2,Successfully completed primary community training and material deployment.,"[""District Administration"", ""Local Panchayat""]",https://eleos.org/projects/PRJ_NGO_00156_3,Annual Report,Self-reported
PRJ_NGO_00157_1,NGO_00157,Child Welfare Initiative #1 (Bengaluru Urban),Completed,Community-based child welfare support project serving rural/urban clusters.,Child Welfare,"[""Environment & Forests""]",District Development Fund,"[""Karnataka""]","[""Bengaluru Urban""]",2025-07-01,2026-06-26,12,2604,7,6,3,Successfully completed primary community training and material deployment.,[],https://eleos.org/projects/PRJ_NGO_00157_1,Annual Report,Self-reported
PRJ_NGO_00157_2,NGO_00157,Child Welfare Initiative #2 (Bengaluru Urban),Completed,Community-based child welfare support project serving rural/urban clusters.,Child Welfare,"[""Environment & Forests""]",State Grant,"[""Karnataka""]","[""Bengaluru Urban""]",2024-09-01,2026-07-23,23,1590,4,6,4,Successfully completed primary community training and material deployment.,"[""District Administration"", ""Local Panchayat""]",https://eleos.org/projects/PRJ_NGO_00157_2,Annual Report,Self-reported
PRJ_NGO_00158_1,NGO_00158,Disaster Relief & Rehabilitation Initiative #1 (Raigad),Completed,Community-based disaster relief & rehabilitation support project serving rural/urban clusters.,Disaster Relief & Rehabilitation,"[""Rural Development""]",District Development Fund,"[""Maharashtra""]","[""Raigad""]",2024-09-01,2025-08-27,12,1393,5,3,2,Successfully completed primary community training and material deployment.,[],https://eleos.org/projects/PRJ_NGO_00158_1,Annual Report,Self-reported
PRJ_NGO_00158_2,NGO_00158,Disaster Relief & Rehabilitation Initiative #2 (Raigad),Completed,Community-based disaster relief & rehabilitation support project serving rural/urban clusters.,Disaster Relief & Rehabilitation,"[""Rural Development""]",CSR India Grant,"[""Maharashtra""]","[""Raigad""]",2023-04-01,2024-02-25,11,333,4,6,5,Successfully completed primary community training and material deployment.,"[""District Administration"", ""Local Panchayat""]",https://eleos.org/projects/PRJ_NGO_00158_2,Annual Report,Self-reported
PRJ_NGO_00159_1,NGO_00159,Healthcare & Medical Initiative #1 (Rajkot),Completed,Community-based healthcare & medical support project serving rural/urban clusters.,Healthcare & Medical,[],CSR India Grant,"[""Gujarat""]","[""Rajkot""]",2024-04-01,2025-01-26,10,912,6,6,4,Successfully completed primary community training and material deployment.,"[""District Administration"", ""Local Panchayat""]",https://eleos.org/projects/PRJ_NGO_00159_1,Annual Report,Self-reported
PRJ_NGO_00159_2,NGO_00159,Healthcare & Medical Initiative #2 (Rajkot),Completed,Community-based healthcare & medical support project serving rural/urban clusters.,Healthcare & Medical,[],,"[""Gujarat""]","[""Rajkot""]",2023-11-01,2025-08-22,22,4779,7,6,2,Successfully completed primary community training and material deployment.,[],https://eleos.org/projects/PRJ_NGO_00159_2,Annual Report,Self-reported
PRJ_NGO_00160_1,NGO_00160,Environment & Forests Initiative #1 (Sundargarh),Ongoing,Community-based environment & forests support project serving rural/urban clusters.,Environment & Forests,"[""Healthcare & Medical""]",,"[""Odisha""]","[""Sundargarh""]",2024-08-01,,11,1534,19,5,3,,"[""District Administration"", ""Local Panchayat""]",https://eleos.org/projects/PRJ_NGO_00160_1,Annual Report,Self-reported
PRJ_NGO_00161_1,NGO_00161,Women Empowerment Initiative #1 (Nashik),Completed,Community-based women empowerment support project serving rural/urban clusters.,Women Empowerment,[],,"[""Maharashtra""]","[""Nashik""]",2024-12-01,2025-07-29,8,4416,6,6,3,Successfully completed primary community training and material deployment.,"[""District Administration"", ""Local Panchayat""]",https://eleos.org/projects/PRJ_NGO_00161_1,Annual Report,Self-reported
PRJ_NGO_00161_2,NGO_00161,Women Empowerment Initiative #2 (Nashik),Completed,Community-based women empowerment support project serving rural/urban clusters.,Women Empowerment,[],District Development Fund,"[""Maharashtra""]","[""Nashik""]",2023-09-01,2024-04-28,8,779,3,5,4,Successfully completed primary community training and material deployment.,[],https://eleos.org/projects/PRJ_NGO_00161_2,Annual Report,Self-reported
PRJ_NGO_00162_1,NGO_00162,Skill Development & Livelihood Initiative #1 (Ernakulam),Completed,Community-based skill development & livelihood support project serving rural/urban clusters.,Skill Development & Livelihood,"[""Disaster Relief & Rehabilitation""]",Public Donations,"[""Kerala""]","[""Ernakulam""]",2024-06-01,2026-05-22,24,3805,12,3,5,Successfully completed primary community training and material deployment.,[],https://eleos.org/projects/PRJ_NGO_00162_1,Annual Report,Self-reported
PRJ_NGO_00162_2,NGO_00162,Skill Development & Livelihood Initiative #2 (Ernakulam),Completed,Community-based skill development & livelihood support project serving rural/urban clusters.,Skill Development & Livelihood,"[""Disaster Relief & Rehabilitation""]",State Grant,"[""Kerala""]","[""Ernakulam""]",2023-08-01,2024-04-27,9,1766,6,6,6,Successfully completed primary community training and material deployment.,"[""District Administration"", ""Local Panchayat""]",https://eleos.org/projects/PRJ_NGO_00162_2,Annual Report,Self-reported
PRJ_NGO_00162_3,NGO_00162,Skill Development & Livelihood Initiative #3 (Ernakulam),Completed,Community-based skill development & livelihood support project serving rural/urban clusters.,Skill Development & Livelihood,"[""Disaster Relief & Rehabilitation""]",Public Donations,"[""Kerala""]","[""Ernakulam""]",2022-06-01,2024-05-21,24,429,9,3,2,Successfully completed primary community training and material deployment.,[],https://eleos.org/projects/PRJ_NGO_00162_3,Annual Report,Self-reported
PRJ_NGO_00164_1,NGO_00164,Nutrition & Food Security Initiative #1 (Raigad),Completed,Community-based nutrition & food security support project serving rural/urban clusters.,Nutrition & Food Security,"[""Disaster Relief & Rehabilitation""]",District Development Fund,"[""Maharashtra""]","[""Raigad""]",2024-07-01,2025-01-27,7,2168,15,4,2,Successfully completed primary community training and material deployment.,"[""District Administration"", ""Local Panchayat""]",https://eleos.org/projects/PRJ_NGO_00164_1,Annual Report,Self-reported
PRJ_NGO_00164_2,NGO_00164,Nutrition & Food Security Initiative #2 (Raigad),Completed,Community-based nutrition & food security support project serving rural/urban clusters.,Nutrition & Food Security,"[""Disaster Relief & Rehabilitation""]",Public Donations,"[""Maharashtra""]","[""Raigad""]",2023-03-01,2024-10-21,20,3097,18,4,2,Successfully completed primary community training and material deployment.,[],https://eleos.org/projects/PRJ_NGO_00164_2,Annual Report,Self-reported
PRJ_NGO_00164_3,NGO_00164,Nutrition & Food Security Initiative #3 (Raigad),Completed,Community-based nutrition & food security support project serving rural/urban clusters.,Nutrition & Food Security,"[""Disaster Relief & Rehabilitation""]",,"[""Maharashtra""]","[""Raigad""]",2022-08-01,2023-01-28,6,1232,2,6,2,Successfully completed primary community training and material deployment.,[],https://eleos.org/projects/PRJ_NGO_00164_3,Annual Report,Self-reported
PRJ_NGO_00164_4,NGO_00164,Nutrition & Food Security Initiative #4 (Raigad),Completed,Community-based nutrition & food security support project serving rural/urban clusters.,Nutrition & Food Security,"[""Disaster Relief & Rehabilitation""]",District Development Fund,"[""Maharashtra""]","[""Raigad""]",2021-06-01,2022-04-27,11,4711,2,4,3,Successfully completed primary community training and material deployment.,"[""District Administration"", ""Local Panchayat""]",https://eleos.org/projects/PRJ_NGO_00164_4,Annual Report,Self-reported
PRJ_NGO_00164_5,NGO_00164,Nutrition & Food Security Initiative #5 (Raigad),Completed,Community-based nutrition & food security support project serving rural/urban clusters.,Nutrition & Food Security,"[""Disaster Relief & Rehabilitation""]",,"[""Maharashtra""]","[""Raigad""]",2021-03-01,2021-11-26,9,1600,4,5,6,Successfully completed primary community training and material deployment.,"[""District Administration"", ""Local Panchayat""]",https://eleos.org/projects/PRJ_NGO_00164_5,Annual Report,Self-reported
PRJ_NGO_00166_1,NGO_00166,Disaster Relief & Rehabilitation Initiative #1 (Salem),Completed,Community-based disaster relief & rehabilitation support project serving rural/urban clusters.,Disaster Relief & Rehabilitation,[],Public Donations,"[""Tamil Nadu""]","[""Salem""]",2024-02-01,2025-10-23,21,3297,3,4,6,Successfully completed primary community training and material deployment.,"[""District Administration"", ""Local Panchayat""]",https://eleos.org/projects/PRJ_NGO_00166_1,Annual Report,Self-reported
PRJ_NGO_00166_2,NGO_00166,Disaster Relief & Rehabilitation Initiative #2 (Salem),Completed,Community-based disaster relief & rehabilitation support project serving rural/urban clusters.,Disaster Relief & Rehabilitation,[],CSR India Grant,"[""Tamil Nadu""]","[""Salem""]",2023-09-01,2024-08-26,12,438,10,4,6,Successfully completed primary community training and material deployment.,"[""District Administration"", ""Local Panchayat""]",https://eleos.org/projects/PRJ_NGO_00166_2,Annual Report,Self-reported
PRJ_NGO_00166_3,NGO_00166,Disaster Relief & Rehabilitation Initiative #3 (Salem),Completed,Community-based disaster relief & rehabilitation support project serving rural/urban clusters.,Disaster Relief & Rehabilitation,[],State Grant,"[""Tamil Nadu""]","[""Salem""]",2022-02-01,2023-07-26,18,1528,6,3,3,Successfully completed primary community training and material deployment.,"[""District Administration"", ""Local Panchayat""]",https://eleos.org/projects/PRJ_NGO_00166_3,Annual Report,Self-reported
PRJ_NGO_00166_4,NGO_00166,Disaster Relief & Rehabilitation Initiative #4 (Salem),Completed,Community-based disaster relief & rehabilitation support project serving rural/urban clusters.,Disaster Relief & Rehabilitation,[],CSR India Grant,"[""Tamil Nadu""]","[""Salem""]",2021-07-01,2023-03-23,21,4304,3,5,5,Successfully completed primary community training and material deployment.,"[""District Administration"", ""Local Panchayat""]",https://eleos.org/projects/PRJ_NGO_00166_4,Annual Report,Self-reported
PRJ_NGO_00166_5,NGO_00166,Disaster Relief & Rehabilitation Initiative #5 (Salem),Completed,Community-based disaster relief & rehabilitation support project serving rural/urban clusters.,Disaster Relief & Rehabilitation,[],State Grant,"[""Tamil Nadu""]","[""Salem""]",2020-06-01,2021-12-23,19,3972,3,6,3,Successfully completed primary community training and material deployment.,"[""District Administration"", ""Local Panchayat""]",https://eleos.org/projects/PRJ_NGO_00166_5,Annual Report,Self-reported
PRJ_NGO_00166_6,NGO_00166,Disaster Relief & Rehabilitation Initiative #6 (Salem),Completed,Community-based disaster relief & rehabilitation support project serving rural/urban clusters.,Disaster Relief & Rehabilitation,[],,"[""Tamil Nadu""]","[""Salem""]",2019-03-01,2019-10-27,8,4395,14,5,4,Successfully completed primary community training and material deployment.,[],https://eleos.org/projects/PRJ_NGO_00166_6,Annual Report,Self-reported
PRJ_NGO_00166_7,NGO_00166,Disaster Relief & Rehabilitation Initiative #7 (Salem),Completed,Community-based disaster relief & rehabilitation support project serving rural/urban clusters.,Disaster Relief & Rehabilitation,[],Public Donations,"[""Tamil Nadu""]","[""Salem""]",2018-10-01,2019-12-25,15,2661,3,6,5,Successfully completed primary community training and material deployment.,[],https://eleos.org/projects/PRJ_NGO_00166_7,Annual Report,Self-reported
PRJ_NGO_00167_1,NGO_00167,Nutrition & Food Security Initiative #1 (Central Delhi),Completed,Community-based nutrition & food security support project serving rural/urban clusters.,Nutrition & Food Security,[],CSR India Grant,"[""Delhi""]","[""Central Delhi""]",2024-05-01,2026-02-20,22,2999,7,6,6,Successfully completed primary community training and material deployment.,[],https://eleos.org/projects/PRJ_NGO_00167_1,Annual Report,Self-reported
PRJ_NGO_00167_2,NGO_00167,Nutrition & Food Security Initiative #2 (Central Delhi),Completed,Community-based nutrition & food security support project serving rural/urban clusters.,Nutrition & Food Security,[],State Grant,"[""Delhi""]","[""Central Delhi""]",2023-06-01,2025-05-21,24,3452,11,6,3,Successfully completed primary community training and material deployment.,[],https://eleos.org/projects/PRJ_NGO_00167_2,Annual Report,Self-reported
PRJ_NGO_00167_3,NGO_00167,Nutrition & Food Security Initiative #3 (Central Delhi),Completed,Community-based nutrition & food security support project serving rural/urban clusters.,Nutrition & Food Security,[],State Grant,"[""Delhi""]","[""Central Delhi""]",2022-04-01,2022-09-28,6,2462,6,4,4,Successfully completed primary community training and material deployment.,"[""District Administration"", ""Local Panchayat""]",https://eleos.org/projects/PRJ_NGO_00167_3,Annual Report,Self-reported
PRJ_NGO_00167_4,NGO_00167,Nutrition & Food Security Initiative #4 (Central Delhi),Completed,Community-based nutrition & food security support project serving rural/urban clusters.,Nutrition & Food Security,[],Public Donations,"[""Delhi""]","[""Central Delhi""]",2022-10-01,2023-06-28,9,1687,14,3,4,Successfully completed primary community training and material deployment.,[],https://eleos.org/projects/PRJ_NGO_00167_4,Annual Report,Self-reported
PRJ_NGO_00167_5,NGO_00167,Nutrition & Food Security Initiative #5 (Central Delhi),Completed,Community-based nutrition & food security support project serving rural/urban clusters.,Nutrition & Food Security,[],,"[""Delhi""]","[""Central Delhi""]",2022-11-01,2023-12-26,14,4980,8,4,3,Successfully completed primary community training and material deployment.,"[""District Administration"", ""Local Panchayat""]",https://eleos.org/projects/PRJ_NGO_00167_5,Annual Report,Self-reported
PRJ_NGO_00167_6,NGO_00167,Nutrition & Food Security Initiative #6 (Central Delhi),Completed,Community-based nutrition & food security support project serving rural/urban clusters.,Nutrition & Food Security,[],Public Donations,"[""Delhi""]","[""Central Delhi""]",2022-02-01,2023-04-27,15,2730,8,3,5,Successfully completed primary community training and material deployment.,"[""District Administration"", ""Local Panchayat""]",https://eleos.org/projects/PRJ_NGO_00167_6,Annual Report,Self-reported
PRJ_NGO_00168_1,NGO_00168,Healthcare & Medical Initiative #1 (Thane),Completed,Community-based healthcare & medical support project serving rural/urban clusters.,Healthcare & Medical,"[""Rural Development"", ""Child Welfare""]",State Grant,"[""Maharashtra""]","[""Thane""]",2024-12-01,2025-07-29,8,1547,3,4,2,Successfully completed primary community training and material deployment.,[],https://eleos.org/projects/PRJ_NGO_00168_1,Annual Report,Self-reported
PRJ_NGO_00168_2,NGO_00168,Healthcare & Medical Initiative #2 (Thane),Completed,Community-based healthcare & medical support project serving rural/urban clusters.,Healthcare & Medical,"[""Rural Development"", ""Child Welfare""]",Public Donations,"[""Maharashtra""]","[""Thane""]",2023-10-01,2025-02-22,17,1462,18,6,3,Successfully completed primary community training and material deployment.,"[""District Administration"", ""Local Panchayat""]",https://eleos.org/projects/PRJ_NGO_00168_2,Annual Report,Self-reported
PRJ_NGO_00168_3,NGO_00168,Healthcare & Medical Initiative #3 (Thane),Completed,Community-based healthcare & medical support project serving rural/urban clusters.,Healthcare & Medical,"[""Rural Development"", ""Child Welfare""]",,"[""Maharashtra""]","[""Thane""]",2022-01-01,2022-11-27,11,4170,9,5,3,Successfully completed primary community training and material deployment.,"[""District Administration"", ""Local Panchayat""]",https://eleos.org/projects/PRJ_NGO_00168_3,Annual Report,Self-reported
PRJ_NGO_00168_4,NGO_00168,Healthcare & Medical Initiative #4 (Thane),Completed,Community-based healthcare & medical support project serving rural/urban clusters.,Healthcare & Medical,"[""Rural Development"", ""Child Welfare""]",District Development Fund,"[""Maharashtra""]","[""Thane""]",2021-10-01,2023-02-23,17,2122,6,4,3,Successfully completed primary community training and material deployment.,"[""District Administration"", ""Local Panchayat""]",https://eleos.org/projects/PRJ_NGO_00168_4,Annual Report,Self-reported
PRJ_NGO_00168_5,NGO_00168,Healthcare & Medical Initiative #5 (Thane),Completed,Community-based healthcare & medical support project serving rural/urban clusters.,Healthcare & Medical,"[""Rural Development"", ""Child Welfare""]",,"[""Maharashtra""]","[""Thane""]",2020-08-01,2021-08-26,13,1757,18,4,2,Successfully completed primary community training and material deployment.,[],https://eleos.org/projects/PRJ_NGO_00168_5,Annual Report,Self-reported
PRJ_NGO_00168_6,NGO_00168,Healthcare & Medical Initiative #6 (Thane),Completed,Community-based healthcare & medical support project serving rural/urban clusters.,Healthcare & Medical,"[""Rural Development"", ""Child Welfare""]",Public Donations,"[""Maharashtra""]","[""Thane""]",2019-08-01,2020-08-25,13,2047,6,4,5,Successfully completed primary community training and material deployment.,"[""District Administration"", ""Local Panchayat""]",https://eleos.org/projects/PRJ_NGO_00168_6,Annual Report,Self-reported
PRJ_NGO_00169_1,NGO_00169,Skill Development & Livelihood Initiative #1 (Kota),Completed,Community-based skill development & livelihood support project serving rural/urban clusters.,Skill Development & Livelihood,"[""Nutrition & Food Security"", ""Disaster Relief & Rehabilitation""]",Public Donations,"[""Rajasthan""]","[""Kota""]",2024-08-01,2025-02-27,7,2808,10,3,3,Successfully completed primary community training and material deployment.,"[""District Administration"", ""Local Panchayat""]",https://eleos.org/projects/PRJ_NGO_00169_1,Annual Report,Self-reported
PRJ_NGO_00169_2,NGO_00169,Skill Development & Livelihood Initiative #2 (Kota),Completed,Community-based skill development & livelihood support project serving rural/urban clusters.,Skill Development & Livelihood,"[""Nutrition & Food Security"", ""Disaster Relief & Rehabilitation""]",Public Donations,"[""Rajasthan""]","[""Kota""]",2023-11-01,2024-06-28,8,908,15,5,2,Successfully completed primary community training and material deployment.,[],https://eleos.org/projects/PRJ_NGO_00169_2,Annual Report,Self-reported
PRJ_NGO_00169_3,NGO_00169,Skill Development & Livelihood Initiative #3 (Kota),Completed,Community-based skill development & livelihood support project serving rural/urban clusters.,Skill Development & Livelihood,"[""Nutrition & Food Security"", ""Disaster Relief & Rehabilitation""]",Public Donations,"[""Rajasthan""]","[""Kota""]",2022-11-01,2024-02-24,16,3708,10,3,6,Successfully completed primary community training and material deployment.,"[""District Administration"", ""Local Panchayat""]",https://eleos.org/projects/PRJ_NGO_00169_3,Annual Report,Self-reported
PRJ_NGO_00169_4,NGO_00169,Skill Development & Livelihood Initiative #4 (Kota),Completed,Community-based skill development & livelihood support project serving rural/urban clusters.,Skill Development & Livelihood,"[""Nutrition & Food Security"", ""Disaster Relief & Rehabilitation""]",State Grant,"[""Rajasthan""]","[""Kota""]",2021-02-01,2023-01-22,24,1932,20,5,5,Successfully completed primary community training and material deployment.,"[""District Administration"", ""Local Panchayat""]",https://eleos.org/projects/PRJ_NGO_00169_4,Annual Report,Self-reported
PRJ_NGO_00170_1,NGO_00170,Child Welfare Initiative #1 (Jaipur),Ongoing,Community-based child welfare support project serving rural/urban clusters.,Child Welfare,"[""Healthcare & Medical""]",District Development Fund,"[""Rajasthan""]","[""Jaipur""]",2024-01-01,,6,3647,19,6,2,,[],https://eleos.org/projects/PRJ_NGO_00170_1,Annual Report,Self-reported
PRJ_NGO_00170_2,NGO_00170,Child Welfare Initiative #2 (Jaipur),Completed,Community-based child welfare support project serving rural/urban clusters.,Child Welfare,"[""Healthcare & Medical""]",State Grant,"[""Rajasthan""]","[""Jaipur""]",2023-09-01,2025-03-24,19,3484,11,6,6,Successfully completed primary community training and material deployment.,"[""District Administration"", ""Local Panchayat""]",https://eleos.org/projects/PRJ_NGO_00170_2,Annual Report,Self-reported
PRJ_NGO_00170_3,NGO_00170,Child Welfare Initiative #3 (Jaipur),Completed,Community-based child welfare support project serving rural/urban clusters.,Child Welfare,"[""Healthcare & Medical""]",State Grant,"[""Rajasthan""]","[""Jaipur""]",2022-05-01,2022-12-27,8,1849,14,5,5,Successfully completed primary community training and material deployment.,"[""District Administration"", ""Local Panchayat""]",https://eleos.org/projects/PRJ_NGO_00170_3,Annual Report,Self-reported
PRJ_NGO_00170_4,NGO_00170,Child Welfare Initiative #4 (Jaipur),Completed,Community-based child welfare support project serving rural/urban clusters.,Child Welfare,"[""Healthcare & Medical""]",Public Donations,"[""Rajasthan""]","[""Jaipur""]",2021-01-01,2022-02-25,14,470,2,6,3,Successfully completed primary community training and material deployment.,[],https://eleos.org/projects/PRJ_NGO_00170_4,Annual Report,Self-reported
PRJ_NGO_00170_5,NGO_00170,Child Welfare Initiative #5 (Jaipur),Completed,Community-based child welfare support project serving rural/urban clusters.,Child Welfare,"[""Healthcare & Medical""]",State Grant,"[""Rajasthan""]","[""Jaipur""]",2020-12-01,2021-12-26,13,1831,3,6,4,Successfully completed primary community training and material deployment.,"[""District Administration"", ""Local Panchayat""]",https://eleos.org/projects/PRJ_NGO_00170_5,Annual Report,Self-reported
PRJ_NGO_00171_1,NGO_00171,Rural Development Initiative #1 (Jaipur),Completed,Community-based rural development support project serving rural/urban clusters.,Rural Development,[],Public Donations,"[""Rajasthan""]","[""Jaipur""]",2024-07-01,2025-11-23,17,4071,20,4,3,Successfully completed primary community training and material deployment.,[],https://eleos.org/projects/PRJ_NGO_00171_1,Annual Report,Self-reported
PRJ_NGO_00171_2,NGO_00171,Rural Development Initiative #2 (Jaipur),Completed,Community-based rural development support project serving rural/urban clusters.,Rural Development,[],Public Donations,"[""Rajasthan""]","[""Jaipur""]",2023-01-01,2023-07-30,7,2478,20,6,4,Successfully completed primary community training and material deployment.,[],https://eleos.org/projects/PRJ_NGO_00171_2,Annual Report,Self-reported
PRJ_NGO_00171_3,NGO_00171,Rural Development Initiative #3 (Jaipur),Completed,Community-based rural development support project serving rural/urban clusters.,Rural Development,[],,"[""Rajasthan""]","[""Jaipur""]",2022-02-01,2022-11-28,10,2030,20,3,2,Successfully completed primary community training and material deployment.,[],https://eleos.org/projects/PRJ_NGO_00171_3,Annual Report,Self-reported
PRJ_NGO_00171_4,NGO_00171,Rural Development Initiative #4 (Jaipur),Completed,Community-based rural development support project serving rural/urban clusters.,Rural Development,[],CSR India Grant,"[""Rajasthan""]","[""Jaipur""]",2021-12-01,2023-04-25,17,1317,5,4,5,Successfully completed primary community training and material deployment.,[],https://eleos.org/projects/PRJ_NGO_00171_4,Annual Report,Self-reported
PRJ_NGO_00172_1,NGO_00172,Water & Sanitation Initiative #1 (Puri),Ongoing,Community-based water & sanitation support project serving rural/urban clusters.,Water & Sanitation,[],CSR India Grant,"[""Odisha""]","[""Puri""]",2024-01-01,,13,1997,8,5,2,,"[""District Administration"", ""Local Panchayat""]",https://eleos.org/projects/PRJ_NGO_00172_1,Annual Report,Self-reported
PRJ_NGO_00172_2,NGO_00172,Water & Sanitation Initiative #2 (Puri),Completed,Community-based water & sanitation support project serving rural/urban clusters.,Water & Sanitation,[],State Grant,"[""Odisha""]","[""Puri""]",2023-02-01,2023-10-29,9,3937,13,3,5,Successfully completed primary community training and material deployment.,"[""District Administration"", ""Local Panchayat""]",https://eleos.org/projects/PRJ_NGO_00172_2,Annual Report,Self-reported
PRJ_NGO_00173_1,NGO_00173,Nutrition & Food Security Initiative #1 (Sundargarh),Ongoing,Community-based nutrition & food security support project serving rural/urban clusters.,Nutrition & Food Security,"[""Disaster Relief & Rehabilitation"", ""Environment & Forests""]",CSR India Grant,"[""Odisha""]","[""Sundargarh""]",2024-02-01,,20,4170,11,3,3,,"[""District Administration"", ""Local Panchayat""]",https://eleos.org/projects/PRJ_NGO_00173_1,Annual Report,Self-reported
PRJ_NGO_00173_2,NGO_00173,Nutrition & Food Security Initiative #2 (Sundargarh),Completed,Community-based nutrition & food security support project serving rural/urban clusters.,Nutrition & Food Security,"[""Disaster Relief & Rehabilitation"", ""Environment & Forests""]",Public Donations,"[""Odisha""]","[""Sundargarh""]",2023-10-01,2024-07-27,10,1048,20,5,4,Successfully completed primary community training and material deployment.,[],https://eleos.org/projects/PRJ_NGO_00173_2,Annual Report,Self-reported
PRJ_NGO_00173_3,NGO_00173,Nutrition & Food Security Initiative #3 (Sundargarh),Completed,Community-based nutrition & food security support project serving rural/urban clusters.,Nutrition & Food Security,"[""Disaster Relief & Rehabilitation"", ""Environment & Forests""]",State Grant,"[""Odisha""]","[""Sundargarh""]",2022-06-01,2023-02-26,9,1035,7,4,3,Successfully completed primary community training and material deployment.,"[""District Administration"", ""Local Panchayat""]",https://eleos.org/projects/PRJ_NGO_00173_3,Annual Report,Self-reported
PRJ_NGO_00173_4,NGO_00173,Nutrition & Food Security Initiative #4 (Sundargarh),Completed,Community-based nutrition & food security support project serving rural/urban clusters.,Nutrition & Food Security,"[""Disaster Relief & Rehabilitation"", ""Environment & Forests""]",District Development Fund,"[""Odisha""]","[""Sundargarh""]",2022-07-01,2023-08-25,14,2004,19,6,3,Successfully completed primary community training and material deployment.,[],https://eleos.org/projects/PRJ_NGO_00173_4,Annual Report,Self-reported
PRJ_NGO_00173_5,NGO_00173,Nutrition & Food Security Initiative #5 (Sundargarh),Completed,Community-based nutrition & food security support project serving rural/urban clusters.,Nutrition & Food Security,"[""Disaster Relief & Rehabilitation"", ""Environment & Forests""]",District Development Fund,"[""Odisha""]","[""Sundargarh""]",2022-06-01,2023-08-25,15,1382,5,6,3,Successfully completed primary community training and material deployment.,[],https://eleos.org/projects/PRJ_NGO_00173_5,Annual Report,Self-reported
PRJ_NGO_00173_6,NGO_00173,Nutrition & Food Security Initiative #6 (Sundargarh),Completed,Community-based nutrition & food security support project serving rural/urban clusters.,Nutrition & Food Security,"[""Disaster Relief & Rehabilitation"", ""Environment & Forests""]",,"[""Odisha""]","[""Sundargarh""]",2022-06-01,2023-07-26,14,3333,8,4,2,Successfully completed primary community training and material deployment.,"[""District Administration"", ""Local Panchayat""]",https://eleos.org/projects/PRJ_NGO_00173_6,Annual Report,Self-reported
PRJ_NGO_00174_1,NGO_00174,Rural Development Initiative #1 (North 24 Parganas),Completed,Community-based rural development support project serving rural/urban clusters.,Rural Development,"[""Education""]",District Development Fund,"[""West Bengal""]","[""North 24 Parganas""]",2024-02-01,2024-09-28,8,1443,5,4,2,Successfully completed primary community training and material deployment.,[],https://eleos.org/projects/PRJ_NGO_00174_1,Annual Report,Self-reported
PRJ_NGO_00174_2,NGO_00174,Rural Development Initiative #2 (North 24 Parganas),Completed,Community-based rural development support project serving rural/urban clusters.,Rural Development,"[""Education""]",CSR India Grant,"[""West Bengal""]","[""North 24 Parganas""]",2023-05-01,2025-02-19,22,3251,19,4,5,Successfully completed primary community training and material deployment.,"[""District Administration"", ""Local Panchayat""]",https://eleos.org/projects/PRJ_NGO_00174_2,Annual Report,Self-reported
PRJ_NGO_00174_3,NGO_00174,Rural Development Initiative #3 (North 24 Parganas),Completed,Community-based rural development support project serving rural/urban clusters.,Rural Development,"[""Education""]",State Grant,"[""West Bengal""]","[""North 24 Parganas""]",2022-09-01,2024-05-23,21,2640,2,3,6,Successfully completed primary community training and material deployment.,[],https://eleos.org/projects/PRJ_NGO_00174_3,Annual Report,Self-reported
PRJ_NGO_00174_4,NGO_00174,Rural Development Initiative #4 (North 24 Parganas),Completed,Community-based rural development support project serving rural/urban clusters.,Rural Development,"[""Education""]",,"[""West Bengal""]","[""North 24 Parganas""]",2021-06-01,2022-07-26,14,4601,3,6,4,Successfully completed primary community training and material deployment.,"[""District Administration"", ""Local Panchayat""]",https://eleos.org/projects/PRJ_NGO_00174_4,Annual Report,Self-reported
PRJ_NGO_00174_5,NGO_00174,Rural Development Initiative #5 (North 24 Parganas),Completed,Community-based rural development support project serving rural/urban clusters.,Rural Development,"[""Education""]",CSR India Grant,"[""West Bengal""]","[""North 24 Parganas""]",2020-03-01,2020-08-28,6,3380,7,6,5,Successfully completed primary community training and material deployment.,"[""District Administration"", ""Local Panchayat""]",https://eleos.org/projects/PRJ_NGO_00174_5,Annual Report,Self-reported
PRJ_NGO_00174_6,NGO_00174,Rural Development Initiative #6 (North 24 Parganas),Completed,Community-based rural development support project serving rural/urban clusters.,Rural Development,"[""Education""]",Public Donations,"[""West Bengal""]","[""North 24 Parganas""]",2019-08-01,2020-08-25,13,4466,12,6,5,Successfully completed primary community training and material deployment.,[],https://eleos.org/projects/PRJ_NGO_00174_6,Annual Report,Self-reported
PRJ_NGO_00174_7,NGO_00174,Rural Development Initiative #7 (North 24 Parganas),Completed,Community-based rural development support project serving rural/urban clusters.,Rural Development,"[""Education""]",CSR India Grant,"[""West Bengal""]","[""North 24 Parganas""]",2018-07-01,2019-09-24,15,3766,6,4,4,Successfully completed primary community training and material deployment.,"[""District Administration"", ""Local Panchayat""]",https://eleos.org/projects/PRJ_NGO_00174_7,Annual Report,Self-reported
PRJ_NGO_00175_1,NGO_00175,Environment & Forests Initiative #1 (Ernakulam),Ongoing,Community-based environment & forests support project serving rural/urban clusters.,Environment & Forests,[],CSR India Grant,"[""Kerala""]","[""Ernakulam""]",2024-07-01,,12,231,12,3,2,,"[""District Administration"", ""Local Panchayat""]",https://eleos.org/projects/PRJ_NGO_00175_1,Annual Report,Self-reported
PRJ_NGO_00175_2,NGO_00175,Environment & Forests Initiative #2 (Ernakulam),Completed,Community-based environment & forests support project serving rural/urban clusters.,Environment & Forests,[],,"[""Kerala""]","[""Ernakulam""]",2024-05-01,2025-05-26,13,2124,19,3,4,Successfully completed primary community training and material deployment.,"[""District Administration"", ""Local Panchayat""]",https://eleos.org/projects/PRJ_NGO_00175_2,Annual Report,Self-reported
PRJ_NGO_00176_1,NGO_00176,Women Empowerment Initiative #1 (Mangaluru),Completed,Community-based women empowerment support project serving rural/urban clusters.,Women Empowerment,"[""Disaster Relief & Rehabilitation""]",,"[""Karnataka""]","[""Mangaluru""]",2025-09-01,2026-09-26,13,2648,13,6,3,Successfully completed primary community training and material deployment.,"[""District Administration"", ""Local Panchayat""]",https://eleos.org/projects/PRJ_NGO_00176_1,Annual Report,Self-reported
PRJ_NGO_00176_2,NGO_00176,Women Empowerment Initiative #2 (Mangaluru),Completed,Community-based women empowerment support project serving rural/urban clusters.,Women Empowerment,"[""Disaster Relief & Rehabilitation""]",State Grant,"[""Karnataka""]","[""Mangaluru""]",2024-01-01,2024-10-27,10,3287,13,6,6,Successfully completed primary community training and material deployment.,[],https://eleos.org/projects/PRJ_NGO_00176_2,Annual Report,Self-reported
PRJ_NGO_00176_3,NGO_00176,Women Empowerment Initiative #3 (Mangaluru),Completed,Community-based women empowerment support project serving rural/urban clusters.,Women Empowerment,"[""Disaster Relief & Rehabilitation""]",,"[""Karnataka""]","[""Mangaluru""]",2023-03-01,2024-07-23,17,971,6,5,5,Successfully completed primary community training and material deployment.,[],https://eleos.org/projects/PRJ_NGO_00176_3,Annual Report,Self-reported
PRJ_NGO_00176_4,NGO_00176,Women Empowerment Initiative #4 (Mangaluru),Completed,Community-based women empowerment support project serving rural/urban clusters.,Women Empowerment,"[""Disaster Relief & Rehabilitation""]",,"[""Karnataka""]","[""Mangaluru""]",2022-10-01,2024-07-22,22,4832,7,5,4,Successfully completed primary community training and material deployment.,[],https://eleos.org/projects/PRJ_NGO_00176_4,Annual Report,Self-reported
PRJ_NGO_00176_5,NGO_00176,Women Empowerment Initiative #5 (Mangaluru),Completed,Community-based women empowerment support project serving rural/urban clusters.,Women Empowerment,"[""Disaster Relief & Rehabilitation""]",CSR India Grant,"[""Karnataka""]","[""Mangaluru""]",2022-05-01,2023-11-22,19,3840,11,4,6,Successfully completed primary community training and material deployment.,"[""District Administration"", ""Local Panchayat""]",https://eleos.org/projects/PRJ_NGO_00176_5,Annual Report,Self-reported
PRJ_NGO_00178_1,NGO_00178,Nutrition & Food Security Initiative #1 (Coimbatore),Completed,Community-based nutrition & food security support project serving rural/urban clusters.,Nutrition & Food Security,[],CSR India Grant,"[""Tamil Nadu""]","[""Coimbatore""]",2024-03-01,2025-09-22,19,455,5,4,5,Successfully completed primary community training and material deployment.,[],https://eleos.org/projects/PRJ_NGO_00178_1,Annual Report,Self-reported
PRJ_NGO_00178_2,NGO_00178,Nutrition & Food Security Initiative #2 (Coimbatore),Completed,Community-based nutrition & food security support project serving rural/urban clusters.,Nutrition & Food Security,[],CSR India Grant,"[""Tamil Nadu""]","[""Coimbatore""]",2023-12-01,2024-08-27,9,2091,10,5,4,Successfully completed primary community training and material deployment.,"[""District Administration"", ""Local Panchayat""]",https://eleos.org/projects/PRJ_NGO_00178_2,Annual Report,Self-reported
PRJ_NGO_00179_1,NGO_00179,Nutrition & Food Security Initiative #1 (Khordha),Completed,Community-based nutrition & food security support project serving rural/urban clusters.,Nutrition & Food Security,"[""Environment & Forests"", ""Education""]",Public Donations,"[""Odisha""]","[""Khordha""]",2024-09-01,2025-03-30,7,2727,4,5,5,Successfully completed primary community training and material deployment.,"[""District Administration"", ""Local Panchayat""]",https://eleos.org/projects/PRJ_NGO_00179_1,Annual Report,Self-reported
PRJ_NGO_00179_2,NGO_00179,Nutrition & Food Security Initiative #2 (Khordha),Completed,Community-based nutrition & food security support project serving rural/urban clusters.,Nutrition & Food Security,"[""Environment & Forests"", ""Education""]",District Development Fund,"[""Odisha""]","[""Khordha""]",2023-05-01,2025-01-20,21,3199,8,5,3,Successfully completed primary community training and material deployment.,[],https://eleos.org/projects/PRJ_NGO_00179_2,Annual Report,Self-reported
PRJ_NGO_00179_3,NGO_00179,Nutrition & Food Security Initiative #3 (Khordha),Completed,Community-based nutrition & food security support project serving rural/urban clusters.,Nutrition & Food Security,"[""Environment & Forests"", ""Education""]",CSR India Grant,"[""Odisha""]","[""Khordha""]",2022-09-01,2023-11-25,15,3978,5,5,6,Successfully completed primary community training and material deployment.,[],https://eleos.org/projects/PRJ_NGO_00179_3,Annual Report,Self-reported
PRJ_NGO_00179_4,NGO_00179,Nutrition & Food Security Initiative #4 (Khordha),Completed,Community-based nutrition & food security support project serving rural/urban clusters.,Nutrition & Food Security,"[""Environment & Forests"", ""Education""]",District Development Fund,"[""Odisha""]","[""Khordha""]",2021-10-01,2023-05-24,20,2329,11,4,2,Successfully completed primary community training and material deployment.,[],https://eleos.org/projects/PRJ_NGO_00179_4,Annual Report,Self-reported
PRJ_NGO_00180_1,NGO_00180,Skill Development & Livelihood Initiative #1 (Vellore),Ongoing,Community-based skill development & livelihood support project serving rural/urban clusters.,Skill Development & Livelihood,[],Public Donations,"[""Tamil Nadu""]","[""Vellore""]",2024-10-01,,23,4129,9,3,3,,"[""District Administration"", ""Local Panchayat""]",https://eleos.org/projects/PRJ_NGO_00180_1,Annual Report,Self-reported
PRJ_NGO_00181_1,NGO_00181,Skill Development & Livelihood Initiative #1 (Thane),Completed,Community-based skill development & livelihood support project serving rural/urban clusters.,Skill Development & Livelihood,[],State Grant,"[""Maharashtra""]","[""Thane""]",2024-04-01,2025-10-23,19,1509,18,6,6,Successfully completed primary community training and material deployment.,[],https://eleos.org/projects/PRJ_NGO_00181_1,Annual Report,Self-reported
PRJ_NGO_00182_1,NGO_00182,Environment & Forests Initiative #1 (South Delhi),Completed,Community-based environment & forests support project serving rural/urban clusters.,Environment & Forests,"[""Rural Development""]",District Development Fund,"[""Delhi""]","[""South Delhi""]",2025-10-01,2026-10-26,13,3093,9,3,2,Successfully completed primary community training and material deployment.,"[""District Administration"", ""Local Panchayat""]",https://eleos.org/projects/PRJ_NGO_00182_1,Annual Report,Self-reported
PRJ_NGO_00182_2,NGO_00182,Environment & Forests Initiative #2 (South Delhi),Completed,Community-based environment & forests support project serving rural/urban clusters.,Environment & Forests,"[""Rural Development""]",State Grant,"[""Delhi""]","[""South Delhi""]",2024-09-01,2025-12-25,16,940,13,5,5,Successfully completed primary community training and material deployment.,"[""District Administration"", ""Local Panchayat""]",https://eleos.org/projects/PRJ_NGO_00182_2,Annual Report,Self-reported
PRJ_NGO_00182_3,NGO_00182,Environment & Forests Initiative #3 (South Delhi),Completed,Community-based environment & forests support project serving rural/urban clusters.,Environment & Forests,"[""Rural Development""]",State Grant,"[""Delhi""]","[""South Delhi""]",2023-02-01,2024-05-26,16,3276,9,6,6,Successfully completed primary community training and material deployment.,[],https://eleos.org/projects/PRJ_NGO_00182_3,Annual Report,Self-reported
PRJ_NGO_00182_4,NGO_00182,Environment & Forests Initiative #4 (South Delhi),Completed,Community-based environment & forests support project serving rural/urban clusters.,Environment & Forests,"[""Rural Development""]",CSR India Grant,"[""Delhi""]","[""South Delhi""]",2022-06-01,2023-02-26,9,3311,11,4,5,Successfully completed primary community training and material deployment.,"[""District Administration"", ""Local Panchayat""]",https://eleos.org/projects/PRJ_NGO_00182_4,Annual Report,Self-reported
PRJ_NGO_00182_5,NGO_00182,Environment & Forests Initiative #5 (South Delhi),Completed,Community-based environment & forests support project serving rural/urban clusters.,Environment & Forests,"[""Rural Development""]",District Development Fund,"[""Delhi""]","[""South Delhi""]",2021-10-01,2022-04-29,7,4362,9,6,5,Successfully completed primary community training and material deployment.,[],https://eleos.org/projects/PRJ_NGO_00182_5,Annual Report,Self-reported
PRJ_NGO_00182_6,NGO_00182,Environment & Forests Initiative #6 (South Delhi),Completed,Community-based environment & forests support project serving rural/urban clusters.,Environment & Forests,"[""Rural Development""]",,"[""Delhi""]","[""South Delhi""]",2020-01-01,2020-11-26,11,3655,14,6,2,Successfully completed primary community training and material deployment.,[],https://eleos.org/projects/PRJ_NGO_00182_6,Annual Report,Self-reported
PRJ_NGO_00182_7,NGO_00182,Environment & Forests Initiative #7 (South Delhi),Completed,Community-based environment & forests support project serving rural/urban clusters.,Environment & Forests,"[""Rural Development""]",District Development Fund,"[""Delhi""]","[""South Delhi""]",2019-04-01,2020-06-24,15,4469,4,6,4,Successfully completed primary community training and material deployment.,[],https://eleos.org/projects/PRJ_NGO_00182_7,Annual Report,Self-reported
PRJ_NGO_00183_1,NGO_00183,Environment & Forests Initiative #1 (Chennai),Completed,Community-based environment & forests support project serving rural/urban clusters.,Environment & Forests,"[""Women Empowerment"", ""Water & Sanitation""]",Public Donations,"[""Tamil Nadu""]","[""Chennai""]",2025-01-01,2025-12-27,12,1906,20,3,6,Successfully completed primary community training and material deployment.,"[""District Administration"", ""Local Panchayat""]",https://eleos.org/projects/PRJ_NGO_00183_1,Annual Report,Self-reported
PRJ_NGO_00183_2,NGO_00183,Environment & Forests Initiative #2 (Chennai),Completed,Community-based environment & forests support project serving rural/urban clusters.,Environment & Forests,"[""Women Empowerment"", ""Water & Sanitation""]",State Grant,"[""Tamil Nadu""]","[""Chennai""]",2024-09-01,2026-05-24,21,3142,18,4,3,Successfully completed primary community training and material deployment.,[],https://eleos.org/projects/PRJ_NGO_00183_2,Annual Report,Self-reported
PRJ_NGO_00183_3,NGO_00183,Environment & Forests Initiative #3 (Chennai),Completed,Community-based environment & forests support project serving rural/urban clusters.,Environment & Forests,"[""Women Empowerment"", ""Water & Sanitation""]",State Grant,"[""Tamil Nadu""]","[""Chennai""]",2023-05-01,2025-01-20,21,314,10,3,3,Successfully completed primary community training and material deployment.,"[""District Administration"", ""Local Panchayat""]",https://eleos.org/projects/PRJ_NGO_00183_3,Annual Report,Self-reported
PRJ_NGO_00183_4,NGO_00183,Environment & Forests Initiative #4 (Chennai),Completed,Community-based environment & forests support project serving rural/urban clusters.,Environment & Forests,"[""Women Empowerment"", ""Water & Sanitation""]",,"[""Tamil Nadu""]","[""Chennai""]",2022-10-01,2023-03-30,6,1123,13,4,6,Successfully completed primary community training and material deployment.,"[""District Administration"", ""Local Panchayat""]",https://eleos.org/projects/PRJ_NGO_00183_4,Annual Report,Self-reported
PRJ_NGO_00184_1,NGO_00184,Nutrition & Food Security Initiative #1 (Surat),Completed,Community-based nutrition & food security support project serving rural/urban clusters.,Nutrition & Food Security,"[""Disaster Relief & Rehabilitation""]",Public Donations,"[""Gujarat""]","[""Surat""]",2024-05-01,2025-08-24,16,3538,5,6,2,Successfully completed primary community training and material deployment.,"[""District Administration"", ""Local Panchayat""]",https://eleos.org/projects/PRJ_NGO_00184_1,Annual Report,Self-reported
PRJ_NGO_00184_2,NGO_00184,Nutrition & Food Security Initiative #2 (Surat),Completed,Community-based nutrition & food security support project serving rural/urban clusters.,Nutrition & Food Security,"[""Disaster Relief & Rehabilitation""]",State Grant,"[""Gujarat""]","[""Surat""]",2023-09-01,2024-04-28,8,251,16,5,4,Successfully completed primary community training and material deployment.,[],https://eleos.org/projects/PRJ_NGO_00184_2,Annual Report,Self-reported
PRJ_NGO_00186_1,NGO_00186,Healthcare & Medical Initiative #1 (Salem),Completed,Community-based healthcare & medical support project serving rural/urban clusters.,Healthcare & Medical,[],,"[""Tamil Nadu""]","[""Salem""]",2024-04-01,2025-05-26,14,2403,18,6,4,Successfully completed primary community training and material deployment.,"[""District Administration"", ""Local Panchayat""]",https://eleos.org/projects/PRJ_NGO_00186_1,Annual Report,Self-reported
PRJ_NGO_00186_2,NGO_00186,Healthcare & Medical Initiative #2 (Salem),Completed,Community-based healthcare & medical support project serving rural/urban clusters.,Healthcare & Medical,[],District Development Fund,"[""Tamil Nadu""]","[""Salem""]",2023-01-01,2024-10-22,22,1160,9,6,4,Successfully completed primary community training and material deployment.,[],https://eleos.org/projects/PRJ_NGO_00186_2,Annual Report,Self-reported
PRJ_NGO_00186_3,NGO_00186,Healthcare & Medical Initiative #3 (Salem),Completed,Community-based healthcare & medical support project serving rural/urban clusters.,Healthcare & Medical,[],CSR India Grant,"[""Tamil Nadu""]","[""Salem""]",2022-03-01,2022-12-26,10,1577,4,4,3,Successfully completed primary community training and material deployment.,"[""District Administration"", ""Local Panchayat""]",https://eleos.org/projects/PRJ_NGO_00186_3,Annual Report,Self-reported
PRJ_NGO_00188_1,NGO_00188,Water & Sanitation Initiative #1 (Ahmedabad),Ongoing,Community-based water & sanitation support project serving rural/urban clusters.,Water & Sanitation,"[""Skill Development & Livelihood"", ""Environment & Forests""]",CSR India Grant,"[""Gujarat""]","[""Ahmedabad""]",2024-07-01,,10,4548,13,3,2,,[],https://eleos.org/projects/PRJ_NGO_00188_1,Annual Report,Self-reported
PRJ_NGO_00189_1,NGO_00189,Environment & Forests Initiative #1 (South Delhi),Completed,Community-based environment & forests support project serving rural/urban clusters.,Environment & Forests,[],Public Donations,"[""Delhi""]","[""South Delhi""]",2024-12-01,2025-06-29,7,1655,6,6,5,Successfully completed primary community training and material deployment.,"[""District Administration"", ""Local Panchayat""]",https://eleos.org/projects/PRJ_NGO_00189_1,Annual Report,Self-reported
PRJ_NGO_00189_2,NGO_00189,Environment & Forests Initiative #2 (South Delhi),Completed,Community-based environment & forests support project serving rural/urban clusters.,Environment & Forests,[],State Grant,"[""Delhi""]","[""South Delhi""]",2023-11-01,2025-01-24,15,406,5,3,4,Successfully completed primary community training and material deployment.,[],https://eleos.org/projects/PRJ_NGO_00189_2,Annual Report,Self-reported
PRJ_NGO_00189_3,NGO_00189,Environment & Forests Initiative #3 (South Delhi),Completed,Community-based environment & forests support project serving rural/urban clusters.,Environment & Forests,[],District Development Fund,"[""Delhi""]","[""South Delhi""]",2022-06-01,2024-02-21,21,2732,17,4,4,Successfully completed primary community training and material deployment.,[],https://eleos.org/projects/PRJ_NGO_00189_3,Annual Report,Self-reported
PRJ_NGO_00189_4,NGO_00189,Environment & Forests Initiative #4 (South Delhi),Completed,Community-based environment & forests support project serving rural/urban clusters.,Environment & Forests,[],CSR India Grant,"[""Delhi""]","[""South Delhi""]",2021-09-01,2023-03-25,19,4223,15,4,3,Successfully completed primary community training and material deployment.,"[""District Administration"", ""Local Panchayat""]",https://eleos.org/projects/PRJ_NGO_00189_4,Annual Report,Self-reported
PRJ_NGO_00190_1,NGO_00190,Women Empowerment Initiative #1 (Jodhpur),Completed,Community-based women empowerment support project serving rural/urban clusters.,Women Empowerment,"[""Nutrition & Food Security"", ""Skill Development & Livelihood""]",CSR India Grant,"[""Rajasthan""]","[""Jodhpur""]",2024-09-01,2026-03-25,19,2163,17,4,2,Successfully completed primary community training and material deployment.,"[""District Administration"", ""Local Panchayat""]",https://eleos.org/projects/PRJ_NGO_00190_1,Annual Report,Self-reported
PRJ_NGO_00190_2,NGO_00190,Women Empowerment Initiative #2 (Jodhpur),Completed,Community-based women empowerment support project serving rural/urban clusters.,Women Empowerment,"[""Nutrition & Food Security"", ""Skill Development & Livelihood""]",State Grant,"[""Rajasthan""]","[""Jodhpur""]",2023-11-01,2025-08-22,22,633,3,4,3,Successfully completed primary community training and material deployment.,[],https://eleos.org/projects/PRJ_NGO_00190_2,Annual Report,Self-reported
PRJ_NGO_00190_3,NGO_00190,Women Empowerment Initiative #3 (Jodhpur),Completed,Community-based women empowerment support project serving rural/urban clusters.,Women Empowerment,"[""Nutrition & Food Security"", ""Skill Development & Livelihood""]",CSR India Grant,"[""Rajasthan""]","[""Jodhpur""]",2022-12-01,2023-11-26,12,3859,19,3,2,Successfully completed primary community training and material deployment.,[],https://eleos.org/projects/PRJ_NGO_00190_3,Annual Report,Self-reported
PRJ_NGO_00190_4,NGO_00190,Women Empowerment Initiative #4 (Jodhpur),Completed,Community-based women empowerment support project serving rural/urban clusters.,Women Empowerment,"[""Nutrition & Food Security"", ""Skill Development & Livelihood""]",CSR India Grant,"[""Rajasthan""]","[""Jodhpur""]",2022-05-01,2022-11-27,7,1919,11,6,2,Successfully completed primary community training and material deployment.,[],https://eleos.org/projects/PRJ_NGO_00190_4,Annual Report,Self-reported
PRJ_NGO_00191_1,NGO_00191,Nutrition & Food Security Initiative #1 (Puri),Ongoing,Community-based nutrition & food security support project serving rural/urban clusters.,Nutrition & Food Security,[],Public Donations,"[""Odisha""]","[""Puri""]",2025-02-01,,19,1389,14,3,1,,"[""District Administration"", ""Local Panchayat""]",https://eleos.org/projects/PRJ_NGO_00191_1,Annual Report,Self-reported
PRJ_NGO_00191_2,NGO_00191,Nutrition & Food Security Initiative #2 (Puri),Completed,Community-based nutrition & food security support project serving rural/urban clusters.,Nutrition & Food Security,[],District Development Fund,"[""Odisha""]","[""Puri""]",2024-01-01,2024-12-26,12,3181,3,5,3,Successfully completed primary community training and material deployment.,[],https://eleos.org/projects/PRJ_NGO_00191_2,Annual Report,Self-reported
PRJ_NGO_00191_3,NGO_00191,Nutrition & Food Security Initiative #3 (Puri),Completed,Community-based nutrition & food security support project serving rural/urban clusters.,Nutrition & Food Security,[],,"[""Odisha""]","[""Puri""]",2023-04-01,2023-12-27,9,4608,9,4,4,Successfully completed primary community training and material deployment.,"[""District Administration"", ""Local Panchayat""]",https://eleos.org/projects/PRJ_NGO_00191_3,Annual Report,Self-reported
PRJ_NGO_00191_4,NGO_00191,Nutrition & Food Security Initiative #4 (Puri),Completed,Community-based nutrition & food security support project serving rural/urban clusters.,Nutrition & Food Security,[],CSR India Grant,"[""Odisha""]","[""Puri""]",2022-05-01,2024-02-20,22,2005,2,3,4,Successfully completed primary community training and material deployment.,"[""District Administration"", ""Local Panchayat""]",https://eleos.org/projects/PRJ_NGO_00191_4,Annual Report,Self-reported
PRJ_NGO_00193_1,NGO_00193,Child Welfare Initiative #1 (Dharwad),Completed,Community-based child welfare support project serving rural/urban clusters.,Child Welfare,[],,"[""Karnataka""]","[""Dharwad""]",2024-08-01,2025-07-27,12,3625,4,5,6,Successfully completed primary community training and material deployment.,"[""District Administration"", ""Local Panchayat""]",https://eleos.org/projects/PRJ_NGO_00193_1,Annual Report,Self-reported
PRJ_NGO_00193_2,NGO_00193,Child Welfare Initiative #2 (Dharwad),Completed,Community-based child welfare support project serving rural/urban clusters.,Child Welfare,[],CSR India Grant,"[""Karnataka""]","[""Dharwad""]",2023-07-01,2024-08-24,14,2774,8,5,5,Successfully completed primary community training and material deployment.,"[""District Administration"", ""Local Panchayat""]",https://eleos.org/projects/PRJ_NGO_00193_2,Annual Report,Self-reported
PRJ_NGO_00193_3,NGO_00193,Child Welfare Initiative #3 (Dharwad),Completed,Community-based child welfare support project serving rural/urban clusters.,Child Welfare,[],,"[""Karnataka""]","[""Dharwad""]",2022-12-01,2024-08-22,21,3995,17,5,4,Successfully completed primary community training and material deployment.,[],https://eleos.org/projects/PRJ_NGO_00193_3,Annual Report,Self-reported
PRJ_NGO_00193_4,NGO_00193,Child Welfare Initiative #4 (Dharwad),Completed,Community-based child welfare support project serving rural/urban clusters.,Child Welfare,[],,"[""Karnataka""]","[""Dharwad""]",2021-07-01,2022-02-26,8,426,9,5,3,Successfully completed primary community training and material deployment.,"[""District Administration"", ""Local Panchayat""]",https://eleos.org/projects/PRJ_NGO_00193_4,Annual Report,Self-reported
PRJ_NGO_00193_5,NGO_00193,Child Welfare Initiative #5 (Dharwad),Completed,Community-based child welfare support project serving rural/urban clusters.,Child Welfare,[],State Grant,"[""Karnataka""]","[""Dharwad""]",2020-08-01,2021-07-27,12,1266,16,4,3,Successfully completed primary community training and material deployment.,[],https://eleos.org/projects/PRJ_NGO_00193_5,Annual Report,Self-reported
PRJ_NGO_00193_6,NGO_00193,Child Welfare Initiative #6 (Dharwad),Completed,Community-based child welfare support project serving rural/urban clusters.,Child Welfare,[],District Development Fund,"[""Karnataka""]","[""Dharwad""]",2019-03-01,2020-01-25,11,4149,5,3,2,Successfully completed primary community training and material deployment.,"[""District Administration"", ""Local Panchayat""]",https://eleos.org/projects/PRJ_NGO_00193_6,Annual Report,Self-reported
PRJ_NGO_00195_1,NGO_00195,Education Initiative #1 (Jaipur),Completed,Community-based education support project serving rural/urban clusters.,Education,"[""Environment & Forests""]",State Grant,"[""Rajasthan""]","[""Jaipur""]",2024-01-01,2025-07-24,19,3176,15,3,3,Successfully completed primary community training and material deployment.,[],https://eleos.org/projects/PRJ_NGO_00195_1,Annual Report,Self-reported
PRJ_NGO_00195_2,NGO_00195,Education Initiative #2 (Jaipur),Completed,Community-based education support project serving rural/urban clusters.,Education,"[""Environment & Forests""]",,"[""Rajasthan""]","[""Jaipur""]",2023-01-01,2023-09-28,9,1607,3,4,3,Successfully completed primary community training and material deployment.,"[""District Administration"", ""Local Panchayat""]",https://eleos.org/projects/PRJ_NGO_00195_2,Annual Report,Self-reported
PRJ_NGO_00195_3,NGO_00195,Education Initiative #3 (Jaipur),Completed,Community-based education support project serving rural/urban clusters.,Education,"[""Environment & Forests""]",District Development Fund,"[""Rajasthan""]","[""Jaipur""]",2022-06-01,2023-08-25,15,466,10,5,6,Successfully completed primary community training and material deployment.,"[""District Administration"", ""Local Panchayat""]",https://eleos.org/projects/PRJ_NGO_00195_3,Annual Report,Self-reported
PRJ_NGO_00195_4,NGO_00195,Education Initiative #4 (Jaipur),Completed,Community-based education support project serving rural/urban clusters.,Education,"[""Environment & Forests""]",District Development Fund,"[""Rajasthan""]","[""Jaipur""]",2021-01-01,2022-12-22,24,1620,7,5,3,Successfully completed primary community training and material deployment.,[],https://eleos.org/projects/PRJ_NGO_00195_4,Annual Report,Self-reported
PRJ_NGO_00195_5,NGO_00195,Education Initiative #5 (Jaipur),Completed,Community-based education support project serving rural/urban clusters.,Education,"[""Environment & Forests""]",District Development Fund,"[""Rajasthan""]","[""Jaipur""]",2020-03-01,2020-08-28,6,2204,13,3,2,Successfully completed primary community training and material deployment.,[],https://eleos.org/projects/PRJ_NGO_00195_5,Annual Report,Self-reported
PRJ_NGO_00196_1,NGO_00196,Women Empowerment Initiative #1 (Chennai),Completed,Community-based women empowerment support project serving rural/urban clusters.,Women Empowerment,[],,"[""Tamil Nadu""]","[""Chennai""]",2024-05-01,2025-12-22,20,1239,13,5,3,Successfully completed primary community training and material deployment.,[],https://eleos.org/projects/PRJ_NGO_00196_1,Annual Report,Self-reported
PRJ_NGO_00196_2,NGO_00196,Women Empowerment Initiative #2 (Chennai),Completed,Community-based women empowerment support project serving rural/urban clusters.,Women Empowerment,[],,"[""Tamil Nadu""]","[""Chennai""]",2023-02-01,2024-11-22,22,2135,10,5,6,Successfully completed primary community training and material deployment.,"[""District Administration"", ""Local Panchayat""]",https://eleos.org/projects/PRJ_NGO_00196_2,Annual Report,Self-reported
PRJ_NGO_00196_3,NGO_00196,Women Empowerment Initiative #3 (Chennai),Completed,Community-based women empowerment support project serving rural/urban clusters.,Women Empowerment,[],CSR India Grant,"[""Tamil Nadu""]","[""Chennai""]",2022-10-01,2023-08-27,11,2678,19,6,5,Successfully completed primary community training and material deployment.,[],https://eleos.org/projects/PRJ_NGO_00196_3,Annual Report,Self-reported
PRJ_NGO_00196_4,NGO_00196,Women Empowerment Initiative #4 (Chennai),Completed,Community-based women empowerment support project serving rural/urban clusters.,Women Empowerment,[],,"[""Tamil Nadu""]","[""Chennai""]",2021-08-01,2023-01-23,18,1824,8,4,3,Successfully completed primary community training and material deployment.,"[""District Administration"", ""Local Panchayat""]",https://eleos.org/projects/PRJ_NGO_00196_4,Annual Report,Self-reported
PRJ_NGO_00196_5,NGO_00196,Women Empowerment Initiative #5 (Chennai),Completed,Community-based women empowerment support project serving rural/urban clusters.,Women Empowerment,[],Public Donations,"[""Tamil Nadu""]","[""Chennai""]",2021-09-01,2023-03-25,19,980,13,3,3,Successfully completed primary community training and material deployment.,[],https://eleos.org/projects/PRJ_NGO_00196_5,Annual Report,Self-reported
PRJ_NGO_00197_1,NGO_00197,Skill Development & Livelihood Initiative #1 (Kozhikode),Completed,Community-based skill development & livelihood support project serving rural/urban clusters.,Skill Development & Livelihood,[],State Grant,"[""Kerala""]","[""Kozhikode""]",2024-03-01,2025-09-22,19,202,10,5,2,Successfully completed primary community training and material deployment.,"[""District Administration"", ""Local Panchayat""]",https://eleos.org/projects/PRJ_NGO_00197_1,Annual Report,Self-reported
PRJ_NGO_00197_2,NGO_00197,Skill Development & Livelihood Initiative #2 (Kozhikode),Completed,Community-based skill development & livelihood support project serving rural/urban clusters.,Skill Development & Livelihood,[],District Development Fund,"[""Kerala""]","[""Kozhikode""]",2023-06-01,2024-12-22,19,1716,4,6,4,Successfully completed primary community training and material deployment.,"[""District Administration"", ""Local Panchayat""]",https://eleos.org/projects/PRJ_NGO_00197_2,Annual Report,Self-reported
PRJ_NGO_00197_3,NGO_00197,Skill Development & Livelihood Initiative #3 (Kozhikode),Completed,Community-based skill development & livelihood support project serving rural/urban clusters.,Skill Development & Livelihood,[],,"[""Kerala""]","[""Kozhikode""]",2022-01-01,2023-01-26,13,813,3,3,6,Successfully completed primary community training and material deployment.,[],https://eleos.org/projects/PRJ_NGO_00197_3,Annual Report,Self-reported
PRJ_NGO_00197_4,NGO_00197,Skill Development & Livelihood Initiative #4 (Kozhikode),Completed,Community-based skill development & livelihood support project serving rural/urban clusters.,Skill Development & Livelihood,[],,"[""Kerala""]","[""Kozhikode""]",2021-06-01,2022-05-27,12,1655,6,4,4,Successfully completed primary community training and material deployment.,"[""District Administration"", ""Local Panchayat""]",https://eleos.org/projects/PRJ_NGO_00197_4,Annual Report,Self-reported
PRJ_NGO_00197_5,NGO_00197,Skill Development & Livelihood Initiative #5 (Kozhikode),Completed,Community-based skill development & livelihood support project serving rural/urban clusters.,Skill Development & Livelihood,[],,"[""Kerala""]","[""Kozhikode""]",2020-02-01,2020-09-28,8,2020,14,3,2,Successfully completed primary community training and material deployment.,"[""District Administration"", ""Local Panchayat""]",https://eleos.org/projects/PRJ_NGO_00197_5,Annual Report,Self-reported
PRJ_NGO_00197_6,NGO_00197,Skill Development & Livelihood Initiative #6 (Kozhikode),Completed,Community-based skill development & livelihood support project serving rural/urban clusters.,Skill Development & Livelihood,[],District Development Fund,"[""Kerala""]","[""Kozhikode""]",2019-01-01,2020-10-22,22,3979,17,3,4,Successfully completed primary community training and material deployment.,[],https://eleos.org/projects/PRJ_NGO_00197_6,Annual Report,Self-reported
PRJ_NGO_00197_7,NGO_00197,Skill Development & Livelihood Initiative #7 (Kozhikode),Completed,Community-based skill development & livelihood support project serving rural/urban clusters.,Skill Development & Livelihood,[],State Grant,"[""Kerala""]","[""Kozhikode""]",2018-07-01,2019-03-28,9,649,17,6,3,Successfully completed primary community training and material deployment.,[],https://eleos.org/projects/PRJ_NGO_00197_7,Annual Report,Self-reported
PRJ_NGO_00198_1,NGO_00198,Nutrition & Food Security Initiative #1 (Chennai),Completed,Community-based nutrition & food security support project serving rural/urban clusters.,Nutrition & Food Security,"[""Disaster Relief & Rehabilitation"", ""Healthcare & Medical""]",CSR India Grant,"[""Tamil Nadu""]","[""Chennai""]",2024-05-01,2025-06-25,14,4264,7,4,4,Successfully completed primary community training and material deployment.,[],https://eleos.org/projects/PRJ_NGO_00198_1,Annual Report,Self-reported
PRJ_NGO_00199_1,NGO_00199,Women Empowerment Initiative #1 (Rajkot),Ongoing,Community-based women empowerment support project serving rural/urban clusters.,Women Empowerment,"[""Nutrition & Food Security""]",,"[""Gujarat""]","[""Rajkot""]",2024-02-01,,6,2723,12,3,3,,"[""District Administration"", ""Local Panchayat""]",https://eleos.org/projects/PRJ_NGO_00199_1,Annual Report,Self-reported
PRJ_NGO_00199_2,NGO_00199,Women Empowerment Initiative #2 (Rajkot),Completed,Community-based women empowerment support project serving rural/urban clusters.,Women Empowerment,"[""Nutrition & Food Security""]",CSR India Grant,"[""Gujarat""]","[""Rajkot""]",2023-09-01,2025-02-22,18,2576,9,5,5,Successfully completed primary community training and material deployment.,"[""District Administration"", ""Local Panchayat""]",https://eleos.org/projects/PRJ_NGO_00199_2,Annual Report,Self-reported
PRJ_NGO_00199_3,NGO_00199,Women Empowerment Initiative #3 (Rajkot),Completed,Community-based women empowerment support project serving rural/urban clusters.,Women Empowerment,"[""Nutrition & Food Security""]",Public Donations,"[""Gujarat""]","[""Rajkot""]",2022-07-01,2023-01-27,7,499,9,4,5,Successfully completed primary community training and material deployment.,[],https://eleos.org/projects/PRJ_NGO_00199_3,Annual Report,Self-reported
PRJ_NGO_00199_4,NGO_00199,Women Empowerment Initiative #4 (Rajkot),Completed,Community-based women empowerment support project serving rural/urban clusters.,Women Empowerment,"[""Nutrition & Food Security""]",,"[""Gujarat""]","[""Rajkot""]",2021-07-01,2023-06-21,24,2212,8,3,5,Successfully completed primary community training and material deployment.,"[""District Administration"", ""Local Panchayat""]",https://eleos.org/projects/PRJ_NGO_00199_4,Annual Report,Self-reported
PRJ_NGO_00199_5,NGO_00199,Women Empowerment Initiative #5 (Rajkot),Completed,Community-based women empowerment support project serving rural/urban clusters.,Women Empowerment,"[""Nutrition & Food Security""]",CSR India Grant,"[""Gujarat""]","[""Rajkot""]",2021-08-01,2022-07-27,12,3514,17,3,6,Successfully completed primary community training and material deployment.,"[""District Administration"", ""Local Panchayat""]",https://eleos.org/projects/PRJ_NGO_00199_5,Annual Report,Self-reported
PRJ_NGO_00199_6,NGO_00199,Women Empowerment Initiative #6 (Rajkot),Completed,Community-based women empowerment support project serving rural/urban clusters.,Women Empowerment,"[""Nutrition & Food Security""]",State Grant,"[""Gujarat""]","[""Rajkot""]",2021-03-01,2022-01-25,11,3561,17,5,2,Successfully completed primary community training and material deployment.,"[""District Administration"", ""Local Panchayat""]",https://eleos.org/projects/PRJ_NGO_00199_6,Annual Report,Self-reported
PRJ_NGO_00199_7,NGO_00199,Women Empowerment Initiative #7 (Rajkot),Completed,Community-based women empowerment support project serving rural/urban clusters.,Women Empowerment,"[""Nutrition & Food Security""]",,"[""Gujarat""]","[""Rajkot""]",2021-09-01,2023-04-24,20,4353,15,5,3,Successfully completed primary community training and material deployment.,"[""District Administration"", ""Local Panchayat""]",https://eleos.org/projects/PRJ_NGO_00199_7,Annual Report,Self-reported
PRJ_NGO_00200_1,NGO_00200,Skill Development & Livelihood Initiative #1 (Thrissur),Completed,Community-based skill development & livelihood support project serving rural/urban clusters.,Skill Development & Livelihood,"[""Child Welfare""]",,"[""Kerala""]","[""Thrissur""]",2024-06-01,2025-08-25,15,357,5,5,4,Successfully completed primary community training and material deployment.,"[""District Administration"", ""Local Panchayat""]",https://eleos.org/projects/PRJ_NGO_00200_1,Annual Report,Self-reported
PRJ_NGO_00200_2,NGO_00200,Skill Development & Livelihood Initiative #2 (Thrissur),Completed,Community-based skill development & livelihood support project serving rural/urban clusters.,Skill Development & Livelihood,"[""Child Welfare""]",State Grant,"[""Kerala""]","[""Thrissur""]",2023-10-01,2025-04-23,19,419,14,4,2,Successfully completed primary community training and material deployment.,"[""District Administration"", ""Local Panchayat""]",https://eleos.org/projects/PRJ_NGO_00200_2,Annual Report,Self-reported
PRJ_NGO_00200_3,NGO_00200,Skill Development & Livelihood Initiative #3 (Thrissur),Completed,Community-based skill development & livelihood support project serving rural/urban clusters.,Skill Development & Livelihood,"[""Child Welfare""]",District Development Fund,"[""Kerala""]","[""Thrissur""]",2022-09-01,2024-04-23,20,216,13,5,6,Successfully completed primary community training and material deployment.,"[""District Administration"", ""Local Panchayat""]",https://eleos.org/projects/PRJ_NGO_00200_3,Annual Report,Self-reported
PRJ_NGO_00200_4,NGO_00200,Skill Development & Livelihood Initiative #4 (Thrissur),Completed,Community-based skill development & livelihood support project serving rural/urban clusters.,Skill Development & Livelihood,"[""Child Welfare""]",,"[""Kerala""]","[""Thrissur""]",2021-05-01,2022-05-26,13,4399,10,4,2,Successfully completed primary community training and material deployment.,"[""District Administration"", ""Local Panchayat""]",https://eleos.org/projects/PRJ_NGO_00200_4,Annual Report,Self-reported
PRJ_NGO_00200_5,NGO_00200,Skill Development & Livelihood Initiative #5 (Thrissur),Completed,Community-based skill development & livelihood support project serving rural/urban clusters.,Skill Development & Livelihood,"[""Child Welfare""]",State Grant,"[""Kerala""]","[""Thrissur""]",2021-12-01,2022-07-29,8,4613,5,6,5,Successfully completed primary community training and material deployment.,"[""District Administration"", ""Local Panchayat""]",https://eleos.org/projects/PRJ_NGO_00200_5,Annual Report,Self-reported
PRJ_NGO_00200_6,NGO_00200,Skill Development & Livelihood Initiative #6 (Thrissur),Completed,Community-based skill development & livelihood support project serving rural/urban clusters.,Skill Development & Livelihood,"[""Child Welfare""]",State Grant,"[""Kerala""]","[""Thrissur""]",2021-01-01,2022-06-25,18,2420,9,3,4,Successfully completed primary community training and material deployment.,"[""District Administration"", ""Local Panchayat""]",https://eleos.org/projects/PRJ_NGO_00200_6,Annual Report,Self-reported
PRJ_NGO_00200_7,NGO_00200,Skill Development & Livelihood Initiative #7 (Thrissur),Completed,Community-based skill development & livelihood support project serving rural/urban clusters.,Skill Development & Livelihood,"[""Child Welfare""]",CSR India Grant,"[""Kerala""]","[""Thrissur""]",2021-09-01,2023-08-22,24,1043,14,5,6,Successfully completed primary community training and material deployment.,"[""District Administration"", ""Local Panchayat""]",https://eleos.org/projects/PRJ_NGO_00200_7,Annual Report,Self-reported
