as_on_date,unique_id,ngo_name,ngo_email,state_of_registration,registered_district,registered_subdistrict,type_of_ngo,registration_authority,registration_number,act_name,date_of_registration,sectors,operational_district,operational_state,source_url
2026-09-16,DARPAN_770487,Samarpan Foundation Gramin,contact@samarpanfoun.org,Delhi,Central Delhi,Central Delhi Taluk,Trust,Sub-Registrar / Charity Commissioner,TRU/854/2001/9935,"Indian Trusts Act, 1882",2025-01-03,Skill Development & Livelihood,Central Delhi,Delhi,https://ngodarpan.gov.in/index.php/home/statewise_ngo/DARPAN_770487
2026-09-16,DARPAN_770487,Samarpan Foundation Gramin (North Delhi),contact@samarpanfoun.org,Delhi,Central Delhi,Central Delhi Taluk,Trust,Sub-Registrar / Charity Commissioner,TRU/854/2001/9935,"Indian Trusts Act, 1882",2025-01-03,Skill Development & Livelihood,North Delhi,Gujarat,https://ngodarpan.gov.in/index.php/home/statewise_ngo/DARPAN_770487
2026-09-16,DARPAN_770487,Samarpan Foundation Gramin (Rajkot),,Delhi,Central Delhi,Central Delhi Taluk,Trust,Sub-Registrar / Charity Commissioner,TRU/854/2001/9935,"Indian Trusts Act, 1882",2025-01-03,Skill Development & Livelihood,Rajkot,Gujarat,https://ngodarpan.gov.in/index.php/home/statewise_ngo/DARPAN_770487
2026-09-16,DARPAN_270555,Uday Network National,,West Bengal,Kolkata,Kolkata Taluk,Section 8,Ministry of Corporate Affairs (MCA),SEC/750/2005/9751,"Companies Act, 2013",2019-07-09,"Skill Development & Livelihood, Disaster Relief & Rehabilitation, Rural Development",Kolkata,West Bengal,https://ngodarpan.gov.in/index.php/home/statewise_ngo/DARPAN_270555
2026-09-16,DARPAN_270555,Uday Network National (Madurai),contact@udaynetworkn.org,West Bengal,Kolkata,Kolkata Taluk,Section 8,Ministry of Corporate Affairs (MCA),SEC/750/2005/9751,"Companies Act, 2013",2019-07-09,"Skill Development & Livelihood, Disaster Relief & Rehabilitation, Rural Development",Madurai,Tamil Nadu,https://ngodarpan.gov.in/index.php/home/statewise_ngo/DARPAN_270555
2026-09-16,DARPAN_270555,Uday Network National (Coimbatore),contact@udaynetworkn.org,West Bengal,Kolkata,Kolkata Taluk,Section 8,Ministry of Corporate Affairs (MCA),SEC/750/2005/9751,"Companies Act, 2013",2019-07-09,"Skill Development & Livelihood, Disaster Relief & Rehabilitation, Rural Development",Coimbatore,Tamil Nadu,https://ngodarpan.gov.in/index.php/home/statewise_ngo/DARPAN_270555
2026-09-16,DARPAN_761759,Navjeevan Samiti India,contact@navjeevansam.org,Tamil Nadu,Coimbatore,Coimbatore Taluk,Trust,Sub-Registrar / Charity Commissioner,TRU/626/2010/5562,"Indian Trusts Act, 1882",2018-03-24,"Water & Sanitation, Child Welfare, Disaster Relief & Rehabilitation",Coimbatore,Tamil Nadu,https://ngodarpan.gov.in/index.php/home/statewise_ngo/DARPAN_761759
2026-09-16,DARPAN_761759,Navjeevan Samiti India (Chennai),contact@navjeevansam.org,Tamil Nadu,Coimbatore,Coimbatore Taluk,Trust,Sub-Registrar / Charity Commissioner,TRU/626/2010/5562,"Indian Trusts Act, 1882",2018-03-24,"Water & Sanitation, Child Welfare, Disaster Relief & Rehabilitation",Chennai,Kerala,https://ngodarpan.gov.in/index.php/home/statewise_ngo/DARPAN_761759
2026-09-16,DARPAN_761759,Navjeevan Samiti India (Thrissur),contact@navjeevansam.org,Tamil Nadu,Coimbatore,Coimbatore Taluk,Trust,Sub-Registrar / Charity Commissioner,TRU/626/2010/5562,"Indian Trusts Act, 1882",2018-03-24,"Water & Sanitation, Child Welfare, Disaster Relief & Rehabilitation",Thrissur,Kerala,https://ngodarpan.gov.in/index.php/home/statewise_ngo/DARPAN_761759
2026-09-16,DARPAN_974244,Kalyan Association India,contact@kalyanassoci.org,Gujarat,Vadodara,Vadodara Taluk,Section 8,Ministry of Corporate Affairs (MCA),SEC/206/2003/5333,"Companies Act, 2013",2025-09-05,Water & Sanitation,Vadodara,Gujarat,https://ngodarpan.gov.in/index.php/home/statewise_ngo/DARPAN_974244
2026-09-16,DARPAN_974244,Kalyan Association India (Surat),contact@kalyanassoci.org,Gujarat,Vadodara,Vadodara Taluk,Section 8,Ministry of Corporate Affairs (MCA),SEC/206/2003/5333,"Companies Act, 2013",2025-09-05,Water & Sanitation,Surat,Gujarat,https://ngodarpan.gov.in/index.php/home/statewise_ngo/DARPAN_974244
2026-09-16,DARPAN_710805,Kalyan Society Seva,contact@kalyansociet.org,Karnataka,Bengaluru Urban,Bengaluru Urban Taluk,Society,Registrar of Societies,SOC/473/1997/6862,"Societies Registration Act, 1860",2023-02-12,"Women Empowerment, Nutrition & Food Security",Bengaluru Urban,Karnataka,https://ngodarpan.gov.in/index.php/home/statewise_ngo/DARPAN_710805
2026-09-16,DARPAN_710805,Kalyan Society Seva (Belagavi),contact@kalyansociet.org,Karnataka,Bengaluru Urban,Bengaluru Urban Taluk,Society,Registrar of Societies,SOC/473/1997/6862,"Societies Registration Act, 1860",2023-02-12,"Women Empowerment, Nutrition & Food Security",Belagavi,Delhi,https://ngodarpan.gov.in/index.php/home/statewise_ngo/DARPAN_710805
2026-09-16,DARPAN_710805,Kalyan Society Seva (Central Delhi),contact@kalyansociet.org,Karnataka,Bengaluru Urban,Bengaluru Urban Taluk,Society,Registrar of Societies,SOC/473/1997/6862,"Societies Registration Act, 1860",2023-02-12,"Women Empowerment, Nutrition & Food Security",Central Delhi,Delhi,https://ngodarpan.gov.in/index.php/home/statewise_ngo/DARPAN_710805
2026-09-16,DARPAN_525800,Kalyan Foundation Gramin,contact@kalyanfounda.org,West Bengal,Howrah,Howrah Taluk,Society,Registrar of Societies,SOC/904/2015/8618,"Societies Registration Act, 1860",2014-09-16,"Nutrition & Food Security, Healthcare & Medical",Howrah,West Bengal,https://ngodarpan.gov.in/index.php/home/statewise_ngo/DARPAN_525800
2026-09-16,DARPAN_525800,Kalyan Foundation Gramin (North 24 Parganas),contact@kalyanfounda.org,West Bengal,Howrah,Howrah Taluk,Society,Registrar of Societies,SOC/904/2015/8618,"Societies Registration Act, 1860",2014-09-16,"Nutrition & Food Security, Healthcare & Medical",North 24 Parganas,West Bengal,https://ngodarpan.gov.in/index.php/home/statewise_ngo/DARPAN_525800
2026-09-16,DARPAN_525800,Kalyan Foundation Gramin (Kolkata),contact@kalyanfounda.org,West Bengal,Howrah,Howrah Taluk,Society,Registrar of Societies,SOC/904/2015/8618,"Societies Registration Act, 1860",2014-09-16,"Nutrition & Food Security, Healthcare & Medical",Kolkata,West Bengal,https://ngodarpan.gov.in/index.php/home/statewise_ngo/DARPAN_525800
2026-09-16,DARPAN_442722,Sankalp Sansthan Gramin,contact@sankalpsanst.org,Kerala,Kozhikode,Kozhikode Taluk,Trust,Sub-Registrar / Charity Commissioner,TRU/581/1996/9837,"Indian Trusts Act, 1882",2024-04-21,Education,Kozhikode,Kerala,https://ngodarpan.gov.in/index.php/home/statewise_ngo/DARPAN_442722
2026-09-16,DARPAN_442722,Sankalp Sansthan Gramin (Thiruvananthapuram),contact@sankalpsanst.org,Kerala,Kozhikode,Kozhikode Taluk,Trust,Sub-Registrar / Charity Commissioner,TRU/581/1996/9837,"Indian Trusts Act, 1882",2024-04-21,Education,Thiruvananthapuram,Delhi,https://ngodarpan.gov.in/index.php/home/statewise_ngo/DARPAN_442722
2026-09-16,DARPAN_442722,Sankalp Sansthan Gramin (Central Delhi),contact@sankalpsanst.org,Kerala,Kozhikode,Kozhikode Taluk,Trust,Sub-Registrar / Charity Commissioner,TRU/581/1996/9837,"Indian Trusts Act, 1882",2024-04-21,Education,Central Delhi,Delhi,https://ngodarpan.gov.in/index.php/home/statewise_ngo/DARPAN_442722
2026-09-16,DARPAN_971084,Seva Association Seva,contact@sevaassociat.org,Delhi,North Delhi,North Delhi Taluk,Section 8,Ministry of Corporate Affairs (MCA),SEC/724/2019/6511,"Companies Act, 2013",2024-03-16,Environment & Forests,North Delhi,Delhi,https://ngodarpan.gov.in/index.php/home/statewise_ngo/DARPAN_971084
2026-09-16,DARPAN_971084,Seva Association Seva (South Delhi),contact@sevaassociat.org,Delhi,North Delhi,North Delhi Taluk,Section 8,Ministry of Corporate Affairs (MCA),SEC/724/2019/6511,"Companies Act, 2013",2024-03-16,Environment & Forests,South Delhi,Delhi,https://ngodarpan.gov.in/index.php/home/statewise_ngo/DARPAN_971084
2026-09-16,DARPAN_971084,Seva Association Seva (New Delhi),contact@sevaassociat.org,Delhi,North Delhi,North Delhi Taluk,Section 8,Ministry of Corporate Affairs (MCA),SEC/724/2019/6511,"Companies Act, 2013",2024-03-16,Environment & Forests,New Delhi,Delhi,https://ngodarpan.gov.in/index.php/home/statewise_ngo/DARPAN_971084
2026-09-16,DARPAN_224205,Kalyan Sansthan National,contact@kalyansansth.org,Gujarat,Rajkot,Rajkot Taluk,Society,Registrar of Societies,SOC/553/2014/8025,"Societies Registration Act, 1860",2022-10-24,Disaster Relief & Rehabilitation,Rajkot,Gujarat,https://ngodarpan.gov.in/index.php/home/statewise_ngo/DARPAN_224205
2026-09-16,DARPAN_224205,Kalyan Sansthan National (Ahmedabad),contact@kalyansansth.org,Gujarat,Rajkot,Rajkot Taluk,Society,Registrar of Societies,SOC/553/2014/8025,"Societies Registration Act, 1860",2022-10-24,Disaster Relief & Rehabilitation,Ahmedabad,West Bengal,https://ngodarpan.gov.in/index.php/home/statewise_ngo/DARPAN_224205
2026-09-16,DARPAN_224205,Kalyan Sansthan National (Vadodara),contact@kalyansansth.org,Gujarat,Rajkot,Rajkot Taluk,Society,Registrar of Societies,SOC/553/2014/8025,"Societies Registration Act, 1860",2022-10-24,Disaster Relief & Rehabilitation,Vadodara,West Bengal,https://ngodarpan.gov.in/index.php/home/statewise_ngo/DARPAN_224205
2026-09-16,DARPAN_364659,Sankalp Trust Seva,contact@sankalptrust.org,Gujarat,Ahmedabad,Ahmedabad Taluk,Section 8,Ministry of Corporate Affairs (MCA),SEC/990/2024/7770,"Companies Act, 2013",2025-10-25,"Child Welfare, Education",Ahmedabad,Gujarat,https://ngodarpan.gov.in/index.php/home/statewise_ngo/DARPAN_364659
2026-09-16,DARPAN_364659,Sankalp Trust Seva (Surat),contact@sankalptrust.org,Gujarat,Ahmedabad,Ahmedabad Taluk,Section 8,Ministry of Corporate Affairs (MCA),SEC/990/2024/7770,"Companies Act, 2013",2025-10-25,"Child Welfare, Education",Surat,Gujarat,https://ngodarpan.gov.in/index.php/home/statewise_ngo/DARPAN_364659
2026-09-16,DARPAN_364659,Sankalp Trust Seva (Rajkot),,Gujarat,Ahmedabad,Ahmedabad Taluk,Section 8,Ministry of Corporate Affairs (MCA),SEC/990/2024/7770,"Companies Act, 2013",2025-10-25,"Child Welfare, Education",Rajkot,Gujarat,https://ngodarpan.gov.in/index.php/home/statewise_ngo/DARPAN_364659
2026-09-16,DARPAN_839485,Sahyog Sansthan National,contact@sahyogsansth.org,Rajasthan,Jaipur,Jaipur Taluk,Trust,Sub-Registrar / Charity Commissioner,TRU/614/2016/2644,"Indian Trusts Act, 1882",2004-09-15,Nutrition & Food Security,Jaipur,Rajasthan,https://ngodarpan.gov.in/index.php/home/statewise_ngo/DARPAN_839485
2026-09-16,DARPAN_839485,Sahyog Sansthan National (Jodhpur),contact@sahyogsansth.org,Rajasthan,Jaipur,Jaipur Taluk,Trust,Sub-Registrar / Charity Commissioner,TRU/614/2016/2644,"Indian Trusts Act, 1882",2004-09-15,Nutrition & Food Security,Jodhpur,Rajasthan,https://ngodarpan.gov.in/index.php/home/statewise_ngo/DARPAN_839485
2026-09-16,DARPAN_839485,Sahyog Sansthan National (Kota),contact@sahyogsansth.org,Rajasthan,Jaipur,Jaipur Taluk,Trust,Sub-Registrar / Charity Commissioner,TRU/614/2016/2644,"Indian Trusts Act, 1882",2004-09-15,Nutrition & Food Security,Kota,Rajasthan,https://ngodarpan.gov.in/index.php/home/statewise_ngo/DARPAN_839485
2026-09-16,DARPAN_562236,Navjeevan Seva Sanstha Gramin,contact@navjeevansev.org,Karnataka,Bengaluru Urban,Bengaluru Urban Taluk,Society,Registrar of Societies,SOC/434/2021/3877,"Societies Registration Act, 1860",2021-06-17,"Environment & Forests, Nutrition & Food Security",Bengaluru Urban,Karnataka,https://ngodarpan.gov.in/index.php/home/statewise_ngo/DARPAN_562236
2026-09-16,DARPAN_562236,Navjeevan Seva Sanstha Gramin (Dharwad),contact@navjeevansev.org,Karnataka,Bengaluru Urban,Bengaluru Urban Taluk,Society,Registrar of Societies,SOC/434/2021/3877,"Societies Registration Act, 1860",2021-06-17,"Environment & Forests, Nutrition & Food Security",Dharwad,Karnataka,https://ngodarpan.gov.in/index.php/home/statewise_ngo/DARPAN_562236
2026-09-16,DARPAN_562236,Navjeevan Seva Sanstha Gramin (Mangaluru),,Karnataka,Bengaluru Urban,Bengaluru Urban Taluk,Society,Registrar of Societies,SOC/434/2021/3877,"Societies Registration Act, 1860",2021-06-17,"Environment & Forests, Nutrition & Food Security",Mangaluru,Karnataka,https://ngodarpan.gov.in/index.php/home/statewise_ngo/DARPAN_562236
2026-09-16,DARPAN_166645,Goonj Mission Gramin,contact@goonjmission.org,Gujarat,Ahmedabad,Ahmedabad Taluk,Society,Registrar of Societies,SOC/615/2009/1710,"Societies Registration Act, 1860",2012-11-17,Education,Ahmedabad,Gujarat,https://ngodarpan.gov.in/index.php/home/statewise_ngo/DARPAN_166645
2026-09-16,DARPAN_166645,Goonj Mission Gramin (Rajkot),contact@goonjmission.org,Gujarat,Ahmedabad,Ahmedabad Taluk,Society,Registrar of Societies,SOC/615/2009/1710,"Societies Registration Act, 1860",2012-11-17,Education,Rajkot,Gujarat,https://ngodarpan.gov.in/index.php/home/statewise_ngo/DARPAN_166645
2026-09-16,DARPAN_166645,Goonj Mission Gramin (Surat),contact@goonjmission.org,Gujarat,Ahmedabad,Ahmedabad Taluk,Society,Registrar of Societies,SOC/615/2009/1710,"Societies Registration Act, 1860",2012-11-17,Education,Surat,Gujarat,https://ngodarpan.gov.in/index.php/home/statewise_ngo/DARPAN_166645
2026-09-16,DARPAN_144357,Deepam Foundation Seva,contact@deepamfounda.org,Maharashtra,Nagpur,Nagpur Taluk,Section 8,Ministry of Corporate Affairs (MCA),SEC/539/2020/7843,"Companies Act, 2013",2022-06-06,"Water & Sanitation, Child Welfare, Rural Development",Nagpur,Maharashtra,https://ngodarpan.gov.in/index.php/home/statewise_ngo/DARPAN_144357
2026-09-16,DARPAN_144357,Deepam Foundation Seva (Pune),contact@deepamfounda.org,Maharashtra,Nagpur,Nagpur Taluk,Section 8,Ministry of Corporate Affairs (MCA),SEC/539/2020/7843,"Companies Act, 2013",2022-06-06,"Water & Sanitation, Child Welfare, Rural Development",Pune,Maharashtra,https://ngodarpan.gov.in/index.php/home/statewise_ngo/DARPAN_144357
2026-09-16,DARPAN_466813,Punarutthan Sansthan National,contact@punarutthans.org,Odisha,Khordha,Khordha Taluk,Society,Registrar of Societies,SOC/672/2019/6381,"Societies Registration Act, 1860",2000-12-22,"Healthcare & Medical, Women Empowerment, Rural Development",Khordha,Odisha,https://ngodarpan.gov.in/index.php/home/statewise_ngo/DARPAN_466813
2026-09-16,DARPAN_466813,Punarutthan Sansthan National (Cuttack),contact@punarutthans.org,Odisha,Khordha,Khordha Taluk,Society,Registrar of Societies,SOC/672/2019/6381,"Societies Registration Act, 1860",2000-12-22,"Healthcare & Medical, Women Empowerment, Rural Development",Cuttack,Odisha,https://ngodarpan.gov.in/index.php/home/statewise_ngo/DARPAN_466813
2026-09-16,DARPAN_145649,Sahyog Network Gramin,contact@sahyognetwor.org,Tamil Nadu,Coimbatore,Coimbatore Taluk,Trust,Sub-Registrar / Charity Commissioner,TRU/453/2010/2698,"Indian Trusts Act, 1882",2013-06-05,Skill Development & Livelihood,Coimbatore,Tamil Nadu,https://ngodarpan.gov.in/index.php/home/statewise_ngo/DARPAN_145649
2026-09-16,DARPAN_145649,Sahyog Network Gramin (Vellore),contact@sahyognetwor.org,Tamil Nadu,Coimbatore,Coimbatore Taluk,Trust,Sub-Registrar / Charity Commissioner,TRU/453/2010/2698,"Indian Trusts Act, 1882",2013-06-05,Skill Development & Livelihood,Vellore,Tamil Nadu,https://ngodarpan.gov.in/index.php/home/statewise_ngo/DARPAN_145649
2026-09-16,DARPAN_145649,Sahyog Network Gramin (Madurai),,Tamil Nadu,Coimbatore,Coimbatore Taluk,Trust,Sub-Registrar / Charity Commissioner,TRU/453/2010/2698,"Indian Trusts Act, 1882",2013-06-05,Skill Development & Livelihood,Madurai,Tamil Nadu,https://ngodarpan.gov.in/index.php/home/statewise_ngo/DARPAN_145649
2026-09-16,DARPAN_429657,Gramin Samiti India,contact@graminsamiti.org,Tamil Nadu,Salem,Salem Taluk,Trust,Sub-Registrar / Charity Commissioner,TRU/611/2019/2929,"Indian Trusts Act, 1882",2023-08-07,"Environment & Forests, Child Welfare, Disaster Relief & Rehabilitation",Salem,Tamil Nadu,https://ngodarpan.gov.in/index.php/home/statewise_ngo/DARPAN_429657
2026-09-16,DARPAN_429657,Gramin Samiti India (Madurai),contact@graminsamiti.org,Tamil Nadu,Salem,Salem Taluk,Trust,Sub-Registrar / Charity Commissioner,TRU/611/2019/2929,"Indian Trusts Act, 1882",2023-08-07,"Environment & Forests, Child Welfare, Disaster Relief & Rehabilitation",Madurai,Tamil Nadu,https://ngodarpan.gov.in/index.php/home/statewise_ngo/DARPAN_429657
2026-09-16,DARPAN_418897,Umeed Society Gramin,contact@umeedsociety.org,Delhi,South Delhi,South Delhi Taluk,Section 8,Ministry of Corporate Affairs (MCA),SEC/390/2000/5105,"Companies Act, 2013",2021-05-05,"Water & Sanitation, Skill Development & Livelihood",South Delhi,Delhi,https://ngodarpan.gov.in/index.php/home/statewise_ngo/DARPAN_418897
2026-09-16,DARPAN_418897,Umeed Society Gramin (Central Delhi),contact@umeedsociety.org,Delhi,South Delhi,South Delhi Taluk,Section 8,Ministry of Corporate Affairs (MCA),SEC/390/2000/5105,"Companies Act, 2013",2021-05-05,"Water & Sanitation, Skill Development & Livelihood",Central Delhi,Delhi,https://ngodarpan.gov.in/index.php/home/statewise_ngo/DARPAN_418897
2026-09-16,DARPAN_418897,Umeed Society Gramin (New Delhi),contact@umeedsociety.org,Delhi,South Delhi,South Delhi Taluk,Section 8,Ministry of Corporate Affairs (MCA),SEC/390/2000/5105,"Companies Act, 2013",2021-05-05,"Water & Sanitation, Skill Development & Livelihood",New Delhi,Delhi,https://ngodarpan.gov.in/index.php/home/statewise_ngo/DARPAN_418897
2026-09-16,DARPAN_377319,Uday Sansthan Gramin,contact@udaysansthan.org,Tamil Nadu,Madurai,Madurai Taluk,Trust,Sub-Registrar / Charity Commissioner,TRU/683/2007/6939,"Indian Trusts Act, 1882",2020-09-15,"Environment & Forests, Healthcare & Medical",Madurai,Tamil Nadu,https://ngodarpan.gov.in/index.php/home/statewise_ngo/DARPAN_377319
2026-09-16,DARPAN_910616,Vikas Association India,contact@vikasassocia.org,West Bengal,Kolkata,Kolkata Taluk,Society,Registrar of Societies,SOC/552/2011/8849,"Societies Registration Act, 1860",2021-05-18,"Nutrition & Food Security, Healthcare & Medical",Kolkata,West Bengal,https://ngodarpan.gov.in/index.php/home/statewise_ngo/DARPAN_910616
2026-09-16,DARPAN_910616,Vikas Association India (Howrah),,West Bengal,Kolkata,Kolkata Taluk,Society,Registrar of Societies,SOC/552/2011/8849,"Societies Registration Act, 1860",2021-05-18,"Nutrition & Food Security, Healthcare & Medical",Howrah,Odisha,https://ngodarpan.gov.in/index.php/home/statewise_ngo/DARPAN_910616
2026-09-16,DARPAN_910616,Vikas Association India (Cuttack),contact@vikasassocia.org,West Bengal,Kolkata,Kolkata Taluk,Society,Registrar of Societies,SOC/552/2011/8849,"Societies Registration Act, 1860",2021-05-18,"Nutrition & Food Security, Healthcare & Medical",Cuttack,Odisha,https://ngodarpan.gov.in/index.php/home/statewise_ngo/DARPAN_910616
2026-09-16,DARPAN_626930,Punarutthan Trust Gramin,contact@punarutthant.org,Uttar Pradesh,Prayagraj,Prayagraj Taluk,Trust,Sub-Registrar / Charity Commissioner,TRU/324/2003/8834,"Indian Trusts Act, 1882",2021-10-12,"Skill Development & Livelihood, Child Welfare",Prayagraj,Uttar Pradesh,https://ngodarpan.gov.in/index.php/home/statewise_ngo/DARPAN_626930
2026-09-16,DARPAN_626930,Punarutthan Trust Gramin (North Delhi),contact@punarutthant.org,Uttar Pradesh,Prayagraj,Prayagraj Taluk,Trust,Sub-Registrar / Charity Commissioner,TRU/324/2003/8834,"Indian Trusts Act, 1882",2021-10-12,"Skill Development & Livelihood, Child Welfare",North Delhi,Delhi,https://ngodarpan.gov.in/index.php/home/statewise_ngo/DARPAN_626930
2026-09-16,DARPAN_792282,Sneha Samiti Seva,contact@snehasamitis.org,West Bengal,North 24 Parganas,North 24 Parganas Taluk,Trust,Sub-Registrar / Charity Commissioner,TRU/670/2006/7999,"Indian Trusts Act, 1882",2020-06-21,"Skill Development & Livelihood, Rural Development",North 24 Parganas,West Bengal,https://ngodarpan.gov.in/index.php/home/statewise_ngo/DARPAN_792282
2026-09-16,DARPAN_792282,Sneha Samiti Seva (Ernakulam),contact@snehasamitis.org,West Bengal,North 24 Parganas,North 24 Parganas Taluk,Trust,Sub-Registrar / Charity Commissioner,TRU/670/2006/7999,"Indian Trusts Act, 1882",2020-06-21,"Skill Development & Livelihood, Rural Development",Ernakulam,Kerala,https://ngodarpan.gov.in/index.php/home/statewise_ngo/DARPAN_792282
2026-09-16,DARPAN_792282,Sneha Samiti Seva (Kozhikode),contact@snehasamitis.org,West Bengal,North 24 Parganas,North 24 Parganas Taluk,Trust,Sub-Registrar / Charity Commissioner,TRU/670/2006/7999,"Indian Trusts Act, 1882",2020-06-21,"Skill Development & Livelihood, Rural Development",Kozhikode,Kerala,https://ngodarpan.gov.in/index.php/home/statewise_ngo/DARPAN_792282
2026-09-16,DARPAN_161585,Sneha Foundation India,contact@snehafoundat.org,Tamil Nadu,Chennai,Chennai Taluk,Society,Registrar of Societies,SOC/240/2009/2113,"Societies Registration Act, 1860",2020-09-15,Water & Sanitation,Chennai,Tamil Nadu,https://ngodarpan.gov.in/index.php/home/statewise_ngo/DARPAN_161585
2026-09-16,DARPAN_161585,Sneha Foundation India (Salem),contact@snehafoundat.org,Tamil Nadu,Chennai,Chennai Taluk,Society,Registrar of Societies,SOC/240/2009/2113,"Societies Registration Act, 1860",2020-09-15,Water & Sanitation,Salem,Odisha,https://ngodarpan.gov.in/index.php/home/statewise_ngo/DARPAN_161585
2026-09-16,DARPAN_161585,Sneha Foundation India (Madurai),,Tamil Nadu,Chennai,Chennai Taluk,Society,Registrar of Societies,SOC/240/2009/2113,"Societies Registration Act, 1860",2020-09-15,Water & Sanitation,Madurai,Odisha,https://ngodarpan.gov.in/index.php/home/statewise_ngo/DARPAN_161585
2026-09-16,DARPAN_570646,Kalyan Initiative Seva,contact@kalyaninitia.org,Maharashtra,Mumbai,Mumbai Taluk,Trust,Sub-Registrar / Charity Commissioner,TRU/462/2000/6315,"Indian Trusts Act, 1882",2010-07-13,"Skill Development & Livelihood, Disaster Relief & Rehabilitation",Mumbai,Maharashtra,https://ngodarpan.gov.in/index.php/home/statewise_ngo/DARPAN_570646
2026-09-16,DARPAN_570646,Kalyan Initiative Seva (Thane),contact@kalyaninitia.org,Maharashtra,Mumbai,Mumbai Taluk,Trust,Sub-Registrar / Charity Commissioner,TRU/462/2000/6315,"Indian Trusts Act, 1882",2010-07-13,"Skill Development & Livelihood, Disaster Relief & Rehabilitation",Thane,Maharashtra,https://ngodarpan.gov.in/index.php/home/statewise_ngo/DARPAN_570646
2026-09-16,DARPAN_685098,Shakti Seva Sanstha National,contact@shaktisevasa.org,Rajasthan,Udaipur,Udaipur Taluk,Society,Registrar of Societies,SOC/574/2004/6651,"Societies Registration Act, 1860",2003-05-14,"Healthcare & Medical, Water & Sanitation, Nutrition & Food Security",Udaipur,Rajasthan,https://ngodarpan.gov.in/index.php/home/statewise_ngo/DARPAN_685098
2026-09-16,DARPAN_685098,Shakti Seva Sanstha National (Kota),contact@shaktisevasa.org,Rajasthan,Udaipur,Udaipur Taluk,Society,Registrar of Societies,SOC/574/2004/6651,"Societies Registration Act, 1860",2003-05-14,"Healthcare & Medical, Water & Sanitation, Nutrition & Food Security",Kota,Rajasthan,https://ngodarpan.gov.in/index.php/home/statewise_ngo/DARPAN_685098
2026-09-16,DARPAN_685098,Shakti Seva Sanstha National (Jaipur),,Rajasthan,Udaipur,Udaipur Taluk,Society,Registrar of Societies,SOC/574/2004/6651,"Societies Registration Act, 1860",2003-05-14,"Healthcare & Medical, Water & Sanitation, Nutrition & Food Security",Jaipur,Rajasthan,https://ngodarpan.gov.in/index.php/home/statewise_ngo/DARPAN_685098
2026-09-16,DARPAN_970392,Jan Kalyan Association India,contact@jankalyanass.org,Rajasthan,Udaipur,Udaipur Taluk,Society,Registrar of Societies,SOC/982/2000/8193,"Societies Registration Act, 1860",2009-04-07,"Water & Sanitation, Rural Development, Women Empowerment",Udaipur,Rajasthan,https://ngodarpan.gov.in/index.php/home/statewise_ngo/DARPAN_970392
2026-09-16,DARPAN_970392,Jan Kalyan Association India (Jodhpur),contact@jankalyanass.org,Rajasthan,Udaipur,Udaipur Taluk,Society,Registrar of Societies,SOC/982/2000/8193,"Societies Registration Act, 1860",2009-04-07,"Water & Sanitation, Rural Development, Women Empowerment",Jodhpur,Rajasthan,https://ngodarpan.gov.in/index.php/home/statewise_ngo/DARPAN_970392
2026-09-16,DARPAN_362552,Seva Network National,contact@sevanetworkn.org,Tamil Nadu,Madurai,Madurai Taluk,Section 8,Ministry of Corporate Affairs (MCA),SEC/412/2009/8032,"Companies Act, 2013",2014-01-07,"Nutrition & Food Security, Disaster Relief & Rehabilitation",Madurai,Tamil Nadu,https://ngodarpan.gov.in/index.php/home/statewise_ngo/DARPAN_362552
2026-09-16,DARPAN_362552,Seva Network National (Chennai),contact@sevanetworkn.org,Tamil Nadu,Madurai,Madurai Taluk,Section 8,Ministry of Corporate Affairs (MCA),SEC/412/2009/8032,"Companies Act, 2013",2014-01-07,"Nutrition & Food Security, Disaster Relief & Rehabilitation",Chennai,Tamil Nadu,https://ngodarpan.gov.in/index.php/home/statewise_ngo/DARPAN_362552
2026-09-16,DARPAN_362552,Seva Network National (Salem),contact@sevanetworkn.org,Tamil Nadu,Madurai,Madurai Taluk,Section 8,Ministry of Corporate Affairs (MCA),SEC/412/2009/8032,"Companies Act, 2013",2014-01-07,"Nutrition & Food Security, Disaster Relief & Rehabilitation",Salem,Tamil Nadu,https://ngodarpan.gov.in/index.php/home/statewise_ngo/DARPAN_362552
2026-09-16,DARPAN_865416,Jan Kalyan Foundation National,contact@jankalyanfou.org,Maharashtra,Nashik,Nashik Taluk,Trust,Sub-Registrar / Charity Commissioner,TRU/564/1998/6067,"Indian Trusts Act, 1882",2014-03-04,Nutrition & Food Security,Nashik,Maharashtra,https://ngodarpan.gov.in/index.php/home/statewise_ngo/DARPAN_865416
2026-09-16,DARPAN_865416,Jan Kalyan Foundation National (Nagpur),contact@jankalyanfou.org,Maharashtra,Nashik,Nashik Taluk,Trust,Sub-Registrar / Charity Commissioner,TRU/564/1998/6067,"Indian Trusts Act, 1882",2014-03-04,Nutrition & Food Security,Nagpur,Karnataka,https://ngodarpan.gov.in/index.php/home/statewise_ngo/DARPAN_865416
2026-09-16,DARPAN_865416,Jan Kalyan Foundation National (Raigad),contact@jankalyanfou.org,Maharashtra,Nashik,Nashik Taluk,Trust,Sub-Registrar / Charity Commissioner,TRU/564/1998/6067,"Indian Trusts Act, 1882",2014-03-04,Nutrition & Food Security,Raigad,Karnataka,https://ngodarpan.gov.in/index.php/home/statewise_ngo/DARPAN_865416
2026-09-16,DARPAN_342716,Sneha Sansthan Gramin,contact@snehasanstha.org,Rajasthan,Jaipur,Jaipur Taluk,Section 8,Ministry of Corporate Affairs (MCA),SEC/197/2003/7461,"Companies Act, 2013",2024-07-22,"Disaster Relief & Rehabilitation, Environment & Forests, Skill Development & Livelihood",Jaipur,Rajasthan,https://ngodarpan.gov.in/index.php/home/statewise_ngo/DARPAN_342716
2026-09-16,DARPAN_342716,Sneha Sansthan Gramin (Kota),contact@snehasanstha.org,Rajasthan,Jaipur,Jaipur Taluk,Section 8,Ministry of Corporate Affairs (MCA),SEC/197/2003/7461,"Companies Act, 2013",2024-07-22,"Disaster Relief & Rehabilitation, Environment & Forests, Skill Development & Livelihood",Kota,Kerala,https://ngodarpan.gov.in/index.php/home/statewise_ngo/DARPAN_342716
2026-09-16,DARPAN_342716,Sneha Sansthan Gramin (Jodhpur),contact@snehasanstha.org,Rajasthan,Jaipur,Jaipur Taluk,Section 8,Ministry of Corporate Affairs (MCA),SEC/197/2003/7461,"Companies Act, 2013",2024-07-22,"Disaster Relief & Rehabilitation, Environment & Forests, Skill Development & Livelihood",Jodhpur,Uttar Pradesh,https://ngodarpan.gov.in/index.php/home/statewise_ngo/DARPAN_342716
2026-09-16,DARPAN_296242,Gramin Association Seva,contact@graminassoci.org,Karnataka,Bengaluru Urban,Bengaluru Urban Taluk,Section 8,Ministry of Corporate Affairs (MCA),SEC/734/2010/5835,"Companies Act, 2013",2012-08-02,Women Empowerment,Bengaluru Urban,Karnataka,https://ngodarpan.gov.in/index.php/home/statewise_ngo/DARPAN_296242
2026-09-16,DARPAN_296242,Gramin Association Seva (Mangaluru),contact@graminassoci.org,Karnataka,Bengaluru Urban,Bengaluru Urban Taluk,Section 8,Ministry of Corporate Affairs (MCA),SEC/734/2010/5835,"Companies Act, 2013",2012-08-02,Women Empowerment,Mangaluru,Karnataka,https://ngodarpan.gov.in/index.php/home/statewise_ngo/DARPAN_296242
2026-09-16,DARPAN_467506,Gramin Trust India,contact@gramintrusti.org,Tamil Nadu,Madurai,Madurai Taluk,Society,Registrar of Societies,SOC/850/2021/3725,"Societies Registration Act, 1860",2003-07-12,"Healthcare & Medical, Child Welfare",Madurai,Tamil Nadu,https://ngodarpan.gov.in/index.php/home/statewise_ngo/DARPAN_467506
2026-09-16,DARPAN_467506,Gramin Trust India (Salem),contact@gramintrusti.org,Tamil Nadu,Madurai,Madurai Taluk,Society,Registrar of Societies,SOC/850/2021/3725,"Societies Registration Act, 1860",2003-07-12,"Healthcare & Medical, Child Welfare",Salem,Odisha,https://ngodarpan.gov.in/index.php/home/statewise_ngo/DARPAN_467506
2026-09-16,DARPAN_467506,Gramin Trust India (Vellore),contact@gramintrusti.org,Tamil Nadu,Madurai,Madurai Taluk,Society,Registrar of Societies,SOC/850/2021/3725,"Societies Registration Act, 1860",2003-07-12,"Healthcare & Medical, Child Welfare",Vellore,Odisha,https://ngodarpan.gov.in/index.php/home/statewise_ngo/DARPAN_467506
2026-09-16,DARPAN_995420,Navjeevan Initiative National,contact@navjeevanini.org,Maharashtra,Nashik,Nashik Taluk,Trust,Sub-Registrar / Charity Commissioner,TRU/271/2008/4157,"Indian Trusts Act, 1882",2025-11-14,Nutrition & Food Security,Nashik,Maharashtra,https://ngodarpan.gov.in/index.php/home/statewise_ngo/DARPAN_995420
2026-09-16,DARPAN_995420,Navjeevan Initiative National (Thane),contact@navjeevanini.org,Maharashtra,Nashik,Nashik Taluk,Trust,Sub-Registrar / Charity Commissioner,TRU/271/2008/4157,"Indian Trusts Act, 1882",2025-11-14,Nutrition & Food Security,Thane,West Bengal,https://ngodarpan.gov.in/index.php/home/statewise_ngo/DARPAN_995420
2026-09-16,DARPAN_995420,Navjeevan Initiative National (Mumbai),contact@navjeevanini.org,Maharashtra,Nashik,Nashik Taluk,Trust,Sub-Registrar / Charity Commissioner,TRU/271/2008/4157,"Indian Trusts Act, 1882",2025-11-14,Nutrition & Food Security,Mumbai,West Bengal,https://ngodarpan.gov.in/index.php/home/statewise_ngo/DARPAN_995420
2026-09-16,DARPAN_999924,Samarpan Samiti National,contact@samarpansami.org,West Bengal,Darjeeling,Darjeeling Taluk,Society,Registrar of Societies,SOC/375/2021/2462,"Societies Registration Act, 1860",2023-07-24,"Skill Development & Livelihood, Rural Development",Darjeeling,West Bengal,https://ngodarpan.gov.in/index.php/home/statewise_ngo/DARPAN_999924
2026-09-16,DARPAN_999924,Samarpan Samiti National (Kolkata),contact@samarpansami.org,West Bengal,Darjeeling,Darjeeling Taluk,Society,Registrar of Societies,SOC/375/2021/2462,"Societies Registration Act, 1860",2023-07-24,"Skill Development & Livelihood, Rural Development",Kolkata,Gujarat,https://ngodarpan.gov.in/index.php/home/statewise_ngo/DARPAN_999924
2026-09-16,DARPAN_999924,Samarpan Samiti National (Rajkot),contact@samarpansami.org,West Bengal,Darjeeling,Darjeeling Taluk,Society,Registrar of Societies,SOC/375/2021/2462,"Societies Registration Act, 1860",2023-07-24,"Skill Development & Livelihood, Rural Development",Rajkot,Gujarat,https://ngodarpan.gov.in/index.php/home/statewise_ngo/DARPAN_999924
2026-09-16,DARPAN_771712,Sankalp Association Gramin,contact@sankalpassoc.org,West Bengal,Howrah,Howrah Taluk,Trust,Sub-Registrar / Charity Commissioner,TRU/629/2010/1930,"Indian Trusts Act, 1882",1999-10-13,"Nutrition & Food Security, Education",Howrah,West Bengal,https://ngodarpan.gov.in/index.php/home/statewise_ngo/DARPAN_771712
2026-09-16,DARPAN_771712,Sankalp Association Gramin (Darjeeling),,West Bengal,Howrah,Howrah Taluk,Trust,Sub-Registrar / Charity Commissioner,TRU/629/2010/1930,"Indian Trusts Act, 1882",1999-10-13,"Nutrition & Food Security, Education",Darjeeling,West Bengal,https://ngodarpan.gov.in/index.php/home/statewise_ngo/DARPAN_771712
2026-09-16,DARPAN_645561,Manav Initiative Gramin,contact@manavinitiat.org,Kerala,Ernakulam,Ernakulam Taluk,Society,Registrar of Societies,SOC/601/2017/4087,"Societies Registration Act, 1860",2021-07-01,Nutrition & Food Security,Ernakulam,Kerala,https://ngodarpan.gov.in/index.php/home/statewise_ngo/DARPAN_645561
2026-09-16,DARPAN_861697,Navjeevan Society India,,Kerala,Thrissur,Thrissur Taluk,Section 8,Ministry of Corporate Affairs (MCA),SEC/794/2023/3969,"Companies Act, 2013",2013-10-01,"Nutrition & Food Security, Child Welfare, Skill Development & Livelihood",Thrissur,Kerala,https://ngodarpan.gov.in/index.php/home/statewise_ngo/DARPAN_861697
2026-09-16,DARPAN_861697,Navjeevan Society India (Thiruvananthapuram),contact@navjeevansoc.org,Kerala,Thrissur,Thrissur Taluk,Section 8,Ministry of Corporate Affairs (MCA),SEC/794/2023/3969,"Companies Act, 2013",2013-10-01,"Nutrition & Food Security, Child Welfare, Skill Development & Livelihood",Thiruvananthapuram,Kerala,https://ngodarpan.gov.in/index.php/home/statewise_ngo/DARPAN_861697
2026-09-16,DARPAN_740524,Prerna Samiti India,contact@prernasamiti.org,Kerala,Ernakulam,Ernakulam Taluk,Society,Registrar of Societies,SOC/944/2007/6536,"Societies Registration Act, 1860",2025-11-27,"Healthcare & Medical, Child Welfare",Ernakulam,Kerala,https://ngodarpan.gov.in/index.php/home/statewise_ngo/DARPAN_740524
2026-09-16,DARPAN_740524,Prerna Samiti India (Thrissur),,Kerala,Ernakulam,Ernakulam Taluk,Society,Registrar of Societies,SOC/944/2007/6536,"Societies Registration Act, 1860",2025-11-27,"Healthcare & Medical, Child Welfare",Thrissur,Kerala,https://ngodarpan.gov.in/index.php/home/statewise_ngo/DARPAN_740524
2026-09-16,DARPAN_740524,Prerna Samiti India (Thiruvananthapuram),contact@prernasamiti.org,Kerala,Ernakulam,Ernakulam Taluk,Society,Registrar of Societies,SOC/944/2007/6536,"Societies Registration Act, 1860",2025-11-27,"Healthcare & Medical, Child Welfare",Thiruvananthapuram,Kerala,https://ngodarpan.gov.in/index.php/home/statewise_ngo/DARPAN_740524
2026-09-16,DARPAN_469348,Kalyan Mission Seva,contact@kalyanmissio.org,Gujarat,Vadodara,Vadodara Taluk,Society,Registrar of Societies,SOC/927/1995/9564,"Societies Registration Act, 1860",2025-01-22,Environment & Forests,Vadodara,Gujarat,https://ngodarpan.gov.in/index.php/home/statewise_ngo/DARPAN_469348
2026-09-16,DARPAN_469348,Kalyan Mission Seva (Ahmedabad),contact@kalyanmissio.org,Gujarat,Vadodara,Vadodara Taluk,Society,Registrar of Societies,SOC/927/1995/9564,"Societies Registration Act, 1860",2025-01-22,Environment & Forests,Ahmedabad,Karnataka,https://ngodarpan.gov.in/index.php/home/statewise_ngo/DARPAN_469348
2026-09-16,DARPAN_469348,Kalyan Mission Seva (Dharwad),contact@kalyanmissio.org,Gujarat,Vadodara,Vadodara Taluk,Society,Registrar of Societies,SOC/927/1995/9564,"Societies Registration Act, 1860",2025-01-22,Environment & Forests,Dharwad,Karnataka,https://ngodarpan.gov.in/index.php/home/statewise_ngo/DARPAN_469348
2026-09-16,DARPAN_408467,Kavach Society India,contact@kavachsociet.org,Karnataka,Mysuru,Mysuru Taluk,Section 8,Ministry of Corporate Affairs (MCA),SEC/626/2002/7180,"Companies Act, 2013",2025-05-05,Environment & Forests,Mysuru,Karnataka,https://ngodarpan.gov.in/index.php/home/statewise_ngo/DARPAN_408467
2026-09-16,DARPAN_408467,Kavach Society India (Bengaluru Urban),contact@kavachsociet.org,Karnataka,Mysuru,Mysuru Taluk,Section 8,Ministry of Corporate Affairs (MCA),SEC/626/2002/7180,"Companies Act, 2013",2025-05-05,Environment & Forests,Bengaluru Urban,Karnataka,https://ngodarpan.gov.in/index.php/home/statewise_ngo/DARPAN_408467
2026-09-16,DARPAN_323717,Sankalp Network Gramin,contact@sankalpnetwo.org,West Bengal,Howrah,Howrah Taluk,Section 8,Ministry of Corporate Affairs (MCA),SEC/643/2025/1144,"Companies Act, 2013",2025-04-21,"Water & Sanitation, Disaster Relief & Rehabilitation",Howrah,West Bengal,https://ngodarpan.gov.in/index.php/home/statewise_ngo/DARPAN_323717
2026-09-16,DARPAN_323717,Sankalp Network Gramin (North 24 Parganas),contact@sankalpnetwo.org,West Bengal,Howrah,Howrah Taluk,Section 8,Ministry of Corporate Affairs (MCA),SEC/643/2025/1144,"Companies Act, 2013",2025-04-21,"Water & Sanitation, Disaster Relief & Rehabilitation",North 24 Parganas,Uttar Pradesh,https://ngodarpan.gov.in/index.php/home/statewise_ngo/DARPAN_323717
2026-09-16,DARPAN_323717,Sankalp Network Gramin (Darjeeling),contact@sankalpnetwo.org,West Bengal,Howrah,Howrah Taluk,Section 8,Ministry of Corporate Affairs (MCA),SEC/643/2025/1144,"Companies Act, 2013",2025-04-21,"Water & Sanitation, Disaster Relief & Rehabilitation",Darjeeling,Kerala,https://ngodarpan.gov.in/index.php/home/statewise_ngo/DARPAN_323717
2026-09-16,DARPAN_261223,Asha Mission Gramin,contact@ashamissiong.org,Tamil Nadu,Chennai,Chennai Taluk,Trust,Sub-Registrar / Charity Commissioner,TRU/155/2006/5127,"Indian Trusts Act, 1882",2015-04-09,"Child Welfare, Women Empowerment",Chennai,Tamil Nadu,https://ngodarpan.gov.in/index.php/home/statewise_ngo/DARPAN_261223
2026-09-16,DARPAN_261223,Asha Mission Gramin (Madurai),contact@ashamissiong.org,Tamil Nadu,Chennai,Chennai Taluk,Trust,Sub-Registrar / Charity Commissioner,TRU/155/2006/5127,"Indian Trusts Act, 1882",2015-04-09,"Child Welfare, Women Empowerment",Madurai,Tamil Nadu,https://ngodarpan.gov.in/index.php/home/statewise_ngo/DARPAN_261223
2026-09-16,DARPAN_240829,Sankalp Mission Seva,contact@sankalpmissi.org,Rajasthan,Udaipur,Udaipur Taluk,Society,Registrar of Societies,SOC/598/2001/3879,"Societies Registration Act, 1860",2020-05-28,"Skill Development & Livelihood, Disaster Relief & Rehabilitation, Environment & Forests",Udaipur,Rajasthan,https://ngodarpan.gov.in/index.php/home/statewise_ngo/DARPAN_240829
2026-09-16,DARPAN_240829,Sankalp Mission Seva (Jaipur),contact@sankalpmissi.org,Rajasthan,Udaipur,Udaipur Taluk,Society,Registrar of Societies,SOC/598/2001/3879,"Societies Registration Act, 1860",2020-05-28,"Skill Development & Livelihood, Disaster Relief & Rehabilitation, Environment & Forests",Jaipur,Maharashtra,https://ngodarpan.gov.in/index.php/home/statewise_ngo/DARPAN_240829
2026-09-16,DARPAN_240829,Sankalp Mission Seva (Kota),contact@sankalpmissi.org,Rajasthan,Udaipur,Udaipur Taluk,Society,Registrar of Societies,SOC/598/2001/3879,"Societies Registration Act, 1860",2020-05-28,"Skill Development & Livelihood, Disaster Relief & Rehabilitation, Environment & Forests",Kota,Maharashtra,https://ngodarpan.gov.in/index.php/home/statewise_ngo/DARPAN_240829
2026-09-16,DARPAN_701344,Shakti Society National,contact@shaktisociet.org,Gujarat,Ahmedabad,Ahmedabad Taluk,Section 8,Ministry of Corporate Affairs (MCA),SEC/250/1998/3725,"Companies Act, 2013",2023-07-20,"Education, Environment & Forests, Healthcare & Medical",Ahmedabad,Gujarat,https://ngodarpan.gov.in/index.php/home/statewise_ngo/DARPAN_701344
2026-09-16,DARPAN_701344,Shakti Society National (Rajkot),contact@shaktisociet.org,Gujarat,Ahmedabad,Ahmedabad Taluk,Section 8,Ministry of Corporate Affairs (MCA),SEC/250/1998/3725,"Companies Act, 2013",2023-07-20,"Education, Environment & Forests, Healthcare & Medical",Rajkot,Gujarat,https://ngodarpan.gov.in/index.php/home/statewise_ngo/DARPAN_701344
2026-09-16,DARPAN_701344,Shakti Society National (Surat),contact@shaktisociet.org,Gujarat,Ahmedabad,Ahmedabad Taluk,Section 8,Ministry of Corporate Affairs (MCA),SEC/250/1998/3725,"Companies Act, 2013",2023-07-20,"Education, Environment & Forests, Healthcare & Medical",Surat,Gujarat,https://ngodarpan.gov.in/index.php/home/statewise_ngo/DARPAN_701344
2026-09-16,DARPAN_879769,Asha Seva Sanstha India,contact@ashasevasans.org,Gujarat,Ahmedabad,Ahmedabad Taluk,Society,Registrar of Societies,SOC/770/2008/6175,"Societies Registration Act, 1860",2019-07-21,"Environment & Forests, Skill Development & Livelihood",Ahmedabad,Gujarat,https://ngodarpan.gov.in/index.php/home/statewise_ngo/DARPAN_879769
2026-09-16,DARPAN_879769,Asha Seva Sanstha India (Vadodara),contact@ashasevasans.org,Gujarat,Ahmedabad,Ahmedabad Taluk,Society,Registrar of Societies,SOC/770/2008/6175,"Societies Registration Act, 1860",2019-07-21,"Environment & Forests, Skill Development & Livelihood",Vadodara,Gujarat,https://ngodarpan.gov.in/index.php/home/statewise_ngo/DARPAN_879769
2026-09-16,DARPAN_879769,Asha Seva Sanstha India (Rajkot),contact@ashasevasans.org,Gujarat,Ahmedabad,Ahmedabad Taluk,Society,Registrar of Societies,SOC/770/2008/6175,"Societies Registration Act, 1860",2019-07-21,"Environment & Forests, Skill Development & Livelihood",Rajkot,Gujarat,https://ngodarpan.gov.in/index.php/home/statewise_ngo/DARPAN_879769
2026-09-16,DARPAN_690525,Goonj Samiti Gramin,contact@goonjsamitig.org,Rajasthan,Kota,Kota Taluk,Section 8,Ministry of Corporate Affairs (MCA),SEC/982/1996/8896,"Companies Act, 2013",2025-11-26,"Disaster Relief & Rehabilitation, Rural Development, Women Empowerment",Kota,Rajasthan,https://ngodarpan.gov.in/index.php/home/statewise_ngo/DARPAN_690525
2026-09-16,DARPAN_690525,Goonj Samiti Gramin (Udaipur),contact@goonjsamitig.org,Rajasthan,Kota,Kota Taluk,Section 8,Ministry of Corporate Affairs (MCA),SEC/982/1996/8896,"Companies Act, 2013",2025-11-26,"Disaster Relief & Rehabilitation, Rural Development, Women Empowerment",Udaipur,Gujarat,https://ngodarpan.gov.in/index.php/home/statewise_ngo/DARPAN_690525
2026-09-16,DARPAN_690525,Goonj Samiti Gramin (Jaipur),contact@goonjsamitig.org,Rajasthan,Kota,Kota Taluk,Section 8,Ministry of Corporate Affairs (MCA),SEC/982/1996/8896,"Companies Act, 2013",2025-11-26,"Disaster Relief & Rehabilitation, Rural Development, Women Empowerment",Jaipur,Tamil Nadu,https://ngodarpan.gov.in/index.php/home/statewise_ngo/DARPAN_690525
2026-09-16,DARPAN_808640,Goonj Seva Sanstha India,contact@goonjsevasan.org,Gujarat,Ahmedabad,Ahmedabad Taluk,Society,Registrar of Societies,SOC/480/2015/9066,"Societies Registration Act, 1860",1997-10-28,Nutrition & Food Security,Ahmedabad,Gujarat,https://ngodarpan.gov.in/index.php/home/statewise_ngo/DARPAN_808640
2026-09-16,DARPAN_808640,Goonj Seva Sanstha India (Surat),contact@goonjsevasan.org,Gujarat,Ahmedabad,Ahmedabad Taluk,Society,Registrar of Societies,SOC/480/2015/9066,"Societies Registration Act, 1860",1997-10-28,Nutrition & Food Security,Surat,West Bengal,https://ngodarpan.gov.in/index.php/home/statewise_ngo/DARPAN_808640
2026-09-16,DARPAN_808640,Goonj Seva Sanstha India (Darjeeling),contact@goonjsevasan.org,Gujarat,Ahmedabad,Ahmedabad Taluk,Society,Registrar of Societies,SOC/480/2015/9066,"Societies Registration Act, 1860",1997-10-28,Nutrition & Food Security,Darjeeling,Kerala,https://ngodarpan.gov.in/index.php/home/statewise_ngo/DARPAN_808640
2026-09-16,DARPAN_659713,Punarutthan Network Seva,contact@punarutthann.org,Gujarat,Surat,Surat Taluk,Trust,Sub-Registrar / Charity Commissioner,TRU/552/2014/6992,"Indian Trusts Act, 1882",2019-01-01,"Nutrition & Food Security, Rural Development",Surat,Gujarat,https://ngodarpan.gov.in/index.php/home/statewise_ngo/DARPAN_659713
2026-09-16,DARPAN_659713,Punarutthan Network Seva (Ahmedabad),contact@punarutthann.org,Gujarat,Surat,Surat Taluk,Trust,Sub-Registrar / Charity Commissioner,TRU/552/2014/6992,"Indian Trusts Act, 1882",2019-01-01,"Nutrition & Food Security, Rural Development",Ahmedabad,Gujarat,https://ngodarpan.gov.in/index.php/home/statewise_ngo/DARPAN_659713
2026-09-16,DARPAN_659713,Punarutthan Network Seva (Vadodara),,Gujarat,Surat,Surat Taluk,Trust,Sub-Registrar / Charity Commissioner,TRU/552/2014/6992,"Indian Trusts Act, 1882",2019-01-01,"Nutrition & Food Security, Rural Development",Vadodara,Gujarat,https://ngodarpan.gov.in/index.php/home/statewise_ngo/DARPAN_659713
2026-09-16,DARPAN_362874,Navjeevan Mission Seva,contact@navjeevanmis.org,Gujarat,Vadodara,Vadodara Taluk,Section 8,Ministry of Corporate Affairs (MCA),SEC/813/2026/4109,"Companies Act, 2013",2015-06-24,"Water & Sanitation, Skill Development & Livelihood",Vadodara,Gujarat,https://ngodarpan.gov.in/index.php/home/statewise_ngo/DARPAN_362874
2026-09-16,DARPAN_362874,Navjeevan Mission Seva (Surat),contact@navjeevanmis.org,Gujarat,Vadodara,Vadodara Taluk,Section 8,Ministry of Corporate Affairs (MCA),SEC/813/2026/4109,"Companies Act, 2013",2015-06-24,"Water & Sanitation, Skill Development & Livelihood",Surat,Gujarat,https://ngodarpan.gov.in/index.php/home/statewise_ngo/DARPAN_362874
2026-09-16,DARPAN_362874,Navjeevan Mission Seva (Rajkot),contact@navjeevanmis.org,Gujarat,Vadodara,Vadodara Taluk,Section 8,Ministry of Corporate Affairs (MCA),SEC/813/2026/4109,"Companies Act, 2013",2015-06-24,"Water & Sanitation, Skill Development & Livelihood",Rajkot,Gujarat,https://ngodarpan.gov.in/index.php/home/statewise_ngo/DARPAN_362874
2026-09-16,DARPAN_325258,Sankalp Foundation Gramin,,Gujarat,Surat,Surat Taluk,Trust,Sub-Registrar / Charity Commissioner,TRU/138/2024/6827,"Indian Trusts Act, 1882",2023-10-08,Environment & Forests,Surat,Gujarat,https://ngodarpan.gov.in/index.php/home/statewise_ngo/DARPAN_325258
2026-09-16,DARPAN_325258,Sankalp Foundation Gramin (Vadodara),contact@sankalpfound.org,Gujarat,Surat,Surat Taluk,Trust,Sub-Registrar / Charity Commissioner,TRU/138/2024/6827,"Indian Trusts Act, 1882",2023-10-08,Environment & Forests,Vadodara,Gujarat,https://ngodarpan.gov.in/index.php/home/statewise_ngo/DARPAN_325258
2026-09-16,DARPAN_703998,Seva Trust Seva,contact@sevatrustsev.org,Kerala,Kozhikode,Kozhikode Taluk,Society,Registrar of Societies,SOC/295/2015/6644,"Societies Registration Act, 1860",2020-05-06,"Water & Sanitation, Child Welfare, Nutrition & Food Security",Kozhikode,Kerala,https://ngodarpan.gov.in/index.php/home/statewise_ngo/DARPAN_703998
2026-09-16,DARPAN_703998,Seva Trust Seva (Ernakulam),contact@sevatrustsev.org,Kerala,Kozhikode,Kozhikode Taluk,Society,Registrar of Societies,SOC/295/2015/6644,"Societies Registration Act, 1860",2020-05-06,"Water & Sanitation, Child Welfare, Nutrition & Food Security",Ernakulam,Kerala,https://ngodarpan.gov.in/index.php/home/statewise_ngo/DARPAN_703998
2026-09-16,DARPAN_907455,Vikas Seva Sanstha 51,contact@vikassevasan.org,Karnataka,Dharwad,Dharwad Taluk,Trust,Sub-Registrar / Charity Commissioner,TRU/670/2002/4016,"Indian Trusts Act, 1882",2021-12-01,"Women Empowerment, Water & Sanitation",Dharwad,Karnataka,https://ngodarpan.gov.in/index.php/home/statewise_ngo/DARPAN_907455
2026-09-16,DARPAN_907455,Vikas Seva Sanstha 51 (Mysuru),contact@vikassevasan.org,Karnataka,Dharwad,Dharwad Taluk,Trust,Sub-Registrar / Charity Commissioner,TRU/670/2002/4016,"Indian Trusts Act, 1882",2021-12-01,"Women Empowerment, Water & Sanitation",Mysuru,Karnataka,https://ngodarpan.gov.in/index.php/home/statewise_ngo/DARPAN_907455
2026-09-16,DARPAN_907455,Vikas Seva Sanstha 51 (Bengaluru Urban),contact@vikassevasan.org,Karnataka,Dharwad,Dharwad Taluk,Trust,Sub-Registrar / Charity Commissioner,TRU/670/2002/4016,"Indian Trusts Act, 1882",2021-12-01,"Women Empowerment, Water & Sanitation",Bengaluru Urban,Karnataka,https://ngodarpan.gov.in/index.php/home/statewise_ngo/DARPAN_907455
2026-09-16,DARPAN_841635,Sahyog Initiative 52,contact@sahyoginitia.org,Odisha,Cuttack,Cuttack Taluk,Society,Registrar of Societies,SOC/663/2019/1719,"Societies Registration Act, 1860",2012-10-28,"Nutrition & Food Security, Water & Sanitation",Cuttack,Odisha,https://ngodarpan.gov.in/index.php/home/statewise_ngo/DARPAN_841635
2026-09-16,DARPAN_841635,Sahyog Initiative 52 (Sundargarh),contact@sahyoginitia.org,Odisha,Cuttack,Cuttack Taluk,Society,Registrar of Societies,SOC/663/2019/1719,"Societies Registration Act, 1860",2012-10-28,"Nutrition & Food Security, Water & Sanitation",Sundargarh,Karnataka,https://ngodarpan.gov.in/index.php/home/statewise_ngo/DARPAN_841635
2026-09-16,DARPAN_841635,Sahyog Initiative 52 (Belagavi),,Odisha,Cuttack,Cuttack Taluk,Society,Registrar of Societies,SOC/663/2019/1719,"Societies Registration Act, 1860",2012-10-28,"Nutrition & Food Security, Water & Sanitation",Belagavi,Tamil Nadu,https://ngodarpan.gov.in/index.php/home/statewise_ngo/DARPAN_841635
2026-09-16,DARPAN_904291,Asha Trust 53,contact@ashatrust53.org,Uttar Pradesh,Kanpur Nagar,Kanpur Nagar Taluk,Society,Registrar of Societies,SOC/841/1996/3877,"Societies Registration Act, 1860",2021-11-16,"Education, Nutrition & Food Security, Child Welfare",Kanpur Nagar,Uttar Pradesh,https://ngodarpan.gov.in/index.php/home/statewise_ngo/DARPAN_904291
2026-09-16,DARPAN_904291,Asha Trust 53 (Prayagraj),contact@ashatrust53.org,Uttar Pradesh,Kanpur Nagar,Kanpur Nagar Taluk,Society,Registrar of Societies,SOC/841/1996/3877,"Societies Registration Act, 1860",2021-11-16,"Education, Nutrition & Food Security, Child Welfare",Prayagraj,Uttar Pradesh,https://ngodarpan.gov.in/index.php/home/statewise_ngo/DARPAN_904291
2026-09-16,DARPAN_725078,Shakti Mission 54,contact@shaktimissio.org,Odisha,Sundargarh,Sundargarh Taluk,Society,Registrar of Societies,SOC/440/2007/9740,"Societies Registration Act, 1860",2024-08-19,Child Welfare,Sundargarh,Odisha,https://ngodarpan.gov.in/index.php/home/statewise_ngo/DARPAN_725078
2026-09-16,DARPAN_725078,Shakti Mission 54 (Puri),contact@shaktimissio.org,Odisha,Sundargarh,Sundargarh Taluk,Society,Registrar of Societies,SOC/440/2007/9740,"Societies Registration Act, 1860",2024-08-19,Child Welfare,Puri,Odisha,https://ngodarpan.gov.in/index.php/home/statewise_ngo/DARPAN_725078
2026-09-16,DARPAN_725078,Shakti Mission 54 (Cuttack),contact@shaktimissio.org,Odisha,Sundargarh,Sundargarh Taluk,Society,Registrar of Societies,SOC/440/2007/9740,"Societies Registration Act, 1860",2024-08-19,Child Welfare,Cuttack,Odisha,https://ngodarpan.gov.in/index.php/home/statewise_ngo/DARPAN_725078
2026-09-16,DARPAN_961953,Kavach Society 55,contact@kavachsociet.org,West Bengal,Darjeeling,Darjeeling Taluk,Trust,Sub-Registrar / Charity Commissioner,TRU/712/2001/7208,"Indian Trusts Act, 1882",2022-01-03,Nutrition & Food Security,Darjeeling,West Bengal,https://ngodarpan.gov.in/index.php/home/statewise_ngo/DARPAN_961953
2026-09-16,DARPAN_961953,Kavach Society 55 (Howrah),contact@kavachsociet.org,West Bengal,Darjeeling,Darjeeling Taluk,Trust,Sub-Registrar / Charity Commissioner,TRU/712/2001/7208,"Indian Trusts Act, 1882",2022-01-03,Nutrition & Food Security,Howrah,Tamil Nadu,https://ngodarpan.gov.in/index.php/home/statewise_ngo/DARPAN_961953
2026-09-16,DARPAN_961953,Kavach Society 55 (North 24 Parganas),contact@kavachsociet.org,West Bengal,Darjeeling,Darjeeling Taluk,Trust,Sub-Registrar / Charity Commissioner,TRU/712/2001/7208,"Indian Trusts Act, 1882",2022-01-03,Nutrition & Food Security,North 24 Parganas,Karnataka,https://ngodarpan.gov.in/index.php/home/statewise_ngo/DARPAN_961953
2026-09-16,DARPAN_541467,Uday Association 56,contact@udayassociat.org,West Bengal,Howrah,Howrah Taluk,Trust,Sub-Registrar / Charity Commissioner,TRU/811/2014/5267,"Indian Trusts Act, 1882",2025-03-19,Environment & Forests,Howrah,West Bengal,https://ngodarpan.gov.in/index.php/home/statewise_ngo/DARPAN_541467
2026-09-16,DARPAN_541467,Uday Association 56 (North 24 Parganas),contact@udayassociat.org,West Bengal,Howrah,Howrah Taluk,Trust,Sub-Registrar / Charity Commissioner,TRU/811/2014/5267,"Indian Trusts Act, 1882",2025-03-19,Environment & Forests,North 24 Parganas,Odisha,https://ngodarpan.gov.in/index.php/home/statewise_ngo/DARPAN_541467
2026-09-16,DARPAN_541467,Uday Association 56 (Khordha),contact@udayassociat.org,West Bengal,Howrah,Howrah Taluk,Trust,Sub-Registrar / Charity Commissioner,TRU/811/2014/5267,"Indian Trusts Act, 1882",2025-03-19,Environment & Forests,Khordha,Odisha,https://ngodarpan.gov.in/index.php/home/statewise_ngo/DARPAN_541467
2026-09-16,DARPAN_509018,Goonj Association 57,contact@goonjassocia.org,Karnataka,Mangaluru,Mangaluru Taluk,Society,Registrar of Societies,SOC/112/2013/8353,"Societies Registration Act, 1860",2023-09-22,"Healthcare & Medical, Skill Development & Livelihood, Rural Development",Mangaluru,Karnataka,https://ngodarpan.gov.in/index.php/home/statewise_ngo/DARPAN_509018
2026-09-16,DARPAN_509018,Goonj Association 57 (Dharwad),contact@goonjassocia.org,Karnataka,Mangaluru,Mangaluru Taluk,Society,Registrar of Societies,SOC/112/2013/8353,"Societies Registration Act, 1860",2023-09-22,"Healthcare & Medical, Skill Development & Livelihood, Rural Development",Dharwad,Kerala,https://ngodarpan.gov.in/index.php/home/statewise_ngo/DARPAN_509018
2026-09-16,DARPAN_509018,Goonj Association 57 (Kozhikode),contact@goonjassocia.org,Karnataka,Mangaluru,Mangaluru Taluk,Society,Registrar of Societies,SOC/112/2013/8353,"Societies Registration Act, 1860",2023-09-22,"Healthcare & Medical, Skill Development & Livelihood, Rural Development",Kozhikode,Odisha,https://ngodarpan.gov.in/index.php/home/statewise_ngo/DARPAN_509018
2026-09-16,DARPAN_310416,Manav Sansthan 58,contact@manavsanstha.org,Karnataka,Belagavi,Belagavi Taluk,Trust,Sub-Registrar / Charity Commissioner,TRU/247/2022/4578,"Indian Trusts Act, 1882",2019-08-23,Education,Belagavi,Karnataka,https://ngodarpan.gov.in/index.php/home/statewise_ngo/DARPAN_310416
2026-09-16,DARPAN_310416,Manav Sansthan 58 (Dharwad),contact@manavsanstha.org,Karnataka,Belagavi,Belagavi Taluk,Trust,Sub-Registrar / Charity Commissioner,TRU/247/2022/4578,"Indian Trusts Act, 1882",2019-08-23,Education,Dharwad,Karnataka,https://ngodarpan.gov.in/index.php/home/statewise_ngo/DARPAN_310416
2026-09-16,DARPAN_310416,Manav Sansthan 58 (Bengaluru Urban),contact@manavsanstha.org,Karnataka,Belagavi,Belagavi Taluk,Trust,Sub-Registrar / Charity Commissioner,TRU/247/2022/4578,"Indian Trusts Act, 1882",2019-08-23,Education,Bengaluru Urban,Karnataka,https://ngodarpan.gov.in/index.php/home/statewise_ngo/DARPAN_310416
2026-09-16,DARPAN_248468,Goonj Foundation 59,contact@goonjfoundat.org,Rajasthan,Jaipur,Jaipur Taluk,Trust,Sub-Registrar / Charity Commissioner,TRU/818/2003/1235,"Indian Trusts Act, 1882",2023-05-27,"Child Welfare, Nutrition & Food Security",Jaipur,Rajasthan,https://ngodarpan.gov.in/index.php/home/statewise_ngo/DARPAN_248468
2026-09-16,DARPAN_248468,Goonj Foundation 59 (Raigad),contact@goonjfoundat.org,Rajasthan,Jaipur,Jaipur Taluk,Trust,Sub-Registrar / Charity Commissioner,TRU/818/2003/1235,"Indian Trusts Act, 1882",2023-05-27,"Child Welfare, Nutrition & Food Security",Raigad,Maharashtra,https://ngodarpan.gov.in/index.php/home/statewise_ngo/DARPAN_248468
2026-09-16,DARPAN_248468,Goonj Foundation 59 (Thane),contact@goonjfoundat.org,Rajasthan,Jaipur,Jaipur Taluk,Trust,Sub-Registrar / Charity Commissioner,TRU/818/2003/1235,"Indian Trusts Act, 1882",2023-05-27,"Child Welfare, Nutrition & Food Security",Thane,Maharashtra,https://ngodarpan.gov.in/index.php/home/statewise_ngo/DARPAN_248468
2026-09-16,DARPAN_648496,Kavach Sansthan 60,contact@kavachsansth.org,Delhi,Central Delhi,Central Delhi Taluk,Section 8,Ministry of Corporate Affairs (MCA),SEC/808/1997/3949,"Companies Act, 2013",2014-02-21,"Environment & Forests, Rural Development, Women Empowerment",Central Delhi,Delhi,https://ngodarpan.gov.in/index.php/home/statewise_ngo/DARPAN_648496
2026-09-16,DARPAN_656921,Sahyog Mission 61,contact@sahyogmissio.org,Maharashtra,Nashik,Nashik Taluk,Society,Registrar of Societies,SOC/346/2000/1203,"Societies Registration Act, 1860",2017-04-05,Disaster Relief & Rehabilitation,Nashik,Maharashtra,https://ngodarpan.gov.in/index.php/home/statewise_ngo/DARPAN_656921
2026-09-16,DARPAN_644861,Sankalp Sansthan 62,contact@sankalpsanst.org,Odisha,Sundargarh,Sundargarh Taluk,Section 8,Ministry of Corporate Affairs (MCA),SEC/761/2015/8965,"Companies Act, 2013",2014-09-15,"Water & Sanitation, Nutrition & Food Security",Sundargarh,Odisha,https://ngodarpan.gov.in/index.php/home/statewise_ngo/DARPAN_644861
2026-09-16,DARPAN_644861,Sankalp Sansthan 62 (Cuttack),contact@sankalpsanst.org,Odisha,Sundargarh,Sundargarh Taluk,Section 8,Ministry of Corporate Affairs (MCA),SEC/761/2015/8965,"Companies Act, 2013",2014-09-15,"Water & Sanitation, Nutrition & Food Security",Cuttack,West Bengal,https://ngodarpan.gov.in/index.php/home/statewise_ngo/DARPAN_644861
2026-09-16,DARPAN_644861,Sankalp Sansthan 62 (Puri),contact@sankalpsanst.org,Odisha,Sundargarh,Sundargarh Taluk,Section 8,Ministry of Corporate Affairs (MCA),SEC/761/2015/8965,"Companies Act, 2013",2014-09-15,"Water & Sanitation, Nutrition & Food Security",Puri,Karnataka,https://ngodarpan.gov.in/index.php/home/statewise_ngo/DARPAN_644861
2026-09-16,DARPAN_243578,Prerna Society 63,contact@prernasociet.org,Kerala,Kozhikode,Kozhikode Taluk,Section 8,Ministry of Corporate Affairs (MCA),SEC/602/1997/5947,"Companies Act, 2013",2006-09-24,"Education, Water & Sanitation",Kozhikode,Kerala,https://ngodarpan.gov.in/index.php/home/statewise_ngo/DARPAN_243578
2026-09-16,DARPAN_243578,Prerna Society 63 (Thrissur),contact@prernasociet.org,Kerala,Kozhikode,Kozhikode Taluk,Section 8,Ministry of Corporate Affairs (MCA),SEC/602/1997/5947,"Companies Act, 2013",2006-09-24,"Education, Water & Sanitation",Thrissur,Kerala,https://ngodarpan.gov.in/index.php/home/statewise_ngo/DARPAN_243578
2026-09-16,DARPAN_243578,Prerna Society 63 (Thiruvananthapuram),contact@prernasociet.org,Kerala,Kozhikode,Kozhikode Taluk,Section 8,Ministry of Corporate Affairs (MCA),SEC/602/1997/5947,"Companies Act, 2013",2006-09-24,"Education, Water & Sanitation",Thiruvananthapuram,Kerala,https://ngodarpan.gov.in/index.php/home/statewise_ngo/DARPAN_243578
2026-09-16,DARPAN_315378,Shakti Samiti 64,contact@shaktisamiti.org,Karnataka,Dharwad,Dharwad Taluk,Trust,Sub-Registrar / Charity Commissioner,TRU/192/2004/5544,"Indian Trusts Act, 1882",2005-03-28,"Water & Sanitation, Disaster Relief & Rehabilitation",Dharwad,Karnataka,https://ngodarpan.gov.in/index.php/home/statewise_ngo/DARPAN_315378
2026-09-16,DARPAN_315378,Shakti Samiti 64 (Bengaluru Urban),contact@shaktisamiti.org,Karnataka,Dharwad,Dharwad Taluk,Trust,Sub-Registrar / Charity Commissioner,TRU/192/2004/5544,"Indian Trusts Act, 1882",2005-03-28,"Water & Sanitation, Disaster Relief & Rehabilitation",Bengaluru Urban,Karnataka,https://ngodarpan.gov.in/index.php/home/statewise_ngo/DARPAN_315378
2026-09-16,DARPAN_614064,Sneha Association 65,contact@snehaassocia.org,Gujarat,Vadodara,Vadodara Taluk,Section 8,Ministry of Corporate Affairs (MCA),SEC/659/1996/1517,"Companies Act, 2013",1997-02-13,"Women Empowerment, Child Welfare",Vadodara,Gujarat,https://ngodarpan.gov.in/index.php/home/statewise_ngo/DARPAN_614064
2026-09-16,DARPAN_614064,Sneha Association 65 (Surat),contact@snehaassocia.org,Gujarat,Vadodara,Vadodara Taluk,Section 8,Ministry of Corporate Affairs (MCA),SEC/659/1996/1517,"Companies Act, 2013",1997-02-13,"Women Empowerment, Child Welfare",Surat,Gujarat,https://ngodarpan.gov.in/index.php/home/statewise_ngo/DARPAN_614064
2026-09-16,DARPAN_584952,Vikas Samiti 66,contact@vikassamiti6.org,Karnataka,Dharwad,Dharwad Taluk,Society,Registrar of Societies,SOC/520/2015/2055,"Societies Registration Act, 1860",2012-05-27,Nutrition & Food Security,Dharwad,Karnataka,https://ngodarpan.gov.in/index.php/home/statewise_ngo/DARPAN_584952
2026-09-16,DARPAN_584952,Vikas Samiti 66 (Mysuru),contact@vikassamiti6.org,Karnataka,Dharwad,Dharwad Taluk,Society,Registrar of Societies,SOC/520/2015/2055,"Societies Registration Act, 1860",2012-05-27,Nutrition & Food Security,Mysuru,Karnataka,https://ngodarpan.gov.in/index.php/home/statewise_ngo/DARPAN_584952
2026-09-16,DARPAN_584952,Vikas Samiti 66 (Belagavi),contact@vikassamiti6.org,Karnataka,Dharwad,Dharwad Taluk,Society,Registrar of Societies,SOC/520/2015/2055,"Societies Registration Act, 1860",2012-05-27,Nutrition & Food Security,Belagavi,Karnataka,https://ngodarpan.gov.in/index.php/home/statewise_ngo/DARPAN_584952
2026-09-16,DARPAN_904894,Vikas Seva Sanstha 67,contact@vikassevasan.org,Kerala,Kozhikode,Kozhikode Taluk,Society,Registrar of Societies,SOC/589/2003/5270,"Societies Registration Act, 1860",2022-06-26,Healthcare & Medical,Kozhikode,Kerala,https://ngodarpan.gov.in/index.php/home/statewise_ngo/DARPAN_904894
2026-09-16,DARPAN_904894,Vikas Seva Sanstha 67 (Thrissur),contact@vikassevasan.org,Kerala,Kozhikode,Kozhikode Taluk,Society,Registrar of Societies,SOC/589/2003/5270,"Societies Registration Act, 1860",2022-06-26,Healthcare & Medical,Thrissur,Kerala,https://ngodarpan.gov.in/index.php/home/statewise_ngo/DARPAN_904894
2026-09-16,DARPAN_623460,Gramin Network 68,contact@graminnetwor.org,Kerala,Kozhikode,Kozhikode Taluk,Society,Registrar of Societies,SOC/727/2011/9470,"Societies Registration Act, 1860",2021-06-24,"Nutrition & Food Security, Skill Development & Livelihood, Child Welfare",Kozhikode,Kerala,https://ngodarpan.gov.in/index.php/home/statewise_ngo/DARPAN_623460
2026-09-16,DARPAN_623460,Gramin Network 68 (Thiruvananthapuram),,Kerala,Kozhikode,Kozhikode Taluk,Society,Registrar of Societies,SOC/727/2011/9470,"Societies Registration Act, 1860",2021-06-24,"Nutrition & Food Security, Skill Development & Livelihood, Child Welfare",Thiruvananthapuram,Kerala,https://ngodarpan.gov.in/index.php/home/statewise_ngo/DARPAN_623460
2026-09-16,DARPAN_586041,Jan Kalyan Society 69,,Rajasthan,Jaipur,Jaipur Taluk,Society,Registrar of Societies,SOC/579/2022/2297,"Societies Registration Act, 1860",2003-03-05,"Environment & Forests, Disaster Relief & Rehabilitation",Jaipur,Rajasthan,https://ngodarpan.gov.in/index.php/home/statewise_ngo/DARPAN_586041
2026-09-16,DARPAN_586041,Jan Kalyan Society 69 (Udaipur),,Rajasthan,Jaipur,Jaipur Taluk,Society,Registrar of Societies,SOC/579/2022/2297,"Societies Registration Act, 1860",2003-03-05,"Environment & Forests, Disaster Relief & Rehabilitation",Udaipur,Rajasthan,https://ngodarpan.gov.in/index.php/home/statewise_ngo/DARPAN_586041
2026-09-16,DARPAN_455627,Manav Mission 70,contact@manavmission.org,Karnataka,Dharwad,Dharwad Taluk,Section 8,Ministry of Corporate Affairs (MCA),SEC/828/2019/7829,"Companies Act, 2013",2000-12-12,"Nutrition & Food Security, Disaster Relief & Rehabilitation",Dharwad,Karnataka,https://ngodarpan.gov.in/index.php/home/statewise_ngo/DARPAN_455627
2026-09-16,DARPAN_455627,Manav Mission 70 (Bengaluru Urban),contact@manavmission.org,Karnataka,Dharwad,Dharwad Taluk,Section 8,Ministry of Corporate Affairs (MCA),SEC/828/2019/7829,"Companies Act, 2013",2000-12-12,"Nutrition & Food Security, Disaster Relief & Rehabilitation",Bengaluru Urban,Karnataka,https://ngodarpan.gov.in/index.php/home/statewise_ngo/DARPAN_455627
2026-09-16,DARPAN_455627,Manav Mission 70 (Belagavi),contact@manavmission.org,Karnataka,Dharwad,Dharwad Taluk,Section 8,Ministry of Corporate Affairs (MCA),SEC/828/2019/7829,"Companies Act, 2013",2000-12-12,"Nutrition & Food Security, Disaster Relief & Rehabilitation",Belagavi,Karnataka,https://ngodarpan.gov.in/index.php/home/statewise_ngo/DARPAN_455627
2026-09-16,DARPAN_919528,Sahyog Samiti 71,contact@sahyogsamiti.org,West Bengal,Kolkata,Kolkata Taluk,Trust,Sub-Registrar / Charity Commissioner,TRU/650/2016/7389,"Indian Trusts Act, 1882",2013-03-17,"Environment & Forests, Disaster Relief & Rehabilitation, Healthcare & Medical",Kolkata,West Bengal,https://ngodarpan.gov.in/index.php/home/statewise_ngo/DARPAN_919528
2026-09-16,DARPAN_919528,Sahyog Samiti 71 (North 24 Parganas),,West Bengal,Kolkata,Kolkata Taluk,Trust,Sub-Registrar / Charity Commissioner,TRU/650/2016/7389,"Indian Trusts Act, 1882",2013-03-17,"Environment & Forests, Disaster Relief & Rehabilitation, Healthcare & Medical",North 24 Parganas,West Bengal,https://ngodarpan.gov.in/index.php/home/statewise_ngo/DARPAN_919528
2026-09-16,DARPAN_919528,Sahyog Samiti 71 (Darjeeling),contact@sahyogsamiti.org,West Bengal,Kolkata,Kolkata Taluk,Trust,Sub-Registrar / Charity Commissioner,TRU/650/2016/7389,"Indian Trusts Act, 1882",2013-03-17,"Environment & Forests, Disaster Relief & Rehabilitation, Healthcare & Medical",Darjeeling,West Bengal,https://ngodarpan.gov.in/index.php/home/statewise_ngo/DARPAN_919528
2026-09-16,DARPAN_489511,Punarutthan Network 72,contact@punarutthann.org,West Bengal,North 24 Parganas,North 24 Parganas Taluk,Society,Registrar of Societies,SOC/128/2004/3328,"Societies Registration Act, 1860",2016-05-10,Child Welfare,North 24 Parganas,West Bengal,https://ngodarpan.gov.in/index.php/home/statewise_ngo/DARPAN_489511
2026-09-16,DARPAN_489511,Punarutthan Network 72 (Kolkata),contact@punarutthann.org,West Bengal,North 24 Parganas,North 24 Parganas Taluk,Society,Registrar of Societies,SOC/128/2004/3328,"Societies Registration Act, 1860",2016-05-10,Child Welfare,Kolkata,West Bengal,https://ngodarpan.gov.in/index.php/home/statewise_ngo/DARPAN_489511
2026-09-16,DARPAN_489511,Punarutthan Network 72 (Darjeeling),contact@punarutthann.org,West Bengal,North 24 Parganas,North 24 Parganas Taluk,Society,Registrar of Societies,SOC/128/2004/3328,"Societies Registration Act, 1860",2016-05-10,Child Welfare,Darjeeling,West Bengal,https://ngodarpan.gov.in/index.php/home/statewise_ngo/DARPAN_489511
2026-09-16,DARPAN_690433,Seva Association 73,contact@sevaassociat.org,Maharashtra,Nashik,Nashik Taluk,Section 8,Ministry of Corporate Affairs (MCA),SEC/225/2003/5578,"Companies Act, 2013",2007-09-26,Rural Development,Nashik,Maharashtra,https://ngodarpan.gov.in/index.php/home/statewise_ngo/DARPAN_690433
2026-09-16,DARPAN_690433,Seva Association 73 (Pune),contact@sevaassociat.org,Maharashtra,Nashik,Nashik Taluk,Section 8,Ministry of Corporate Affairs (MCA),SEC/225/2003/5578,"Companies Act, 2013",2007-09-26,Rural Development,Pune,Rajasthan,https://ngodarpan.gov.in/index.php/home/statewise_ngo/DARPAN_690433
2026-09-16,DARPAN_690433,Seva Association 73 (Nagpur),contact@sevaassociat.org,Maharashtra,Nashik,Nashik Taluk,Section 8,Ministry of Corporate Affairs (MCA),SEC/225/2003/5578,"Companies Act, 2013",2007-09-26,Rural Development,Nagpur,Rajasthan,https://ngodarpan.gov.in/index.php/home/statewise_ngo/DARPAN_690433
2026-09-16,DARPAN_304061,Sankalp Trust 74,contact@sankalptrust.org,Odisha,Khordha,Khordha Taluk,Section 8,Ministry of Corporate Affairs (MCA),SEC/331/2022/2219,"Companies Act, 2013",2008-06-10,Healthcare & Medical,Khordha,Odisha,https://ngodarpan.gov.in/index.php/home/statewise_ngo/DARPAN_304061
2026-09-16,DARPAN_304061,Sankalp Trust 74 (Sundargarh),contact@sankalptrust.org,Odisha,Khordha,Khordha Taluk,Section 8,Ministry of Corporate Affairs (MCA),SEC/331/2022/2219,"Companies Act, 2013",2008-06-10,Healthcare & Medical,Sundargarh,Odisha,https://ngodarpan.gov.in/index.php/home/statewise_ngo/DARPAN_304061
2026-09-16,DARPAN_859822,Manav Mission 75,contact@manavmission.org,Karnataka,Mysuru,Mysuru Taluk,Trust,Sub-Registrar / Charity Commissioner,TRU/916/1997/1991,"Indian Trusts Act, 1882",2024-09-21,"Environment & Forests, Skill Development & Livelihood",Mysuru,Karnataka,https://ngodarpan.gov.in/index.php/home/statewise_ngo/DARPAN_859822
2026-09-16,DARPAN_859822,Manav Mission 75 (Dharwad),contact@manavmission.org,Karnataka,Mysuru,Mysuru Taluk,Trust,Sub-Registrar / Charity Commissioner,TRU/916/1997/1991,"Indian Trusts Act, 1882",2024-09-21,"Environment & Forests, Skill Development & Livelihood",Dharwad,Karnataka,https://ngodarpan.gov.in/index.php/home/statewise_ngo/DARPAN_859822
2026-09-16,DARPAN_859822,Manav Mission 75 (Mangaluru),contact@manavmission.org,Karnataka,Mysuru,Mysuru Taluk,Trust,Sub-Registrar / Charity Commissioner,TRU/916/1997/1991,"Indian Trusts Act, 1882",2024-09-21,"Environment & Forests, Skill Development & Livelihood",Mangaluru,Karnataka,https://ngodarpan.gov.in/index.php/home/statewise_ngo/DARPAN_859822
2026-09-16,DARPAN_206105,Asha Society 76,contact@ashasociety7.org,Kerala,Thiruvananthapuram,Thiruvananthapuram Taluk,Society,Registrar of Societies,SOC/315/2014/8474,"Societies Registration Act, 1860",2021-11-06,"Water & Sanitation, Women Empowerment, Healthcare & Medical",Thiruvananthapuram,Kerala,https://ngodarpan.gov.in/index.php/home/statewise_ngo/DARPAN_206105
2026-09-16,DARPAN_206105,Asha Society 76 (Ernakulam),contact@ashasociety7.org,Kerala,Thiruvananthapuram,Thiruvananthapuram Taluk,Society,Registrar of Societies,SOC/315/2014/8474,"Societies Registration Act, 1860",2021-11-06,"Water & Sanitation, Women Empowerment, Healthcare & Medical",Ernakulam,Kerala,https://ngodarpan.gov.in/index.php/home/statewise_ngo/DARPAN_206105
2026-09-16,DARPAN_924154,Kalyan Mission 77,contact@kalyanmissio.org,Rajasthan,Udaipur,Udaipur Taluk,Trust,Sub-Registrar / Charity Commissioner,TRU/420/2007/8025,"Indian Trusts Act, 1882",2014-04-15,"Skill Development & Livelihood, Education",Udaipur,Rajasthan,https://ngodarpan.gov.in/index.php/home/statewise_ngo/DARPAN_924154
2026-09-16,DARPAN_924154,Kalyan Mission 77 (Jodhpur),contact@kalyanmissio.org,Rajasthan,Udaipur,Udaipur Taluk,Trust,Sub-Registrar / Charity Commissioner,TRU/420/2007/8025,"Indian Trusts Act, 1882",2014-04-15,"Skill Development & Livelihood, Education",Jodhpur,Rajasthan,https://ngodarpan.gov.in/index.php/home/statewise_ngo/DARPAN_924154
2026-09-16,DARPAN_924154,Kalyan Mission 77 (Kota),contact@kalyanmissio.org,Rajasthan,Udaipur,Udaipur Taluk,Trust,Sub-Registrar / Charity Commissioner,TRU/420/2007/8025,"Indian Trusts Act, 1882",2014-04-15,"Skill Development & Livelihood, Education",Kota,Rajasthan,https://ngodarpan.gov.in/index.php/home/statewise_ngo/DARPAN_924154
2026-09-16,DARPAN_362779,Samarpan Society 78,contact@samarpansoci.org,Uttar Pradesh,Noida,Noida Taluk,Society,Registrar of Societies,SOC/572/1999/2352,"Societies Registration Act, 1860",2018-08-05,"Environment & Forests, Nutrition & Food Security",Noida,Uttar Pradesh,https://ngodarpan.gov.in/index.php/home/statewise_ngo/DARPAN_362779
2026-09-16,DARPAN_362779,Samarpan Society 78 (Prayagraj),contact@samarpansoci.org,Uttar Pradesh,Noida,Noida Taluk,Society,Registrar of Societies,SOC/572/1999/2352,"Societies Registration Act, 1860",2018-08-05,"Environment & Forests, Nutrition & Food Security",Prayagraj,Uttar Pradesh,https://ngodarpan.gov.in/index.php/home/statewise_ngo/DARPAN_362779
2026-09-16,DARPAN_535047,Punarutthan Foundation 79,contact@punarutthanf.org,Delhi,South Delhi,South Delhi Taluk,Society,Registrar of Societies,SOC/348/2008/9836,"Societies Registration Act, 1860",2024-04-26,"Disaster Relief & Rehabilitation, Women Empowerment",South Delhi,Delhi,https://ngodarpan.gov.in/index.php/home/statewise_ngo/DARPAN_535047
2026-09-16,DARPAN_535047,Punarutthan Foundation 79 (North Delhi),,Delhi,South Delhi,South Delhi Taluk,Society,Registrar of Societies,SOC/348/2008/9836,"Societies Registration Act, 1860",2024-04-26,"Disaster Relief & Rehabilitation, Women Empowerment",North Delhi,Delhi,https://ngodarpan.gov.in/index.php/home/statewise_ngo/DARPAN_535047
2026-09-16,DARPAN_878246,Uday Sansthan 80,contact@udaysansthan.org,Rajasthan,Udaipur,Udaipur Taluk,Section 8,Ministry of Corporate Affairs (MCA),SEC/702/1999/7697,"Companies Act, 2013",1996-02-13,"Nutrition & Food Security, Disaster Relief & Rehabilitation, Women Empowerment",Udaipur,Rajasthan,https://ngodarpan.gov.in/index.php/home/statewise_ngo/DARPAN_878246
2026-09-16,DARPAN_878246,Uday Sansthan 80 (Kota),contact@udaysansthan.org,Rajasthan,Udaipur,Udaipur Taluk,Section 8,Ministry of Corporate Affairs (MCA),SEC/702/1999/7697,"Companies Act, 2013",1996-02-13,"Nutrition & Food Security, Disaster Relief & Rehabilitation, Women Empowerment",Kota,Uttar Pradesh,https://ngodarpan.gov.in/index.php/home/statewise_ngo/DARPAN_878246
2026-09-16,DARPAN_878246,Uday Sansthan 80 (Jaipur),contact@udaysansthan.org,Rajasthan,Udaipur,Udaipur Taluk,Section 8,Ministry of Corporate Affairs (MCA),SEC/702/1999/7697,"Companies Act, 2013",1996-02-13,"Nutrition & Food Security, Disaster Relief & Rehabilitation, Women Empowerment",Jaipur,Gujarat,https://ngodarpan.gov.in/index.php/home/statewise_ngo/DARPAN_878246
2026-09-16,DARPAN_930248,Asha Sansthan 81,,Odisha,Sundargarh,Sundargarh Taluk,Society,Registrar of Societies,SOC/584/2016/8036,"Societies Registration Act, 1860",2022-06-11,"Rural Development, Women Empowerment, Skill Development & Livelihood",Sundargarh,Odisha,https://ngodarpan.gov.in/index.php/home/statewise_ngo/DARPAN_930248
2026-09-16,DARPAN_930248,Asha Sansthan 81 (Khordha),contact@ashasansthan.org,Odisha,Sundargarh,Sundargarh Taluk,Society,Registrar of Societies,SOC/584/2016/8036,"Societies Registration Act, 1860",2022-06-11,"Rural Development, Women Empowerment, Skill Development & Livelihood",Khordha,Uttar Pradesh,https://ngodarpan.gov.in/index.php/home/statewise_ngo/DARPAN_930248
2026-09-16,DARPAN_930248,Asha Sansthan 81 (Puri),contact@ashasansthan.org,Odisha,Sundargarh,Sundargarh Taluk,Society,Registrar of Societies,SOC/584/2016/8036,"Societies Registration Act, 1860",2022-06-11,"Rural Development, Women Empowerment, Skill Development & Livelihood",Puri,Uttar Pradesh,https://ngodarpan.gov.in/index.php/home/statewise_ngo/DARPAN_930248
2026-09-16,DARPAN_101760,Punarutthan Foundation 82,contact@punarutthanf.org,Odisha,Cuttack,Cuttack Taluk,Society,Registrar of Societies,SOC/533/2015/6980,"Societies Registration Act, 1860",2011-03-17,"Water & Sanitation, Disaster Relief & Rehabilitation",Cuttack,Odisha,https://ngodarpan.gov.in/index.php/home/statewise_ngo/DARPAN_101760
2026-09-16,DARPAN_101760,Punarutthan Foundation 82 (Puri),contact@punarutthanf.org,Odisha,Cuttack,Cuttack Taluk,Society,Registrar of Societies,SOC/533/2015/6980,"Societies Registration Act, 1860",2011-03-17,"Water & Sanitation, Disaster Relief & Rehabilitation",Puri,Odisha,https://ngodarpan.gov.in/index.php/home/statewise_ngo/DARPAN_101760
2026-09-16,DARPAN_105582,Kalyan Mission 83,contact@kalyanmissio.org,Uttar Pradesh,Lucknow,Lucknow Taluk,Trust,Sub-Registrar / Charity Commissioner,TRU/231/2008/3641,"Indian Trusts Act, 1882",2025-01-03,"Skill Development & Livelihood, Environment & Forests, Rural Development",Lucknow,Uttar Pradesh,https://ngodarpan.gov.in/index.php/home/statewise_ngo/DARPAN_105582
2026-09-16,DARPAN_105582,Kalyan Mission 83 (Kanpur Nagar),contact@kalyanmissio.org,Uttar Pradesh,Lucknow,Lucknow Taluk,Trust,Sub-Registrar / Charity Commissioner,TRU/231/2008/3641,"Indian Trusts Act, 1882",2025-01-03,"Skill Development & Livelihood, Environment & Forests, Rural Development",Kanpur Nagar,Karnataka,https://ngodarpan.gov.in/index.php/home/statewise_ngo/DARPAN_105582
2026-09-16,DARPAN_105582,Kalyan Mission 83 (Mangaluru),contact@kalyanmissio.org,Uttar Pradesh,Lucknow,Lucknow Taluk,Trust,Sub-Registrar / Charity Commissioner,TRU/231/2008/3641,"Indian Trusts Act, 1882",2025-01-03,"Skill Development & Livelihood, Environment & Forests, Rural Development",Mangaluru,Kerala,https://ngodarpan.gov.in/index.php/home/statewise_ngo/DARPAN_105582
2026-09-16,DARPAN_187298,Gramin Sansthan 84,contact@graminsansth.org,Karnataka,Mangaluru,Mangaluru Taluk,Trust,Sub-Registrar / Charity Commissioner,TRU/172/2012/4156,"Indian Trusts Act, 1882",2015-11-27,"Nutrition & Food Security, Women Empowerment",Mangaluru,Karnataka,https://ngodarpan.gov.in/index.php/home/statewise_ngo/DARPAN_187298
2026-09-16,DARPAN_187298,Gramin Sansthan 84 (Belagavi),contact@graminsansth.org,Karnataka,Mangaluru,Mangaluru Taluk,Trust,Sub-Registrar / Charity Commissioner,TRU/172/2012/4156,"Indian Trusts Act, 1882",2015-11-27,"Nutrition & Food Security, Women Empowerment",Belagavi,Uttar Pradesh,https://ngodarpan.gov.in/index.php/home/statewise_ngo/DARPAN_187298
2026-09-16,DARPAN_187298,Gramin Sansthan 84 (Bengaluru Urban),contact@graminsansth.org,Karnataka,Mangaluru,Mangaluru Taluk,Trust,Sub-Registrar / Charity Commissioner,TRU/172/2012/4156,"Indian Trusts Act, 1882",2015-11-27,"Nutrition & Food Security, Women Empowerment",Bengaluru Urban,Uttar Pradesh,https://ngodarpan.gov.in/index.php/home/statewise_ngo/DARPAN_187298
2026-09-16,DARPAN_239794,Sneha Network 85,contact@snehanetwork.org,Tamil Nadu,Madurai,Madurai Taluk,Society,Registrar of Societies,SOC/488/2005/7115,"Societies Registration Act, 1860",2005-11-08,"Healthcare & Medical, Environment & Forests, Skill Development & Livelihood",Madurai,Tamil Nadu,https://ngodarpan.gov.in/index.php/home/statewise_ngo/DARPAN_239794
2026-09-16,DARPAN_239794,Sneha Network 85 (Vellore),contact@snehanetwork.org,Tamil Nadu,Madurai,Madurai Taluk,Society,Registrar of Societies,SOC/488/2005/7115,"Societies Registration Act, 1860",2005-11-08,"Healthcare & Medical, Environment & Forests, Skill Development & Livelihood",Vellore,Tamil Nadu,https://ngodarpan.gov.in/index.php/home/statewise_ngo/DARPAN_239794
2026-09-16,DARPAN_239794,Sneha Network 85 (Chennai),contact@snehanetwork.org,Tamil Nadu,Madurai,Madurai Taluk,Society,Registrar of Societies,SOC/488/2005/7115,"Societies Registration Act, 1860",2005-11-08,"Healthcare & Medical, Environment & Forests, Skill Development & Livelihood",Chennai,Tamil Nadu,https://ngodarpan.gov.in/index.php/home/statewise_ngo/DARPAN_239794
2026-09-16,DARPAN_100561,Navjeevan Network 86,contact@navjeevannet.org,Delhi,South Delhi,South Delhi Taluk,Society,Registrar of Societies,SOC/386/2001/8059,"Societies Registration Act, 1860",2021-06-11,Healthcare & Medical,South Delhi,Delhi,https://ngodarpan.gov.in/index.php/home/statewise_ngo/DARPAN_100561
2026-09-16,DARPAN_100561,Navjeevan Network 86 (Vadodara),contact@navjeevannet.org,Delhi,South Delhi,South Delhi Taluk,Society,Registrar of Societies,SOC/386/2001/8059,"Societies Registration Act, 1860",2021-06-11,Healthcare & Medical,Vadodara,Gujarat,https://ngodarpan.gov.in/index.php/home/statewise_ngo/DARPAN_100561
2026-09-16,DARPAN_100561,Navjeevan Network 86 (Rajkot),contact@navjeevannet.org,Delhi,South Delhi,South Delhi Taluk,Society,Registrar of Societies,SOC/386/2001/8059,"Societies Registration Act, 1860",2021-06-11,Healthcare & Medical,Rajkot,Gujarat,https://ngodarpan.gov.in/index.php/home/statewise_ngo/DARPAN_100561
2026-09-16,DARPAN_369845,Manav Initiative 87,contact@manavinitiat.org,Delhi,North Delhi,North Delhi Taluk,Trust,Sub-Registrar / Charity Commissioner,TRU/432/2012/4341,"Indian Trusts Act, 1882",2013-07-05,"Women Empowerment, Rural Development",North Delhi,Delhi,https://ngodarpan.gov.in/index.php/home/statewise_ngo/DARPAN_369845
2026-09-16,DARPAN_369845,Manav Initiative 87 (New Delhi),contact@manavinitiat.org,Delhi,North Delhi,North Delhi Taluk,Trust,Sub-Registrar / Charity Commissioner,TRU/432/2012/4341,"Indian Trusts Act, 1882",2013-07-05,"Women Empowerment, Rural Development",New Delhi,Delhi,https://ngodarpan.gov.in/index.php/home/statewise_ngo/DARPAN_369845
2026-09-16,DARPAN_369845,Manav Initiative 87 (Central Delhi),contact@manavinitiat.org,Delhi,North Delhi,North Delhi Taluk,Trust,Sub-Registrar / Charity Commissioner,TRU/432/2012/4341,"Indian Trusts Act, 1882",2013-07-05,"Women Empowerment, Rural Development",Central Delhi,Delhi,https://ngodarpan.gov.in/index.php/home/statewise_ngo/DARPAN_369845
2026-09-16,DARPAN_478387,Vikas Association 88,contact@vikasassocia.org,Rajasthan,Jodhpur,Jodhpur Taluk,Section 8,Ministry of Corporate Affairs (MCA),SEC/531/2010/4452,"Companies Act, 2013",2010-03-04,"Nutrition & Food Security, Women Empowerment, Education",Jodhpur,Rajasthan,https://ngodarpan.gov.in/index.php/home/statewise_ngo/DARPAN_478387
2026-09-16,DARPAN_478387,Vikas Association 88 (Jaipur),contact@vikasassocia.org,Rajasthan,Jodhpur,Jodhpur Taluk,Section 8,Ministry of Corporate Affairs (MCA),SEC/531/2010/4452,"Companies Act, 2013",2010-03-04,"Nutrition & Food Security, Women Empowerment, Education",Jaipur,Kerala,https://ngodarpan.gov.in/index.php/home/statewise_ngo/DARPAN_478387
2026-09-16,DARPAN_478387,Vikas Association 88 (Udaipur),contact@vikasassocia.org,Rajasthan,Jodhpur,Jodhpur Taluk,Section 8,Ministry of Corporate Affairs (MCA),SEC/531/2010/4452,"Companies Act, 2013",2010-03-04,"Nutrition & Food Security, Women Empowerment, Education",Udaipur,Kerala,https://ngodarpan.gov.in/index.php/home/statewise_ngo/DARPAN_478387
2026-09-16,DARPAN_836789,Samarpan Network 89,contact@samarpannetw.org,Kerala,Thiruvananthapuram,Thiruvananthapuram Taluk,Section 8,Ministry of Corporate Affairs (MCA),SEC/926/2004/1388,"Companies Act, 2013",2017-10-28,"Environment & Forests, Nutrition & Food Security, Skill Development & Livelihood",Thiruvananthapuram,Kerala,https://ngodarpan.gov.in/index.php/home/statewise_ngo/DARPAN_836789
2026-09-16,DARPAN_836789,Samarpan Network 89 (Kozhikode),contact@samarpannetw.org,Kerala,Thiruvananthapuram,Thiruvananthapuram Taluk,Section 8,Ministry of Corporate Affairs (MCA),SEC/926/2004/1388,"Companies Act, 2013",2017-10-28,"Environment & Forests, Nutrition & Food Security, Skill Development & Livelihood",Kozhikode,Maharashtra,https://ngodarpan.gov.in/index.php/home/statewise_ngo/DARPAN_836789
2026-09-16,DARPAN_836789,Samarpan Network 89 (Thrissur),contact@samarpannetw.org,Kerala,Thiruvananthapuram,Thiruvananthapuram Taluk,Section 8,Ministry of Corporate Affairs (MCA),SEC/926/2004/1388,"Companies Act, 2013",2017-10-28,"Environment & Forests, Nutrition & Food Security, Skill Development & Livelihood",Thrissur,Maharashtra,https://ngodarpan.gov.in/index.php/home/statewise_ngo/DARPAN_836789
2026-09-16,DARPAN_156352,Seva Sansthan 90,,Uttar Pradesh,Kanpur Nagar,Kanpur Nagar Taluk,Trust,Sub-Registrar / Charity Commissioner,TRU/303/2017/7866,"Indian Trusts Act, 1882",2015-03-23,"Water & Sanitation, Women Empowerment",Kanpur Nagar,Uttar Pradesh,https://ngodarpan.gov.in/index.php/home/statewise_ngo/DARPAN_156352
2026-09-16,DARPAN_156352,Seva Sansthan 90 (Varanasi),contact@sevasansthan.org,Uttar Pradesh,Kanpur Nagar,Kanpur Nagar Taluk,Trust,Sub-Registrar / Charity Commissioner,TRU/303/2017/7866,"Indian Trusts Act, 1882",2015-03-23,"Water & Sanitation, Women Empowerment",Varanasi,Gujarat,https://ngodarpan.gov.in/index.php/home/statewise_ngo/DARPAN_156352
2026-09-16,DARPAN_156352,Seva Sansthan 90 (Lucknow),contact@sevasansthan.org,Uttar Pradesh,Kanpur Nagar,Kanpur Nagar Taluk,Trust,Sub-Registrar / Charity Commissioner,TRU/303/2017/7866,"Indian Trusts Act, 1882",2015-03-23,"Water & Sanitation, Women Empowerment",Lucknow,Gujarat,https://ngodarpan.gov.in/index.php/home/statewise_ngo/DARPAN_156352
2026-09-16,DARPAN_729088,Sankalp Network 91,contact@sankalpnetwo.org,Karnataka,Mangaluru,Mangaluru Taluk,Society,Registrar of Societies,SOC/347/2020/4156,"Societies Registration Act, 1860",2017-01-26,"Women Empowerment, Nutrition & Food Security, Water & Sanitation",Mangaluru,Karnataka,https://ngodarpan.gov.in/index.php/home/statewise_ngo/DARPAN_729088
2026-09-16,DARPAN_729088,Sankalp Network 91 (Mysuru),contact@sankalpnetwo.org,Karnataka,Mangaluru,Mangaluru Taluk,Society,Registrar of Societies,SOC/347/2020/4156,"Societies Registration Act, 1860",2017-01-26,"Women Empowerment, Nutrition & Food Security, Water & Sanitation",Mysuru,Kerala,https://ngodarpan.gov.in/index.php/home/statewise_ngo/DARPAN_729088
2026-09-16,DARPAN_729088,Sankalp Network 91 (Belagavi),contact@sankalpnetwo.org,Karnataka,Mangaluru,Mangaluru Taluk,Society,Registrar of Societies,SOC/347/2020/4156,"Societies Registration Act, 1860",2017-01-26,"Women Empowerment, Nutrition & Food Security, Water & Sanitation",Belagavi,Uttar Pradesh,https://ngodarpan.gov.in/index.php/home/statewise_ngo/DARPAN_729088
2026-09-16,DARPAN_883369,Gramin Network 92,contact@graminnetwor.org,Odisha,Khordha,Khordha Taluk,Section 8,Ministry of Corporate Affairs (MCA),SEC/492/2022/4272,"Companies Act, 2013",2017-11-27,Nutrition & Food Security,Khordha,Odisha,https://ngodarpan.gov.in/index.php/home/statewise_ngo/DARPAN_883369
2026-09-16,DARPAN_883369,Gramin Network 92 (Puri),contact@graminnetwor.org,Odisha,Khordha,Khordha Taluk,Section 8,Ministry of Corporate Affairs (MCA),SEC/492/2022/4272,"Companies Act, 2013",2017-11-27,Nutrition & Food Security,Puri,Gujarat,https://ngodarpan.gov.in/index.php/home/statewise_ngo/DARPAN_883369
2026-09-16,DARPAN_883369,Gramin Network 92 (Cuttack),contact@graminnetwor.org,Odisha,Khordha,Khordha Taluk,Section 8,Ministry of Corporate Affairs (MCA),SEC/492/2022/4272,"Companies Act, 2013",2017-11-27,Nutrition & Food Security,Cuttack,West Bengal,https://ngodarpan.gov.in/index.php/home/statewise_ngo/DARPAN_883369
2026-09-16,DARPAN_574409,Manav Initiative 93,,Delhi,North Delhi,North Delhi Taluk,Trust,Sub-Registrar / Charity Commissioner,TRU/170/2012/7931,"Indian Trusts Act, 1882",2023-10-21,Child Welfare,North Delhi,Delhi,https://ngodarpan.gov.in/index.php/home/statewise_ngo/DARPAN_574409
2026-09-16,DARPAN_574409,Manav Initiative 93 (Nagpur),contact@manavinitiat.org,Delhi,North Delhi,North Delhi Taluk,Trust,Sub-Registrar / Charity Commissioner,TRU/170/2012/7931,"Indian Trusts Act, 1882",2023-10-21,Child Welfare,Nagpur,Maharashtra,https://ngodarpan.gov.in/index.php/home/statewise_ngo/DARPAN_574409
2026-09-16,DARPAN_359533,Goonj Trust 94,contact@goonjtrust94.org,Tamil Nadu,Chennai,Chennai Taluk,Section 8,Ministry of Corporate Affairs (MCA),SEC/796/2013/4740,"Companies Act, 2013",2019-03-25,Environment & Forests,Chennai,Tamil Nadu,https://ngodarpan.gov.in/index.php/home/statewise_ngo/DARPAN_359533
2026-09-16,DARPAN_359533,Goonj Trust 94 (Madurai),,Tamil Nadu,Chennai,Chennai Taluk,Section 8,Ministry of Corporate Affairs (MCA),SEC/796/2013/4740,"Companies Act, 2013",2019-03-25,Environment & Forests,Madurai,Uttar Pradesh,https://ngodarpan.gov.in/index.php/home/statewise_ngo/DARPAN_359533
2026-09-16,DARPAN_359533,Goonj Trust 94 (Coimbatore),contact@goonjtrust94.org,Tamil Nadu,Chennai,Chennai Taluk,Section 8,Ministry of Corporate Affairs (MCA),SEC/796/2013/4740,"Companies Act, 2013",2019-03-25,Environment & Forests,Coimbatore,Uttar Pradesh,https://ngodarpan.gov.in/index.php/home/statewise_ngo/DARPAN_359533
2026-09-16,DARPAN_904950,Prerna Association 95,contact@prernaassoci.org,Karnataka,Belagavi,Belagavi Taluk,Section 8,Ministry of Corporate Affairs (MCA),SEC/304/2014/5997,"Companies Act, 2013",2024-11-15,"Women Empowerment, Water & Sanitation",Belagavi,Karnataka,https://ngodarpan.gov.in/index.php/home/statewise_ngo/DARPAN_904950
2026-09-16,DARPAN_904950,Prerna Association 95 (Dharwad),contact@prernaassoci.org,Karnataka,Belagavi,Belagavi Taluk,Section 8,Ministry of Corporate Affairs (MCA),SEC/304/2014/5997,"Companies Act, 2013",2024-11-15,"Women Empowerment, Water & Sanitation",Dharwad,Karnataka,https://ngodarpan.gov.in/index.php/home/statewise_ngo/DARPAN_904950
2026-09-16,DARPAN_904950,Prerna Association 95 (Mangaluru),contact@prernaassoci.org,Karnataka,Belagavi,Belagavi Taluk,Section 8,Ministry of Corporate Affairs (MCA),SEC/304/2014/5997,"Companies Act, 2013",2024-11-15,"Women Empowerment, Water & Sanitation",Mangaluru,Karnataka,https://ngodarpan.gov.in/index.php/home/statewise_ngo/DARPAN_904950
2026-09-16,DARPAN_226913,Sneha Trust 96,contact@snehatrust96.org,Delhi,Central Delhi,Central Delhi Taluk,Trust,Sub-Registrar / Charity Commissioner,TRU/585/1996/9287,"Indian Trusts Act, 1882",2020-02-10,"Nutrition & Food Security, Disaster Relief & Rehabilitation",Central Delhi,Delhi,https://ngodarpan.gov.in/index.php/home/statewise_ngo/DARPAN_226913
2026-09-16,DARPAN_226913,Sneha Trust 96 (North Delhi),contact@snehatrust96.org,Delhi,Central Delhi,Central Delhi Taluk,Trust,Sub-Registrar / Charity Commissioner,TRU/585/1996/9287,"Indian Trusts Act, 1882",2020-02-10,"Nutrition & Food Security, Disaster Relief & Rehabilitation",North Delhi,Gujarat,https://ngodarpan.gov.in/index.php/home/statewise_ngo/DARPAN_226913
2026-09-16,DARPAN_226913,Sneha Trust 96 (South Delhi),contact@snehatrust96.org,Delhi,Central Delhi,Central Delhi Taluk,Trust,Sub-Registrar / Charity Commissioner,TRU/585/1996/9287,"Indian Trusts Act, 1882",2020-02-10,"Nutrition & Food Security, Disaster Relief & Rehabilitation",South Delhi,Gujarat,https://ngodarpan.gov.in/index.php/home/statewise_ngo/DARPAN_226913
2026-09-16,DARPAN_399986,Jan Kalyan Samiti 97,contact@jankalyansam.org,Karnataka,Belagavi,Belagavi Taluk,Section 8,Ministry of Corporate Affairs (MCA),SEC/928/2007/2409,"Companies Act, 2013",2014-11-04,Nutrition & Food Security,Belagavi,Karnataka,https://ngodarpan.gov.in/index.php/home/statewise_ngo/DARPAN_399986
2026-09-16,DARPAN_399986,Jan Kalyan Samiti 97 (Mangaluru),contact@jankalyansam.org,Karnataka,Belagavi,Belagavi Taluk,Section 8,Ministry of Corporate Affairs (MCA),SEC/928/2007/2409,"Companies Act, 2013",2014-11-04,Nutrition & Food Security,Mangaluru,Uttar Pradesh,https://ngodarpan.gov.in/index.php/home/statewise_ngo/DARPAN_399986
2026-09-16,DARPAN_399986,Jan Kalyan Samiti 97 (Bengaluru Urban),contact@jankalyansam.org,Karnataka,Belagavi,Belagavi Taluk,Section 8,Ministry of Corporate Affairs (MCA),SEC/928/2007/2409,"Companies Act, 2013",2014-11-04,Nutrition & Food Security,Bengaluru Urban,Kerala,https://ngodarpan.gov.in/index.php/home/statewise_ngo/DARPAN_399986
2026-09-16,DARPAN_918107,Kalyan Association 98,contact@kalyanassoci.org,Delhi,South Delhi,South Delhi Taluk,Society,Registrar of Societies,SOC/814/2001/1884,"Societies Registration Act, 1860",2022-10-16,Disaster Relief & Rehabilitation,South Delhi,Delhi,https://ngodarpan.gov.in/index.php/home/statewise_ngo/DARPAN_918107
2026-09-16,DARPAN_918107,Kalyan Association 98 (Central Delhi),contact@kalyanassoci.org,Delhi,South Delhi,South Delhi Taluk,Society,Registrar of Societies,SOC/814/2001/1884,"Societies Registration Act, 1860",2022-10-16,Disaster Relief & Rehabilitation,Central Delhi,Gujarat,https://ngodarpan.gov.in/index.php/home/statewise_ngo/DARPAN_918107
2026-09-16,DARPAN_918107,Kalyan Association 98 (New Delhi),contact@kalyanassoci.org,Delhi,South Delhi,South Delhi Taluk,Society,Registrar of Societies,SOC/814/2001/1884,"Societies Registration Act, 1860",2022-10-16,Disaster Relief & Rehabilitation,New Delhi,Gujarat,https://ngodarpan.gov.in/index.php/home/statewise_ngo/DARPAN_918107
2026-09-16,DARPAN_787842,Navjeevan Samiti 99,contact@navjeevansam.org,Maharashtra,Thane,Thane Taluk,Trust,Sub-Registrar / Charity Commissioner,TRU/288/2023/6199,"Indian Trusts Act, 1882",2024-01-23,"Environment & Forests, Education, Rural Development",Thane,Maharashtra,https://ngodarpan.gov.in/index.php/home/statewise_ngo/DARPAN_787842
2026-09-16,DARPAN_787842,Navjeevan Samiti 99 (Raigad),contact@navjeevansam.org,Maharashtra,Thane,Thane Taluk,Trust,Sub-Registrar / Charity Commissioner,TRU/288/2023/6199,"Indian Trusts Act, 1882",2024-01-23,"Environment & Forests, Education, Rural Development",Raigad,Maharashtra,https://ngodarpan.gov.in/index.php/home/statewise_ngo/DARPAN_787842
2026-09-16,DARPAN_884532,Samarpan Samiti 100,contact@samarpansami.org,Rajasthan,Kota,Kota Taluk,Society,Registrar of Societies,SOC/181/2017/9284,"Societies Registration Act, 1860",2025-08-20,Women Empowerment,Kota,Rajasthan,https://ngodarpan.gov.in/index.php/home/statewise_ngo/DARPAN_884532
2026-09-16,DARPAN_884532,Samarpan Samiti 100 (Jodhpur),contact@samarpansami.org,Rajasthan,Kota,Kota Taluk,Society,Registrar of Societies,SOC/181/2017/9284,"Societies Registration Act, 1860",2025-08-20,Women Empowerment,Jodhpur,Rajasthan,https://ngodarpan.gov.in/index.php/home/statewise_ngo/DARPAN_884532
2026-09-16,DARPAN_521860,Kalyan Samiti 101,contact@kalyansamiti.org,West Bengal,Kolkata,Kolkata Taluk,Society,Registrar of Societies,SOC/944/2016/2765,"Societies Registration Act, 1860",2010-12-12,"Women Empowerment, Child Welfare, Water & Sanitation",Kolkata,West Bengal,https://ngodarpan.gov.in/index.php/home/statewise_ngo/DARPAN_521860
2026-09-16,DARPAN_521860,Kalyan Samiti 101 (Howrah),contact@kalyansamiti.org,West Bengal,Kolkata,Kolkata Taluk,Society,Registrar of Societies,SOC/944/2016/2765,"Societies Registration Act, 1860",2010-12-12,"Women Empowerment, Child Welfare, Water & Sanitation",Howrah,West Bengal,https://ngodarpan.gov.in/index.php/home/statewise_ngo/DARPAN_521860
2026-09-16,DARPAN_521860,Kalyan Samiti 101 (North 24 Parganas),contact@kalyansamiti.org,West Bengal,Kolkata,Kolkata Taluk,Society,Registrar of Societies,SOC/944/2016/2765,"Societies Registration Act, 1860",2010-12-12,"Women Empowerment, Child Welfare, Water & Sanitation",North 24 Parganas,West Bengal,https://ngodarpan.gov.in/index.php/home/statewise_ngo/DARPAN_521860
2026-09-16,DARPAN_568894,Sankalp Samiti 102,,Kerala,Thiruvananthapuram,Thiruvananthapuram Taluk,Trust,Sub-Registrar / Charity Commissioner,TRU/575/2015/2860,"Indian Trusts Act, 1882",2022-03-25,"Child Welfare, Women Empowerment, Disaster Relief & Rehabilitation",Thiruvananthapuram,Kerala,https://ngodarpan.gov.in/index.php/home/statewise_ngo/DARPAN_568894
2026-09-16,DARPAN_568894,Sankalp Samiti 102 (Ernakulam),contact@sankalpsamit.org,Kerala,Thiruvananthapuram,Thiruvananthapuram Taluk,Trust,Sub-Registrar / Charity Commissioner,TRU/575/2015/2860,"Indian Trusts Act, 1882",2022-03-25,"Child Welfare, Women Empowerment, Disaster Relief & Rehabilitation",Ernakulam,Kerala,https://ngodarpan.gov.in/index.php/home/statewise_ngo/DARPAN_568894
2026-09-16,DARPAN_568894,Sankalp Samiti 102 (Thrissur),contact@sankalpsamit.org,Kerala,Thiruvananthapuram,Thiruvananthapuram Taluk,Trust,Sub-Registrar / Charity Commissioner,TRU/575/2015/2860,"Indian Trusts Act, 1882",2022-03-25,"Child Welfare, Women Empowerment, Disaster Relief & Rehabilitation",Thrissur,Kerala,https://ngodarpan.gov.in/index.php/home/statewise_ngo/DARPAN_568894
2026-09-16,DARPAN_526068,Kalyan Association 103,contact@kalyanassoci.org,Rajasthan,Udaipur,Udaipur Taluk,Section 8,Ministry of Corporate Affairs (MCA),SEC/646/2010/7265,"Companies Act, 2013",2025-07-12,"Healthcare & Medical, Child Welfare",Udaipur,Rajasthan,https://ngodarpan.gov.in/index.php/home/statewise_ngo/DARPAN_526068
2026-09-16,DARPAN_526068,Kalyan Association 103 (Kota),contact@kalyanassoci.org,Rajasthan,Udaipur,Udaipur Taluk,Section 8,Ministry of Corporate Affairs (MCA),SEC/646/2010/7265,"Companies Act, 2013",2025-07-12,"Healthcare & Medical, Child Welfare",Kota,Rajasthan,https://ngodarpan.gov.in/index.php/home/statewise_ngo/DARPAN_526068
2026-09-16,DARPAN_219185,Navjeevan Sansthan 104,contact@navjeevansan.org,Rajasthan,Jodhpur,Jodhpur Taluk,Section 8,Ministry of Corporate Affairs (MCA),SEC/922/2026/3291,"Companies Act, 2013",2015-07-01,Women Empowerment,Jodhpur,Rajasthan,https://ngodarpan.gov.in/index.php/home/statewise_ngo/DARPAN_219185
2026-09-16,DARPAN_219185,Navjeevan Sansthan 104 (Udaipur),contact@navjeevansan.org,Rajasthan,Jodhpur,Jodhpur Taluk,Section 8,Ministry of Corporate Affairs (MCA),SEC/922/2026/3291,"Companies Act, 2013",2015-07-01,Women Empowerment,Udaipur,West Bengal,https://ngodarpan.gov.in/index.php/home/statewise_ngo/DARPAN_219185
2026-09-16,DARPAN_219185,Navjeevan Sansthan 104 (Kota),contact@navjeevansan.org,Rajasthan,Jodhpur,Jodhpur Taluk,Section 8,Ministry of Corporate Affairs (MCA),SEC/922/2026/3291,"Companies Act, 2013",2015-07-01,Women Empowerment,Kota,Gujarat,https://ngodarpan.gov.in/index.php/home/statewise_ngo/DARPAN_219185
2026-09-16,DARPAN_979387,Sneha Network 105,contact@snehanetwork.org,Gujarat,Ahmedabad,Ahmedabad Taluk,Section 8,Ministry of Corporate Affairs (MCA),SEC/962/2008/3721,"Companies Act, 2013",1998-12-05,"Skill Development & Livelihood, Child Welfare, Water & Sanitation",Ahmedabad,Gujarat,https://ngodarpan.gov.in/index.php/home/statewise_ngo/DARPAN_979387
2026-09-16,DARPAN_979387,Sneha Network 105 (Vadodara),contact@snehanetwork.org,Gujarat,Ahmedabad,Ahmedabad Taluk,Section 8,Ministry of Corporate Affairs (MCA),SEC/962/2008/3721,"Companies Act, 2013",1998-12-05,"Skill Development & Livelihood, Child Welfare, Water & Sanitation",Vadodara,West Bengal,https://ngodarpan.gov.in/index.php/home/statewise_ngo/DARPAN_979387
2026-09-16,DARPAN_979387,Sneha Network 105 (Surat),contact@snehanetwork.org,Gujarat,Ahmedabad,Ahmedabad Taluk,Section 8,Ministry of Corporate Affairs (MCA),SEC/962/2008/3721,"Companies Act, 2013",1998-12-05,"Skill Development & Livelihood, Child Welfare, Water & Sanitation",Surat,West Bengal,https://ngodarpan.gov.in/index.php/home/statewise_ngo/DARPAN_979387
2026-09-16,DARPAN_796773,Sahyog Sansthan 106,contact@sahyogsansth.org,Tamil Nadu,Chennai,Chennai Taluk,Trust,Sub-Registrar / Charity Commissioner,TRU/944/2004/5368,"Indian Trusts Act, 1882",2025-05-20,Skill Development & Livelihood,Chennai,Tamil Nadu,https://ngodarpan.gov.in/index.php/home/statewise_ngo/DARPAN_796773
2026-09-16,DARPAN_796773,Sahyog Sansthan 106 (Salem),contact@sahyogsansth.org,Tamil Nadu,Chennai,Chennai Taluk,Trust,Sub-Registrar / Charity Commissioner,TRU/944/2004/5368,"Indian Trusts Act, 1882",2025-05-20,Skill Development & Livelihood,Salem,Tamil Nadu,https://ngodarpan.gov.in/index.php/home/statewise_ngo/DARPAN_796773
2026-09-16,DARPAN_796773,Sahyog Sansthan 106 (Coimbatore),contact@sahyogsansth.org,Tamil Nadu,Chennai,Chennai Taluk,Trust,Sub-Registrar / Charity Commissioner,TRU/944/2004/5368,"Indian Trusts Act, 1882",2025-05-20,Skill Development & Livelihood,Coimbatore,Tamil Nadu,https://ngodarpan.gov.in/index.php/home/statewise_ngo/DARPAN_796773
2026-09-16,DARPAN_465805,Sneha Mission 107,contact@snehamission.org,Karnataka,Bengaluru Urban,Bengaluru Urban Taluk,Section 8,Ministry of Corporate Affairs (MCA),SEC/494/2004/9813,"Companies Act, 2013",2011-07-12,"Environment & Forests, Disaster Relief & Rehabilitation",Bengaluru Urban,Karnataka,https://ngodarpan.gov.in/index.php/home/statewise_ngo/DARPAN_465805
2026-09-16,DARPAN_465805,Sneha Mission 107 (Mangaluru),contact@snehamission.org,Karnataka,Bengaluru Urban,Bengaluru Urban Taluk,Section 8,Ministry of Corporate Affairs (MCA),SEC/494/2004/9813,"Companies Act, 2013",2011-07-12,"Environment & Forests, Disaster Relief & Rehabilitation",Mangaluru,Karnataka,https://ngodarpan.gov.in/index.php/home/statewise_ngo/DARPAN_465805
2026-09-16,DARPAN_465805,Sneha Mission 107 (Dharwad),contact@snehamission.org,Karnataka,Bengaluru Urban,Bengaluru Urban Taluk,Section 8,Ministry of Corporate Affairs (MCA),SEC/494/2004/9813,"Companies Act, 2013",2011-07-12,"Environment & Forests, Disaster Relief & Rehabilitation",Dharwad,Karnataka,https://ngodarpan.gov.in/index.php/home/statewise_ngo/DARPAN_465805
2026-09-16,DARPAN_175137,Uday Mission 108,contact@udaymission1.org,Odisha,Khordha,Khordha Taluk,Trust,Sub-Registrar / Charity Commissioner,TRU/723/2006/4852,"Indian Trusts Act, 1882",2023-01-20,"Women Empowerment, Healthcare & Medical",Khordha,Odisha,https://ngodarpan.gov.in/index.php/home/statewise_ngo/DARPAN_175137
2026-09-16,DARPAN_175137,Uday Mission 108 (Cuttack),contact@udaymission1.org,Odisha,Khordha,Khordha Taluk,Trust,Sub-Registrar / Charity Commissioner,TRU/723/2006/4852,"Indian Trusts Act, 1882",2023-01-20,"Women Empowerment, Healthcare & Medical",Cuttack,Karnataka,https://ngodarpan.gov.in/index.php/home/statewise_ngo/DARPAN_175137
2026-09-16,DARPAN_175137,Uday Mission 108 (Dharwad),contact@udaymission1.org,Odisha,Khordha,Khordha Taluk,Trust,Sub-Registrar / Charity Commissioner,TRU/723/2006/4852,"Indian Trusts Act, 1882",2023-01-20,"Women Empowerment, Healthcare & Medical",Dharwad,Karnataka,https://ngodarpan.gov.in/index.php/home/statewise_ngo/DARPAN_175137
2026-09-16,DARPAN_733992,Sahyog Society 109,contact@sahyogsociet.org,West Bengal,North 24 Parganas,North 24 Parganas Taluk,Trust,Sub-Registrar / Charity Commissioner,TRU/516/2008/1306,"Indian Trusts Act, 1882",2014-05-09,"Rural Development, Healthcare & Medical",North 24 Parganas,West Bengal,https://ngodarpan.gov.in/index.php/home/statewise_ngo/DARPAN_733992
2026-09-16,DARPAN_350940,Umeed Mission 110,contact@umeedmission.org,Delhi,South Delhi,South Delhi Taluk,Trust,Sub-Registrar / Charity Commissioner,TRU/400/1999/1506,"Indian Trusts Act, 1882",2022-04-22,"Disaster Relief & Rehabilitation, Nutrition & Food Security",South Delhi,Delhi,https://ngodarpan.gov.in/index.php/home/statewise_ngo/DARPAN_350940
2026-09-16,DARPAN_350940,Umeed Mission 110 (Central Delhi),contact@umeedmission.org,Delhi,South Delhi,South Delhi Taluk,Trust,Sub-Registrar / Charity Commissioner,TRU/400/1999/1506,"Indian Trusts Act, 1882",2022-04-22,"Disaster Relief & Rehabilitation, Nutrition & Food Security",Central Delhi,Gujarat,https://ngodarpan.gov.in/index.php/home/statewise_ngo/DARPAN_350940
2026-09-16,DARPAN_350940,Umeed Mission 110 (New Delhi),contact@umeedmission.org,Delhi,South Delhi,South Delhi Taluk,Trust,Sub-Registrar / Charity Commissioner,TRU/400/1999/1506,"Indian Trusts Act, 1882",2022-04-22,"Disaster Relief & Rehabilitation, Nutrition & Food Security",New Delhi,Maharashtra,https://ngodarpan.gov.in/index.php/home/statewise_ngo/DARPAN_350940
2026-09-16,DARPAN_625436,Sankalp Initiative 111,contact@sankalpiniti.org,Uttar Pradesh,Noida,Noida Taluk,Society,Registrar of Societies,SOC/763/2005/9605,"Societies Registration Act, 1860",2016-07-01,"Healthcare & Medical, Rural Development",Noida,Uttar Pradesh,https://ngodarpan.gov.in/index.php/home/statewise_ngo/DARPAN_625436
2026-09-16,DARPAN_625436,Sankalp Initiative 111 (Varanasi),contact@sankalpiniti.org,Uttar Pradesh,Noida,Noida Taluk,Society,Registrar of Societies,SOC/763/2005/9605,"Societies Registration Act, 1860",2016-07-01,"Healthcare & Medical, Rural Development",Varanasi,Uttar Pradesh,https://ngodarpan.gov.in/index.php/home/statewise_ngo/DARPAN_625436
2026-09-16,DARPAN_594797,Samarpan Association 112,contact@samarpanasso.org,Odisha,Cuttack,Cuttack Taluk,Section 8,Ministry of Corporate Affairs (MCA),SEC/788/2004/6304,"Companies Act, 2013",2021-03-28,Nutrition & Food Security,Cuttack,Odisha,https://ngodarpan.gov.in/index.php/home/statewise_ngo/DARPAN_594797
2026-09-16,DARPAN_594797,Samarpan Association 112 (Puri),contact@samarpanasso.org,Odisha,Cuttack,Cuttack Taluk,Section 8,Ministry of Corporate Affairs (MCA),SEC/788/2004/6304,"Companies Act, 2013",2021-03-28,Nutrition & Food Security,Puri,Odisha,https://ngodarpan.gov.in/index.php/home/statewise_ngo/DARPAN_594797
2026-09-16,DARPAN_594797,Samarpan Association 112 (Sundargarh),contact@samarpanasso.org,Odisha,Cuttack,Cuttack Taluk,Section 8,Ministry of Corporate Affairs (MCA),SEC/788/2004/6304,"Companies Act, 2013",2021-03-28,Nutrition & Food Security,Sundargarh,Odisha,https://ngodarpan.gov.in/index.php/home/statewise_ngo/DARPAN_594797
2026-09-16,DARPAN_124262,Vikas Trust 113,,Kerala,Thrissur,Thrissur Taluk,Society,Registrar of Societies,SOC/925/2026/1786,"Societies Registration Act, 1860",2010-09-12,Women Empowerment,Thrissur,Kerala,https://ngodarpan.gov.in/index.php/home/statewise_ngo/DARPAN_124262
2026-09-16,DARPAN_124262,Vikas Trust 113 (Kozhikode),contact@vikastrust11.org,Kerala,Thrissur,Thrissur Taluk,Society,Registrar of Societies,SOC/925/2026/1786,"Societies Registration Act, 1860",2010-09-12,Women Empowerment,Kozhikode,Gujarat,https://ngodarpan.gov.in/index.php/home/statewise_ngo/DARPAN_124262
2026-09-16,DARPAN_124262,Vikas Trust 113 (Ahmedabad),contact@vikastrust11.org,Kerala,Thrissur,Thrissur Taluk,Society,Registrar of Societies,SOC/925/2026/1786,"Societies Registration Act, 1860",2010-09-12,Women Empowerment,Ahmedabad,Uttar Pradesh,https://ngodarpan.gov.in/index.php/home/statewise_ngo/DARPAN_124262
2026-09-16,DARPAN_388060,Sankalp Foundation 114,contact@sankalpfound.org,Karnataka,Mysuru,Mysuru Taluk,Trust,Sub-Registrar / Charity Commissioner,TRU/678/1995/3096,"Indian Trusts Act, 1882",2019-08-25,Water & Sanitation,Mysuru,Karnataka,https://ngodarpan.gov.in/index.php/home/statewise_ngo/DARPAN_388060
2026-09-16,DARPAN_388060,Sankalp Foundation 114 (Mangaluru),contact@sankalpfound.org,Karnataka,Mysuru,Mysuru Taluk,Trust,Sub-Registrar / Charity Commissioner,TRU/678/1995/3096,"Indian Trusts Act, 1882",2019-08-25,Water & Sanitation,Mangaluru,West Bengal,https://ngodarpan.gov.in/index.php/home/statewise_ngo/DARPAN_388060
2026-09-16,DARPAN_388060,Sankalp Foundation 114 (Belagavi),contact@sankalpfound.org,Karnataka,Mysuru,Mysuru Taluk,Trust,Sub-Registrar / Charity Commissioner,TRU/678/1995/3096,"Indian Trusts Act, 1882",2019-08-25,Water & Sanitation,Belagavi,West Bengal,https://ngodarpan.gov.in/index.php/home/statewise_ngo/DARPAN_388060
2026-09-16,DARPAN_492975,Vikas Seva Sanstha 115,contact@vikassevasan.org,Tamil Nadu,Salem,Salem Taluk,Society,Registrar of Societies,SOC/747/1998/4242,"Societies Registration Act, 1860",2010-11-02,"Disaster Relief & Rehabilitation, Nutrition & Food Security, Women Empowerment",Salem,Tamil Nadu,https://ngodarpan.gov.in/index.php/home/statewise_ngo/DARPAN_492975
2026-09-16,DARPAN_492975,Vikas Seva Sanstha 115 (Madurai),contact@vikassevasan.org,Tamil Nadu,Salem,Salem Taluk,Society,Registrar of Societies,SOC/747/1998/4242,"Societies Registration Act, 1860",2010-11-02,"Disaster Relief & Rehabilitation, Nutrition & Food Security, Women Empowerment",Madurai,Tamil Nadu,https://ngodarpan.gov.in/index.php/home/statewise_ngo/DARPAN_492975
2026-09-16,DARPAN_492975,Vikas Seva Sanstha 115 (Coimbatore),contact@vikassevasan.org,Tamil Nadu,Salem,Salem Taluk,Society,Registrar of Societies,SOC/747/1998/4242,"Societies Registration Act, 1860",2010-11-02,"Disaster Relief & Rehabilitation, Nutrition & Food Security, Women Empowerment",Coimbatore,Tamil Nadu,https://ngodarpan.gov.in/index.php/home/statewise_ngo/DARPAN_492975
2026-09-16,DARPAN_645909,Punarutthan Initiative 116,contact@punarutthani.org,Maharashtra,Thane,Thane Taluk,Section 8,Ministry of Corporate Affairs (MCA),SEC/582/2009/8180,"Companies Act, 2013",2023-12-20,"Healthcare & Medical, Rural Development",Thane,Maharashtra,https://ngodarpan.gov.in/index.php/home/statewise_ngo/DARPAN_645909
2026-09-16,DARPAN_645909,Punarutthan Initiative 116 (Mumbai),,Maharashtra,Thane,Thane Taluk,Section 8,Ministry of Corporate Affairs (MCA),SEC/582/2009/8180,"Companies Act, 2013",2023-12-20,"Healthcare & Medical, Rural Development",Mumbai,Tamil Nadu,https://ngodarpan.gov.in/index.php/home/statewise_ngo/DARPAN_645909
2026-09-16,DARPAN_645909,Punarutthan Initiative 116 (Nashik),contact@punarutthani.org,Maharashtra,Thane,Thane Taluk,Section 8,Ministry of Corporate Affairs (MCA),SEC/582/2009/8180,"Companies Act, 2013",2023-12-20,"Healthcare & Medical, Rural Development",Nashik,Kerala,https://ngodarpan.gov.in/index.php/home/statewise_ngo/DARPAN_645909
2026-09-16,DARPAN_444941,Samarpan Association 117,contact@samarpanasso.org,Kerala,Thiruvananthapuram,Thiruvananthapuram Taluk,Section 8,Ministry of Corporate Affairs (MCA),SEC/567/2011/6875,"Companies Act, 2013",2005-04-09,"Education, Rural Development",Thiruvananthapuram,Kerala,https://ngodarpan.gov.in/index.php/home/statewise_ngo/DARPAN_444941
2026-09-16,DARPAN_444941,Samarpan Association 117 (Kozhikode),contact@samarpanasso.org,Kerala,Thiruvananthapuram,Thiruvananthapuram Taluk,Section 8,Ministry of Corporate Affairs (MCA),SEC/567/2011/6875,"Companies Act, 2013",2005-04-09,"Education, Rural Development",Kozhikode,Kerala,https://ngodarpan.gov.in/index.php/home/statewise_ngo/DARPAN_444941
2026-09-16,DARPAN_444941,Samarpan Association 117 (Thrissur),contact@samarpanasso.org,Kerala,Thiruvananthapuram,Thiruvananthapuram Taluk,Section 8,Ministry of Corporate Affairs (MCA),SEC/567/2011/6875,"Companies Act, 2013",2005-04-09,"Education, Rural Development",Thrissur,Kerala,https://ngodarpan.gov.in/index.php/home/statewise_ngo/DARPAN_444941
2026-09-16,DARPAN_279664,Asha Initiative 118,contact@ashainitiati.org,Rajasthan,Jaipur,Jaipur Taluk,Society,Registrar of Societies,SOC/588/2004/2044,"Societies Registration Act, 1860",2020-12-09,"Education, Child Welfare",Jaipur,Rajasthan,https://ngodarpan.gov.in/index.php/home/statewise_ngo/DARPAN_279664
2026-09-16,DARPAN_279664,Asha Initiative 118 (Kota),contact@ashainitiati.org,Rajasthan,Jaipur,Jaipur Taluk,Society,Registrar of Societies,SOC/588/2004/2044,"Societies Registration Act, 1860",2020-12-09,"Education, Child Welfare",Kota,Rajasthan,https://ngodarpan.gov.in/index.php/home/statewise_ngo/DARPAN_279664
2026-09-16,DARPAN_786611,Sankalp Initiative 119,contact@sankalpiniti.org,Odisha,Puri,Puri Taluk,Section 8,Ministry of Corporate Affairs (MCA),SEC/758/2007/5629,"Companies Act, 2013",2022-04-10,"Women Empowerment, Water & Sanitation, Skill Development & Livelihood",Puri,Odisha,https://ngodarpan.gov.in/index.php/home/statewise_ngo/DARPAN_786611
2026-09-16,DARPAN_786611,Sankalp Initiative 119 (Khordha),contact@sankalpiniti.org,Odisha,Puri,Puri Taluk,Section 8,Ministry of Corporate Affairs (MCA),SEC/758/2007/5629,"Companies Act, 2013",2022-04-10,"Women Empowerment, Water & Sanitation, Skill Development & Livelihood",Khordha,Odisha,https://ngodarpan.gov.in/index.php/home/statewise_ngo/DARPAN_786611
2026-09-16,DARPAN_786611,Sankalp Initiative 119 (Cuttack),contact@sankalpiniti.org,Odisha,Puri,Puri Taluk,Section 8,Ministry of Corporate Affairs (MCA),SEC/758/2007/5629,"Companies Act, 2013",2022-04-10,"Women Empowerment, Water & Sanitation, Skill Development & Livelihood",Cuttack,Odisha,https://ngodarpan.gov.in/index.php/home/statewise_ngo/DARPAN_786611
2026-09-16,DARPAN_563495,Manav Foundation 120,contact@manavfoundat.org,Gujarat,Surat,Surat Taluk,Trust,Sub-Registrar / Charity Commissioner,TRU/842/2015/1716,"Indian Trusts Act, 1882",2011-06-28,"Nutrition & Food Security, Rural Development, Child Welfare",Surat,Gujarat,https://ngodarpan.gov.in/index.php/home/statewise_ngo/DARPAN_563495
2026-09-16,DARPAN_563495,Manav Foundation 120 (Ahmedabad),contact@manavfoundat.org,Gujarat,Surat,Surat Taluk,Trust,Sub-Registrar / Charity Commissioner,TRU/842/2015/1716,"Indian Trusts Act, 1882",2011-06-28,"Nutrition & Food Security, Rural Development, Child Welfare",Ahmedabad,Gujarat,https://ngodarpan.gov.in/index.php/home/statewise_ngo/DARPAN_563495
2026-09-16,DARPAN_563495,Manav Foundation 120 (Vadodara),,Gujarat,Surat,Surat Taluk,Trust,Sub-Registrar / Charity Commissioner,TRU/842/2015/1716,"Indian Trusts Act, 1882",2011-06-28,"Nutrition & Food Security, Rural Development, Child Welfare",Vadodara,Gujarat,https://ngodarpan.gov.in/index.php/home/statewise_ngo/DARPAN_563495
2026-09-16,DARPAN_791694,Sahyog Initiative 121,contact@sahyoginitia.org,Kerala,Ernakulam,Ernakulam Taluk,Society,Registrar of Societies,SOC/124/2008/7323,"Societies Registration Act, 1860",2019-12-22,"Nutrition & Food Security, Women Empowerment",Ernakulam,Kerala,https://ngodarpan.gov.in/index.php/home/statewise_ngo/DARPAN_791694
2026-09-16,DARPAN_386089,Kavach Trust 122,contact@kavachtrust1.org,Uttar Pradesh,Prayagraj,Prayagraj Taluk,Trust,Sub-Registrar / Charity Commissioner,TRU/233/1995/1314,"Indian Trusts Act, 1882",2023-08-13,Environment & Forests,Prayagraj,Uttar Pradesh,https://ngodarpan.gov.in/index.php/home/statewise_ngo/DARPAN_386089
2026-09-16,DARPAN_386089,Kavach Trust 122 (Noida),contact@kavachtrust1.org,Uttar Pradesh,Prayagraj,Prayagraj Taluk,Trust,Sub-Registrar / Charity Commissioner,TRU/233/1995/1314,"Indian Trusts Act, 1882",2023-08-13,Environment & Forests,Noida,Uttar Pradesh,https://ngodarpan.gov.in/index.php/home/statewise_ngo/DARPAN_386089
2026-09-16,DARPAN_851807,Seva Sansthan 123,contact@sevasansthan.org,Uttar Pradesh,Prayagraj,Prayagraj Taluk,Trust,Sub-Registrar / Charity Commissioner,TRU/587/2007/9115,"Indian Trusts Act, 1882",2019-05-24,"Education, Child Welfare",Prayagraj,Uttar Pradesh,https://ngodarpan.gov.in/index.php/home/statewise_ngo/DARPAN_851807
2026-09-16,DARPAN_851807,Seva Sansthan 123 (Lucknow),contact@sevasansthan.org,Uttar Pradesh,Prayagraj,Prayagraj Taluk,Trust,Sub-Registrar / Charity Commissioner,TRU/587/2007/9115,"Indian Trusts Act, 1882",2019-05-24,"Education, Child Welfare",Lucknow,Uttar Pradesh,https://ngodarpan.gov.in/index.php/home/statewise_ngo/DARPAN_851807
2026-09-16,DARPAN_992964,Umeed Mission 124,contact@umeedmission.org,Tamil Nadu,Coimbatore,Coimbatore Taluk,Trust,Sub-Registrar / Charity Commissioner,TRU/168/2015/8810,"Indian Trusts Act, 1882",2019-09-16,"Women Empowerment, Child Welfare, Education",Coimbatore,Tamil Nadu,https://ngodarpan.gov.in/index.php/home/statewise_ngo/DARPAN_992964
2026-09-16,DARPAN_992964,Umeed Mission 124 (Tiruchirappalli),contact@umeedmission.org,Tamil Nadu,Coimbatore,Coimbatore Taluk,Trust,Sub-Registrar / Charity Commissioner,TRU/168/2015/8810,"Indian Trusts Act, 1882",2019-09-16,"Women Empowerment, Child Welfare, Education",Tiruchirappalli,Karnataka,https://ngodarpan.gov.in/index.php/home/statewise_ngo/DARPAN_992964
2026-09-16,DARPAN_992964,Umeed Mission 124 (Madurai),contact@umeedmission.org,Tamil Nadu,Coimbatore,Coimbatore Taluk,Trust,Sub-Registrar / Charity Commissioner,TRU/168/2015/8810,"Indian Trusts Act, 1882",2019-09-16,"Women Empowerment, Child Welfare, Education",Madurai,Uttar Pradesh,https://ngodarpan.gov.in/index.php/home/statewise_ngo/DARPAN_992964
2026-09-16,DARPAN_742863,Navjeevan Association 125,contact@navjeevanass.org,Uttar Pradesh,Prayagraj,Prayagraj Taluk,Section 8,Ministry of Corporate Affairs (MCA),SEC/140/1998/3160,"Companies Act, 2013",2011-03-05,Nutrition & Food Security,Prayagraj,Uttar Pradesh,https://ngodarpan.gov.in/index.php/home/statewise_ngo/DARPAN_742863
2026-09-16,DARPAN_742863,Navjeevan Association 125 (Kanpur Nagar),,Uttar Pradesh,Prayagraj,Prayagraj Taluk,Section 8,Ministry of Corporate Affairs (MCA),SEC/140/1998/3160,"Companies Act, 2013",2011-03-05,Nutrition & Food Security,Kanpur Nagar,Delhi,https://ngodarpan.gov.in/index.php/home/statewise_ngo/DARPAN_742863
2026-09-16,DARPAN_742863,Navjeevan Association 125 (North Delhi),contact@navjeevanass.org,Uttar Pradesh,Prayagraj,Prayagraj Taluk,Section 8,Ministry of Corporate Affairs (MCA),SEC/140/1998/3160,"Companies Act, 2013",2011-03-05,Nutrition & Food Security,North Delhi,Maharashtra,https://ngodarpan.gov.in/index.php/home/statewise_ngo/DARPAN_742863
2026-09-16,DARPAN_499948,Shakti Society 126,contact@shaktisociet.org,Maharashtra,Mumbai,Mumbai Taluk,Society,Registrar of Societies,SOC/320/2007/7933,"Societies Registration Act, 1860",2017-05-14,"Environment & Forests, Education",Mumbai,Maharashtra,https://ngodarpan.gov.in/index.php/home/statewise_ngo/DARPAN_499948
2026-09-16,DARPAN_499948,Shakti Society 126 (Nashik),contact@shaktisociet.org,Maharashtra,Mumbai,Mumbai Taluk,Society,Registrar of Societies,SOC/320/2007/7933,"Societies Registration Act, 1860",2017-05-14,"Environment & Forests, Education",Nashik,West Bengal,https://ngodarpan.gov.in/index.php/home/statewise_ngo/DARPAN_499948
2026-09-16,DARPAN_499948,Shakti Society 126 (Pune),contact@shaktisociet.org,Maharashtra,Mumbai,Mumbai Taluk,Society,Registrar of Societies,SOC/320/2007/7933,"Societies Registration Act, 1860",2017-05-14,"Environment & Forests, Education",Pune,Karnataka,https://ngodarpan.gov.in/index.php/home/statewise_ngo/DARPAN_499948
2026-09-16,DARPAN_417569,Prerna Initiative 127,contact@prernainitia.org,Maharashtra,Pune,Pune Taluk,Trust,Sub-Registrar / Charity Commissioner,TRU/116/1996/5846,"Indian Trusts Act, 1882",2025-11-03,Child Welfare,Pune,Maharashtra,https://ngodarpan.gov.in/index.php/home/statewise_ngo/DARPAN_417569
2026-09-16,DARPAN_417569,Prerna Initiative 127 (Thane),contact@prernainitia.org,Maharashtra,Pune,Pune Taluk,Trust,Sub-Registrar / Charity Commissioner,TRU/116/1996/5846,"Indian Trusts Act, 1882",2025-11-03,Child Welfare,Thane,Kerala,https://ngodarpan.gov.in/index.php/home/statewise_ngo/DARPAN_417569
2026-09-16,DARPAN_417569,Prerna Initiative 127 (Kozhikode),contact@prernainitia.org,Maharashtra,Pune,Pune Taluk,Trust,Sub-Registrar / Charity Commissioner,TRU/116/1996/5846,"Indian Trusts Act, 1882",2025-11-03,Child Welfare,Kozhikode,Uttar Pradesh,https://ngodarpan.gov.in/index.php/home/statewise_ngo/DARPAN_417569
2026-09-16,DARPAN_611126,Seva Mission 128,,West Bengal,Kolkata,Kolkata Taluk,Trust,Sub-Registrar / Charity Commissioner,TRU/351/2001/8449,"Indian Trusts Act, 1882",2023-10-16,Environment & Forests,Kolkata,West Bengal,https://ngodarpan.gov.in/index.php/home/statewise_ngo/DARPAN_611126
2026-09-16,DARPAN_611126,Seva Mission 128 (Darjeeling),contact@sevamission1.org,West Bengal,Kolkata,Kolkata Taluk,Trust,Sub-Registrar / Charity Commissioner,TRU/351/2001/8449,"Indian Trusts Act, 1882",2023-10-16,Environment & Forests,Darjeeling,West Bengal,https://ngodarpan.gov.in/index.php/home/statewise_ngo/DARPAN_611126
2026-09-16,DARPAN_611126,Seva Mission 128 (Howrah),contact@sevamission1.org,West Bengal,Kolkata,Kolkata Taluk,Trust,Sub-Registrar / Charity Commissioner,TRU/351/2001/8449,"Indian Trusts Act, 1882",2023-10-16,Environment & Forests,Howrah,West Bengal,https://ngodarpan.gov.in/index.php/home/statewise_ngo/DARPAN_611126
2026-09-16,DARPAN_436055,Sahyog Foundation 129,contact@sahyogfounda.org,Delhi,South Delhi,South Delhi Taluk,Society,Registrar of Societies,SOC/560/2009/3086,"Societies Registration Act, 1860",2011-09-14,"Nutrition & Food Security, Disaster Relief & Rehabilitation",South Delhi,Delhi,https://ngodarpan.gov.in/index.php/home/statewise_ngo/DARPAN_436055
2026-09-16,DARPAN_436055,Sahyog Foundation 129 (North Delhi),,Delhi,South Delhi,South Delhi Taluk,Society,Registrar of Societies,SOC/560/2009/3086,"Societies Registration Act, 1860",2011-09-14,"Nutrition & Food Security, Disaster Relief & Rehabilitation",North Delhi,Delhi,https://ngodarpan.gov.in/index.php/home/statewise_ngo/DARPAN_436055
2026-09-16,DARPAN_436055,Sahyog Foundation 129 (New Delhi),,Delhi,South Delhi,South Delhi Taluk,Society,Registrar of Societies,SOC/560/2009/3086,"Societies Registration Act, 1860",2011-09-14,"Nutrition & Food Security, Disaster Relief & Rehabilitation",New Delhi,Delhi,https://ngodarpan.gov.in/index.php/home/statewise_ngo/DARPAN_436055
2026-09-16,DARPAN_432102,Jan Kalyan Society 130,contact@jankalyansoc.org,Kerala,Ernakulam,Ernakulam Taluk,Section 8,Ministry of Corporate Affairs (MCA),SEC/731/1996/3627,"Companies Act, 2013",2024-05-26,"Healthcare & Medical, Disaster Relief & Rehabilitation",Ernakulam,Kerala,https://ngodarpan.gov.in/index.php/home/statewise_ngo/DARPAN_432102
2026-09-16,DARPAN_432102,Jan Kalyan Society 130 (Thrissur),,Kerala,Ernakulam,Ernakulam Taluk,Section 8,Ministry of Corporate Affairs (MCA),SEC/731/1996/3627,"Companies Act, 2013",2024-05-26,"Healthcare & Medical, Disaster Relief & Rehabilitation",Thrissur,Delhi,https://ngodarpan.gov.in/index.php/home/statewise_ngo/DARPAN_432102
2026-09-16,DARPAN_432102,Jan Kalyan Society 130 (Central Delhi),contact@jankalyansoc.org,Kerala,Ernakulam,Ernakulam Taluk,Section 8,Ministry of Corporate Affairs (MCA),SEC/731/1996/3627,"Companies Act, 2013",2024-05-26,"Healthcare & Medical, Disaster Relief & Rehabilitation",Central Delhi,Delhi,https://ngodarpan.gov.in/index.php/home/statewise_ngo/DARPAN_432102
2026-09-16,DARPAN_482281,Navjeevan Samiti 131,contact@navjeevansam.org,Maharashtra,Thane,Thane Taluk,Trust,Sub-Registrar / Charity Commissioner,TRU/194/1998/5102,"Indian Trusts Act, 1882",2024-08-05,Women Empowerment,Thane,Maharashtra,https://ngodarpan.gov.in/index.php/home/statewise_ngo/DARPAN_482281
2026-09-16,DARPAN_482281,Navjeevan Samiti 131 (Pune),contact@navjeevansam.org,Maharashtra,Thane,Thane Taluk,Trust,Sub-Registrar / Charity Commissioner,TRU/194/1998/5102,"Indian Trusts Act, 1882",2024-08-05,Women Empowerment,Pune,Maharashtra,https://ngodarpan.gov.in/index.php/home/statewise_ngo/DARPAN_482281
2026-09-16,DARPAN_283652,Samarpan Samiti 132,contact@samarpansami.org,Karnataka,Mangaluru,Mangaluru Taluk,Trust,Sub-Registrar / Charity Commissioner,TRU/168/2019/3226,"Indian Trusts Act, 1882",2025-08-22,"Skill Development & Livelihood, Water & Sanitation",Mangaluru,Karnataka,https://ngodarpan.gov.in/index.php/home/statewise_ngo/DARPAN_283652
2026-09-16,DARPAN_283652,Samarpan Samiti 132 (Dharwad),contact@samarpansami.org,Karnataka,Mangaluru,Mangaluru Taluk,Trust,Sub-Registrar / Charity Commissioner,TRU/168/2019/3226,"Indian Trusts Act, 1882",2025-08-22,"Skill Development & Livelihood, Water & Sanitation",Dharwad,Gujarat,https://ngodarpan.gov.in/index.php/home/statewise_ngo/DARPAN_283652
2026-09-16,DARPAN_283652,Samarpan Samiti 132 (Rajkot),contact@samarpansami.org,Karnataka,Mangaluru,Mangaluru Taluk,Trust,Sub-Registrar / Charity Commissioner,TRU/168/2019/3226,"Indian Trusts Act, 1882",2025-08-22,"Skill Development & Livelihood, Water & Sanitation",Rajkot,Gujarat,https://ngodarpan.gov.in/index.php/home/statewise_ngo/DARPAN_283652
2026-09-16,DARPAN_535997,Navjeevan Samiti 133,contact@navjeevansam.org,Karnataka,Bengaluru Urban,Bengaluru Urban Taluk,Society,Registrar of Societies,SOC/483/1998/6743,"Societies Registration Act, 1860",2017-11-28,"Water & Sanitation, Environment & Forests",Bengaluru Urban,Karnataka,https://ngodarpan.gov.in/index.php/home/statewise_ngo/DARPAN_535997
2026-09-16,DARPAN_535997,Navjeevan Samiti 133 (Mangaluru),contact@navjeevansam.org,Karnataka,Bengaluru Urban,Bengaluru Urban Taluk,Society,Registrar of Societies,SOC/483/1998/6743,"Societies Registration Act, 1860",2017-11-28,"Water & Sanitation, Environment & Forests",Mangaluru,Karnataka,https://ngodarpan.gov.in/index.php/home/statewise_ngo/DARPAN_535997
2026-09-16,DARPAN_535997,Navjeevan Samiti 133 (Belagavi),contact@navjeevansam.org,Karnataka,Bengaluru Urban,Bengaluru Urban Taluk,Society,Registrar of Societies,SOC/483/1998/6743,"Societies Registration Act, 1860",2017-11-28,"Water & Sanitation, Environment & Forests",Belagavi,Karnataka,https://ngodarpan.gov.in/index.php/home/statewise_ngo/DARPAN_535997
2026-09-16,DARPAN_449999,Uday Trust 134,contact@udaytrust134.org,West Bengal,Howrah,Howrah Taluk,Society,Registrar of Societies,SOC/603/2020/4506,"Societies Registration Act, 1860",2012-05-08,"Nutrition & Food Security, Rural Development",Howrah,West Bengal,https://ngodarpan.gov.in/index.php/home/statewise_ngo/DARPAN_449999
2026-09-16,DARPAN_449999,Uday Trust 134 (Darjeeling),,West Bengal,Howrah,Howrah Taluk,Society,Registrar of Societies,SOC/603/2020/4506,"Societies Registration Act, 1860",2012-05-08,"Nutrition & Food Security, Rural Development",Darjeeling,West Bengal,https://ngodarpan.gov.in/index.php/home/statewise_ngo/DARPAN_449999
2026-09-16,DARPAN_449999,Uday Trust 134 (Kolkata),contact@udaytrust134.org,West Bengal,Howrah,Howrah Taluk,Society,Registrar of Societies,SOC/603/2020/4506,"Societies Registration Act, 1860",2012-05-08,"Nutrition & Food Security, Rural Development",Kolkata,West Bengal,https://ngodarpan.gov.in/index.php/home/statewise_ngo/DARPAN_449999
2026-09-16,DARPAN_733257,Goonj Association 135,contact@goonjassocia.org,Delhi,Central Delhi,Central Delhi Taluk,Society,Registrar of Societies,SOC/139/1995/6910,"Societies Registration Act, 1860",2013-06-11,Child Welfare,Central Delhi,Delhi,https://ngodarpan.gov.in/index.php/home/statewise_ngo/DARPAN_733257
2026-09-16,DARPAN_733257,Goonj Association 135 (Vadodara),contact@goonjassocia.org,Delhi,Central Delhi,Central Delhi Taluk,Society,Registrar of Societies,SOC/139/1995/6910,"Societies Registration Act, 1860",2013-06-11,Child Welfare,Vadodara,Gujarat,https://ngodarpan.gov.in/index.php/home/statewise_ngo/DARPAN_733257
2026-09-16,DARPAN_804444,Gramin Sansthan 136,contact@graminsansth.org,Karnataka,Belagavi,Belagavi Taluk,Trust,Sub-Registrar / Charity Commissioner,TRU/846/2005/6921,"Indian Trusts Act, 1882",2024-05-18,"Healthcare & Medical, Water & Sanitation",Belagavi,Karnataka,https://ngodarpan.gov.in/index.php/home/statewise_ngo/DARPAN_804444
2026-09-16,DARPAN_804444,Gramin Sansthan 136 (Dharwad),contact@graminsansth.org,Karnataka,Belagavi,Belagavi Taluk,Trust,Sub-Registrar / Charity Commissioner,TRU/846/2005/6921,"Indian Trusts Act, 1882",2024-05-18,"Healthcare & Medical, Water & Sanitation",Dharwad,Maharashtra,https://ngodarpan.gov.in/index.php/home/statewise_ngo/DARPAN_804444
2026-09-16,DARPAN_804444,Gramin Sansthan 136 (Mumbai),contact@graminsansth.org,Karnataka,Belagavi,Belagavi Taluk,Trust,Sub-Registrar / Charity Commissioner,TRU/846/2005/6921,"Indian Trusts Act, 1882",2024-05-18,"Healthcare & Medical, Water & Sanitation",Mumbai,Tamil Nadu,https://ngodarpan.gov.in/index.php/home/statewise_ngo/DARPAN_804444
2026-09-16,DARPAN_983973,Samarpan Seva Sanstha 137,contact@samarpanseva.org,Gujarat,Ahmedabad,Ahmedabad Taluk,Section 8,Ministry of Corporate Affairs (MCA),SEC/239/2025/9099,"Companies Act, 2013",2015-06-04,"Education, Rural Development",Ahmedabad,Gujarat,https://ngodarpan.gov.in/index.php/home/statewise_ngo/DARPAN_983973
2026-09-16,DARPAN_983973,Samarpan Seva Sanstha 137 (Rajkot),,Gujarat,Ahmedabad,Ahmedabad Taluk,Section 8,Ministry of Corporate Affairs (MCA),SEC/239/2025/9099,"Companies Act, 2013",2015-06-04,"Education, Rural Development",Rajkot,Gujarat,https://ngodarpan.gov.in/index.php/home/statewise_ngo/DARPAN_983973
2026-09-16,DARPAN_983973,Samarpan Seva Sanstha 137 (Surat),contact@samarpanseva.org,Gujarat,Ahmedabad,Ahmedabad Taluk,Section 8,Ministry of Corporate Affairs (MCA),SEC/239/2025/9099,"Companies Act, 2013",2015-06-04,"Education, Rural Development",Surat,Gujarat,https://ngodarpan.gov.in/index.php/home/statewise_ngo/DARPAN_983973
2026-09-16,DARPAN_230703,Deepam Association 138,contact@deepamassoci.org,Odisha,Puri,Puri Taluk,Trust,Sub-Registrar / Charity Commissioner,TRU/217/2020/4132,"Indian Trusts Act, 1882",2014-10-06,"Water & Sanitation, Healthcare & Medical, Disaster Relief & Rehabilitation",Puri,Odisha,https://ngodarpan.gov.in/index.php/home/statewise_ngo/DARPAN_230703
2026-09-16,DARPAN_230703,Deepam Association 138 (Cuttack),contact@deepamassoci.org,Odisha,Puri,Puri Taluk,Trust,Sub-Registrar / Charity Commissioner,TRU/217/2020/4132,"Indian Trusts Act, 1882",2014-10-06,"Water & Sanitation, Healthcare & Medical, Disaster Relief & Rehabilitation",Cuttack,Odisha,https://ngodarpan.gov.in/index.php/home/statewise_ngo/DARPAN_230703
2026-09-16,DARPAN_329082,Uday Trust 139,contact@udaytrust139.org,Tamil Nadu,Coimbatore,Coimbatore Taluk,Trust,Sub-Registrar / Charity Commissioner,TRU/701/2021/2970,"Indian Trusts Act, 1882",2001-08-07,Disaster Relief & Rehabilitation,Coimbatore,Tamil Nadu,https://ngodarpan.gov.in/index.php/home/statewise_ngo/DARPAN_329082
2026-09-16,DARPAN_329082,Uday Trust 139 (Tiruchirappalli),contact@udaytrust139.org,Tamil Nadu,Coimbatore,Coimbatore Taluk,Trust,Sub-Registrar / Charity Commissioner,TRU/701/2021/2970,"Indian Trusts Act, 1882",2001-08-07,Disaster Relief & Rehabilitation,Tiruchirappalli,Maharashtra,https://ngodarpan.gov.in/index.php/home/statewise_ngo/DARPAN_329082
2026-09-16,DARPAN_329082,Uday Trust 139 (Salem),contact@udaytrust139.org,Tamil Nadu,Coimbatore,Coimbatore Taluk,Trust,Sub-Registrar / Charity Commissioner,TRU/701/2021/2970,"Indian Trusts Act, 1882",2001-08-07,Disaster Relief & Rehabilitation,Salem,Maharashtra,https://ngodarpan.gov.in/index.php/home/statewise_ngo/DARPAN_329082
2026-09-16,DARPAN_493767,Kalyan Mission 140,contact@kalyanmissio.org,Maharashtra,Raigad,Raigad Taluk,Trust,Sub-Registrar / Charity Commissioner,TRU/915/2003/1881,"Indian Trusts Act, 1882",2022-02-18,"Water & Sanitation, Nutrition & Food Security",Raigad,Maharashtra,https://ngodarpan.gov.in/index.php/home/statewise_ngo/DARPAN_493767
2026-09-16,DARPAN_640950,Gramin Initiative 141,contact@gramininitia.org,Karnataka,Belagavi,Belagavi Taluk,Society,Registrar of Societies,SOC/676/2002/4863,"Societies Registration Act, 1860",2013-09-08,"Rural Development, Education, Water & Sanitation",Belagavi,Karnataka,https://ngodarpan.gov.in/index.php/home/statewise_ngo/DARPAN_640950
2026-09-16,DARPAN_640950,Gramin Initiative 141 (Mangaluru),,Karnataka,Belagavi,Belagavi Taluk,Society,Registrar of Societies,SOC/676/2002/4863,"Societies Registration Act, 1860",2013-09-08,"Rural Development, Education, Water & Sanitation",Mangaluru,Karnataka,https://ngodarpan.gov.in/index.php/home/statewise_ngo/DARPAN_640950
2026-09-16,DARPAN_864670,Asha Trust 142,contact@ashatrust142.org,Rajasthan,Kota,Kota Taluk,Society,Registrar of Societies,SOC/521/2012/5761,"Societies Registration Act, 1860",2011-09-17,"Education, Disaster Relief & Rehabilitation, Healthcare & Medical",Kota,Rajasthan,https://ngodarpan.gov.in/index.php/home/statewise_ngo/DARPAN_864670
2026-09-16,DARPAN_864670,Asha Trust 142 (Jodhpur),contact@ashatrust142.org,Rajasthan,Kota,Kota Taluk,Society,Registrar of Societies,SOC/521/2012/5761,"Societies Registration Act, 1860",2011-09-17,"Education, Disaster Relief & Rehabilitation, Healthcare & Medical",Jodhpur,Rajasthan,https://ngodarpan.gov.in/index.php/home/statewise_ngo/DARPAN_864670
2026-09-16,DARPAN_864670,Asha Trust 142 (Udaipur),contact@ashatrust142.org,Rajasthan,Kota,Kota Taluk,Society,Registrar of Societies,SOC/521/2012/5761,"Societies Registration Act, 1860",2011-09-17,"Education, Disaster Relief & Rehabilitation, Healthcare & Medical",Udaipur,Rajasthan,https://ngodarpan.gov.in/index.php/home/statewise_ngo/DARPAN_864670
2026-09-16,DARPAN_510791,Uday Seva Sanstha 143,contact@udaysevasans.org,Uttar Pradesh,Varanasi,Varanasi Taluk,Trust,Sub-Registrar / Charity Commissioner,TRU/178/2014/2161,"Indian Trusts Act, 1882",1997-11-25,"Healthcare & Medical, Skill Development & Livelihood",Varanasi,Uttar Pradesh,https://ngodarpan.gov.in/index.php/home/statewise_ngo/DARPAN_510791
2026-09-16,DARPAN_510791,Uday Seva Sanstha 143 (Noida),contact@udaysevasans.org,Uttar Pradesh,Varanasi,Varanasi Taluk,Trust,Sub-Registrar / Charity Commissioner,TRU/178/2014/2161,"Indian Trusts Act, 1882",1997-11-25,"Healthcare & Medical, Skill Development & Livelihood",Noida,Uttar Pradesh,https://ngodarpan.gov.in/index.php/home/statewise_ngo/DARPAN_510791
2026-09-16,DARPAN_918144,Prerna Network 144,contact@prernanetwor.org,West Bengal,Howrah,Howrah Taluk,Society,Registrar of Societies,SOC/983/2003/7675,"Societies Registration Act, 1860",2025-06-20,"Education, Healthcare & Medical",Howrah,West Bengal,https://ngodarpan.gov.in/index.php/home/statewise_ngo/DARPAN_918144
2026-09-16,DARPAN_918144,Prerna Network 144 (Kolkata),contact@prernanetwor.org,West Bengal,Howrah,Howrah Taluk,Society,Registrar of Societies,SOC/983/2003/7675,"Societies Registration Act, 1860",2025-06-20,"Education, Healthcare & Medical",Kolkata,Rajasthan,https://ngodarpan.gov.in/index.php/home/statewise_ngo/DARPAN_918144
2026-09-16,DARPAN_918144,Prerna Network 144 (North 24 Parganas),contact@prernanetwor.org,West Bengal,Howrah,Howrah Taluk,Society,Registrar of Societies,SOC/983/2003/7675,"Societies Registration Act, 1860",2025-06-20,"Education, Healthcare & Medical",North 24 Parganas,Rajasthan,https://ngodarpan.gov.in/index.php/home/statewise_ngo/DARPAN_918144
2026-09-16,DARPAN_998456,Prerna Society 145,contact@prernasociet.org,Delhi,New Delhi,New Delhi Taluk,Trust,Sub-Registrar / Charity Commissioner,TRU/959/2009/5823,"Indian Trusts Act, 1882",2013-07-13,"Education, Women Empowerment",New Delhi,Delhi,https://ngodarpan.gov.in/index.php/home/statewise_ngo/DARPAN_998456
2026-09-16,DARPAN_998456,Prerna Society 145 (North Delhi),,Delhi,New Delhi,New Delhi Taluk,Trust,Sub-Registrar / Charity Commissioner,TRU/959/2009/5823,"Indian Trusts Act, 1882",2013-07-13,"Education, Women Empowerment",North Delhi,Tamil Nadu,https://ngodarpan.gov.in/index.php/home/statewise_ngo/DARPAN_998456
2026-09-16,DARPAN_998456,Prerna Society 145 (Central Delhi),contact@prernasociet.org,Delhi,New Delhi,New Delhi Taluk,Trust,Sub-Registrar / Charity Commissioner,TRU/959/2009/5823,"Indian Trusts Act, 1882",2013-07-13,"Education, Women Empowerment",Central Delhi,Tamil Nadu,https://ngodarpan.gov.in/index.php/home/statewise_ngo/DARPAN_998456
2026-09-16,DARPAN_725278,Vikas Network 146,contact@vikasnetwork.org,Tamil Nadu,Tiruchirappalli,Tiruchirappalli Taluk,Trust,Sub-Registrar / Charity Commissioner,TRU/863/2026/8768,"Indian Trusts Act, 1882",1997-03-19,"Water & Sanitation, Healthcare & Medical",Tiruchirappalli,Tamil Nadu,https://ngodarpan.gov.in/index.php/home/statewise_ngo/DARPAN_725278
2026-09-16,DARPAN_725278,Vikas Network 146 (Madurai),contact@vikasnetwork.org,Tamil Nadu,Tiruchirappalli,Tiruchirappalli Taluk,Trust,Sub-Registrar / Charity Commissioner,TRU/863/2026/8768,"Indian Trusts Act, 1882",1997-03-19,"Water & Sanitation, Healthcare & Medical",Madurai,West Bengal,https://ngodarpan.gov.in/index.php/home/statewise_ngo/DARPAN_725278
2026-09-16,DARPAN_725278,Vikas Network 146 (North 24 Parganas),,Tamil Nadu,Tiruchirappalli,Tiruchirappalli Taluk,Trust,Sub-Registrar / Charity Commissioner,TRU/863/2026/8768,"Indian Trusts Act, 1882",1997-03-19,"Water & Sanitation, Healthcare & Medical",North 24 Parganas,West Bengal,https://ngodarpan.gov.in/index.php/home/statewise_ngo/DARPAN_725278
2026-09-16,DARPAN_433910,Deepam Foundation 147,contact@deepamfounda.org,Uttar Pradesh,Varanasi,Varanasi Taluk,Section 8,Ministry of Corporate Affairs (MCA),SEC/868/2023/1375,"Companies Act, 2013",2014-09-24,"Women Empowerment, Healthcare & Medical",Varanasi,Uttar Pradesh,https://ngodarpan.gov.in/index.php/home/statewise_ngo/DARPAN_433910
2026-09-16,DARPAN_433910,Deepam Foundation 147 (Lucknow),contact@deepamfounda.org,Uttar Pradesh,Varanasi,Varanasi Taluk,Section 8,Ministry of Corporate Affairs (MCA),SEC/868/2023/1375,"Companies Act, 2013",2014-09-24,"Women Empowerment, Healthcare & Medical",Lucknow,Uttar Pradesh,https://ngodarpan.gov.in/index.php/home/statewise_ngo/DARPAN_433910
2026-09-16,DARPAN_433910,Deepam Foundation 147 (Noida),contact@deepamfounda.org,Uttar Pradesh,Varanasi,Varanasi Taluk,Section 8,Ministry of Corporate Affairs (MCA),SEC/868/2023/1375,"Companies Act, 2013",2014-09-24,"Women Empowerment, Healthcare & Medical",Noida,Uttar Pradesh,https://ngodarpan.gov.in/index.php/home/statewise_ngo/DARPAN_433910
2026-09-16,DARPAN_704823,Prerna Mission 148,contact@prernamissio.org,Tamil Nadu,Salem,Salem Taluk,Section 8,Ministry of Corporate Affairs (MCA),SEC/425/1995/7530,"Companies Act, 2013",2014-04-12,Environment & Forests,Salem,Tamil Nadu,https://ngodarpan.gov.in/index.php/home/statewise_ngo/DARPAN_704823
2026-09-16,DARPAN_704823,Prerna Mission 148 (Tiruchirappalli),contact@prernamissio.org,Tamil Nadu,Salem,Salem Taluk,Section 8,Ministry of Corporate Affairs (MCA),SEC/425/1995/7530,"Companies Act, 2013",2014-04-12,Environment & Forests,Tiruchirappalli,Uttar Pradesh,https://ngodarpan.gov.in/index.php/home/statewise_ngo/DARPAN_704823
2026-09-16,DARPAN_704823,Prerna Mission 148 (Noida),contact@prernamissio.org,Tamil Nadu,Salem,Salem Taluk,Section 8,Ministry of Corporate Affairs (MCA),SEC/425/1995/7530,"Companies Act, 2013",2014-04-12,Environment & Forests,Noida,Kerala,https://ngodarpan.gov.in/index.php/home/statewise_ngo/DARPAN_704823
2026-09-16,DARPAN_483894,Manav Samiti 149,contact@manavsamiti1.org,Kerala,Thrissur,Thrissur Taluk,Section 8,Ministry of Corporate Affairs (MCA),SEC/966/2001/4901,"Companies Act, 2013",2016-06-02,Water & Sanitation,Thrissur,Kerala,https://ngodarpan.gov.in/index.php/home/statewise_ngo/DARPAN_483894
2026-09-16,DARPAN_483894,Manav Samiti 149 (Thiruvananthapuram),contact@manavsamiti1.org,Kerala,Thrissur,Thrissur Taluk,Section 8,Ministry of Corporate Affairs (MCA),SEC/966/2001/4901,"Companies Act, 2013",2016-06-02,Water & Sanitation,Thiruvananthapuram,Kerala,https://ngodarpan.gov.in/index.php/home/statewise_ngo/DARPAN_483894
2026-09-16,DARPAN_927145,Kavach Association 150,contact@kavachassoci.org,Kerala,Ernakulam,Ernakulam Taluk,Section 8,Ministry of Corporate Affairs (MCA),SEC/106/2003/7001,"Companies Act, 2013",1996-12-06,"Environment & Forests, Disaster Relief & Rehabilitation, Healthcare & Medical",Ernakulam,Kerala,https://ngodarpan.gov.in/index.php/home/statewise_ngo/DARPAN_927145
2026-09-16,DARPAN_927145,Kavach Association 150 (Thiruvananthapuram),contact@kavachassoci.org,Kerala,Ernakulam,Ernakulam Taluk,Section 8,Ministry of Corporate Affairs (MCA),SEC/106/2003/7001,"Companies Act, 2013",1996-12-06,"Environment & Forests, Disaster Relief & Rehabilitation, Healthcare & Medical",Thiruvananthapuram,Kerala,https://ngodarpan.gov.in/index.php/home/statewise_ngo/DARPAN_927145
2026-09-16,DARPAN_951780,Samarpan Society 151,contact@samarpansoci.org,Uttar Pradesh,Noida,Noida Taluk,Section 8,Ministry of Corporate Affairs (MCA),SEC/909/1998/9978,"Companies Act, 2013",2023-01-09,"Child Welfare, Water & Sanitation",Noida,Uttar Pradesh,https://ngodarpan.gov.in/index.php/home/statewise_ngo/DARPAN_951780
2026-09-16,DARPAN_951780,Samarpan Society 151 (Prayagraj),contact@samarpansoci.org,Uttar Pradesh,Noida,Noida Taluk,Section 8,Ministry of Corporate Affairs (MCA),SEC/909/1998/9978,"Companies Act, 2013",2023-01-09,"Child Welfare, Water & Sanitation",Prayagraj,Uttar Pradesh,https://ngodarpan.gov.in/index.php/home/statewise_ngo/DARPAN_951780
2026-09-16,DARPAN_951780,Samarpan Society 151 (Varanasi),contact@samarpansoci.org,Uttar Pradesh,Noida,Noida Taluk,Section 8,Ministry of Corporate Affairs (MCA),SEC/909/1998/9978,"Companies Act, 2013",2023-01-09,"Child Welfare, Water & Sanitation",Varanasi,Uttar Pradesh,https://ngodarpan.gov.in/index.php/home/statewise_ngo/DARPAN_951780
2026-09-16,DARPAN_867301,Vikas Trust 152,contact@vikastrust15.org,Delhi,Central Delhi,Central Delhi Taluk,Trust,Sub-Registrar / Charity Commissioner,TRU/987/2024/7719,"Indian Trusts Act, 1882",2014-01-04,"Healthcare & Medical, Water & Sanitation",Central Delhi,Delhi,https://ngodarpan.gov.in/index.php/home/statewise_ngo/DARPAN_867301
2026-09-16,DARPAN_867301,Vikas Trust 152 (New Delhi),,Delhi,Central Delhi,Central Delhi Taluk,Trust,Sub-Registrar / Charity Commissioner,TRU/987/2024/7719,"Indian Trusts Act, 1882",2014-01-04,"Healthcare & Medical, Water & Sanitation",New Delhi,Delhi,https://ngodarpan.gov.in/index.php/home/statewise_ngo/DARPAN_867301
2026-09-16,DARPAN_867301,Vikas Trust 152 (North Delhi),contact@vikastrust15.org,Delhi,Central Delhi,Central Delhi Taluk,Trust,Sub-Registrar / Charity Commissioner,TRU/987/2024/7719,"Indian Trusts Act, 1882",2014-01-04,"Healthcare & Medical, Water & Sanitation",North Delhi,Delhi,https://ngodarpan.gov.in/index.php/home/statewise_ngo/DARPAN_867301
2026-09-16,DARPAN_317285,Asha Sansthan 153,contact@ashasansthan.org,Gujarat,Surat,Surat Taluk,Trust,Sub-Registrar / Charity Commissioner,TRU/560/2020/5524,"Indian Trusts Act, 1882",2020-03-14,"Skill Development & Livelihood, Education",Surat,Gujarat,https://ngodarpan.gov.in/index.php/home/statewise_ngo/DARPAN_317285
2026-09-16,DARPAN_317285,Asha Sansthan 153 (Vadodara),,Gujarat,Surat,Surat Taluk,Trust,Sub-Registrar / Charity Commissioner,TRU/560/2020/5524,"Indian Trusts Act, 1882",2020-03-14,"Skill Development & Livelihood, Education",Vadodara,Gujarat,https://ngodarpan.gov.in/index.php/home/statewise_ngo/DARPAN_317285
2026-09-16,DARPAN_317285,Asha Sansthan 153 (Ahmedabad),contact@ashasansthan.org,Gujarat,Surat,Surat Taluk,Trust,Sub-Registrar / Charity Commissioner,TRU/560/2020/5524,"Indian Trusts Act, 1882",2020-03-14,"Skill Development & Livelihood, Education",Ahmedabad,Gujarat,https://ngodarpan.gov.in/index.php/home/statewise_ngo/DARPAN_317285
2026-09-16,DARPAN_999594,Gramin Seva Sanstha 154,contact@graminsevasa.org,Tamil Nadu,Coimbatore,Coimbatore Taluk,Trust,Sub-Registrar / Charity Commissioner,TRU/783/1999/6188,"Indian Trusts Act, 1882",2020-10-20,"Water & Sanitation, Environment & Forests",Coimbatore,Tamil Nadu,https://ngodarpan.gov.in/index.php/home/statewise_ngo/DARPAN_999594
2026-09-16,DARPAN_999594,Gramin Seva Sanstha 154 (Madurai),contact@graminsevasa.org,Tamil Nadu,Coimbatore,Coimbatore Taluk,Trust,Sub-Registrar / Charity Commissioner,TRU/783/1999/6188,"Indian Trusts Act, 1882",2020-10-20,"Water & Sanitation, Environment & Forests",Madurai,Odisha,https://ngodarpan.gov.in/index.php/home/statewise_ngo/DARPAN_999594
2026-09-16,DARPAN_999594,Gramin Seva Sanstha 154 (Tiruchirappalli),contact@graminsevasa.org,Tamil Nadu,Coimbatore,Coimbatore Taluk,Trust,Sub-Registrar / Charity Commissioner,TRU/783/1999/6188,"Indian Trusts Act, 1882",2020-10-20,"Water & Sanitation, Environment & Forests",Tiruchirappalli,Odisha,https://ngodarpan.gov.in/index.php/home/statewise_ngo/DARPAN_999594
2026-09-16,DARPAN_273381,Manav Sansthan 155,contact@manavsanstha.org,Gujarat,Surat,Surat Taluk,Society,Registrar of Societies,SOC/843/2020/8817,"Societies Registration Act, 1860",2020-01-19,Healthcare & Medical,Surat,Gujarat,https://ngodarpan.gov.in/index.php/home/statewise_ngo/DARPAN_273381
2026-09-16,DARPAN_273381,Manav Sansthan 155 (Rajkot),contact@manavsanstha.org,Gujarat,Surat,Surat Taluk,Society,Registrar of Societies,SOC/843/2020/8817,"Societies Registration Act, 1860",2020-01-19,Healthcare & Medical,Rajkot,Gujarat,https://ngodarpan.gov.in/index.php/home/statewise_ngo/DARPAN_273381
2026-09-16,DARPAN_549752,Sankalp Foundation 156,contact@sankalpfound.org,Delhi,South Delhi,South Delhi Taluk,Society,Registrar of Societies,SOC/128/2021/7587,"Societies Registration Act, 1860",2003-12-16,"Healthcare & Medical, Skill Development & Livelihood, Nutrition & Food Security",South Delhi,Delhi,https://ngodarpan.gov.in/index.php/home/statewise_ngo/DARPAN_549752
2026-09-16,DARPAN_549752,Sankalp Foundation 156 (New Delhi),contact@sankalpfound.org,Delhi,South Delhi,South Delhi Taluk,Society,Registrar of Societies,SOC/128/2021/7587,"Societies Registration Act, 1860",2003-12-16,"Healthcare & Medical, Skill Development & Livelihood, Nutrition & Food Security",New Delhi,Odisha,https://ngodarpan.gov.in/index.php/home/statewise_ngo/DARPAN_549752
2026-09-16,DARPAN_549752,Sankalp Foundation 156 (North Delhi),contact@sankalpfound.org,Delhi,South Delhi,South Delhi Taluk,Society,Registrar of Societies,SOC/128/2021/7587,"Societies Registration Act, 1860",2003-12-16,"Healthcare & Medical, Skill Development & Livelihood, Nutrition & Food Security",North Delhi,Odisha,https://ngodarpan.gov.in/index.php/home/statewise_ngo/DARPAN_549752
2026-09-16,DARPAN_808069,Deepam Society 157,contact@deepamsociet.org,Karnataka,Bengaluru Urban,Bengaluru Urban Taluk,Trust,Sub-Registrar / Charity Commissioner,TRU/255/2013/3966,"Indian Trusts Act, 1882",1999-07-16,"Child Welfare, Environment & Forests",Bengaluru Urban,Karnataka,https://ngodarpan.gov.in/index.php/home/statewise_ngo/DARPAN_808069
2026-09-16,DARPAN_808069,Deepam Society 157 (Mangaluru),contact@deepamsociet.org,Karnataka,Bengaluru Urban,Bengaluru Urban Taluk,Trust,Sub-Registrar / Charity Commissioner,TRU/255/2013/3966,"Indian Trusts Act, 1882",1999-07-16,"Child Welfare, Environment & Forests",Mangaluru,Karnataka,https://ngodarpan.gov.in/index.php/home/statewise_ngo/DARPAN_808069
2026-09-16,DARPAN_786874,Kalyan Foundation 158,contact@kalyanfounda.org,Maharashtra,Raigad,Raigad Taluk,Society,Registrar of Societies,SOC/352/1997/5176,"Societies Registration Act, 1860",2022-01-13,"Disaster Relief & Rehabilitation, Rural Development",Raigad,Maharashtra,https://ngodarpan.gov.in/index.php/home/statewise_ngo/DARPAN_786874
2026-09-16,DARPAN_786874,Kalyan Foundation 158 (Nagpur),,Maharashtra,Raigad,Raigad Taluk,Society,Registrar of Societies,SOC/352/1997/5176,"Societies Registration Act, 1860",2022-01-13,"Disaster Relief & Rehabilitation, Rural Development",Nagpur,Gujarat,https://ngodarpan.gov.in/index.php/home/statewise_ngo/DARPAN_786874
2026-09-16,DARPAN_786874,Kalyan Foundation 158 (Surat),contact@kalyanfounda.org,Maharashtra,Raigad,Raigad Taluk,Society,Registrar of Societies,SOC/352/1997/5176,"Societies Registration Act, 1860",2022-01-13,"Disaster Relief & Rehabilitation, Rural Development",Surat,Gujarat,https://ngodarpan.gov.in/index.php/home/statewise_ngo/DARPAN_786874
2026-09-16,DARPAN_220181,Navjeevan Foundation 159,contact@navjeevanfou.org,Gujarat,Rajkot,Rajkot Taluk,Section 8,Ministry of Corporate Affairs (MCA),SEC/495/2002/1183,"Companies Act, 2013",2012-04-12,Healthcare & Medical,Rajkot,Gujarat,https://ngodarpan.gov.in/index.php/home/statewise_ngo/DARPAN_220181
2026-09-16,DARPAN_220181,Navjeevan Foundation 159 (Surat),contact@navjeevanfou.org,Gujarat,Rajkot,Rajkot Taluk,Section 8,Ministry of Corporate Affairs (MCA),SEC/495/2002/1183,"Companies Act, 2013",2012-04-12,Healthcare & Medical,Surat,Gujarat,https://ngodarpan.gov.in/index.php/home/statewise_ngo/DARPAN_220181
2026-09-16,DARPAN_220181,Navjeevan Foundation 159 (Vadodara),contact@navjeevanfou.org,Gujarat,Rajkot,Rajkot Taluk,Section 8,Ministry of Corporate Affairs (MCA),SEC/495/2002/1183,"Companies Act, 2013",2012-04-12,Healthcare & Medical,Vadodara,Gujarat,https://ngodarpan.gov.in/index.php/home/statewise_ngo/DARPAN_220181
2026-09-16,DARPAN_182480,Kalyan Foundation 160,contact@kalyanfounda.org,Odisha,Sundargarh,Sundargarh Taluk,Trust,Sub-Registrar / Charity Commissioner,TRU/174/2024/6918,"Indian Trusts Act, 1882",2023-02-15,"Environment & Forests, Healthcare & Medical",Sundargarh,Odisha,https://ngodarpan.gov.in/index.php/home/statewise_ngo/DARPAN_182480
2026-09-16,DARPAN_182480,Kalyan Foundation 160 (Cuttack),contact@kalyanfounda.org,Odisha,Sundargarh,Sundargarh Taluk,Trust,Sub-Registrar / Charity Commissioner,TRU/174/2024/6918,"Indian Trusts Act, 1882",2023-02-15,"Environment & Forests, Healthcare & Medical",Cuttack,Karnataka,https://ngodarpan.gov.in/index.php/home/statewise_ngo/DARPAN_182480
2026-09-16,DARPAN_182480,Kalyan Foundation 160 (Mysuru),contact@kalyanfounda.org,Odisha,Sundargarh,Sundargarh Taluk,Trust,Sub-Registrar / Charity Commissioner,TRU/174/2024/6918,"Indian Trusts Act, 1882",2023-02-15,"Environment & Forests, Healthcare & Medical",Mysuru,Karnataka,https://ngodarpan.gov.in/index.php/home/statewise_ngo/DARPAN_182480
2026-09-16,DARPAN_393599,Asha Foundation 161,,Maharashtra,Nashik,Nashik Taluk,Section 8,Ministry of Corporate Affairs (MCA),SEC/767/2006/3636,"Companies Act, 2013",2013-04-03,Women Empowerment,Nashik,Maharashtra,https://ngodarpan.gov.in/index.php/home/statewise_ngo/DARPAN_393599
2026-09-16,DARPAN_393599,Asha Foundation 161 (Nagpur),contact@ashafoundati.org,Maharashtra,Nashik,Nashik Taluk,Section 8,Ministry of Corporate Affairs (MCA),SEC/767/2006/3636,"Companies Act, 2013",2013-04-03,Women Empowerment,Nagpur,Maharashtra,https://ngodarpan.gov.in/index.php/home/statewise_ngo/DARPAN_393599
2026-09-16,DARPAN_393599,Asha Foundation 161 (Mumbai),contact@ashafoundati.org,Maharashtra,Nashik,Nashik Taluk,Section 8,Ministry of Corporate Affairs (MCA),SEC/767/2006/3636,"Companies Act, 2013",2013-04-03,Women Empowerment,Mumbai,Maharashtra,https://ngodarpan.gov.in/index.php/home/statewise_ngo/DARPAN_393599
2026-09-16,DARPAN_468883,Kalyan Seva Sanstha 162,contact@kalyansevasa.org,Kerala,Ernakulam,Ernakulam Taluk,Section 8,Ministry of Corporate Affairs (MCA),SEC/287/1999/8672,"Companies Act, 2013",2007-12-12,"Skill Development & Livelihood, Disaster Relief & Rehabilitation",Ernakulam,Kerala,https://ngodarpan.gov.in/index.php/home/statewise_ngo/DARPAN_468883
2026-09-16,DARPAN_468883,Kalyan Seva Sanstha 162 (Thrissur),contact@kalyansevasa.org,Kerala,Ernakulam,Ernakulam Taluk,Section 8,Ministry of Corporate Affairs (MCA),SEC/287/1999/8672,"Companies Act, 2013",2007-12-12,"Skill Development & Livelihood, Disaster Relief & Rehabilitation",Thrissur,Kerala,https://ngodarpan.gov.in/index.php/home/statewise_ngo/DARPAN_468883
2026-09-16,DARPAN_511744,Punarutthan Seva Sanstha 163,contact@punarutthans.org,Delhi,South Delhi,South Delhi Taluk,Section 8,Ministry of Corporate Affairs (MCA),SEC/112/2008/2941,"Companies Act, 2013",2025-01-07,"Skill Development & Livelihood, Environment & Forests",South Delhi,Delhi,https://ngodarpan.gov.in/index.php/home/statewise_ngo/DARPAN_511744
2026-09-16,DARPAN_511744,Punarutthan Seva Sanstha 163 (North Delhi),contact@punarutthans.org,Delhi,South Delhi,South Delhi Taluk,Section 8,Ministry of Corporate Affairs (MCA),SEC/112/2008/2941,"Companies Act, 2013",2025-01-07,"Skill Development & Livelihood, Environment & Forests",North Delhi,Delhi,https://ngodarpan.gov.in/index.php/home/statewise_ngo/DARPAN_511744
2026-09-16,DARPAN_511744,Punarutthan Seva Sanstha 163 (New Delhi),contact@punarutthans.org,Delhi,South Delhi,South Delhi Taluk,Section 8,Ministry of Corporate Affairs (MCA),SEC/112/2008/2941,"Companies Act, 2013",2025-01-07,"Skill Development & Livelihood, Environment & Forests",New Delhi,Delhi,https://ngodarpan.gov.in/index.php/home/statewise_ngo/DARPAN_511744
2026-09-16,DARPAN_549286,Kalyan Foundation 164,,Maharashtra,Raigad,Raigad Taluk,Society,Registrar of Societies,SOC/834/2023/8823,"Societies Registration Act, 1860",2021-04-16,"Nutrition & Food Security, Disaster Relief & Rehabilitation",Raigad,Maharashtra,https://ngodarpan.gov.in/index.php/home/statewise_ngo/DARPAN_549286
2026-09-16,DARPAN_549286,Kalyan Foundation 164 (Nagpur),contact@kalyanfounda.org,Maharashtra,Raigad,Raigad Taluk,Society,Registrar of Societies,SOC/834/2023/8823,"Societies Registration Act, 1860",2021-04-16,"Nutrition & Food Security, Disaster Relief & Rehabilitation",Nagpur,Odisha,https://ngodarpan.gov.in/index.php/home/statewise_ngo/DARPAN_549286
2026-09-16,DARPAN_549286,Kalyan Foundation 164 (Sundargarh),contact@kalyanfounda.org,Maharashtra,Raigad,Raigad Taluk,Society,Registrar of Societies,SOC/834/2023/8823,"Societies Registration Act, 1860",2021-04-16,"Nutrition & Food Security, Disaster Relief & Rehabilitation",Sundargarh,Odisha,https://ngodarpan.gov.in/index.php/home/statewise_ngo/DARPAN_549286
2026-09-16,DARPAN_647622,Shakti Mission 165,contact@shaktimissio.org,Tamil Nadu,Salem,Salem Taluk,Society,Registrar of Societies,SOC/679/2001/8106,"Societies Registration Act, 1860",2025-07-07,"Rural Development, Skill Development & Livelihood",Salem,Tamil Nadu,https://ngodarpan.gov.in/index.php/home/statewise_ngo/DARPAN_647622
2026-09-16,DARPAN_647622,Shakti Mission 165 (Tiruchirappalli),contact@shaktimissio.org,Tamil Nadu,Salem,Salem Taluk,Society,Registrar of Societies,SOC/679/2001/8106,"Societies Registration Act, 1860",2025-07-07,"Rural Development, Skill Development & Livelihood",Tiruchirappalli,Tamil Nadu,https://ngodarpan.gov.in/index.php/home/statewise_ngo/DARPAN_647622
2026-09-16,DARPAN_647622,Shakti Mission 165 (Coimbatore),contact@shaktimissio.org,Tamil Nadu,Salem,Salem Taluk,Society,Registrar of Societies,SOC/679/2001/8106,"Societies Registration Act, 1860",2025-07-07,"Rural Development, Skill Development & Livelihood",Coimbatore,Tamil Nadu,https://ngodarpan.gov.in/index.php/home/statewise_ngo/DARPAN_647622
2026-09-16,DARPAN_389523,Sankalp Association 166,contact@sankalpassoc.org,Tamil Nadu,Salem,Salem Taluk,Trust,Sub-Registrar / Charity Commissioner,TRU/626/2003/3754,"Indian Trusts Act, 1882",2016-01-02,Disaster Relief & Rehabilitation,Salem,Tamil Nadu,https://ngodarpan.gov.in/index.php/home/statewise_ngo/DARPAN_389523
2026-09-16,DARPAN_389523,Sankalp Association 166 (Surat),contact@sankalpassoc.org,Tamil Nadu,Salem,Salem Taluk,Trust,Sub-Registrar / Charity Commissioner,TRU/626/2003/3754,"Indian Trusts Act, 1882",2016-01-02,Disaster Relief & Rehabilitation,Surat,Gujarat,https://ngodarpan.gov.in/index.php/home/statewise_ngo/DARPAN_389523
2026-09-16,DARPAN_305884,Punarutthan Seva Sanstha 167,contact@punarutthans.org,Delhi,Central Delhi,Central Delhi Taluk,Section 8,Ministry of Corporate Affairs (MCA),SEC/526/2017/1139,"Companies Act, 2013",2022-03-15,Nutrition & Food Security,Central Delhi,Delhi,https://ngodarpan.gov.in/index.php/home/statewise_ngo/DARPAN_305884
2026-09-16,DARPAN_305884,Punarutthan Seva Sanstha 167 (New Delhi),contact@punarutthans.org,Delhi,Central Delhi,Central Delhi Taluk,Section 8,Ministry of Corporate Affairs (MCA),SEC/526/2017/1139,"Companies Act, 2013",2022-03-15,Nutrition & Food Security,New Delhi,Delhi,https://ngodarpan.gov.in/index.php/home/statewise_ngo/DARPAN_305884
2026-09-16,DARPAN_305884,Punarutthan Seva Sanstha 167 (North Delhi),contact@punarutthans.org,Delhi,Central Delhi,Central Delhi Taluk,Section 8,Ministry of Corporate Affairs (MCA),SEC/526/2017/1139,"Companies Act, 2013",2022-03-15,Nutrition & Food Security,North Delhi,Delhi,https://ngodarpan.gov.in/index.php/home/statewise_ngo/DARPAN_305884
2026-09-16,DARPAN_330697,Kavach Samiti 168,contact@kavachsamiti.org,Maharashtra,Thane,Thane Taluk,Trust,Sub-Registrar / Charity Commissioner,TRU/130/2002/9121,"Indian Trusts Act, 1882",1998-03-05,"Healthcare & Medical, Rural Development, Child Welfare",Thane,Maharashtra,https://ngodarpan.gov.in/index.php/home/statewise_ngo/DARPAN_330697
2026-09-16,DARPAN_330697,Kavach Samiti 168 (Nagpur),contact@kavachsamiti.org,Maharashtra,Thane,Thane Taluk,Trust,Sub-Registrar / Charity Commissioner,TRU/130/2002/9121,"Indian Trusts Act, 1882",1998-03-05,"Healthcare & Medical, Rural Development, Child Welfare",Nagpur,Maharashtra,https://ngodarpan.gov.in/index.php/home/statewise_ngo/DARPAN_330697
2026-09-16,DARPAN_330697,Kavach Samiti 168 (Pune),contact@kavachsamiti.org,Maharashtra,Thane,Thane Taluk,Trust,Sub-Registrar / Charity Commissioner,TRU/130/2002/9121,"Indian Trusts Act, 1882",1998-03-05,"Healthcare & Medical, Rural Development, Child Welfare",Pune,Maharashtra,https://ngodarpan.gov.in/index.php/home/statewise_ngo/DARPAN_330697
2026-09-16,DARPAN_631917,Uday Foundation 169,contact@udayfoundati.org,Rajasthan,Kota,Kota Taluk,Trust,Sub-Registrar / Charity Commissioner,TRU/150/2024/1746,"Indian Trusts Act, 1882",2017-08-26,"Skill Development & Livelihood, Nutrition & Food Security, Disaster Relief & Rehabilitation",Kota,Rajasthan,https://ngodarpan.gov.in/index.php/home/statewise_ngo/DARPAN_631917
2026-09-16,DARPAN_631917,Uday Foundation 169 (Jaipur),contact@udayfoundati.org,Rajasthan,Kota,Kota Taluk,Trust,Sub-Registrar / Charity Commissioner,TRU/150/2024/1746,"Indian Trusts Act, 1882",2017-08-26,"Skill Development & Livelihood, Nutrition & Food Security, Disaster Relief & Rehabilitation",Jaipur,Rajasthan,https://ngodarpan.gov.in/index.php/home/statewise_ngo/DARPAN_631917
2026-09-16,DARPAN_475130,Umeed Foundation 170,,Rajasthan,Jaipur,Jaipur Taluk,Trust,Sub-Registrar / Charity Commissioner,TRU/118/2011/3764,"Indian Trusts Act, 1882",2019-01-03,"Child Welfare, Healthcare & Medical",Jaipur,Rajasthan,https://ngodarpan.gov.in/index.php/home/statewise_ngo/DARPAN_475130
2026-09-16,DARPAN_475130,Umeed Foundation 170 (Kota),contact@umeedfoundat.org,Rajasthan,Jaipur,Jaipur Taluk,Trust,Sub-Registrar / Charity Commissioner,TRU/118/2011/3764,"Indian Trusts Act, 1882",2019-01-03,"Child Welfare, Healthcare & Medical",Kota,Rajasthan,https://ngodarpan.gov.in/index.php/home/statewise_ngo/DARPAN_475130
2026-09-16,DARPAN_475130,Umeed Foundation 170 (Jodhpur),contact@umeedfoundat.org,Rajasthan,Jaipur,Jaipur Taluk,Trust,Sub-Registrar / Charity Commissioner,TRU/118/2011/3764,"Indian Trusts Act, 1882",2019-01-03,"Child Welfare, Healthcare & Medical",Jodhpur,Rajasthan,https://ngodarpan.gov.in/index.php/home/statewise_ngo/DARPAN_475130
2026-09-16,DARPAN_746403,Umeed Mission 171,contact@umeedmission.org,Rajasthan,Jaipur,Jaipur Taluk,Trust,Sub-Registrar / Charity Commissioner,TRU/750/2017/3250,"Indian Trusts Act, 1882",2017-06-07,Rural Development,Jaipur,Rajasthan,https://ngodarpan.gov.in/index.php/home/statewise_ngo/DARPAN_746403
2026-09-16,DARPAN_746403,Umeed Mission 171 (Kota),contact@umeedmission.org,Rajasthan,Jaipur,Jaipur Taluk,Trust,Sub-Registrar / Charity Commissioner,TRU/750/2017/3250,"Indian Trusts Act, 1882",2017-06-07,Rural Development,Kota,Rajasthan,https://ngodarpan.gov.in/index.php/home/statewise_ngo/DARPAN_746403
2026-09-16,DARPAN_746403,Umeed Mission 171 (Jodhpur),contact@umeedmission.org,Rajasthan,Jaipur,Jaipur Taluk,Trust,Sub-Registrar / Charity Commissioner,TRU/750/2017/3250,"Indian Trusts Act, 1882",2017-06-07,Rural Development,Jodhpur,Rajasthan,https://ngodarpan.gov.in/index.php/home/statewise_ngo/DARPAN_746403
2026-09-16,DARPAN_512596,Uday Initiative 172,contact@udayinitiati.org,Odisha,Puri,Puri Taluk,Trust,Sub-Registrar / Charity Commissioner,TRU/438/2016/8722,"Indian Trusts Act, 1882",2002-07-26,Water & Sanitation,Puri,Odisha,https://ngodarpan.gov.in/index.php/home/statewise_ngo/DARPAN_512596
2026-09-16,DARPAN_512596,Uday Initiative 172 (Sundargarh),contact@udayinitiati.org,Odisha,Puri,Puri Taluk,Trust,Sub-Registrar / Charity Commissioner,TRU/438/2016/8722,"Indian Trusts Act, 1882",2002-07-26,Water & Sanitation,Sundargarh,Maharashtra,https://ngodarpan.gov.in/index.php/home/statewise_ngo/DARPAN_512596
2026-09-16,DARPAN_512596,Uday Initiative 172 (Pune),contact@udayinitiati.org,Odisha,Puri,Puri Taluk,Trust,Sub-Registrar / Charity Commissioner,TRU/438/2016/8722,"Indian Trusts Act, 1882",2002-07-26,Water & Sanitation,Pune,Maharashtra,https://ngodarpan.gov.in/index.php/home/statewise_ngo/DARPAN_512596
2026-09-16,DARPAN_248891,Goonj Seva Sanstha 173,contact@goonjsevasan.org,Odisha,Sundargarh,Sundargarh Taluk,Society,Registrar of Societies,SOC/355/1998/3843,"Societies Registration Act, 1860",2022-01-03,"Nutrition & Food Security, Disaster Relief & Rehabilitation, Environment & Forests",Sundargarh,Odisha,https://ngodarpan.gov.in/index.php/home/statewise_ngo/DARPAN_248891
2026-09-16,DARPAN_248891,Goonj Seva Sanstha 173 (Khordha),contact@goonjsevasan.org,Odisha,Sundargarh,Sundargarh Taluk,Society,Registrar of Societies,SOC/355/1998/3843,"Societies Registration Act, 1860",2022-01-03,"Nutrition & Food Security, Disaster Relief & Rehabilitation, Environment & Forests",Khordha,Karnataka,https://ngodarpan.gov.in/index.php/home/statewise_ngo/DARPAN_248891
2026-09-16,DARPAN_248891,Goonj Seva Sanstha 173 (Dharwad),contact@goonjsevasan.org,Odisha,Sundargarh,Sundargarh Taluk,Society,Registrar of Societies,SOC/355/1998/3843,"Societies Registration Act, 1860",2022-01-03,"Nutrition & Food Security, Disaster Relief & Rehabilitation, Environment & Forests",Dharwad,Karnataka,https://ngodarpan.gov.in/index.php/home/statewise_ngo/DARPAN_248891
2026-09-16,DARPAN_956114,Prerna Samiti 174,,West Bengal,North 24 Parganas,North 24 Parganas Taluk,Society,Registrar of Societies,SOC/553/1996/5992,"Societies Registration Act, 1860",2015-09-20,"Rural Development, Education",North 24 Parganas,West Bengal,https://ngodarpan.gov.in/index.php/home/statewise_ngo/DARPAN_956114
2026-09-16,DARPAN_956114,Prerna Samiti 174 (Howrah),contact@prernasamiti.org,West Bengal,North 24 Parganas,North 24 Parganas Taluk,Society,Registrar of Societies,SOC/553/1996/5992,"Societies Registration Act, 1860",2015-09-20,"Rural Development, Education",Howrah,West Bengal,https://ngodarpan.gov.in/index.php/home/statewise_ngo/DARPAN_956114
2026-09-16,DARPAN_217223,Manav Society 175,contact@manavsociety.org,Kerala,Ernakulam,Ernakulam Taluk,Trust,Sub-Registrar / Charity Commissioner,TRU/176/2007/3998,"Indian Trusts Act, 1882",2024-01-10,Environment & Forests,Ernakulam,Kerala,https://ngodarpan.gov.in/index.php/home/statewise_ngo/DARPAN_217223
2026-09-16,DARPAN_217223,Manav Society 175 (Kozhikode),contact@manavsociety.org,Kerala,Ernakulam,Ernakulam Taluk,Trust,Sub-Registrar / Charity Commissioner,TRU/176/2007/3998,"Indian Trusts Act, 1882",2024-01-10,Environment & Forests,Kozhikode,Kerala,https://ngodarpan.gov.in/index.php/home/statewise_ngo/DARPAN_217223
2026-09-16,DARPAN_269700,Deepam Seva Sanstha 176,contact@deepamsevasa.org,Karnataka,Mangaluru,Mangaluru Taluk,Section 8,Ministry of Corporate Affairs (MCA),SEC/163/1998/8390,"Companies Act, 2013",2022-03-27,"Women Empowerment, Disaster Relief & Rehabilitation",Mangaluru,Karnataka,https://ngodarpan.gov.in/index.php/home/statewise_ngo/DARPAN_269700
2026-09-16,DARPAN_269700,Deepam Seva Sanstha 176 (Rajkot),contact@deepamsevasa.org,Karnataka,Mangaluru,Mangaluru Taluk,Section 8,Ministry of Corporate Affairs (MCA),SEC/163/1998/8390,"Companies Act, 2013",2022-03-27,"Women Empowerment, Disaster Relief & Rehabilitation",Rajkot,Gujarat,https://ngodarpan.gov.in/index.php/home/statewise_ngo/DARPAN_269700
2026-09-16,DARPAN_269700,Deepam Seva Sanstha 176 (Vadodara),contact@deepamsevasa.org,Karnataka,Mangaluru,Mangaluru Taluk,Section 8,Ministry of Corporate Affairs (MCA),SEC/163/1998/8390,"Companies Act, 2013",2022-03-27,"Women Empowerment, Disaster Relief & Rehabilitation",Vadodara,Gujarat,https://ngodarpan.gov.in/index.php/home/statewise_ngo/DARPAN_269700
2026-09-16,DARPAN_123566,Kavach Association 177,contact@kavachassoci.org,Rajasthan,Jodhpur,Jodhpur Taluk,Section 8,Ministry of Corporate Affairs (MCA),SEC/521/2022/5989,"Companies Act, 2013",2025-10-13,"Skill Development & Livelihood, Education",Jodhpur,Rajasthan,https://ngodarpan.gov.in/index.php/home/statewise_ngo/DARPAN_123566
2026-09-16,DARPAN_123566,Kavach Association 177 (Kota),contact@kavachassoci.org,Rajasthan,Jodhpur,Jodhpur Taluk,Section 8,Ministry of Corporate Affairs (MCA),SEC/521/2022/5989,"Companies Act, 2013",2025-10-13,"Skill Development & Livelihood, Education",Kota,Rajasthan,https://ngodarpan.gov.in/index.php/home/statewise_ngo/DARPAN_123566
2026-09-16,DARPAN_123566,Kavach Association 177 (Udaipur),contact@kavachassoci.org,Rajasthan,Jodhpur,Jodhpur Taluk,Section 8,Ministry of Corporate Affairs (MCA),SEC/521/2022/5989,"Companies Act, 2013",2025-10-13,"Skill Development & Livelihood, Education",Udaipur,Rajasthan,https://ngodarpan.gov.in/index.php/home/statewise_ngo/DARPAN_123566
2026-09-16,DARPAN_407198,Shakti Initiative 178,contact@shaktiinitia.org,Tamil Nadu,Coimbatore,Coimbatore Taluk,Society,Registrar of Societies,SOC/423/1995/3730,"Societies Registration Act, 1860",2015-07-01,Nutrition & Food Security,Coimbatore,Tamil Nadu,https://ngodarpan.gov.in/index.php/home/statewise_ngo/DARPAN_407198
2026-09-16,DARPAN_407198,Shakti Initiative 178 (Vellore),contact@shaktiinitia.org,Tamil Nadu,Coimbatore,Coimbatore Taluk,Society,Registrar of Societies,SOC/423/1995/3730,"Societies Registration Act, 1860",2015-07-01,Nutrition & Food Security,Vellore,Tamil Nadu,https://ngodarpan.gov.in/index.php/home/statewise_ngo/DARPAN_407198
2026-09-16,DARPAN_364309,Vikas Seva Sanstha 179,contact@vikassevasan.org,Odisha,Khordha,Khordha Taluk,Society,Registrar of Societies,SOC/595/2012/6618,"Societies Registration Act, 1860",2002-07-27,"Nutrition & Food Security, Environment & Forests, Education",Khordha,Odisha,https://ngodarpan.gov.in/index.php/home/statewise_ngo/DARPAN_364309
2026-09-16,DARPAN_612051,Sneha Initiative 180,contact@snehainitiat.org,Tamil Nadu,Vellore,Vellore Taluk,Trust,Sub-Registrar / Charity Commissioner,TRU/227/2008/7902,"Indian Trusts Act, 1882",2024-12-07,Skill Development & Livelihood,Vellore,Tamil Nadu,https://ngodarpan.gov.in/index.php/home/statewise_ngo/DARPAN_612051
2026-09-16,DARPAN_612051,Sneha Initiative 180 (Tiruchirappalli),contact@snehainitiat.org,Tamil Nadu,Vellore,Vellore Taluk,Trust,Sub-Registrar / Charity Commissioner,TRU/227/2008/7902,"Indian Trusts Act, 1882",2024-12-07,Skill Development & Livelihood,Tiruchirappalli,Karnataka,https://ngodarpan.gov.in/index.php/home/statewise_ngo/DARPAN_612051
2026-09-16,DARPAN_612051,Sneha Initiative 180 (Mangaluru),,Tamil Nadu,Vellore,Vellore Taluk,Trust,Sub-Registrar / Charity Commissioner,TRU/227/2008/7902,"Indian Trusts Act, 1882",2024-12-07,Skill Development & Livelihood,Mangaluru,Kerala,https://ngodarpan.gov.in/index.php/home/statewise_ngo/DARPAN_612051
2026-09-16,DARPAN_973107,Sankalp Society 181,contact@sankalpsocie.org,Maharashtra,Thane,Thane Taluk,Trust,Sub-Registrar / Charity Commissioner,TRU/653/2021/9553,"Indian Trusts Act, 1882",2023-11-10,Skill Development & Livelihood,Thane,Maharashtra,https://ngodarpan.gov.in/index.php/home/statewise_ngo/DARPAN_973107
2026-09-16,DARPAN_973107,Sankalp Society 181 (Raigad),contact@sankalpsocie.org,Maharashtra,Thane,Thane Taluk,Trust,Sub-Registrar / Charity Commissioner,TRU/653/2021/9553,"Indian Trusts Act, 1882",2023-11-10,Skill Development & Livelihood,Raigad,West Bengal,https://ngodarpan.gov.in/index.php/home/statewise_ngo/DARPAN_973107
2026-09-16,DARPAN_973107,Sankalp Society 181 (Nashik),contact@sankalpsocie.org,Maharashtra,Thane,Thane Taluk,Trust,Sub-Registrar / Charity Commissioner,TRU/653/2021/9553,"Indian Trusts Act, 1882",2023-11-10,Skill Development & Livelihood,Nashik,West Bengal,https://ngodarpan.gov.in/index.php/home/statewise_ngo/DARPAN_973107
2026-09-16,DARPAN_291076,Prerna Foundation 182,contact@prernafounda.org,Delhi,South Delhi,South Delhi Taluk,Society,Registrar of Societies,SOC/969/2002/2342,"Societies Registration Act, 1860",2015-08-27,"Environment & Forests, Rural Development",South Delhi,Delhi,https://ngodarpan.gov.in/index.php/home/statewise_ngo/DARPAN_291076
2026-09-16,DARPAN_291076,Prerna Foundation 182 (Central Delhi),contact@prernafounda.org,Delhi,South Delhi,South Delhi Taluk,Society,Registrar of Societies,SOC/969/2002/2342,"Societies Registration Act, 1860",2015-08-27,"Environment & Forests, Rural Development",Central Delhi,Delhi,https://ngodarpan.gov.in/index.php/home/statewise_ngo/DARPAN_291076
2026-09-16,DARPAN_956686,Deepam Trust 183,contact@deepamtrust1.org,Tamil Nadu,Chennai,Chennai Taluk,Section 8,Ministry of Corporate Affairs (MCA),SEC/813/2024/6297,"Companies Act, 2013",2019-09-28,"Environment & Forests, Women Empowerment, Water & Sanitation",Chennai,Tamil Nadu,https://ngodarpan.gov.in/index.php/home/statewise_ngo/DARPAN_956686
2026-09-16,DARPAN_956686,Deepam Trust 183 (Salem),contact@deepamtrust1.org,Tamil Nadu,Chennai,Chennai Taluk,Section 8,Ministry of Corporate Affairs (MCA),SEC/813/2024/6297,"Companies Act, 2013",2019-09-28,"Environment & Forests, Women Empowerment, Water & Sanitation",Salem,Tamil Nadu,https://ngodarpan.gov.in/index.php/home/statewise_ngo/DARPAN_956686
2026-09-16,DARPAN_539490,Asha Society 184,,Gujarat,Surat,Surat Taluk,Society,Registrar of Societies,SOC/236/2017/5333,"Societies Registration Act, 1860",2011-05-03,"Nutrition & Food Security, Disaster Relief & Rehabilitation",Surat,Gujarat,https://ngodarpan.gov.in/index.php/home/statewise_ngo/DARPAN_539490
2026-09-16,DARPAN_539490,Asha Society 184 (Vadodara),contact@ashasociety1.org,Gujarat,Surat,Surat Taluk,Society,Registrar of Societies,SOC/236/2017/5333,"Societies Registration Act, 1860",2011-05-03,"Nutrition & Food Security, Disaster Relief & Rehabilitation",Vadodara,Odisha,https://ngodarpan.gov.in/index.php/home/statewise_ngo/DARPAN_539490
2026-09-16,DARPAN_539490,Asha Society 184 (Rajkot),contact@ashasociety1.org,Gujarat,Surat,Surat Taluk,Society,Registrar of Societies,SOC/236/2017/5333,"Societies Registration Act, 1860",2011-05-03,"Nutrition & Food Security, Disaster Relief & Rehabilitation",Rajkot,Tamil Nadu,https://ngodarpan.gov.in/index.php/home/statewise_ngo/DARPAN_539490
2026-09-16,DARPAN_156406,Vikas Samiti 185,contact@vikassamiti1.org,West Bengal,North 24 Parganas,North 24 Parganas Taluk,Trust,Sub-Registrar / Charity Commissioner,TRU/288/2018/3362,"Indian Trusts Act, 1882",2025-03-11,Water & Sanitation,North 24 Parganas,West Bengal,https://ngodarpan.gov.in/index.php/home/statewise_ngo/DARPAN_156406
2026-09-16,DARPAN_156406,Vikas Samiti 185 (Howrah),contact@vikassamiti1.org,West Bengal,North 24 Parganas,North 24 Parganas Taluk,Trust,Sub-Registrar / Charity Commissioner,TRU/288/2018/3362,"Indian Trusts Act, 1882",2025-03-11,Water & Sanitation,Howrah,West Bengal,https://ngodarpan.gov.in/index.php/home/statewise_ngo/DARPAN_156406
2026-09-16,DARPAN_731953,Punarutthan Initiative 186,contact@punarutthani.org,Tamil Nadu,Salem,Salem Taluk,Trust,Sub-Registrar / Charity Commissioner,TRU/376/2017/6883,"Indian Trusts Act, 1882",2017-07-02,Healthcare & Medical,Salem,Tamil Nadu,https://ngodarpan.gov.in/index.php/home/statewise_ngo/DARPAN_731953
2026-09-16,DARPAN_731953,Punarutthan Initiative 186 (Coimbatore),contact@punarutthani.org,Tamil Nadu,Salem,Salem Taluk,Trust,Sub-Registrar / Charity Commissioner,TRU/376/2017/6883,"Indian Trusts Act, 1882",2017-07-02,Healthcare & Medical,Coimbatore,Tamil Nadu,https://ngodarpan.gov.in/index.php/home/statewise_ngo/DARPAN_731953
2026-09-16,DARPAN_615551,Vikas Foundation 187,contact@vikasfoundat.org,Uttar Pradesh,Kanpur Nagar,Kanpur Nagar Taluk,Trust,Sub-Registrar / Charity Commissioner,TRU/999/2008/4568,"Indian Trusts Act, 1882",2025-09-17,Environment & Forests,Kanpur Nagar,Uttar Pradesh,https://ngodarpan.gov.in/index.php/home/statewise_ngo/DARPAN_615551
2026-09-16,DARPAN_615551,Vikas Foundation 187 (Varanasi),contact@vikasfoundat.org,Uttar Pradesh,Kanpur Nagar,Kanpur Nagar Taluk,Trust,Sub-Registrar / Charity Commissioner,TRU/999/2008/4568,"Indian Trusts Act, 1882",2025-09-17,Environment & Forests,Varanasi,Kerala,https://ngodarpan.gov.in/index.php/home/statewise_ngo/DARPAN_615551
2026-09-16,DARPAN_615551,Vikas Foundation 187 (Lucknow),contact@vikasfoundat.org,Uttar Pradesh,Kanpur Nagar,Kanpur Nagar Taluk,Trust,Sub-Registrar / Charity Commissioner,TRU/999/2008/4568,"Indian Trusts Act, 1882",2025-09-17,Environment & Forests,Lucknow,Kerala,https://ngodarpan.gov.in/index.php/home/statewise_ngo/DARPAN_615551
2026-09-16,DARPAN_668094,Sankalp Association 188,contact@sankalpassoc.org,Gujarat,Ahmedabad,Ahmedabad Taluk,Section 8,Ministry of Corporate Affairs (MCA),SEC/535/2025/5227,"Companies Act, 2013",2023-01-20,"Water & Sanitation, Skill Development & Livelihood, Environment & Forests",Ahmedabad,Gujarat,https://ngodarpan.gov.in/index.php/home/statewise_ngo/DARPAN_668094
2026-09-16,DARPAN_668094,Sankalp Association 188 (Rajkot),contact@sankalpassoc.org,Gujarat,Ahmedabad,Ahmedabad Taluk,Section 8,Ministry of Corporate Affairs (MCA),SEC/535/2025/5227,"Companies Act, 2013",2023-01-20,"Water & Sanitation, Skill Development & Livelihood, Environment & Forests",Rajkot,Delhi,https://ngodarpan.gov.in/index.php/home/statewise_ngo/DARPAN_668094
2026-09-16,DARPAN_668094,Sankalp Association 188 (Central Delhi),,Gujarat,Ahmedabad,Ahmedabad Taluk,Section 8,Ministry of Corporate Affairs (MCA),SEC/535/2025/5227,"Companies Act, 2013",2023-01-20,"Water & Sanitation, Skill Development & Livelihood, Environment & Forests",Central Delhi,Delhi,https://ngodarpan.gov.in/index.php/home/statewise_ngo/DARPAN_668094
2026-09-16,DARPAN_440537,Vikas Mission 189,contact@vikasmission.org,Delhi,South Delhi,South Delhi Taluk,Section 8,Ministry of Corporate Affairs (MCA),SEC/297/2021/6104,"Companies Act, 2013",2021-06-15,Environment & Forests,South Delhi,Delhi,https://ngodarpan.gov.in/index.php/home/statewise_ngo/DARPAN_440537
2026-09-16,DARPAN_440537,Vikas Mission 189 (New Delhi),contact@vikasmission.org,Delhi,South Delhi,South Delhi Taluk,Section 8,Ministry of Corporate Affairs (MCA),SEC/297/2021/6104,"Companies Act, 2013",2021-06-15,Environment & Forests,New Delhi,Delhi,https://ngodarpan.gov.in/index.php/home/statewise_ngo/DARPAN_440537
2026-09-16,DARPAN_440537,Vikas Mission 189 (North Delhi),contact@vikasmission.org,Delhi,South Delhi,South Delhi Taluk,Section 8,Ministry of Corporate Affairs (MCA),SEC/297/2021/6104,"Companies Act, 2013",2021-06-15,Environment & Forests,North Delhi,Delhi,https://ngodarpan.gov.in/index.php/home/statewise_ngo/DARPAN_440537
2026-09-16,DARPAN_893627,Samarpan Society 190,contact@samarpansoci.org,Rajasthan,Jodhpur,Jodhpur Taluk,Society,Registrar of Societies,SOC/563/1995/9345,"Societies Registration Act, 1860",2022-07-12,"Women Empowerment, Nutrition & Food Security, Skill Development & Livelihood",Jodhpur,Rajasthan,https://ngodarpan.gov.in/index.php/home/statewise_ngo/DARPAN_893627
2026-09-16,DARPAN_893627,Samarpan Society 190 (Kota),contact@samarpansoci.org,Rajasthan,Jodhpur,Jodhpur Taluk,Society,Registrar of Societies,SOC/563/1995/9345,"Societies Registration Act, 1860",2022-07-12,"Women Empowerment, Nutrition & Food Security, Skill Development & Livelihood",Kota,Rajasthan,https://ngodarpan.gov.in/index.php/home/statewise_ngo/DARPAN_893627
2026-09-16,DARPAN_886654,Goonj Trust 191,contact@goonjtrust19.org,Odisha,Puri,Puri Taluk,Section 8,Ministry of Corporate Affairs (MCA),SEC/668/2021/1746,"Companies Act, 2013",2020-11-25,Nutrition & Food Security,Puri,Odisha,https://ngodarpan.gov.in/index.php/home/statewise_ngo/DARPAN_886654
2026-09-16,DARPAN_886654,Goonj Trust 191 (Khordha),contact@goonjtrust19.org,Odisha,Puri,Puri Taluk,Section 8,Ministry of Corporate Affairs (MCA),SEC/668/2021/1746,"Companies Act, 2013",2020-11-25,Nutrition & Food Security,Khordha,Uttar Pradesh,https://ngodarpan.gov.in/index.php/home/statewise_ngo/DARPAN_886654
2026-09-16,DARPAN_886654,Goonj Trust 191 (Sundargarh),contact@goonjtrust19.org,Odisha,Puri,Puri Taluk,Section 8,Ministry of Corporate Affairs (MCA),SEC/668/2021/1746,"Companies Act, 2013",2020-11-25,Nutrition & Food Security,Sundargarh,Uttar Pradesh,https://ngodarpan.gov.in/index.php/home/statewise_ngo/DARPAN_886654
2026-09-16,DARPAN_874467,Deepam Seva Sanstha 192,contact@deepamsevasa.org,Maharashtra,Mumbai,Mumbai Taluk,Society,Registrar of Societies,SOC/978/2009/1767,"Societies Registration Act, 1860",2025-02-13,"Rural Development, Skill Development & Livelihood",Mumbai,Maharashtra,https://ngodarpan.gov.in/index.php/home/statewise_ngo/DARPAN_874467
2026-09-16,DARPAN_874467,Deepam Seva Sanstha 192 (Thane),contact@deepamsevasa.org,Maharashtra,Mumbai,Mumbai Taluk,Society,Registrar of Societies,SOC/978/2009/1767,"Societies Registration Act, 1860",2025-02-13,"Rural Development, Skill Development & Livelihood",Thane,West Bengal,https://ngodarpan.gov.in/index.php/home/statewise_ngo/DARPAN_874467
2026-09-16,DARPAN_874467,Deepam Seva Sanstha 192 (North 24 Parganas),contact@deepamsevasa.org,Maharashtra,Mumbai,Mumbai Taluk,Society,Registrar of Societies,SOC/978/2009/1767,"Societies Registration Act, 1860",2025-02-13,"Rural Development, Skill Development & Livelihood",North 24 Parganas,Kerala,https://ngodarpan.gov.in/index.php/home/statewise_ngo/DARPAN_874467
2026-09-16,DARPAN_338113,Sahyog Foundation 193,contact@sahyogfounda.org,Karnataka,Dharwad,Dharwad Taluk,Society,Registrar of Societies,SOC/545/2018/5590,"Societies Registration Act, 1860",2016-03-02,Child Welfare,Dharwad,Karnataka,https://ngodarpan.gov.in/index.php/home/statewise_ngo/DARPAN_338113
2026-09-16,DARPAN_338113,Sahyog Foundation 193 (Mysuru),contact@sahyogfounda.org,Karnataka,Dharwad,Dharwad Taluk,Society,Registrar of Societies,SOC/545/2018/5590,"Societies Registration Act, 1860",2016-03-02,Child Welfare,Mysuru,Karnataka,https://ngodarpan.gov.in/index.php/home/statewise_ngo/DARPAN_338113
2026-09-16,DARPAN_338113,Sahyog Foundation 193 (Bengaluru Urban),contact@sahyogfounda.org,Karnataka,Dharwad,Dharwad Taluk,Society,Registrar of Societies,SOC/545/2018/5590,"Societies Registration Act, 1860",2016-03-02,Child Welfare,Bengaluru Urban,Karnataka,https://ngodarpan.gov.in/index.php/home/statewise_ngo/DARPAN_338113
2026-09-16,DARPAN_970456,Uday Mission 194,,Kerala,Thiruvananthapuram,Thiruvananthapuram Taluk,Society,Registrar of Societies,SOC/209/2022/3693,"Societies Registration Act, 1860",2025-10-18,Environment & Forests,Thiruvananthapuram,Kerala,https://ngodarpan.gov.in/index.php/home/statewise_ngo/DARPAN_970456
2026-09-16,DARPAN_970456,Uday Mission 194 (Thrissur),contact@udaymission1.org,Kerala,Thiruvananthapuram,Thiruvananthapuram Taluk,Society,Registrar of Societies,SOC/209/2022/3693,"Societies Registration Act, 1860",2025-10-18,Environment & Forests,Thrissur,Kerala,https://ngodarpan.gov.in/index.php/home/statewise_ngo/DARPAN_970456
2026-09-16,DARPAN_970456,Uday Mission 194 (Kozhikode),contact@udaymission1.org,Kerala,Thiruvananthapuram,Thiruvananthapuram Taluk,Society,Registrar of Societies,SOC/209/2022/3693,"Societies Registration Act, 1860",2025-10-18,Environment & Forests,Kozhikode,Kerala,https://ngodarpan.gov.in/index.php/home/statewise_ngo/DARPAN_970456
2026-09-16,DARPAN_126500,Seva Mission 195,contact@sevamission1.org,Rajasthan,Jaipur,Jaipur Taluk,Trust,Sub-Registrar / Charity Commissioner,TRU/925/2000/7554,"Indian Trusts Act, 1882",2004-01-11,"Education, Environment & Forests",Jaipur,Rajasthan,https://ngodarpan.gov.in/index.php/home/statewise_ngo/DARPAN_126500
2026-09-16,DARPAN_126500,Seva Mission 195 (Jodhpur),contact@sevamission1.org,Rajasthan,Jaipur,Jaipur Taluk,Trust,Sub-Registrar / Charity Commissioner,TRU/925/2000/7554,"Indian Trusts Act, 1882",2004-01-11,"Education, Environment & Forests",Jodhpur,Rajasthan,https://ngodarpan.gov.in/index.php/home/statewise_ngo/DARPAN_126500
2026-09-16,DARPAN_492418,Sankalp Network 196,contact@sankalpnetwo.org,Tamil Nadu,Chennai,Chennai Taluk,Section 8,Ministry of Corporate Affairs (MCA),SEC/846/2009/6531,"Companies Act, 2013",2021-11-02,Women Empowerment,Chennai,Tamil Nadu,https://ngodarpan.gov.in/index.php/home/statewise_ngo/DARPAN_492418
2026-09-16,DARPAN_492418,Sankalp Network 196 (Tiruchirappalli),contact@sankalpnetwo.org,Tamil Nadu,Chennai,Chennai Taluk,Section 8,Ministry of Corporate Affairs (MCA),SEC/846/2009/6531,"Companies Act, 2013",2021-11-02,Women Empowerment,Tiruchirappalli,Tamil Nadu,https://ngodarpan.gov.in/index.php/home/statewise_ngo/DARPAN_492418
2026-09-16,DARPAN_492418,Sankalp Network 196 (Coimbatore),contact@sankalpnetwo.org,Tamil Nadu,Chennai,Chennai Taluk,Section 8,Ministry of Corporate Affairs (MCA),SEC/846/2009/6531,"Companies Act, 2013",2021-11-02,Women Empowerment,Coimbatore,Tamil Nadu,https://ngodarpan.gov.in/index.php/home/statewise_ngo/DARPAN_492418
2026-09-16,DARPAN_851212,Kalyan Association 197,contact@kalyanassoci.org,Kerala,Kozhikode,Kozhikode Taluk,Trust,Sub-Registrar / Charity Commissioner,TRU/632/2016/9248,"Indian Trusts Act, 1882",2017-09-17,Skill Development & Livelihood,Kozhikode,Kerala,https://ngodarpan.gov.in/index.php/home/statewise_ngo/DARPAN_851212
2026-09-16,DARPAN_851212,Kalyan Association 197 (Thrissur),contact@kalyanassoci.org,Kerala,Kozhikode,Kozhikode Taluk,Trust,Sub-Registrar / Charity Commissioner,TRU/632/2016/9248,"Indian Trusts Act, 1882",2017-09-17,Skill Development & Livelihood,Thrissur,Kerala,https://ngodarpan.gov.in/index.php/home/statewise_ngo/DARPAN_851212
2026-09-16,DARPAN_328997,Sneha Network 198,contact@snehanetwork.org,Tamil Nadu,Chennai,Chennai Taluk,Section 8,Ministry of Corporate Affairs (MCA),SEC/433/2009/8586,"Companies Act, 2013",2023-02-15,"Nutrition & Food Security, Disaster Relief & Rehabilitation, Healthcare & Medical",Chennai,Tamil Nadu,https://ngodarpan.gov.in/index.php/home/statewise_ngo/DARPAN_328997
2026-09-16,DARPAN_328997,Sneha Network 198 (Madurai),contact@snehanetwork.org,Tamil Nadu,Chennai,Chennai Taluk,Section 8,Ministry of Corporate Affairs (MCA),SEC/433/2009/8586,"Companies Act, 2013",2023-02-15,"Nutrition & Food Security, Disaster Relief & Rehabilitation, Healthcare & Medical",Madurai,Tamil Nadu,https://ngodarpan.gov.in/index.php/home/statewise_ngo/DARPAN_328997
2026-09-16,DARPAN_918838,Sankalp Samiti 199,contact@sankalpsamit.org,Gujarat,Rajkot,Rajkot Taluk,Section 8,Ministry of Corporate Affairs (MCA),SEC/361/2023/1176,"Companies Act, 2013",2021-09-12,"Women Empowerment, Nutrition & Food Security",Rajkot,Gujarat,https://ngodarpan.gov.in/index.php/home/statewise_ngo/DARPAN_918838
2026-09-16,DARPAN_918838,Sankalp Samiti 199 (Ahmedabad),contact@sankalpsamit.org,Gujarat,Rajkot,Rajkot Taluk,Section 8,Ministry of Corporate Affairs (MCA),SEC/361/2023/1176,"Companies Act, 2013",2021-09-12,"Women Empowerment, Nutrition & Food Security",Ahmedabad,Gujarat,https://ngodarpan.gov.in/index.php/home/statewise_ngo/DARPAN_918838
2026-09-16,DARPAN_918838,Sankalp Samiti 199 (Surat),contact@sankalpsamit.org,Gujarat,Rajkot,Rajkot Taluk,Section 8,Ministry of Corporate Affairs (MCA),SEC/361/2023/1176,"Companies Act, 2013",2021-09-12,"Women Empowerment, Nutrition & Food Security",Surat,Gujarat,https://ngodarpan.gov.in/index.php/home/statewise_ngo/DARPAN_918838
2026-09-16,DARPAN_445495,Manav Foundation 200,contact@manavfoundat.org,Kerala,Thrissur,Thrissur Taluk,Trust,Sub-Registrar / Charity Commissioner,TRU/686/2021/4348,"Indian Trusts Act, 1882",2021-12-17,"Skill Development & Livelihood, Child Welfare",Thrissur,Kerala,https://ngodarpan.gov.in/index.php/home/statewise_ngo/DARPAN_445495
2026-09-16,DARPAN_445495,Manav Foundation 200 (Kozhikode),contact@manavfoundat.org,Kerala,Thrissur,Thrissur Taluk,Trust,Sub-Registrar / Charity Commissioner,TRU/686/2021/4348,"Indian Trusts Act, 1882",2021-12-17,"Skill Development & Livelihood, Child Welfare",Kozhikode,Tamil Nadu,https://ngodarpan.gov.in/index.php/home/statewise_ngo/DARPAN_445495
2026-09-16,DARPAN_445495,Manav Foundation 200 (Vellore),contact@manavfoundat.org,Kerala,Thrissur,Thrissur Taluk,Trust,Sub-Registrar / Charity Commissioner,TRU/686/2021/4348,"Indian Trusts Act, 1882",2021-12-17,"Skill Development & Livelihood, Child Welfare",Vellore,Uttar Pradesh,https://ngodarpan.gov.in/index.php/home/statewise_ngo/DARPAN_445495
