project_id,ngo_id,project_name,project_status,primary_sector,secondary_sectors,location_country,location_state_primary,location_district_primary,is_remote_area,is_disaster_relief,start_date,end_date,duration_months,duration_days,beneficiaries_reported,villages_covered,milestones_reported,milestones_completed,outcomes_reported,ngo_age_years_at_start,number_of_operational_states,number_of_operational_districts,number_of_sectors,prior_projects_count,prior_max_beneficiaries
PRJ_NGO_00002_7,NGO_00002,Skill Development & Livelihood Initiative #7 (Kolkata),Completed,Education & Skill Development,"[""Emergency Relief & Rehabilitation"", ""Social Welfare & Community Development""]",India,West Bengal,Kolkata,False,True,2019-06-01,2019-11-28,6,180,4737,9,4,2,Successfully completed primary community training and material deployment.,0,2,3,3,0,
PRJ_NGO_00002_6,NGO_00002,Skill Development & Livelihood Initiative #6 (Kolkata),Completed,Education & Skill Development,"[""Emergency Relief & Rehabilitation"", ""Social Welfare & Community Development""]",India,West Bengal,Kolkata,False,True,2019-11-01,2021-03-25,17,510,4439,16,3,3,Successfully completed primary community training and material deployment.,0,2,3,3,1,4737.0
PRJ_NGO_00002_5,NGO_00002,Skill Development & Livelihood Initiative #5 (Kolkata),Completed,Education & Skill Development,"[""Emergency Relief & Rehabilitation"", ""Social Welfare & Community Development""]",India,West Bengal,Kolkata,False,True,2020-10-01,2022-04-24,19,570,4617,8,5,5,Successfully completed primary community training and material deployment.,1,2,3,3,2,4737.0
PRJ_NGO_00002_4,NGO_00002,Skill Development & Livelihood Initiative #4 (Kolkata),Completed,Education & Skill Development,"[""Emergency Relief & Rehabilitation"", ""Social Welfare & Community Development""]",India,West Bengal,Kolkata,False,True,2021-02-01,2022-12-23,23,690,1251,17,4,4,Successfully completed primary community training and material deployment.,2,2,3,3,3,4737.0
PRJ_NGO_00002_3,NGO_00002,Skill Development & Livelihood Initiative #3 (Kolkata),Completed,Education & Skill Development,"[""Emergency Relief & Rehabilitation"", ""Social Welfare & Community Development""]",India,West Bengal,Kolkata,False,True,2022-05-01,2023-05-26,13,390,2173,20,3,2,Successfully completed primary community training and material deployment.,3,2,3,3,4,4737.0
PRJ_NGO_00002_2,NGO_00002,Skill Development & Livelihood Initiative #2 (Kolkata),Completed,Education & Skill Development,"[""Emergency Relief & Rehabilitation"", ""Social Welfare & Community Development""]",India,West Bengal,Kolkata,False,True,2023-09-01,2024-02-28,6,180,2855,17,3,2,Successfully completed primary community training and material deployment.,4,2,3,3,5,4737.0
PRJ_NGO_00002_1,NGO_00002,Skill Development & Livelihood Initiative #1 (Kolkata),Ongoing,Education & Skill Development,"[""Emergency Relief & Rehabilitation"", ""Social Welfare & Community Development""]",India,West Bengal,Kolkata,False,True,2024-11-01,,22,660,1829,6,5,1,,5,2,3,3,6,4737.0
PRJ_NGO_00003_6,NGO_00003,Water & Sanitation Initiative #6 (Coimbatore),Completed,"Water, Sanitation & Environment","[""Social Welfare & Community Development"", ""Emergency Relief & Rehabilitation""]",India,Tamil Nadu,Coimbatore,False,True,2019-05-01,2020-02-25,10,300,763,9,5,4,Successfully completed primary community training and material deployment.,1,2,3,3,0,
PRJ_NGO_00003_5,NGO_00003,Water & Sanitation Initiative #5 (Coimbatore),Completed,"Water, Sanitation & Environment","[""Social Welfare & Community Development"", ""Emergency Relief & Rehabilitation""]",India,Tamil Nadu,Coimbatore,False,True,2020-02-01,2020-07-30,6,180,4812,5,3,3,Successfully completed primary community training and material deployment.,2,2,3,3,1,763.0
PRJ_NGO_00003_4,NGO_00003,Water & Sanitation Initiative #4 (Coimbatore),Completed,"Water, Sanitation & Environment","[""Social Welfare & Community Development"", ""Emergency Relief & Rehabilitation""]",India,Tamil Nadu,Coimbatore,False,True,2021-12-01,2023-03-26,16,480,2375,14,4,4,Successfully completed primary community training and material deployment.,3,2,3,3,2,4812.0
PRJ_NGO_00003_3,NGO_00003,Water & Sanitation Initiative #3 (Coimbatore),Completed,"Water, Sanitation & Environment","[""Social Welfare & Community Development"", ""Emergency Relief & Rehabilitation""]",India,Tamil Nadu,Coimbatore,False,True,2022-10-01,2023-05-29,8,240,4981,20,5,4,Successfully completed primary community training and material deployment.,4,2,3,3,3,4812.0
PRJ_NGO_00003_2,NGO_00003,Water & Sanitation Initiative #2 (Coimbatore),Completed,"Water, Sanitation & Environment","[""Social Welfare & Community Development"", ""Emergency Relief & Rehabilitation""]",India,Tamil Nadu,Coimbatore,False,True,2023-11-01,2024-11-25,13,390,1182,20,4,4,Successfully completed primary community training and material deployment.,5,2,3,3,4,4981.0
PRJ_NGO_00003_1,NGO_00003,Water & Sanitation Initiative #1 (Coimbatore),Completed,"Water, Sanitation & Environment","[""Social Welfare & Community Development"", ""Emergency Relief & Rehabilitation""]",India,Tamil Nadu,Coimbatore,False,True,2024-09-01,2025-07-28,11,330,4360,4,4,2,Successfully completed primary community training and material deployment.,6,2,3,3,5,4981.0
PRJ_NGO_00005_2,NGO_00005,Women Empowerment Initiative #2 (Bengaluru Urban),Completed,Social Welfare & Community Development,"[""Healthcare & Nutrition""]",India,Karnataka,Bengaluru Urban,False,False,2023-02-01,2024-04-26,15,450,2733,15,5,5,Successfully completed primary community training and material deployment.,0,2,3,2,0,
PRJ_NGO_00005_3,NGO_00005,Women Empowerment Initiative #3 (Bengaluru Urban),Completed,Social Welfare & Community Development,"[""Healthcare & Nutrition""]",India,Karnataka,Bengaluru Urban,False,False,2023-09-01,2024-06-27,10,300,3644,14,4,4,Successfully completed primary community training and material deployment.,0,2,3,2,1,2733.0
PRJ_NGO_00005_1,NGO_00005,Women Empowerment Initiative #1 (Bengaluru Urban),Completed,Social Welfare & Community Development,"[""Healthcare & Nutrition""]",India,Karnataka,Bengaluru Urban,False,False,2024-12-01,2025-11-26,12,360,3733,4,5,5,Successfully completed primary community training and material deployment.,1,2,3,2,2,3644.0
PRJ_NGO_00006_5,NGO_00006,Nutrition & Food Security Initiative #5 (Howrah),Completed,Healthcare & Nutrition,[],India,West Bengal,Howrah,False,False,2020-03-01,2021-10-22,20,600,611,10,6,4,Successfully completed primary community training and material deployment.,6,1,4,1,0,
PRJ_NGO_00006_4,NGO_00006,Nutrition & Food Security Initiative #4 (Howrah),Completed,Healthcare & Nutrition,[],India,West Bengal,Howrah,False,False,2021-03-01,2023-01-20,23,690,3427,20,3,2,Successfully completed primary community training and material deployment.,7,1,4,1,1,611.0
PRJ_NGO_00006_3,NGO_00006,Nutrition & Food Security Initiative #3 (Howrah),Completed,Healthcare & Nutrition,[],India,West Bengal,Howrah,False,False,2022-07-01,2024-03-22,21,630,3385,12,6,3,Successfully completed primary community training and material deployment.,8,1,4,1,2,3427.0
PRJ_NGO_00006_2,NGO_00006,Nutrition & Food Security Initiative #2 (Howrah),Completed,Healthcare & Nutrition,[],India,West Bengal,Howrah,False,False,2023-06-01,2024-08-24,15,450,3632,19,4,4,Successfully completed primary community training and material deployment.,9,1,4,1,3,3427.0
PRJ_NGO_00006_1,NGO_00006,Nutrition & Food Security Initiative #1 (Howrah),Ongoing,Healthcare & Nutrition,[],India,West Bengal,Howrah,False,False,2024-07-01,,18,540,360,20,6,2,,10,1,4,1,4,3632.0
PRJ_NGO_00007_1,NGO_00007,Education Initiative #1 (Kozhikode),Ongoing,Education & Skill Development,[],India,Kerala,Kozhikode,False,False,2024-06-01,,20,600,3767,7,5,3,,0,2,5,1,0,
PRJ_NGO_00007_2,NGO_00007,Education Initiative #2 (Kozhikode),Completed,Education & Skill Development,[],India,Kerala,Kozhikode,False,False,2024-09-01,2026-05-24,21,630,3768,20,5,4,Successfully completed primary community training and material deployment.,0,2,5,1,1,3767.0
PRJ_NGO_00008_2,NGO_00008,Environment & Forests Initiative #2 (North Delhi),Completed,"Water, Sanitation & Environment",[],India,Delhi,North Delhi,False,False,2024-03-01,2024-09-27,7,210,4113,5,3,3,Successfully completed primary community training and material deployment.,0,1,3,1,0,
PRJ_NGO_00008_1,NGO_00008,Environment & Forests Initiative #1 (North Delhi),Completed,"Water, Sanitation & Environment",[],India,Delhi,North Delhi,False,False,2024-08-01,2025-04-28,9,270,4902,11,6,5,Successfully completed primary community training and material deployment.,0,1,3,1,1,4113.0
PRJ_NGO_00008_3,NGO_00008,Environment & Forests Initiative #3 (North Delhi),Completed,"Water, Sanitation & Environment",[],India,Delhi,North Delhi,False,False,2024-10-01,2025-04-29,7,210,1422,20,5,2,Successfully completed primary community training and material deployment.,0,1,3,1,2,4902.0
PRJ_NGO_00009_3,NGO_00009,Disaster Relief & Rehabilitation Initiative #3 (Rajkot),Completed,Emergency Relief & Rehabilitation,[],India,Gujarat,Rajkot,True,True,2022-12-01,2024-08-22,21,630,3480,19,3,3,Successfully completed primary community training and material deployment.,0,2,4,1,0,
PRJ_NGO_00009_2,NGO_00009,Disaster Relief & Rehabilitation Initiative #2 (Rajkot),Completed,Emergency Relief & Rehabilitation,[],India,Gujarat,Rajkot,True,True,2023-08-01,2024-12-23,17,510,2930,12,3,3,Successfully completed primary community training and material deployment.,1,2,4,1,1,3480.0
PRJ_NGO_00009_1,NGO_00009,Disaster Relief & Rehabilitation Initiative #1 (Rajkot),Completed,Emergency Relief & Rehabilitation,[],India,Gujarat,Rajkot,True,True,2024-11-01,2026-06-24,20,600,1686,20,6,5,Successfully completed primary community training and material deployment.,2,2,4,1,2,3480.0
PRJ_NGO_00010_1,NGO_00010,Child Welfare Initiative #1 (Ahmedabad),Completed,Social Welfare & Community Development,"[""Education & Skill Development""]",India,Gujarat,Ahmedabad,False,False,2025-04-01,2027-03-22,24,720,2113,15,3,3,Successfully completed primary community training and material deployment.,0,1,4,2,0,
PRJ_NGO_00011_5,NGO_00011,Nutrition & Food Security Initiative #5 (Jaipur),Completed,Healthcare & Nutrition,[],India,Rajasthan,Jaipur,False,False,2020-04-01,2021-03-27,12,360,2253,6,3,2,Successfully completed primary community training and material deployment.,16,1,3,1,0,
PRJ_NGO_00011_4,NGO_00011,Nutrition & Food Security Initiative #4 (Jaipur),Completed,Healthcare & Nutrition,[],India,Rajasthan,Jaipur,False,False,2021-12-01,2022-06-29,7,210,4269,11,4,4,Successfully completed primary community training and material deployment.,17,1,3,1,1,2253.0
PRJ_NGO_00011_3,NGO_00011,Nutrition & Food Security Initiative #3 (Jaipur),Completed,Healthcare & Nutrition,[],India,Rajasthan,Jaipur,False,False,2022-12-01,2024-02-24,15,450,3442,10,3,3,Successfully completed primary community training and material deployment.,18,1,3,1,2,4269.0
PRJ_NGO_00011_2,NGO_00011,Nutrition & Food Security Initiative #2 (Jaipur),Completed,Healthcare & Nutrition,[],India,Rajasthan,Jaipur,False,False,2023-08-01,2024-04-27,9,270,3324,20,5,5,Successfully completed primary community training and material deployment.,19,1,3,1,3,4269.0
PRJ_NGO_00011_1,NGO_00011,Nutrition & Food Security Initiative #1 (Jaipur),Completed,Healthcare & Nutrition,[],India,Rajasthan,Jaipur,False,False,2024-10-01,2025-12-25,15,450,2248,16,5,3,Successfully completed primary community training and material deployment.,20,1,3,1,4,4269.0
PRJ_NGO_00012_5,NGO_00012,Environment & Forests Initiative #5 (Bengaluru Urban),Completed,"Water, Sanitation & Environment","[""Healthcare & Nutrition""]",India,Karnataka,Bengaluru Urban,False,False,2021-01-01,2021-11-27,11,330,629,6,6,6,Successfully completed primary community training and material deployment.,0,1,3,2,0,
PRJ_NGO_00012_4,NGO_00012,Environment & Forests Initiative #4 (Bengaluru Urban),Completed,"Water, Sanitation & Environment","[""Healthcare & Nutrition""]",India,Karnataka,Bengaluru Urban,False,False,2021-03-01,2021-11-26,9,270,1279,2,5,3,Successfully completed primary community training and material deployment.,0,1,3,2,1,629.0
PRJ_NGO_00012_3,NGO_00012,Environment & Forests Initiative #3 (Bengaluru Urban),Completed,"Water, Sanitation & Environment","[""Healthcare & Nutrition""]",India,Karnataka,Bengaluru Urban,False,False,2022-04-01,2023-07-25,16,480,223,10,4,3,Successfully completed primary community training and material deployment.,1,1,3,2,2,1279.0
PRJ_NGO_00012_2,NGO_00012,Environment & Forests Initiative #2 (Bengaluru Urban),Completed,"Water, Sanitation & Environment","[""Healthcare & Nutrition""]",India,Karnataka,Bengaluru Urban,False,False,2023-03-01,2025-02-18,24,720,762,19,4,4,Successfully completed primary community training and material deployment.,2,1,3,2,3,1279.0
PRJ_NGO_00012_1,NGO_00012,Environment & Forests Initiative #1 (Bengaluru Urban),Ongoing,"Water, Sanitation & Environment","[""Healthcare & Nutrition""]",India,Karnataka,Bengaluru Urban,False,False,2024-02-01,,20,600,1937,2,3,2,,3,1,3,2,4,1279.0
PRJ_NGO_00013_6,NGO_00013,Education Initiative #6 (Ahmedabad),Completed,Education & Skill Development,[],India,Gujarat,Ahmedabad,False,False,2020-09-01,2021-09-26,13,390,4777,13,3,3,Successfully completed primary community training and material deployment.,8,1,3,1,0,
PRJ_NGO_00013_5,NGO_00013,Education Initiative #5 (Ahmedabad),Completed,Education & Skill Development,[],India,Gujarat,Ahmedabad,False,False,2021-05-01,2022-08-24,16,480,263,17,6,3,Successfully completed primary community training and material deployment.,9,1,3,1,1,4777.0
PRJ_NGO_00013_4,NGO_00013,Education Initiative #4 (Ahmedabad),Completed,Education & Skill Development,[],India,Gujarat,Ahmedabad,False,False,2022-10-01,2023-04-29,7,210,1874,11,4,3,Successfully completed primary community training and material deployment.,10,1,3,1,2,4777.0
PRJ_NGO_00013_3,NGO_00013,Education Initiative #3 (Ahmedabad),Completed,Education & Skill Development,[],India,Gujarat,Ahmedabad,False,False,2023-05-01,2025-04-20,24,720,4516,11,3,3,Successfully completed primary community training and material deployment.,11,1,3,1,3,4777.0
PRJ_NGO_00013_2,NGO_00013,Education Initiative #2 (Ahmedabad),Completed,Education & Skill Development,[],India,Gujarat,Ahmedabad,False,False,2024-08-01,2026-03-24,20,600,2437,8,3,3,Successfully completed primary community training and material deployment.,12,1,3,1,4,4777.0
PRJ_NGO_00013_1,NGO_00013,Education Initiative #1 (Ahmedabad),Ongoing,Education & Skill Development,[],India,Gujarat,Ahmedabad,False,False,2025-01-01,,10,300,607,4,5,2,,13,1,3,1,5,4777.0
PRJ_NGO_00014_6,NGO_00014,Water & Sanitation Initiative #6 (Nagpur),Completed,"Water, Sanitation & Environment","[""Social Welfare & Community Development""]",India,Maharashtra,Nagpur,False,False,2022-05-01,2023-06-25,14,420,1431,12,3,3,Successfully completed primary community training and material deployment.,0,1,2,2,0,
PRJ_NGO_00014_3,NGO_00014,Water & Sanitation Initiative #3 (Nagpur),Completed,"Water, Sanitation & Environment","[""Social Welfare & Community Development""]",India,Maharashtra,Nagpur,False,False,2022-06-01,2023-01-27,8,240,1613,3,4,4,Successfully completed primary community training and material deployment.,0,1,2,2,1,1431.0
PRJ_NGO_00014_5,NGO_00014,Water & Sanitation Initiative #5 (Nagpur),Completed,"Water, Sanitation & Environment","[""Social Welfare & Community Development""]",India,Maharashtra,Nagpur,False,False,2022-06-01,2022-12-28,7,210,739,12,3,3,Successfully completed primary community training and material deployment.,0,1,2,2,2,1613.0
PRJ_NGO_00014_4,NGO_00014,Water & Sanitation Initiative #4 (Nagpur),Completed,"Water, Sanitation & Environment","[""Social Welfare & Community Development""]",India,Maharashtra,Nagpur,False,False,2022-09-01,2024-06-22,22,660,1500,13,5,4,Successfully completed primary community training and material deployment.,0,1,2,2,3,1613.0
PRJ_NGO_00014_2,NGO_00014,Water & Sanitation Initiative #2 (Nagpur),Completed,"Water, Sanitation & Environment","[""Social Welfare & Community Development""]",India,Maharashtra,Nagpur,False,False,2023-06-01,2025-02-20,21,630,1435,3,6,2,Successfully completed primary community training and material deployment.,1,1,2,2,4,1613.0
PRJ_NGO_00014_1,NGO_00014,Water & Sanitation Initiative #1 (Nagpur),Completed,"Water, Sanitation & Environment","[""Social Welfare & Community Development""]",India,Maharashtra,Nagpur,False,False,2024-07-01,2026-02-21,20,600,4740,3,6,6,Successfully completed primary community training and material deployment.,2,1,2,2,5,1613.0
PRJ_NGO_00015_4,NGO_00015,Healthcare & Medical Initiative #4 (Khordha),Completed,Healthcare & Nutrition,"[""Social Welfare & Community Development""]",India,Odisha,Khordha,True,False,2021-02-01,2022-11-23,22,660,4356,18,3,3,Successfully completed primary community training and material deployment.,21,1,2,2,0,
PRJ_NGO_00015_3,NGO_00015,Healthcare & Medical Initiative #3 (Khordha),Completed,Healthcare & Nutrition,"[""Social Welfare & Community Development""]",India,Odisha,Khordha,True,False,2022-06-01,2023-06-26,13,390,3612,7,3,3,Successfully completed primary community training and material deployment.,22,1,2,2,1,4356.0
PRJ_NGO_00015_2,NGO_00015,Healthcare & Medical Initiative #2 (Khordha),Completed,Healthcare & Nutrition,"[""Social Welfare & Community Development""]",India,Odisha,Khordha,True,False,2023-01-01,2024-10-22,22,660,2181,6,5,5,Successfully completed primary community training and material deployment.,23,1,2,2,2,4356.0
PRJ_NGO_00015_1,NGO_00015,Healthcare & Medical Initiative #1 (Khordha),Ongoing,Healthcare & Nutrition,"[""Social Welfare & Community Development""]",India,Odisha,Khordha,True,False,2024-04-01,,19,570,3944,4,3,2,,24,1,2,2,3,4356.0
PRJ_NGO_00016_4,NGO_00016,Skill Development & Livelihood Initiative #4 (Coimbatore),Completed,Education & Skill Development,[],India,Tamil Nadu,Coimbatore,False,False,2021-08-01,2022-12-24,17,510,3836,4,4,4,Successfully completed primary community training and material deployment.,8,1,4,1,0,
PRJ_NGO_00016_3,NGO_00016,Skill Development & Livelihood Initiative #3 (Coimbatore),Completed,Education & Skill Development,[],India,Tamil Nadu,Coimbatore,False,False,2022-11-01,2024-03-25,17,510,3336,20,3,3,Successfully completed primary community training and material deployment.,9,1,4,1,1,3836.0
PRJ_NGO_00016_2,NGO_00016,Skill Development & Livelihood Initiative #2 (Coimbatore),Completed,Education & Skill Development,[],India,Tamil Nadu,Coimbatore,False,False,2023-11-01,2024-09-26,11,330,1369,16,3,3,Successfully completed primary community training and material deployment.,10,1,4,1,2,3836.0
PRJ_NGO_00016_1,NGO_00016,Skill Development & Livelihood Initiative #1 (Coimbatore),Completed,Education & Skill Development,[],India,Tamil Nadu,Coimbatore,False,False,2024-07-01,2025-08-25,14,420,814,14,5,5,Successfully completed primary community training and material deployment.,11,1,4,1,3,3836.0
PRJ_NGO_00017_2,NGO_00017,Environment & Forests Initiative #2 (Salem),Completed,"Water, Sanitation & Environment","[""Social Welfare & Community Development"", ""Emergency Relief & Rehabilitation""]",India,Tamil Nadu,Salem,True,True,2023-09-01,2025-08-21,24,720,1257,15,3,2,Successfully completed primary community training and material deployment.,0,1,2,3,0,
PRJ_NGO_00017_1,NGO_00017,Environment & Forests Initiative #1 (Salem),Completed,"Water, Sanitation & Environment","[""Social Welfare & Community Development"", ""Emergency Relief & Rehabilitation""]",India,Tamil Nadu,Salem,True,True,2024-02-01,2024-11-27,10,300,807,16,6,6,Successfully completed primary community training and material deployment.,1,1,2,3,1,1257.0
PRJ_NGO_00018_3,NGO_00018,Water & Sanitation Initiative #3 (South Delhi),Completed,"Water, Sanitation & Environment","[""Education & Skill Development""]",India,Delhi,South Delhi,False,False,2022-08-01,2024-04-22,21,630,4596,2,3,3,Successfully completed primary community training and material deployment.,1,1,3,2,0,
PRJ_NGO_00018_2,NGO_00018,Water & Sanitation Initiative #2 (South Delhi),Completed,"Water, Sanitation & Environment","[""Education & Skill Development""]",India,Delhi,South Delhi,False,False,2023-09-01,2025-04-23,20,600,1962,20,5,2,Successfully completed primary community training and material deployment.,2,1,3,2,1,4596.0
PRJ_NGO_00018_1,NGO_00018,Water & Sanitation Initiative #1 (South Delhi),Completed,"Water, Sanitation & Environment","[""Education & Skill Development""]",India,Delhi,South Delhi,False,False,2024-09-01,2026-04-24,20,600,2727,17,3,2,Successfully completed primary community training and material deployment.,3,1,3,2,2,4596.0
PRJ_NGO_00019_5,NGO_00019,Environment & Forests Initiative #5 (Madurai),Completed,"Water, Sanitation & Environment","[""Healthcare & Nutrition""]",India,Tamil Nadu,Madurai,False,False,2020-12-01,2022-01-25,14,420,1198,20,6,5,Successfully completed primary community training and material deployment.,0,1,1,2,0,
PRJ_NGO_00019_4,NGO_00019,Environment & Forests Initiative #4 (Madurai),Completed,"Water, Sanitation & Environment","[""Healthcare & Nutrition""]",India,Tamil Nadu,Madurai,False,False,2021-12-01,2022-11-26,12,360,2797,17,5,5,Successfully completed primary community training and material deployment.,1,1,1,2,1,1198.0
PRJ_NGO_00019_3,NGO_00019,Environment & Forests Initiative #3 (Madurai),Completed,"Water, Sanitation & Environment","[""Healthcare & Nutrition""]",India,Tamil Nadu,Madurai,False,False,2022-04-01,2023-04-26,13,390,4771,11,4,4,Successfully completed primary community training and material deployment.,2,1,1,2,2,2797.0
PRJ_NGO_00019_2,NGO_00019,Environment & Forests Initiative #2 (Madurai),Completed,"Water, Sanitation & Environment","[""Healthcare & Nutrition""]",India,Tamil Nadu,Madurai,False,False,2023-06-01,2024-04-26,11,330,4567,12,5,4,Successfully completed primary community training and material deployment.,3,1,1,2,3,4771.0
PRJ_NGO_00019_1,NGO_00019,Environment & Forests Initiative #1 (Madurai),Completed,"Water, Sanitation & Environment","[""Healthcare & Nutrition""]",India,Tamil Nadu,Madurai,False,False,2024-12-01,2025-06-29,7,210,4449,8,5,5,Successfully completed primary community training and material deployment.,4,1,1,2,4,4771.0
PRJ_NGO_00020_4,NGO_00020,Nutrition & Food Security Initiative #4 (Kolkata),Completed,Healthcare & Nutrition,[],India,West Bengal,Kolkata,False,False,2021-08-01,2022-09-25,14,420,2673,20,3,3,Successfully completed primary community training and material deployment.,0,2,3,1,0,
PRJ_NGO_00020_5,NGO_00020,Nutrition & Food Security Initiative #5 (Kolkata),Completed,Healthcare & Nutrition,[],India,West Bengal,Kolkata,False,False,2021-12-01,2022-12-26,13,390,1168,16,5,3,Successfully completed primary community training and material deployment.,0,2,3,1,1,2673.0
PRJ_NGO_00020_3,NGO_00020,Nutrition & Food Security Initiative #3 (Kolkata),Completed,Healthcare & Nutrition,[],India,West Bengal,Kolkata,False,False,2022-03-01,2022-12-26,10,300,2850,9,3,3,Successfully completed primary community training and material deployment.,1,2,3,1,2,2673.0
PRJ_NGO_00020_2,NGO_00020,Nutrition & Food Security Initiative #2 (Kolkata),Completed,Healthcare & Nutrition,[],India,West Bengal,Kolkata,False,False,2023-11-01,2025-04-24,18,540,4421,12,3,3,Successfully completed primary community training and material deployment.,2,2,3,1,3,2850.0
PRJ_NGO_00020_1,NGO_00020,Nutrition & Food Security Initiative #1 (Kolkata),Completed,Healthcare & Nutrition,[],India,West Bengal,Kolkata,False,False,2024-12-01,2025-10-27,11,330,2961,11,4,3,Successfully completed primary community training and material deployment.,3,2,3,1,4,4421.0
PRJ_NGO_00021_6,NGO_00021,Skill Development & Livelihood Initiative #6 (Prayagraj),Completed,Education & Skill Development,"[""Social Welfare & Community Development""]",India,Uttar Pradesh,Prayagraj,False,False,2021-09-01,2022-08-27,12,360,1347,18,5,3,Successfully completed primary community training and material deployment.,0,2,2,2,0,
PRJ_NGO_00021_5,NGO_00021,Skill Development & Livelihood Initiative #5 (Prayagraj),Completed,Education & Skill Development,"[""Social Welfare & Community Development""]",India,Uttar Pradesh,Prayagraj,False,False,2021-10-01,2022-04-29,7,210,598,9,3,3,Successfully completed primary community training and material deployment.,0,2,2,2,1,1347.0
PRJ_NGO_00021_4,NGO_00021,Skill Development & Livelihood Initiative #4 (Prayagraj),Completed,Education & Skill Development,"[""Social Welfare & Community Development""]",India,Uttar Pradesh,Prayagraj,False,False,2021-12-01,2022-08-28,9,270,3634,2,4,3,Successfully completed primary community training and material deployment.,0,2,2,2,2,1347.0
PRJ_NGO_00021_7,NGO_00021,Skill Development & Livelihood Initiative #7 (Prayagraj),Completed,Education & Skill Development,"[""Social Welfare & Community Development""]",India,Uttar Pradesh,Prayagraj,False,False,2021-12-01,2023-11-21,24,720,4930,12,4,4,Successfully completed primary community training and material deployment.,0,2,2,2,3,3634.0
PRJ_NGO_00021_3,NGO_00021,Skill Development & Livelihood Initiative #3 (Prayagraj),Completed,Education & Skill Development,"[""Social Welfare & Community Development""]",India,Uttar Pradesh,Prayagraj,False,False,2022-04-01,2023-04-26,13,390,3035,6,5,3,Successfully completed primary community training and material deployment.,1,2,2,2,4,4930.0
PRJ_NGO_00021_2,NGO_00021,Skill Development & Livelihood Initiative #2 (Prayagraj),Completed,Education & Skill Development,"[""Social Welfare & Community Development""]",India,Uttar Pradesh,Prayagraj,False,False,2023-04-01,2023-09-28,6,180,2644,16,6,6,Successfully completed primary community training and material deployment.,2,2,2,2,5,4930.0
PRJ_NGO_00021_1,NGO_00021,Skill Development & Livelihood Initiative #1 (Prayagraj),Completed,Education & Skill Development,"[""Social Welfare & Community Development""]",India,Uttar Pradesh,Prayagraj,False,False,2024-09-01,2025-06-28,10,300,1171,7,6,6,Successfully completed primary community training and material deployment.,3,2,2,2,6,4930.0
PRJ_NGO_00022_5,NGO_00022,Skill Development & Livelihood Initiative #5 (North 24 Parganas),Completed,Education & Skill Development,"[""Social Welfare & Community Development""]",India,West Bengal,North 24 Parganas,False,False,2020-06-01,2021-04-27,11,330,4677,17,4,4,Successfully completed primary community training and material deployment.,0,2,3,2,0,
PRJ_NGO_00022_4,NGO_00022,Skill Development & Livelihood Initiative #4 (North 24 Parganas),Completed,Education & Skill Development,"[""Social Welfare & Community Development""]",India,West Bengal,North 24 Parganas,False,False,2021-11-01,2023-02-24,16,480,4202,17,6,3,Successfully completed primary community training and material deployment.,1,2,3,2,1,4677.0
PRJ_NGO_00022_3,NGO_00022,Skill Development & Livelihood Initiative #3 (North 24 Parganas),Completed,Education & Skill Development,"[""Social Welfare & Community Development""]",India,West Bengal,North 24 Parganas,False,False,2022-06-01,2023-06-26,13,390,4867,9,6,6,Successfully completed primary community training and material deployment.,2,2,3,2,2,4677.0
PRJ_NGO_00022_2,NGO_00022,Skill Development & Livelihood Initiative #2 (North 24 Parganas),Completed,Education & Skill Development,"[""Social Welfare & Community Development""]",India,West Bengal,North 24 Parganas,False,False,2023-04-01,2024-01-26,10,300,2336,19,6,4,Successfully completed primary community training and material deployment.,3,2,3,2,3,4867.0
PRJ_NGO_00022_1,NGO_00022,Skill Development & Livelihood Initiative #1 (North 24 Parganas),Ongoing,Education & Skill Development,"[""Social Welfare & Community Development""]",India,West Bengal,North 24 Parganas,False,False,2024-12-01,,21,630,1864,13,5,2,,4,2,3,2,4,4867.0
PRJ_NGO_00023_3,NGO_00023,Water & Sanitation Initiative #3 (Chennai),Completed,"Water, Sanitation & Environment",[],India,Tamil Nadu,Chennai,False,False,2022-05-01,2023-12-22,20,600,2409,5,4,2,Successfully completed primary community training and material deployment.,2,2,4,1,0,
PRJ_NGO_00023_2,NGO_00023,Water & Sanitation Initiative #2 (Chennai),Completed,"Water, Sanitation & Environment",[],India,Tamil Nadu,Chennai,False,False,2023-07-01,2024-04-26,10,300,2794,13,3,2,Successfully completed primary community training and material deployment.,3,2,4,1,1,2409.0
PRJ_NGO_00023_1,NGO_00023,Water & Sanitation Initiative #1 (Chennai),Completed,"Water, Sanitation & Environment",[],India,Tamil Nadu,Chennai,False,False,2024-11-01,2026-04-25,18,540,2619,9,3,2,Successfully completed primary community training and material deployment.,4,2,4,1,2,2794.0
PRJ_NGO_00024_2,NGO_00024,Skill Development & Livelihood Initiative #2 (Mumbai),Completed,Education & Skill Development,"[""Emergency Relief & Rehabilitation""]",India,Maharashtra,Mumbai,False,True,2023-07-01,2024-03-27,9,270,1007,10,4,4,Successfully completed primary community training and material deployment.,13,1,2,2,0,
PRJ_NGO_00024_1,NGO_00024,Skill Development & Livelihood Initiative #1 (Mumbai),Completed,Education & Skill Development,"[""Emergency Relief & Rehabilitation""]",India,Maharashtra,Mumbai,False,True,2024-11-01,2026-03-26,17,510,562,20,6,4,Successfully completed primary community training and material deployment.,14,1,2,2,1,1007.0
PRJ_NGO_00025_6,NGO_00025,Healthcare & Medical Initiative #6 (Udaipur),Completed,Healthcare & Nutrition,"[""Water, Sanitation & Environment""]",India,Rajasthan,Udaipur,True,False,2019-09-01,2021-01-23,17,510,540,16,4,4,Successfully completed primary community training and material deployment.,16,1,3,2,0,
PRJ_NGO_00025_5,NGO_00025,Healthcare & Medical Initiative #5 (Udaipur),Completed,Healthcare & Nutrition,"[""Water, Sanitation & Environment""]",India,Rajasthan,Udaipur,True,False,2020-05-01,2021-03-27,11,330,4833,17,3,3,Successfully completed primary community training and material deployment.,17,1,3,2,1,540.0
PRJ_NGO_00025_4,NGO_00025,Healthcare & Medical Initiative #4 (Udaipur),Completed,Healthcare & Nutrition,"[""Water, Sanitation & Environment""]",India,Rajasthan,Udaipur,True,False,2021-02-01,2023-01-22,24,720,2006,11,3,3,Successfully completed primary community training and material deployment.,18,1,3,2,2,4833.0
PRJ_NGO_00025_3,NGO_00025,Healthcare & Medical Initiative #3 (Udaipur),Completed,Healthcare & Nutrition,"[""Water, Sanitation & Environment""]",India,Rajasthan,Udaipur,True,False,2022-09-01,2024-06-22,22,660,3551,17,6,5,Successfully completed primary community training and material deployment.,19,1,3,2,3,4833.0
PRJ_NGO_00025_2,NGO_00025,Healthcare & Medical Initiative #2 (Udaipur),Completed,Healthcare & Nutrition,"[""Water, Sanitation & Environment""]",India,Rajasthan,Udaipur,True,False,2023-08-01,2024-02-27,7,210,278,17,4,3,Successfully completed primary community training and material deployment.,20,1,3,2,4,4833.0
PRJ_NGO_00025_1,NGO_00025,Healthcare & Medical Initiative #1 (Udaipur),Completed,Healthcare & Nutrition,"[""Water, Sanitation & Environment""]",India,Rajasthan,Udaipur,True,False,2024-11-01,2025-09-27,11,330,1566,17,5,3,Successfully completed primary community training and material deployment.,21,1,3,2,5,4833.0
PRJ_NGO_00026_2,NGO_00026,Water & Sanitation Initiative #2 (Udaipur),Completed,"Water, Sanitation & Environment","[""Social Welfare & Community Development""]",India,Rajasthan,Udaipur,True,False,2023-07-01,2024-06-25,12,360,2672,7,5,2,Successfully completed primary community training and material deployment.,14,1,2,2,0,
PRJ_NGO_00026_1,NGO_00026,Water & Sanitation Initiative #1 (Udaipur),Ongoing,"Water, Sanitation & Environment","[""Social Welfare & Community Development""]",India,Rajasthan,Udaipur,True,False,2024-08-01,,6,180,1494,16,6,1,,15,1,2,2,1,2672.0
PRJ_NGO_00027_4,NGO_00027,Nutrition & Food Security Initiative #4 (Madurai),Completed,Healthcare & Nutrition,"[""Emergency Relief & Rehabilitation""]",India,Tamil Nadu,Madurai,False,True,2022-04-01,2023-01-26,10,300,2876,14,3,3,Successfully completed primary community training and material deployment.,8,1,3,2,0,
PRJ_NGO_00027_3,NGO_00027,Nutrition & Food Security Initiative #3 (Madurai),Completed,Healthcare & Nutrition,"[""Emergency Relief & Rehabilitation""]",India,Tamil Nadu,Madurai,False,True,2023-02-01,2024-12-22,23,690,1450,10,3,3,Successfully completed primary community training and material deployment.,9,1,3,2,1,2876.0
PRJ_NGO_00027_2,NGO_00027,Nutrition & Food Security Initiative #2 (Madurai),Completed,Healthcare & Nutrition,"[""Emergency Relief & Rehabilitation""]",India,Tamil Nadu,Madurai,False,True,2024-01-01,2024-07-29,7,210,4350,11,6,5,Successfully completed primary community training and material deployment.,10,1,3,2,2,2876.0
PRJ_NGO_00027_1,NGO_00027,Nutrition & Food Security Initiative #1 (Madurai),Completed,Healthcare & Nutrition,"[""Emergency Relief & Rehabilitation""]",India,Tamil Nadu,Madurai,False,True,2025-03-01,2026-11-21,21,630,336,20,3,2,Successfully completed primary community training and material deployment.,11,1,3,2,3,4350.0
PRJ_NGO_00028_3,NGO_00028,Nutrition & Food Security Initiative #3 (Nashik),Completed,Healthcare & Nutrition,[],India,Maharashtra,Nashik,False,False,2022-04-01,2023-10-23,19,570,690,6,5,2,Successfully completed primary community training and material deployment.,8,2,6,1,0,
PRJ_NGO_00028_2,NGO_00028,Nutrition & Food Security Initiative #2 (Nashik),Completed,Healthcare & Nutrition,[],India,Maharashtra,Nashik,False,False,2023-11-01,2024-04-29,6,180,211,14,5,2,Successfully completed primary community training and material deployment.,9,2,6,1,1,690.0
PRJ_NGO_00028_1,NGO_00028,Nutrition & Food Security Initiative #1 (Nashik),Completed,Healthcare & Nutrition,[],India,Maharashtra,Nashik,False,False,2024-09-01,2025-09-26,13,390,252,15,3,3,Successfully completed primary community training and material deployment.,10,2,6,1,2,690.0
PRJ_NGO_00029_1,NGO_00029,Disaster Relief & Rehabilitation Initiative #1 (Jaipur),Completed,Emergency Relief & Rehabilitation,"[""Water, Sanitation & Environment"", ""Education & Skill Development""]",India,Rajasthan,Jaipur,False,True,2024-02-01,2025-05-26,16,480,549,16,3,3,Successfully completed primary community training and material deployment.,0,3,5,3,0,
PRJ_NGO_00029_2,NGO_00029,Disaster Relief & Rehabilitation Initiative #2 (Jaipur),Completed,Emergency Relief & Rehabilitation,"[""Water, Sanitation & Environment"", ""Education & Skill Development""]",India,Rajasthan,Jaipur,False,True,2024-07-01,2025-12-23,18,540,441,14,6,3,Successfully completed primary community training and material deployment.,0,3,5,3,1,549.0
PRJ_NGO_00030_6,NGO_00030,Women Empowerment Initiative #6 (Bengaluru Urban),Completed,Social Welfare & Community Development,[],India,Karnataka,Bengaluru Urban,False,False,2019-11-01,2021-02-23,16,480,293,10,4,3,Successfully completed primary community training and material deployment.,7,1,2,1,0,
PRJ_NGO_00030_5,NGO_00030,Women Empowerment Initiative #5 (Bengaluru Urban),Completed,Social Welfare & Community Development,[],India,Karnataka,Bengaluru Urban,False,False,2020-12-01,2021-07-29,8,240,3041,12,4,2,Successfully completed primary community training and material deployment.,8,1,2,1,1,293.0
PRJ_NGO_00030_4,NGO_00030,Women Empowerment Initiative #4 (Bengaluru Urban),Completed,Social Welfare & Community Development,[],India,Karnataka,Bengaluru Urban,False,False,2021-10-01,2023-01-24,16,480,2009,20,3,3,Successfully completed primary community training and material deployment.,9,1,2,1,2,3041.0
PRJ_NGO_00030_3,NGO_00030,Women Empowerment Initiative #3 (Bengaluru Urban),Completed,Social Welfare & Community Development,[],India,Karnataka,Bengaluru Urban,False,False,2022-12-01,2024-02-24,15,450,1655,2,6,6,Successfully completed primary community training and material deployment.,10,1,2,1,3,3041.0
PRJ_NGO_00030_2,NGO_00030,Women Empowerment Initiative #2 (Bengaluru Urban),Completed,Social Welfare & Community Development,[],India,Karnataka,Bengaluru Urban,False,False,2023-12-01,2025-10-21,23,690,3123,9,4,4,Successfully completed primary community training and material deployment.,11,1,2,1,4,3041.0
PRJ_NGO_00030_1,NGO_00030,Women Empowerment Initiative #1 (Bengaluru Urban),Ongoing,Social Welfare & Community Development,[],India,Karnataka,Bengaluru Urban,False,False,2024-05-01,,16,480,1490,15,6,3,,12,1,2,1,5,3123.0
PRJ_NGO_00031_2,NGO_00031,Healthcare & Medical Initiative #2 (Madurai),Completed,Healthcare & Nutrition,"[""Social Welfare & Community Development""]",India,Tamil Nadu,Madurai,False,False,2023-07-01,2025-05-21,23,690,4891,9,6,4,Successfully completed primary community training and material deployment.,20,2,6,2,0,
PRJ_NGO_00031_1,NGO_00031,Healthcare & Medical Initiative #1 (Madurai),Completed,Healthcare & Nutrition,"[""Social Welfare & Community Development""]",India,Tamil Nadu,Madurai,False,False,2024-09-01,2026-03-25,19,570,2063,19,3,3,Successfully completed primary community training and material deployment.,21,2,6,2,1,4891.0
PRJ_NGO_00032_1,NGO_00032,Nutrition & Food Security Initiative #1 (Nashik),Completed,Healthcare & Nutrition,[],India,Maharashtra,Nashik,False,False,2025-05-01,2026-09-23,17,510,2967,11,5,4,Successfully completed primary community training and material deployment.,0,2,4,1,0,
PRJ_NGO_00033_2,NGO_00033,Skill Development & Livelihood Initiative #2 (Darjeeling),Completed,Education & Skill Development,"[""Social Welfare & Community Development""]",India,West Bengal,Darjeeling,True,False,2023-10-01,2025-03-24,18,540,1038,2,5,5,Successfully completed primary community training and material deployment.,0,2,4,2,0,
PRJ_NGO_00033_3,NGO_00033,Skill Development & Livelihood Initiative #3 (Darjeeling),Completed,Education & Skill Development,"[""Social Welfare & Community Development""]",India,West Bengal,Darjeeling,True,False,2023-10-01,2024-12-24,15,450,1085,17,3,3,Successfully completed primary community training and material deployment.,0,2,4,2,1,1038.0
PRJ_NGO_00033_1,NGO_00033,Skill Development & Livelihood Initiative #1 (Darjeeling),Ongoing,Education & Skill Development,"[""Social Welfare & Community Development""]",India,West Bengal,Darjeeling,True,False,2024-07-01,,17,510,2264,8,6,2,,1,2,4,2,2,1085.0
PRJ_NGO_00034_2,NGO_00034,Nutrition & Food Security Initiative #2 (Howrah),Completed,Healthcare & Nutrition,"[""Education & Skill Development""]",India,West Bengal,Howrah,False,False,2024-10-01,2025-12-25,15,450,734,3,5,4,Successfully completed primary community training and material deployment.,25,1,2,2,0,
PRJ_NGO_00034_1,NGO_00034,Nutrition & Food Security Initiative #1 (Howrah),Completed,Healthcare & Nutrition,"[""Education & Skill Development""]",India,West Bengal,Howrah,False,False,2025-11-01,2026-11-26,13,390,3020,11,4,2,Successfully completed primary community training and material deployment.,26,1,2,2,1,734.0
PRJ_NGO_00035_4,NGO_00035,Nutrition & Food Security Initiative #4 (Ernakulam),Completed,Healthcare & Nutrition,[],India,Kerala,Ernakulam,False,False,2021-08-01,2022-09-25,14,420,4117,15,4,2,Successfully completed primary community training and material deployment.,0,1,1,1,0,
PRJ_NGO_00035_3,NGO_00035,Nutrition & Food Security Initiative #3 (Ernakulam),Completed,Healthcare & Nutrition,[],India,Kerala,Ernakulam,False,False,2022-10-01,2023-11-25,14,420,3252,12,4,2,Successfully completed primary community training and material deployment.,1,1,1,1,1,4117.0
PRJ_NGO_00035_2,NGO_00035,Nutrition & Food Security Initiative #2 (Ernakulam),Completed,Healthcare & Nutrition,[],India,Kerala,Ernakulam,False,False,2023-02-01,2023-08-30,7,210,1333,7,5,4,Successfully completed primary community training and material deployment.,2,1,1,1,2,4117.0
PRJ_NGO_00035_1,NGO_00035,Nutrition & Food Security Initiative #1 (Ernakulam),Completed,Healthcare & Nutrition,[],India,Kerala,Ernakulam,False,False,2024-02-01,2024-12-27,11,330,2580,13,5,5,Successfully completed primary community training and material deployment.,3,1,1,1,3,4117.0
PRJ_NGO_00036_3,NGO_00036,Nutrition & Food Security Initiative #3 (Thrissur),Completed,Healthcare & Nutrition,"[""Social Welfare & Community Development"", ""Education & Skill Development""]",India,Kerala,Thrissur,True,False,2022-12-01,2023-08-28,9,270,1544,17,4,4,Successfully completed primary community training and material deployment.,9,1,2,3,0,
PRJ_NGO_00036_2,NGO_00036,Nutrition & Food Security Initiative #2 (Thrissur),Completed,Healthcare & Nutrition,"[""Social Welfare & Community Development"", ""Education & Skill Development""]",India,Kerala,Thrissur,True,False,2023-11-01,2024-11-25,13,390,2996,13,5,5,Successfully completed primary community training and material deployment.,10,1,2,3,1,1544.0
PRJ_NGO_00036_1,NGO_00036,Nutrition & Food Security Initiative #1 (Thrissur),Completed,Healthcare & Nutrition,"[""Social Welfare & Community Development"", ""Education & Skill Development""]",India,Kerala,Thrissur,True,False,2024-06-01,2026-04-22,23,690,4075,13,6,2,Successfully completed primary community training and material deployment.,11,1,2,3,2,2996.0
PRJ_NGO_00037_1,NGO_00037,Healthcare & Medical Initiative #1 (Ernakulam),Ongoing,Healthcare & Nutrition,"[""Social Welfare & Community Development""]",India,Kerala,Ernakulam,False,False,2025-12-01,,15,450,1286,7,5,3,,0,1,3,2,0,
PRJ_NGO_00038_1,NGO_00038,Environment & Forests Initiative #1 (Vadodara),Ongoing,"Water, Sanitation & Environment",[],India,Gujarat,Vadodara,False,False,2025-10-01,,20,600,3212,20,4,3,,0,2,3,1,0,
PRJ_NGO_00041_4,NGO_00041,Child Welfare Initiative #4 (Chennai),Completed,Social Welfare & Community Development,[],India,Tamil Nadu,Chennai,False,False,2021-03-01,2021-08-28,6,180,2216,9,6,4,Successfully completed primary community training and material deployment.,6,1,2,1,0,
PRJ_NGO_00041_3,NGO_00041,Child Welfare Initiative #3 (Chennai),Completed,Social Welfare & Community Development,[],India,Tamil Nadu,Chennai,False,False,2022-10-01,2023-12-25,15,450,1448,20,5,4,Successfully completed primary community training and material deployment.,7,1,2,1,1,2216.0
PRJ_NGO_00041_2,NGO_00041,Child Welfare Initiative #2 (Chennai),Completed,Social Welfare & Community Development,[],India,Tamil Nadu,Chennai,False,False,2023-02-01,2024-04-26,15,450,771,8,5,5,Successfully completed primary community training and material deployment.,8,1,2,1,2,2216.0
PRJ_NGO_00041_1,NGO_00041,Child Welfare Initiative #1 (Chennai),Ongoing,Social Welfare & Community Development,[],India,Tamil Nadu,Chennai,False,False,2024-12-01,,24,720,2910,13,4,3,,9,1,2,1,3,2216.0
PRJ_NGO_00042_3,NGO_00042,Skill Development & Livelihood Initiative #3 (Udaipur),Completed,Education & Skill Development,"[""Emergency Relief & Rehabilitation"", ""Water, Sanitation & Environment""]",India,Rajasthan,Udaipur,True,True,2022-08-01,2023-07-27,12,360,1520,15,3,3,Successfully completed primary community training and material deployment.,2,2,6,3,0,
PRJ_NGO_00042_2,NGO_00042,Skill Development & Livelihood Initiative #2 (Udaipur),Completed,Education & Skill Development,"[""Emergency Relief & Rehabilitation"", ""Water, Sanitation & Environment""]",India,Rajasthan,Udaipur,True,True,2023-10-01,2024-06-27,9,270,3596,12,3,3,Successfully completed primary community training and material deployment.,3,2,6,3,1,1520.0
PRJ_NGO_00042_1,NGO_00042,Skill Development & Livelihood Initiative #1 (Udaipur),Completed,Education & Skill Development,"[""Emergency Relief & Rehabilitation"", ""Water, Sanitation & Environment""]",India,Rajasthan,Udaipur,True,True,2024-04-01,2024-11-27,8,240,2500,8,4,3,Successfully completed primary community training and material deployment.,4,2,6,3,2,3596.0
PRJ_NGO_00043_3,NGO_00043,Education Initiative #3 (Ahmedabad),Completed,Education & Skill Development,"[""Water, Sanitation & Environment"", ""Healthcare & Nutrition""]",India,Gujarat,Ahmedabad,False,False,2023-04-01,2023-11-27,8,240,4654,15,5,3,Successfully completed primary community training and material deployment.,0,1,3,3,0,
PRJ_NGO_00043_2,NGO_00043,Education Initiative #2 (Ahmedabad),Completed,Education & Skill Development,"[""Water, Sanitation & Environment"", ""Healthcare & Nutrition""]",India,Gujarat,Ahmedabad,False,False,2023-08-01,2025-01-22,18,540,4919,5,6,3,Successfully completed primary community training and material deployment.,0,1,3,3,1,4654.0
PRJ_NGO_00043_1,NGO_00043,Education Initiative #1 (Ahmedabad),Completed,Education & Skill Development,"[""Water, Sanitation & Environment"", ""Healthcare & Nutrition""]",India,Gujarat,Ahmedabad,False,False,2024-09-01,2026-03-25,19,570,555,18,6,3,Successfully completed primary community training and material deployment.,1,1,3,3,2,4919.0
PRJ_NGO_00044_6,NGO_00044,Environment & Forests Initiative #6 (Ahmedabad),Completed,"Water, Sanitation & Environment","[""Education & Skill Development""]",India,Gujarat,Ahmedabad,False,False,2019-02-01,2020-11-22,22,660,4606,20,5,5,Successfully completed primary community training and material deployment.,0,1,3,2,0,
PRJ_NGO_00044_5,NGO_00044,Environment & Forests Initiative #5 (Ahmedabad),Completed,"Water, Sanitation & Environment","[""Education & Skill Development""]",India,Gujarat,Ahmedabad,False,False,2020-03-01,2021-09-22,19,570,1072,19,3,3,Successfully completed primary community training and material deployment.,1,1,3,2,1,4606.0
PRJ_NGO_00044_4,NGO_00044,Environment & Forests Initiative #4 (Ahmedabad),Completed,"Water, Sanitation & Environment","[""Education & Skill Development""]",India,Gujarat,Ahmedabad,False,False,2021-05-01,2022-05-26,13,390,1793,16,6,6,Successfully completed primary community training and material deployment.,2,1,3,2,2,4606.0
PRJ_NGO_00044_3,NGO_00044,Environment & Forests Initiative #3 (Ahmedabad),Completed,"Water, Sanitation & Environment","[""Education & Skill Development""]",India,Gujarat,Ahmedabad,False,False,2022-12-01,2023-07-29,8,240,4702,11,5,4,Successfully completed primary community training and material deployment.,3,1,3,2,3,4606.0
PRJ_NGO_00044_2,NGO_00044,Environment & Forests Initiative #2 (Ahmedabad),Completed,"Water, Sanitation & Environment","[""Education & Skill Development""]",India,Gujarat,Ahmedabad,False,False,2023-05-01,2024-10-22,18,540,3437,14,4,4,Successfully completed primary community training and material deployment.,4,1,3,2,4,4702.0
PRJ_NGO_00044_1,NGO_00044,Environment & Forests Initiative #1 (Ahmedabad),Completed,"Water, Sanitation & Environment","[""Education & Skill Development""]",India,Gujarat,Ahmedabad,False,False,2024-04-01,2025-02-25,11,330,3146,9,3,3,Successfully completed primary community training and material deployment.,5,1,3,2,5,4702.0
PRJ_NGO_00046_7,NGO_00046,Nutrition & Food Security Initiative #7 (Ahmedabad),Completed,Healthcare & Nutrition,[],India,Gujarat,Ahmedabad,False,False,2018-12-01,2020-10-21,23,690,3940,20,6,6,Successfully completed primary community training and material deployment.,21,3,5,1,0,
PRJ_NGO_00046_6,NGO_00046,Nutrition & Food Security Initiative #6 (Ahmedabad),Completed,Healthcare & Nutrition,[],India,Gujarat,Ahmedabad,False,False,2019-06-01,2020-09-23,16,480,4027,19,5,5,Successfully completed primary community training and material deployment.,22,3,5,1,1,3940.0
PRJ_NGO_00046_5,NGO_00046,Nutrition & Food Security Initiative #5 (Ahmedabad),Completed,Healthcare & Nutrition,[],India,Gujarat,Ahmedabad,False,False,2020-12-01,2022-02-24,15,450,1235,6,4,2,Successfully completed primary community training and material deployment.,23,3,5,1,2,4027.0
PRJ_NGO_00046_4,NGO_00046,Nutrition & Food Security Initiative #4 (Ahmedabad),Completed,Healthcare & Nutrition,[],India,Gujarat,Ahmedabad,False,False,2021-02-01,2021-10-29,9,270,1472,4,6,4,Successfully completed primary community training and material deployment.,24,3,5,1,3,4027.0
PRJ_NGO_00046_3,NGO_00046,Nutrition & Food Security Initiative #3 (Ahmedabad),Completed,Healthcare & Nutrition,[],India,Gujarat,Ahmedabad,False,False,2022-02-01,2022-09-29,8,240,4692,3,3,3,Successfully completed primary community training and material deployment.,25,3,5,1,4,4027.0
PRJ_NGO_00046_2,NGO_00046,Nutrition & Food Security Initiative #2 (Ahmedabad),Completed,Healthcare & Nutrition,[],India,Gujarat,Ahmedabad,False,False,2023-01-01,2023-10-28,10,300,2261,4,4,3,Successfully completed primary community training and material deployment.,26,3,5,1,5,4692.0
PRJ_NGO_00046_1,NGO_00046,Nutrition & Food Security Initiative #1 (Ahmedabad),Ongoing,Healthcare & Nutrition,[],India,Gujarat,Ahmedabad,False,False,2024-05-01,,18,540,3844,13,6,2,,27,3,5,1,6,4692.0
PRJ_NGO_00047_6,NGO_00047,Nutrition & Food Security Initiative #6 (Surat),Completed,Healthcare & Nutrition,"[""Social Welfare & Community Development""]",India,Gujarat,Surat,False,False,2019-11-01,2021-03-25,17,510,1780,2,6,4,Successfully completed primary community training and material deployment.,0,1,3,2,0,
PRJ_NGO_00047_5,NGO_00047,Nutrition & Food Security Initiative #5 (Surat),Completed,Healthcare & Nutrition,"[""Social Welfare & Community Development""]",India,Gujarat,Surat,False,False,2020-12-01,2022-10-22,23,690,1230,17,4,4,Successfully completed primary community training and material deployment.,1,1,3,2,1,1780.0
PRJ_NGO_00047_4,NGO_00047,Nutrition & Food Security Initiative #4 (Surat),Completed,Healthcare & Nutrition,"[""Social Welfare & Community Development""]",India,Gujarat,Surat,False,False,2021-08-01,2022-03-29,8,240,2972,3,3,3,Successfully completed primary community training and material deployment.,2,1,3,2,2,1780.0
PRJ_NGO_00047_3,NGO_00047,Nutrition & Food Security Initiative #3 (Surat),Completed,Healthcare & Nutrition,"[""Social Welfare & Community Development""]",India,Gujarat,Surat,False,False,2022-01-01,2022-07-30,7,210,4093,6,5,2,Successfully completed primary community training and material deployment.,3,1,3,2,3,2972.0
PRJ_NGO_00047_2,NGO_00047,Nutrition & Food Security Initiative #2 (Surat),Completed,Healthcare & Nutrition,"[""Social Welfare & Community Development""]",India,Gujarat,Surat,False,False,2023-07-01,2024-10-23,16,480,1571,10,3,3,Successfully completed primary community training and material deployment.,4,1,3,2,4,4093.0
PRJ_NGO_00047_1,NGO_00047,Nutrition & Food Security Initiative #1 (Surat),Ongoing,Healthcare & Nutrition,"[""Social Welfare & Community Development""]",India,Gujarat,Surat,False,False,2024-08-01,,15,450,3152,3,4,1,,5,1,3,2,5,4093.0
PRJ_NGO_00048_5,NGO_00048,Water & Sanitation Initiative #5 (Vadodara),Completed,"Water, Sanitation & Environment","[""Education & Skill Development""]",India,Gujarat,Vadodara,False,False,2020-05-01,2020-10-28,6,180,1306,11,3,3,Successfully completed primary community training and material deployment.,5,1,3,2,0,
PRJ_NGO_00048_4,NGO_00048,Water & Sanitation Initiative #4 (Vadodara),Completed,"Water, Sanitation & Environment","[""Education & Skill Development""]",India,Gujarat,Vadodara,False,False,2021-12-01,2023-01-25,14,420,3906,16,6,2,Successfully completed primary community training and material deployment.,6,1,3,2,1,1306.0
PRJ_NGO_00048_3,NGO_00048,Water & Sanitation Initiative #3 (Vadodara),Completed,"Water, Sanitation & Environment","[""Education & Skill Development""]",India,Gujarat,Vadodara,False,False,2022-11-01,2024-05-24,19,570,2171,20,4,4,Successfully completed primary community training and material deployment.,7,1,3,2,2,3906.0
PRJ_NGO_00048_2,NGO_00048,Water & Sanitation Initiative #2 (Vadodara),Completed,"Water, Sanitation & Environment","[""Education & Skill Development""]",India,Gujarat,Vadodara,False,False,2023-10-01,2025-05-23,20,600,2781,19,5,4,Successfully completed primary community training and material deployment.,8,1,3,2,3,3906.0
PRJ_NGO_00048_1,NGO_00048,Water & Sanitation Initiative #1 (Vadodara),Completed,"Water, Sanitation & Environment","[""Education & Skill Development""]",India,Gujarat,Vadodara,False,False,2024-03-01,2025-01-25,11,330,3489,18,5,3,Successfully completed primary community training and material deployment.,9,1,3,2,4,3906.0
PRJ_NGO_00049_2,NGO_00049,Environment & Forests Initiative #2 (Surat),Completed,"Water, Sanitation & Environment",[],India,Gujarat,Surat,False,False,2023-03-01,2024-11-20,21,630,1822,17,6,6,Successfully completed primary community training and material deployment.,0,1,2,1,0,
PRJ_NGO_00049_3,NGO_00049,Environment & Forests Initiative #3 (Surat),Completed,"Water, Sanitation & Environment",[],India,Gujarat,Surat,False,False,2023-10-01,2025-07-22,22,660,2185,4,5,5,Successfully completed primary community training and material deployment.,0,1,2,1,1,1822.0
PRJ_NGO_00049_1,NGO_00049,Environment & Forests Initiative #1 (Surat),Ongoing,"Water, Sanitation & Environment",[],India,Gujarat,Surat,False,False,2024-07-01,,14,420,3464,18,6,3,,1,1,2,1,2,2185.0
PRJ_NGO_00050_3,NGO_00050,Water & Sanitation Initiative #3 (Kozhikode),Completed,"Water, Sanitation & Environment","[""Social Welfare & Community Development"", ""Healthcare & Nutrition""]",India,Kerala,Kozhikode,False,False,2022-10-01,2024-08-21,23,690,1331,11,4,4,Successfully completed primary community training and material deployment.,2,1,2,3,0,
PRJ_NGO_00050_2,NGO_00050,Water & Sanitation Initiative #2 (Kozhikode),Completed,"Water, Sanitation & Environment","[""Social Welfare & Community Development"", ""Healthcare & Nutrition""]",India,Kerala,Kozhikode,False,False,2023-03-01,2024-09-21,19,570,2897,16,4,3,Successfully completed primary community training and material deployment.,3,1,2,3,1,1331.0
PRJ_NGO_00050_1,NGO_00050,Water & Sanitation Initiative #1 (Kozhikode),Ongoing,"Water, Sanitation & Environment","[""Social Welfare & Community Development"", ""Healthcare & Nutrition""]",India,Kerala,Kozhikode,False,False,2024-07-01,,10,300,3331,18,4,2,,4,1,2,3,2,2897.0
PRJ_NGO_00051_4,NGO_00051,Women Empowerment Initiative #4 (Dharwad),Completed,Social Welfare & Community Development,"[""Water, Sanitation & Environment""]",India,Karnataka,Dharwad,False,False,2021-08-01,2023-07-22,24,720,3924,4,5,4,Successfully completed primary community training and material deployment.,0,1,3,2,0,
PRJ_NGO_00051_5,NGO_00051,Women Empowerment Initiative #5 (Dharwad),Completed,Social Welfare & Community Development,"[""Water, Sanitation & Environment""]",India,Karnataka,Dharwad,False,False,2021-12-01,2022-10-27,11,330,947,5,6,4,Successfully completed primary community training and material deployment.,0,1,3,2,1,3924.0
PRJ_NGO_00051_3,NGO_00051,Women Empowerment Initiative #3 (Dharwad),Completed,Social Welfare & Community Development,"[""Water, Sanitation & Environment""]",India,Karnataka,Dharwad,False,False,2022-10-01,2024-08-21,23,690,3420,15,5,5,Successfully completed primary community training and material deployment.,1,1,3,2,2,3924.0
PRJ_NGO_00051_2,NGO_00051,Women Empowerment Initiative #2 (Dharwad),Completed,Social Welfare & Community Development,"[""Water, Sanitation & Environment""]",India,Karnataka,Dharwad,False,False,2023-12-01,2025-09-21,22,660,3997,16,3,3,Successfully completed primary community training and material deployment.,2,1,3,2,3,3924.0
PRJ_NGO_00051_1,NGO_00051,Women Empowerment Initiative #1 (Dharwad),Completed,Social Welfare & Community Development,"[""Water, Sanitation & Environment""]",India,Karnataka,Dharwad,False,False,2024-05-01,2025-07-25,15,450,1563,15,5,5,Successfully completed primary community training and material deployment.,3,1,3,2,4,3997.0
PRJ_NGO_00052_5,NGO_00052,Nutrition & Food Security Initiative #5 (Cuttack),Completed,Healthcare & Nutrition,"[""Water, Sanitation & Environment""]",India,Odisha,Cuttack,True,False,2021-12-01,2023-02-24,15,450,755,11,5,5,Successfully completed primary community training and material deployment.,9,3,6,2,0,
PRJ_NGO_00052_4,NGO_00052,Nutrition & Food Security Initiative #4 (Cuttack),Completed,Healthcare & Nutrition,"[""Water, Sanitation & Environment""]",India,Odisha,Cuttack,True,False,2022-07-01,2023-01-27,7,210,3064,19,4,2,Successfully completed primary community training and material deployment.,10,3,6,2,1,755.0
PRJ_NGO_00052_3,NGO_00052,Nutrition & Food Security Initiative #3 (Cuttack),Completed,Healthcare & Nutrition,"[""Water, Sanitation & Environment""]",India,Odisha,Cuttack,True,False,2023-01-01,2023-09-28,9,270,4008,5,4,4,Successfully completed primary community training and material deployment.,11,3,6,2,2,3064.0
PRJ_NGO_00052_2,NGO_00052,Nutrition & Food Security Initiative #2 (Cuttack),Completed,Healthcare & Nutrition,"[""Water, Sanitation & Environment""]",India,Odisha,Cuttack,True,False,2024-08-01,2026-05-23,22,660,4234,7,4,4,Successfully completed primary community training and material deployment.,12,3,6,2,3,4008.0
PRJ_NGO_00052_1,NGO_00052,Nutrition & Food Security Initiative #1 (Cuttack),Completed,Healthcare & Nutrition,"[""Water, Sanitation & Environment""]",India,Odisha,Cuttack,True,False,2025-10-01,2026-12-25,15,450,2792,10,5,3,Successfully completed primary community training and material deployment.,13,3,6,2,4,4234.0
PRJ_NGO_00053_7,NGO_00053,Education Initiative #7 (Kanpur Nagar),Completed,Education & Skill Development,"[""Healthcare & Nutrition"", ""Social Welfare & Community Development""]",India,Uttar Pradesh,Kanpur Nagar,False,False,2021-01-01,2021-09-28,9,270,640,4,6,5,Successfully completed primary community training and material deployment.,0,1,2,3,0,
PRJ_NGO_00053_5,NGO_00053,Education Initiative #5 (Kanpur Nagar),Completed,Education & Skill Development,"[""Healthcare & Nutrition"", ""Social Welfare & Community Development""]",India,Uttar Pradesh,Kanpur Nagar,False,False,2021-03-01,2022-05-25,15,450,2205,7,3,3,Successfully completed primary community training and material deployment.,0,1,2,3,1,640.0
PRJ_NGO_00053_6,NGO_00053,Education Initiative #6 (Kanpur Nagar),Completed,Education & Skill Development,"[""Healthcare & Nutrition"", ""Social Welfare & Community Development""]",India,Uttar Pradesh,Kanpur Nagar,False,False,2021-06-01,2023-04-22,23,690,615,6,3,3,Successfully completed primary community training and material deployment.,0,1,2,3,2,2205.0
PRJ_NGO_00053_4,NGO_00053,Education Initiative #4 (Kanpur Nagar),Completed,Education & Skill Development,"[""Healthcare & Nutrition"", ""Social Welfare & Community Development""]",India,Uttar Pradesh,Kanpur Nagar,False,False,2021-10-01,2023-08-22,23,690,1038,8,5,5,Successfully completed primary community training and material deployment.,0,1,2,3,3,2205.0
PRJ_NGO_00053_3,NGO_00053,Education Initiative #3 (Kanpur Nagar),Completed,Education & Skill Development,"[""Healthcare & Nutrition"", ""Social Welfare & Community Development""]",India,Uttar Pradesh,Kanpur Nagar,False,False,2022-08-01,2023-04-28,9,270,1423,7,5,2,Successfully completed primary community training and material deployment.,1,1,2,3,4,2205.0
PRJ_NGO_00053_2,NGO_00053,Education Initiative #2 (Kanpur Nagar),Completed,Education & Skill Development,"[""Healthcare & Nutrition"", ""Social Welfare & Community Development""]",India,Uttar Pradesh,Kanpur Nagar,False,False,2023-05-01,2024-04-25,12,360,1842,8,5,4,Successfully completed primary community training and material deployment.,2,1,2,3,5,2205.0
PRJ_NGO_00053_1,NGO_00053,Education Initiative #1 (Kanpur Nagar),Completed,Education & Skill Development,"[""Healthcare & Nutrition"", ""Social Welfare & Community Development""]",India,Uttar Pradesh,Kanpur Nagar,False,False,2024-02-01,2025-05-26,16,480,577,5,5,2,Successfully completed primary community training and material deployment.,3,1,2,3,6,2205.0
PRJ_NGO_00054_2,NGO_00054,Child Welfare Initiative #2 (Sundargarh),Completed,Social Welfare & Community Development,[],India,Odisha,Sundargarh,False,False,2024-03-01,2024-10-27,8,240,4186,5,6,4,Successfully completed primary community training and material deployment.,0,1,3,1,0,
PRJ_NGO_00054_1,NGO_00054,Child Welfare Initiative #1 (Sundargarh),Ongoing,Social Welfare & Community Development,[],India,Odisha,Sundargarh,False,False,2024-12-01,,24,720,3766,20,5,3,,0,1,3,1,1,4186.0
PRJ_NGO_00055_6,NGO_00055,Nutrition & Food Security Initiative #6 (Darjeeling),Completed,Healthcare & Nutrition,[],India,West Bengal,Darjeeling,True,False,2022-02-01,2023-02-26,13,390,839,19,5,5,Successfully completed primary community training and material deployment.,0,3,7,1,0,
PRJ_NGO_00055_7,NGO_00055,Nutrition & Food Security Initiative #7 (Darjeeling),Completed,Healthcare & Nutrition,[],India,West Bengal,Darjeeling,True,False,2022-06-01,2024-04-21,23,690,4040,16,6,6,Successfully completed primary community training and material deployment.,0,3,7,1,1,839.0
PRJ_NGO_00055_4,NGO_00055,Nutrition & Food Security Initiative #4 (Darjeeling),Completed,Healthcare & Nutrition,[],India,West Bengal,Darjeeling,True,False,2022-10-01,2024-06-22,21,630,1127,20,6,2,Successfully completed primary community training and material deployment.,0,3,7,1,2,4040.0
PRJ_NGO_00055_3,NGO_00055,Nutrition & Food Security Initiative #3 (Darjeeling),Completed,Healthcare & Nutrition,[],India,West Bengal,Darjeeling,True,False,2022-12-01,2023-12-26,13,390,2405,15,5,2,Successfully completed primary community training and material deployment.,0,3,7,1,3,4040.0
PRJ_NGO_00055_5,NGO_00055,Nutrition & Food Security Initiative #5 (Darjeeling),Completed,Healthcare & Nutrition,[],India,West Bengal,Darjeeling,True,False,2022-12-01,2024-09-21,22,660,4008,18,3,3,Successfully completed primary community training and material deployment.,0,3,7,1,4,4040.0
PRJ_NGO_00055_2,NGO_00055,Nutrition & Food Security Initiative #2 (Darjeeling),Completed,Healthcare & Nutrition,[],India,West Bengal,Darjeeling,True,False,2023-07-01,2024-11-22,17,510,1722,15,3,3,Successfully completed primary community training and material deployment.,1,3,7,1,5,4040.0
PRJ_NGO_00055_1,NGO_00055,Nutrition & Food Security Initiative #1 (Darjeeling),Completed,Healthcare & Nutrition,[],India,West Bengal,Darjeeling,True,False,2024-08-01,2026-02-22,19,570,1672,16,6,6,Successfully completed primary community training and material deployment.,2,3,7,1,6,4040.0
PRJ_NGO_00056_1,NGO_00056,Environment & Forests Initiative #1 (Howrah),Ongoing,"Water, Sanitation & Environment",[],India,West Bengal,Howrah,False,False,2025-08-01,,18,540,2668,17,4,2,,0,2,4,1,0,
PRJ_NGO_00057_2,NGO_00057,Healthcare & Medical Initiative #2 (Mangaluru),Completed,Healthcare & Nutrition,"[""Education & Skill Development"", ""Social Welfare & Community Development""]",India,Karnataka,Mangaluru,False,False,2023-06-01,2023-12-28,7,210,2368,7,6,2,Successfully completed primary community training and material deployment.,0,4,9,3,0,
PRJ_NGO_00057_1,NGO_00057,Healthcare & Medical Initiative #1 (Mangaluru),Completed,Healthcare & Nutrition,"[""Education & Skill Development"", ""Social Welfare & Community Development""]",India,Karnataka,Mangaluru,False,False,2024-12-01,2026-03-26,16,480,1526,4,5,2,Successfully completed primary community training and material deployment.,1,4,9,3,1,2368.0
PRJ_NGO_00058_3,NGO_00058,Education Initiative #3 (Belagavi),Completed,Education & Skill Development,[],India,Karnataka,Belagavi,False,False,2022-04-01,2024-01-21,22,660,4595,6,4,2,Successfully completed primary community training and material deployment.,3,1,3,1,0,
PRJ_NGO_00058_2,NGO_00058,Education Initiative #2 (Belagavi),Completed,Education & Skill Development,[],India,Karnataka,Belagavi,False,False,2023-08-01,2024-01-28,6,180,2979,3,5,2,Successfully completed primary community training and material deployment.,4,1,3,1,1,4595.0
PRJ_NGO_00058_1,NGO_00058,Education Initiative #1 (Belagavi),Ongoing,Education & Skill Development,[],India,Karnataka,Belagavi,False,False,2024-10-01,,13,390,3384,4,5,2,,5,1,3,1,2,4595.0
PRJ_NGO_00059_1,NGO_00059,Child Welfare Initiative #1 (Jaipur),Completed,Social Welfare & Community Development,"[""Healthcare & Nutrition""]",India,Rajasthan,Jaipur,False,False,2024-10-01,2025-12-25,15,450,4099,6,4,3,Successfully completed primary community training and material deployment.,1,2,3,2,0,
PRJ_NGO_00060_3,NGO_00060,Environment & Forests Initiative #3 (Central Delhi),Completed,"Water, Sanitation & Environment","[""Social Welfare & Community Development""]",India,Delhi,Central Delhi,False,False,2022-10-01,2023-03-30,6,180,562,3,6,6,Successfully completed primary community training and material deployment.,8,1,1,2,0,
PRJ_NGO_00060_2,NGO_00060,Environment & Forests Initiative #2 (Central Delhi),Completed,"Water, Sanitation & Environment","[""Social Welfare & Community Development""]",India,Delhi,Central Delhi,False,False,2023-12-01,2024-12-25,13,390,2881,15,4,4,Successfully completed primary community training and material deployment.,9,1,1,2,1,562.0
PRJ_NGO_00060_1,NGO_00060,Environment & Forests Initiative #1 (Central Delhi),Ongoing,"Water, Sanitation & Environment","[""Social Welfare & Community Development""]",India,Delhi,Central Delhi,False,False,2024-09-01,,21,630,4078,16,5,1,,10,1,1,2,2,2881.0
PRJ_NGO_00061_7,NGO_00061,Disaster Relief & Rehabilitation Initiative #7 (Nashik),Completed,Emergency Relief & Rehabilitation,[],India,Maharashtra,Nashik,False,True,2019-08-01,2020-01-28,6,180,1748,4,3,3,Successfully completed primary community training and material deployment.,2,1,1,1,0,
PRJ_NGO_00061_6,NGO_00061,Disaster Relief & Rehabilitation Initiative #6 (Nashik),Completed,Emergency Relief & Rehabilitation,[],India,Maharashtra,Nashik,False,True,2020-04-01,2022-01-21,22,660,2601,15,4,4,Successfully completed primary community training and material deployment.,3,1,1,1,1,1748.0
PRJ_NGO_00061_5,NGO_00061,Disaster Relief & Rehabilitation Initiative #5 (Nashik),Completed,Emergency Relief & Rehabilitation,[],India,Maharashtra,Nashik,False,True,2021-05-01,2021-12-27,8,240,1549,10,3,3,Successfully completed primary community training and material deployment.,4,1,1,1,2,2601.0
PRJ_NGO_00061_4,NGO_00061,Disaster Relief & Rehabilitation Initiative #4 (Nashik),Completed,Emergency Relief & Rehabilitation,[],India,Maharashtra,Nashik,False,True,2022-11-01,2023-06-29,8,240,3950,4,3,3,Successfully completed primary community training and material deployment.,5,1,1,1,3,2601.0
PRJ_NGO_00061_3,NGO_00061,Disaster Relief & Rehabilitation Initiative #3 (Nashik),Completed,Emergency Relief & Rehabilitation,[],India,Maharashtra,Nashik,False,True,2023-02-01,2024-10-23,21,630,4565,11,6,6,Successfully completed primary community training and material deployment.,6,1,1,1,4,3950.0
PRJ_NGO_00061_2,NGO_00061,Disaster Relief & Rehabilitation Initiative #2 (Nashik),Completed,Emergency Relief & Rehabilitation,[],India,Maharashtra,Nashik,False,True,2024-05-01,2024-11-27,7,210,3254,13,6,5,Successfully completed primary community training and material deployment.,7,1,1,1,5,4565.0
PRJ_NGO_00061_1,NGO_00061,Disaster Relief & Rehabilitation Initiative #1 (Nashik),Completed,Emergency Relief & Rehabilitation,[],India,Maharashtra,Nashik,False,True,2025-10-01,2026-09-26,12,360,2825,13,5,5,Successfully completed primary community training and material deployment.,8,1,1,1,6,4565.0
PRJ_NGO_00062_4,NGO_00062,Water & Sanitation Initiative #4 (Sundargarh),Completed,"Water, Sanitation & Environment","[""Healthcare & Nutrition""]",India,Odisha,Sundargarh,False,False,2021-11-01,2022-12-26,14,420,1632,19,6,6,Successfully completed primary community training and material deployment.,7,3,6,2,0,
PRJ_NGO_00062_3,NGO_00062,Water & Sanitation Initiative #3 (Sundargarh),Completed,"Water, Sanitation & Environment","[""Healthcare & Nutrition""]",India,Odisha,Sundargarh,False,False,2022-08-01,2024-05-22,22,660,741,20,6,2,Successfully completed primary community training and material deployment.,8,3,6,2,1,1632.0
PRJ_NGO_00062_2,NGO_00062,Water & Sanitation Initiative #2 (Sundargarh),Completed,"Water, Sanitation & Environment","[""Healthcare & Nutrition""]",India,Odisha,Sundargarh,False,False,2023-12-01,2025-06-23,19,570,1343,20,3,3,Successfully completed primary community training and material deployment.,9,3,6,2,2,1632.0
PRJ_NGO_00062_1,NGO_00062,Water & Sanitation Initiative #1 (Sundargarh),Completed,"Water, Sanitation & Environment","[""Healthcare & Nutrition""]",India,Odisha,Sundargarh,False,False,2024-08-01,2026-06-22,23,690,1966,16,6,5,Successfully completed primary community training and material deployment.,10,3,6,2,3,1632.0
PRJ_NGO_00063_6,NGO_00063,Education Initiative #6 (Kozhikode),Completed,Education & Skill Development,"[""Water, Sanitation & Environment""]",India,Kerala,Kozhikode,False,False,2019-05-01,2019-11-27,7,210,2671,2,3,2,Successfully completed primary community training and material deployment.,13,1,3,2,0,
PRJ_NGO_00063_5,NGO_00063,Education Initiative #5 (Kozhikode),Completed,Education & Skill Development,"[""Water, Sanitation & Environment""]",India,Kerala,Kozhikode,False,False,2020-01-01,2020-12-26,12,360,468,18,3,3,Successfully completed primary community training and material deployment.,14,1,3,2,1,2671.0
PRJ_NGO_00063_4,NGO_00063,Education Initiative #4 (Kozhikode),Completed,Education & Skill Development,"[""Water, Sanitation & Environment""]",India,Kerala,Kozhikode,False,False,2021-03-01,2021-10-27,8,240,1115,4,3,3,Successfully completed primary community training and material deployment.,15,1,3,2,2,2671.0
PRJ_NGO_00063_3,NGO_00063,Education Initiative #3 (Kozhikode),Completed,Education & Skill Development,"[""Water, Sanitation & Environment""]",India,Kerala,Kozhikode,False,False,2022-01-01,2022-09-28,9,270,1254,6,4,4,Successfully completed primary community training and material deployment.,16,1,3,2,3,2671.0
PRJ_NGO_00063_2,NGO_00063,Education Initiative #2 (Kozhikode),Completed,Education & Skill Development,"[""Water, Sanitation & Environment""]",India,Kerala,Kozhikode,False,False,2023-05-01,2024-09-22,17,510,3820,18,5,3,Successfully completed primary community training and material deployment.,17,1,3,2,4,2671.0
PRJ_NGO_00063_1,NGO_00063,Education Initiative #1 (Kozhikode),Completed,Education & Skill Development,"[""Water, Sanitation & Environment""]",India,Kerala,Kozhikode,False,False,2024-02-01,2025-08-24,19,570,825,5,4,2,Successfully completed primary community training and material deployment.,18,1,3,2,5,3820.0
PRJ_NGO_00064_2,NGO_00064,Water & Sanitation Initiative #2 (Dharwad),Completed,"Water, Sanitation & Environment","[""Emergency Relief & Rehabilitation""]",India,Karnataka,Dharwad,False,True,2023-02-01,2023-09-29,8,240,4232,16,4,4,Successfully completed primary community training and material deployment.,18,1,2,2,0,
PRJ_NGO_00064_1,NGO_00064,Water & Sanitation Initiative #1 (Dharwad),Completed,"Water, Sanitation & Environment","[""Emergency Relief & Rehabilitation""]",India,Karnataka,Dharwad,False,True,2024-08-01,2025-01-28,6,180,3334,12,4,4,Successfully completed primary community training and material deployment.,19,1,2,2,1,4232.0
PRJ_NGO_00065_5,NGO_00065,Women Empowerment Initiative #5 (Vadodara),Completed,Social Welfare & Community Development,[],India,Gujarat,Vadodara,False,False,2020-11-01,2022-06-24,20,600,4564,15,3,3,Successfully completed primary community training and material deployment.,23,1,2,1,0,
PRJ_NGO_00065_4,NGO_00065,Women Empowerment Initiative #4 (Vadodara),Completed,Social Welfare & Community Development,[],India,Gujarat,Vadodara,False,False,2021-09-01,2023-04-24,20,600,1679,2,4,4,Successfully completed primary community training and material deployment.,24,1,2,1,1,4564.0
PRJ_NGO_00065_3,NGO_00065,Women Empowerment Initiative #3 (Vadodara),Completed,Social Welfare & Community Development,[],India,Gujarat,Vadodara,False,False,2022-05-01,2023-11-22,19,570,2766,8,6,5,Successfully completed primary community training and material deployment.,25,1,2,1,2,4564.0
PRJ_NGO_00065_2,NGO_00065,Women Empowerment Initiative #2 (Vadodara),Completed,Social Welfare & Community Development,[],India,Gujarat,Vadodara,False,False,2023-09-01,2025-05-23,21,630,1918,13,3,3,Successfully completed primary community training and material deployment.,26,1,2,1,3,4564.0
PRJ_NGO_00065_1,NGO_00065,Women Empowerment Initiative #1 (Vadodara),Completed,Social Welfare & Community Development,[],India,Gujarat,Vadodara,False,False,2024-10-01,2025-05-29,8,240,976,20,5,4,Successfully completed primary community training and material deployment.,27,1,2,1,4,4564.0
PRJ_NGO_00066_7,NGO_00066,Nutrition & Food Security Initiative #7 (Dharwad),Completed,Healthcare & Nutrition,[],India,Karnataka,Dharwad,False,False,2018-06-01,2020-05-21,24,720,1107,7,4,4,Successfully completed primary community training and material deployment.,6,1,4,1,0,
PRJ_NGO_00066_6,NGO_00066,Nutrition & Food Security Initiative #6 (Dharwad),Completed,Healthcare & Nutrition,[],India,Karnataka,Dharwad,False,False,2019-01-01,2019-11-27,11,330,1314,2,6,3,Successfully completed primary community training and material deployment.,7,1,4,1,1,1107.0
PRJ_NGO_00066_5,NGO_00066,Nutrition & Food Security Initiative #5 (Dharwad),Completed,Healthcare & Nutrition,[],India,Karnataka,Dharwad,False,False,2020-09-01,2021-04-29,8,240,3647,19,5,5,Successfully completed primary community training and material deployment.,8,1,4,1,2,1314.0
PRJ_NGO_00066_4,NGO_00066,Nutrition & Food Security Initiative #4 (Dharwad),Completed,Healthcare & Nutrition,[],India,Karnataka,Dharwad,False,False,2021-08-01,2023-04-23,21,630,2925,15,3,3,Successfully completed primary community training and material deployment.,9,1,4,1,3,3647.0
PRJ_NGO_00066_3,NGO_00066,Nutrition & Food Security Initiative #3 (Dharwad),Completed,Healthcare & Nutrition,[],India,Karnataka,Dharwad,False,False,2022-03-01,2023-10-22,20,600,3528,3,5,2,Successfully completed primary community training and material deployment.,10,1,4,1,4,3647.0
PRJ_NGO_00066_2,NGO_00066,Nutrition & Food Security Initiative #2 (Dharwad),Completed,Healthcare & Nutrition,[],India,Karnataka,Dharwad,False,False,2023-07-01,2024-08-24,14,420,939,9,5,3,Successfully completed primary community training and material deployment.,11,1,4,1,5,3647.0
PRJ_NGO_00066_1,NGO_00066,Nutrition & Food Security Initiative #1 (Dharwad),Ongoing,Healthcare & Nutrition,[],India,Karnataka,Dharwad,False,False,2024-09-01,,18,540,3172,5,4,2,,12,1,4,1,6,3647.0
PRJ_NGO_00067_5,NGO_00067,Healthcare & Medical Initiative #5 (Kozhikode),Completed,Healthcare & Nutrition,[],India,Kerala,Kozhikode,False,False,2022-03-01,2023-12-21,22,660,2978,16,4,2,Successfully completed primary community training and material deployment.,0,1,2,1,0,
PRJ_NGO_00067_3,NGO_00067,Healthcare & Medical Initiative #3 (Kozhikode),Completed,Healthcare & Nutrition,[],India,Kerala,Kozhikode,False,False,2022-06-01,2023-06-26,13,390,3102,3,3,3,Successfully completed primary community training and material deployment.,0,1,2,1,1,2978.0
PRJ_NGO_00067_4,NGO_00067,Healthcare & Medical Initiative #4 (Kozhikode),Completed,Healthcare & Nutrition,[],India,Kerala,Kozhikode,False,False,2022-07-01,2023-09-24,15,450,3238,6,3,3,Successfully completed primary community training and material deployment.,0,1,2,1,2,3102.0
PRJ_NGO_00067_6,NGO_00067,Healthcare & Medical Initiative #6 (Kozhikode),Completed,Healthcare & Nutrition,[],India,Kerala,Kozhikode,False,False,2022-09-01,2024-03-24,19,570,2333,5,5,2,Successfully completed primary community training and material deployment.,0,1,2,1,3,3238.0
PRJ_NGO_00067_2,NGO_00067,Healthcare & Medical Initiative #2 (Kozhikode),Completed,Healthcare & Nutrition,[],India,Kerala,Kozhikode,False,False,2023-12-01,2025-05-24,18,540,2299,4,3,3,Successfully completed primary community training and material deployment.,1,1,2,1,4,3238.0
PRJ_NGO_00067_1,NGO_00067,Healthcare & Medical Initiative #1 (Kozhikode),Completed,Healthcare & Nutrition,[],India,Kerala,Kozhikode,False,False,2024-08-01,2025-03-29,8,240,4041,6,5,5,Successfully completed primary community training and material deployment.,2,1,2,1,5,3238.0
PRJ_NGO_00068_3,NGO_00068,Nutrition & Food Security Initiative #3 (Kozhikode),Completed,Healthcare & Nutrition,"[""Education & Skill Development"", ""Social Welfare & Community Development""]",India,Kerala,Kozhikode,False,False,2022-06-01,2023-04-27,11,330,3689,4,3,3,Successfully completed primary community training and material deployment.,1,1,2,3,0,
PRJ_NGO_00068_2,NGO_00068,Nutrition & Food Security Initiative #2 (Kozhikode),Completed,Healthcare & Nutrition,"[""Education & Skill Development"", ""Social Welfare & Community Development""]",India,Kerala,Kozhikode,False,False,2023-08-01,2025-03-23,20,600,4102,10,6,2,Successfully completed primary community training and material deployment.,2,1,2,3,1,3689.0
PRJ_NGO_00068_1,NGO_00068,Nutrition & Food Security Initiative #1 (Kozhikode),Ongoing,Healthcare & Nutrition,"[""Education & Skill Development"", ""Social Welfare & Community Development""]",India,Kerala,Kozhikode,False,False,2024-08-01,,19,570,1275,13,3,2,,3,1,2,3,2,4102.0
PRJ_NGO_00069_6,NGO_00069,Environment & Forests Initiative #6 (Jaipur),Completed,"Water, Sanitation & Environment","[""Emergency Relief & Rehabilitation""]",India,Rajasthan,Jaipur,False,True,2019-08-01,2020-12-23,17,510,2101,18,4,4,Successfully completed primary community training and material deployment.,16,1,2,2,0,
PRJ_NGO_00069_5,NGO_00069,Environment & Forests Initiative #5 (Jaipur),Completed,"Water, Sanitation & Environment","[""Emergency Relief & Rehabilitation""]",India,Rajasthan,Jaipur,False,True,2020-10-01,2022-02-23,17,510,3773,2,4,4,Successfully completed primary community training and material deployment.,17,1,2,2,1,2101.0
PRJ_NGO_00069_4,NGO_00069,Environment & Forests Initiative #4 (Jaipur),Completed,"Water, Sanitation & Environment","[""Emergency Relief & Rehabilitation""]",India,Rajasthan,Jaipur,False,True,2021-10-01,2023-01-24,16,480,720,10,6,5,Successfully completed primary community training and material deployment.,18,1,2,2,2,3773.0
PRJ_NGO_00069_3,NGO_00069,Environment & Forests Initiative #3 (Jaipur),Completed,"Water, Sanitation & Environment","[""Emergency Relief & Rehabilitation""]",India,Rajasthan,Jaipur,False,True,2022-08-01,2024-05-22,22,660,4196,9,3,3,Successfully completed primary community training and material deployment.,19,1,2,2,3,3773.0
PRJ_NGO_00069_2,NGO_00069,Environment & Forests Initiative #2 (Jaipur),Completed,"Water, Sanitation & Environment","[""Emergency Relief & Rehabilitation""]",India,Rajasthan,Jaipur,False,True,2023-12-01,2025-06-23,19,570,4260,20,5,2,Successfully completed primary community training and material deployment.,20,1,2,2,4,4196.0
PRJ_NGO_00069_1,NGO_00069,Environment & Forests Initiative #1 (Jaipur),Ongoing,"Water, Sanitation & Environment","[""Emergency Relief & Rehabilitation""]",India,Rajasthan,Jaipur,False,True,2024-05-01,,24,720,617,12,3,1,,21,1,2,2,5,4260.0
PRJ_NGO_00070_3,NGO_00070,Nutrition & Food Security Initiative #3 (Dharwad),Completed,Healthcare & Nutrition,"[""Emergency Relief & Rehabilitation""]",India,Karnataka,Dharwad,False,True,2022-10-01,2023-07-28,10,300,3855,8,6,4,Successfully completed primary community training and material deployment.,22,1,4,2,0,
PRJ_NGO_00070_2,NGO_00070,Nutrition & Food Security Initiative #2 (Dharwad),Completed,Healthcare & Nutrition,"[""Emergency Relief & Rehabilitation""]",India,Karnataka,Dharwad,False,True,2023-11-01,2025-09-21,23,690,2769,13,3,3,Successfully completed primary community training and material deployment.,23,1,4,2,1,3855.0
PRJ_NGO_00070_1,NGO_00070,Nutrition & Food Security Initiative #1 (Dharwad),Completed,Healthcare & Nutrition,"[""Emergency Relief & Rehabilitation""]",India,Karnataka,Dharwad,False,True,2024-07-01,2025-01-27,7,210,4906,3,5,5,Successfully completed primary community training and material deployment.,24,1,4,2,2,3855.0
PRJ_NGO_00071_3,NGO_00071,Environment & Forests Initiative #3 (Kolkata),Completed,"Water, Sanitation & Environment","[""Emergency Relief & Rehabilitation"", ""Healthcare & Nutrition""]",India,West Bengal,Kolkata,False,True,2022-02-01,2022-10-29,9,270,4883,11,3,3,Successfully completed primary community training and material deployment.,9,1,3,3,0,
PRJ_NGO_00071_2,NGO_00071,Environment & Forests Initiative #2 (Kolkata),Completed,"Water, Sanitation & Environment","[""Emergency Relief & Rehabilitation"", ""Healthcare & Nutrition""]",India,West Bengal,Kolkata,False,True,2023-08-01,2024-02-27,7,210,4779,13,3,3,Successfully completed primary community training and material deployment.,10,1,3,3,1,4883.0
PRJ_NGO_00071_1,NGO_00071,Environment & Forests Initiative #1 (Kolkata),Ongoing,"Water, Sanitation & Environment","[""Emergency Relief & Rehabilitation"", ""Healthcare & Nutrition""]",India,West Bengal,Kolkata,False,True,2024-03-01,,21,630,1259,18,3,3,,11,1,3,3,2,4883.0
PRJ_NGO_00072_6,NGO_00072,Child Welfare Initiative #6 (North 24 Parganas),Completed,Social Welfare & Community Development,[],India,West Bengal,North 24 Parganas,False,False,2019-11-01,2020-10-26,12,360,4380,11,3,3,Successfully completed primary community training and material deployment.,3,1,3,1,0,
PRJ_NGO_00072_5,NGO_00072,Child Welfare Initiative #5 (North 24 Parganas),Completed,Social Welfare & Community Development,[],India,West Bengal,North 24 Parganas,False,False,2020-03-01,2020-08-28,6,180,4150,10,5,5,Successfully completed primary community training and material deployment.,4,1,3,1,1,4380.0
PRJ_NGO_00072_4,NGO_00072,Child Welfare Initiative #4 (North 24 Parganas),Completed,Social Welfare & Community Development,[],India,West Bengal,North 24 Parganas,False,False,2021-07-01,2023-05-22,23,690,542,2,6,6,Successfully completed primary community training and material deployment.,5,1,3,1,2,4380.0
PRJ_NGO_00072_3,NGO_00072,Child Welfare Initiative #3 (North 24 Parganas),Completed,Social Welfare & Community Development,[],India,West Bengal,North 24 Parganas,False,False,2022-02-01,2023-11-23,22,660,1366,13,4,3,Successfully completed primary community training and material deployment.,6,1,3,1,3,4380.0
PRJ_NGO_00072_2,NGO_00072,Child Welfare Initiative #2 (North 24 Parganas),Completed,Social Welfare & Community Development,[],India,West Bengal,North 24 Parganas,False,False,2023-11-01,2024-07-28,9,270,4744,6,5,5,Successfully completed primary community training and material deployment.,7,1,3,1,4,4380.0
PRJ_NGO_00072_1,NGO_00072,Child Welfare Initiative #1 (North 24 Parganas),Completed,Social Welfare & Community Development,[],India,West Bengal,North 24 Parganas,False,False,2024-08-01,2025-01-28,6,180,2114,2,5,5,Successfully completed primary community training and material deployment.,8,1,3,1,5,4744.0
PRJ_NGO_00073_2,NGO_00073,Rural Development Initiative #2 (Nashik),Completed,Social Welfare & Community Development,[],India,Maharashtra,Nashik,False,False,2023-01-01,2024-01-26,13,390,2476,15,6,4,Successfully completed primary community training and material deployment.,16,2,5,1,0,
PRJ_NGO_00073_1,NGO_00073,Rural Development Initiative #1 (Nashik),Completed,Social Welfare & Community Development,[],India,Maharashtra,Nashik,False,False,2024-06-01,2025-12-23,19,570,2444,5,6,5,Successfully completed primary community training and material deployment.,17,2,5,1,1,2476.0
PRJ_NGO_00074_2,NGO_00074,Healthcare & Medical Initiative #2 (Khordha),Completed,Healthcare & Nutrition,[],India,Odisha,Khordha,True,False,2024-10-01,2025-09-26,12,360,1232,18,5,4,Successfully completed primary community training and material deployment.,16,1,2,1,0,
PRJ_NGO_00074_1,NGO_00074,Healthcare & Medical Initiative #1 (Khordha),Completed,Healthcare & Nutrition,[],India,Odisha,Khordha,True,False,2025-06-01,2027-05-22,24,720,1084,5,3,3,Successfully completed primary community training and material deployment.,17,1,2,1,1,1232.0
PRJ_NGO_00075_1,NGO_00075,Environment & Forests Initiative #1 (Mysuru),Ongoing,"Water, Sanitation & Environment","[""Education & Skill Development""]",India,Karnataka,Mysuru,False,False,2024-01-01,,12,360,2527,7,4,2,,0,1,3,2,0,
PRJ_NGO_00075_2,NGO_00075,Environment & Forests Initiative #2 (Mysuru),Completed,"Water, Sanitation & Environment","[""Education & Skill Development""]",India,Karnataka,Mysuru,False,False,2024-06-01,2026-04-22,23,690,1662,8,3,3,Successfully completed primary community training and material deployment.,0,1,3,2,1,2527.0
PRJ_NGO_00076_2,NGO_00076,Water & Sanitation Initiative #2 (Thiruvananthapuram),Completed,"Water, Sanitation & Environment","[""Social Welfare & Community Development"", ""Healthcare & Nutrition""]",India,Kerala,Thiruvananthapuram,False,False,2023-03-01,2024-08-22,18,540,2058,8,6,3,Successfully completed primary community training and material deployment.,2,1,2,3,0,
PRJ_NGO_00076_1,NGO_00076,Water & Sanitation Initiative #1 (Thiruvananthapuram),Completed,"Water, Sanitation & Environment","[""Social Welfare & Community Development"", ""Healthcare & Nutrition""]",India,Kerala,Thiruvananthapuram,False,False,2024-05-01,2025-09-23,17,510,3523,20,3,3,Successfully completed primary community training and material deployment.,3,1,2,3,1,2058.0
PRJ_NGO_00077_5,NGO_00077,Skill Development & Livelihood Initiative #5 (Udaipur),Completed,Education & Skill Development,[],India,Rajasthan,Udaipur,True,False,2020-11-01,2022-06-24,20,600,3015,14,4,4,Successfully completed primary community training and material deployment.,6,1,4,1,0,
PRJ_NGO_00077_4,NGO_00077,Skill Development & Livelihood Initiative #4 (Udaipur),Completed,Education & Skill Development,[],India,Rajasthan,Udaipur,True,False,2021-05-01,2022-04-26,12,360,565,16,3,2,Successfully completed primary community training and material deployment.,7,1,4,1,1,3015.0
PRJ_NGO_00077_3,NGO_00077,Skill Development & Livelihood Initiative #3 (Udaipur),Completed,Education & Skill Development,[],India,Rajasthan,Udaipur,True,False,2022-09-01,2023-05-29,9,270,826,5,5,5,Successfully completed primary community training and material deployment.,8,1,4,1,2,3015.0
PRJ_NGO_00077_2,NGO_00077,Skill Development & Livelihood Initiative #2 (Udaipur),Completed,Education & Skill Development,[],India,Rajasthan,Udaipur,True,False,2023-03-01,2024-04-24,14,420,2591,4,4,4,Successfully completed primary community training and material deployment.,9,1,4,1,3,3015.0
PRJ_NGO_00077_1,NGO_00077,Skill Development & Livelihood Initiative #1 (Udaipur),Completed,Education & Skill Development,[],India,Rajasthan,Udaipur,True,False,2024-11-01,2025-09-27,11,330,982,14,3,3,Successfully completed primary community training and material deployment.,10,1,4,1,4,3015.0
PRJ_NGO_00078_6,NGO_00078,Environment & Forests Initiative #6 (Noida),Completed,"Water, Sanitation & Environment","[""Healthcare & Nutrition""]",India,Uttar Pradesh,Noida,False,False,2019-12-01,2021-07-23,20,600,1299,10,5,2,Successfully completed primary community training and material deployment.,1,1,2,2,0,
PRJ_NGO_00078_5,NGO_00078,Environment & Forests Initiative #5 (Noida),Completed,"Water, Sanitation & Environment","[""Healthcare & Nutrition""]",India,Uttar Pradesh,Noida,False,False,2020-08-01,2021-10-25,15,450,1442,14,4,2,Successfully completed primary community training and material deployment.,2,1,2,2,1,1299.0
PRJ_NGO_00078_4,NGO_00078,Environment & Forests Initiative #4 (Noida),Completed,"Water, Sanitation & Environment","[""Healthcare & Nutrition""]",India,Uttar Pradesh,Noida,False,False,2021-02-01,2022-04-27,15,450,3710,9,3,2,Successfully completed primary community training and material deployment.,3,1,2,2,2,1442.0
PRJ_NGO_00078_3,NGO_00078,Environment & Forests Initiative #3 (Noida),Completed,"Water, Sanitation & Environment","[""Healthcare & Nutrition""]",India,Uttar Pradesh,Noida,False,False,2022-08-01,2024-01-23,18,540,2104,18,3,3,Successfully completed primary community training and material deployment.,4,1,2,2,3,3710.0
PRJ_NGO_00078_2,NGO_00078,Environment & Forests Initiative #2 (Noida),Completed,"Water, Sanitation & Environment","[""Healthcare & Nutrition""]",India,Uttar Pradesh,Noida,False,False,2023-12-01,2025-03-25,16,480,753,12,3,3,Successfully completed primary community training and material deployment.,5,1,2,2,4,3710.0
PRJ_NGO_00078_1,NGO_00078,Environment & Forests Initiative #1 (Noida),Ongoing,"Water, Sanitation & Environment","[""Healthcare & Nutrition""]",India,Uttar Pradesh,Noida,False,False,2024-02-01,,16,480,1288,12,4,3,,6,1,2,2,5,3710.0
PRJ_NGO_00079_2,NGO_00079,Disaster Relief & Rehabilitation Initiative #2 (South Delhi),Completed,Emergency Relief & Rehabilitation,"[""Social Welfare & Community Development""]",India,Delhi,South Delhi,False,True,2024-01-01,2024-06-29,6,180,3265,17,6,5,Successfully completed primary community training and material deployment.,0,1,2,2,0,
PRJ_NGO_00079_1,NGO_00079,Disaster Relief & Rehabilitation Initiative #1 (South Delhi),Completed,Emergency Relief & Rehabilitation,"[""Social Welfare & Community Development""]",India,Delhi,South Delhi,False,True,2024-08-01,2025-03-29,8,240,1319,17,4,3,Successfully completed primary community training and material deployment.,0,1,2,2,1,3265.0
PRJ_NGO_00080_3,NGO_00080,Nutrition & Food Security Initiative #3 (Udaipur),Completed,Healthcare & Nutrition,"[""Emergency Relief & Rehabilitation"", ""Social Welfare & Community Development""]",India,Rajasthan,Udaipur,True,True,2022-02-01,2022-07-31,6,180,2379,2,3,2,Successfully completed primary community training and material deployment.,26,3,7,3,0,
PRJ_NGO_00080_2,NGO_00080,Nutrition & Food Security Initiative #2 (Udaipur),Completed,Healthcare & Nutrition,"[""Emergency Relief & Rehabilitation"", ""Social Welfare & Community Development""]",India,Rajasthan,Udaipur,True,True,2023-02-01,2024-03-27,14,420,3002,2,4,4,Successfully completed primary community training and material deployment.,27,3,7,3,1,2379.0
PRJ_NGO_00080_1,NGO_00080,Nutrition & Food Security Initiative #1 (Udaipur),Ongoing,Healthcare & Nutrition,"[""Emergency Relief & Rehabilitation"", ""Social Welfare & Community Development""]",India,Rajasthan,Udaipur,True,True,2024-07-01,,20,600,1094,7,3,2,,28,3,7,3,2,3002.0
PRJ_NGO_00081_4,NGO_00081,Rural Development Initiative #4 (Sundargarh),Completed,Social Welfare & Community Development,"[""Education & Skill Development""]",India,Odisha,Sundargarh,False,False,2022-12-01,2023-08-28,9,270,3212,6,5,5,Successfully completed primary community training and material deployment.,0,2,5,2,0,
PRJ_NGO_00081_3,NGO_00081,Rural Development Initiative #3 (Sundargarh),Completed,Social Welfare & Community Development,"[""Education & Skill Development""]",India,Odisha,Sundargarh,False,False,2023-02-01,2024-04-26,15,450,1112,4,5,5,Successfully completed primary community training and material deployment.,1,2,5,2,1,3212.0
PRJ_NGO_00081_2,NGO_00081,Rural Development Initiative #2 (Sundargarh),Completed,Social Welfare & Community Development,"[""Education & Skill Development""]",India,Odisha,Sundargarh,False,False,2024-10-01,2025-05-29,8,240,3288,14,6,3,Successfully completed primary community training and material deployment.,2,2,5,2,2,3212.0
PRJ_NGO_00081_1,NGO_00081,Rural Development Initiative #1 (Sundargarh),Completed,Social Welfare & Community Development,"[""Education & Skill Development""]",India,Odisha,Sundargarh,False,False,2025-11-01,2026-07-29,9,270,4578,17,3,3,Successfully completed primary community training and material deployment.,3,2,5,2,3,3288.0
PRJ_NGO_00082_6,NGO_00082,Water & Sanitation Initiative #6 (Cuttack),Completed,"Water, Sanitation & Environment","[""Emergency Relief & Rehabilitation""]",India,Odisha,Cuttack,True,True,2019-10-01,2021-08-21,23,690,1899,5,4,4,Successfully completed primary community training and material deployment.,8,1,2,2,0,
PRJ_NGO_00082_5,NGO_00082,Water & Sanitation Initiative #5 (Cuttack),Completed,"Water, Sanitation & Environment","[""Emergency Relief & Rehabilitation""]",India,Odisha,Cuttack,True,True,2020-09-01,2021-07-28,11,330,361,14,6,2,Successfully completed primary community training and material deployment.,9,1,2,2,1,1899.0
PRJ_NGO_00082_4,NGO_00082,Water & Sanitation Initiative #4 (Cuttack),Completed,"Water, Sanitation & Environment","[""Emergency Relief & Rehabilitation""]",India,Odisha,Cuttack,True,True,2021-11-01,2023-05-25,19,570,4881,6,3,3,Successfully completed primary community training and material deployment.,10,1,2,2,2,1899.0
PRJ_NGO_00082_3,NGO_00082,Water & Sanitation Initiative #3 (Cuttack),Completed,"Water, Sanitation & Environment","[""Emergency Relief & Rehabilitation""]",India,Odisha,Cuttack,True,True,2022-10-01,2024-06-22,21,630,974,20,4,4,Successfully completed primary community training and material deployment.,11,1,2,2,3,4881.0
PRJ_NGO_00082_2,NGO_00082,Water & Sanitation Initiative #2 (Cuttack),Completed,"Water, Sanitation & Environment","[""Emergency Relief & Rehabilitation""]",India,Odisha,Cuttack,True,True,2023-02-01,2023-10-29,9,270,1199,17,4,2,Successfully completed primary community training and material deployment.,12,1,2,2,4,4881.0
PRJ_NGO_00082_1,NGO_00082,Water & Sanitation Initiative #1 (Cuttack),Completed,"Water, Sanitation & Environment","[""Emergency Relief & Rehabilitation""]",India,Odisha,Cuttack,True,True,2024-11-01,2026-04-25,18,540,3998,14,5,5,Successfully completed primary community training and material deployment.,13,1,2,2,5,4881.0
PRJ_NGO_00084_7,NGO_00084,Nutrition & Food Security Initiative #7 (Mangaluru),Completed,Healthcare & Nutrition,"[""Social Welfare & Community Development""]",India,Karnataka,Mangaluru,False,False,2018-01-01,2019-08-24,20,600,4488,9,4,2,Successfully completed primary community training and material deployment.,3,2,6,2,0,
PRJ_NGO_00084_6,NGO_00084,Nutrition & Food Security Initiative #6 (Mangaluru),Completed,Healthcare & Nutrition,"[""Social Welfare & Community Development""]",India,Karnataka,Mangaluru,False,False,2019-04-01,2019-09-28,6,180,4577,13,4,4,Successfully completed primary community training and material deployment.,4,2,6,2,1,4488.0
PRJ_NGO_00084_5,NGO_00084,Nutrition & Food Security Initiative #5 (Mangaluru),Completed,Healthcare & Nutrition,"[""Social Welfare & Community Development""]",India,Karnataka,Mangaluru,False,False,2020-03-01,2021-11-21,21,630,4418,19,3,3,Successfully completed primary community training and material deployment.,5,2,6,2,2,4577.0
PRJ_NGO_00084_4,NGO_00084,Nutrition & Food Security Initiative #4 (Mangaluru),Completed,Healthcare & Nutrition,"[""Social Welfare & Community Development""]",India,Karnataka,Mangaluru,False,False,2021-02-01,2022-04-27,15,450,4237,2,6,6,Successfully completed primary community training and material deployment.,6,2,6,2,3,4577.0
PRJ_NGO_00084_3,NGO_00084,Nutrition & Food Security Initiative #3 (Mangaluru),Completed,Healthcare & Nutrition,"[""Social Welfare & Community Development""]",India,Karnataka,Mangaluru,False,False,2022-06-01,2023-01-27,8,240,828,9,3,3,Successfully completed primary community training and material deployment.,7,2,6,2,4,4577.0
PRJ_NGO_00084_2,NGO_00084,Nutrition & Food Security Initiative #2 (Mangaluru),Completed,Healthcare & Nutrition,"[""Social Welfare & Community Development""]",India,Karnataka,Mangaluru,False,False,2023-05-01,2024-11-21,19,570,2074,11,3,3,Successfully completed primary community training and material deployment.,8,2,6,2,5,4577.0
PRJ_NGO_00084_1,NGO_00084,Nutrition & Food Security Initiative #1 (Mangaluru),Completed,Healthcare & Nutrition,"[""Social Welfare & Community Development""]",India,Karnataka,Mangaluru,False,False,2024-11-01,2026-05-25,19,570,1699,16,5,5,Successfully completed primary community training and material deployment.,9,2,6,2,6,4577.0
PRJ_NGO_00085_5,NGO_00085,Healthcare & Medical Initiative #5 (Madurai),Completed,Healthcare & Nutrition,"[""Water, Sanitation & Environment"", ""Education & Skill Development""]",India,Tamil Nadu,Madurai,False,False,2020-06-01,2021-07-26,14,420,3624,9,5,2,Successfully completed primary community training and material deployment.,15,1,3,3,0,
PRJ_NGO_00085_4,NGO_00085,Healthcare & Medical Initiative #4 (Madurai),Completed,Healthcare & Nutrition,"[""Water, Sanitation & Environment"", ""Education & Skill Development""]",India,Tamil Nadu,Madurai,False,False,2021-07-01,2023-03-23,21,630,4376,15,3,3,Successfully completed primary community training and material deployment.,16,1,3,3,1,3624.0
PRJ_NGO_00085_3,NGO_00085,Healthcare & Medical Initiative #3 (Madurai),Completed,Healthcare & Nutrition,"[""Water, Sanitation & Environment"", ""Education & Skill Development""]",India,Tamil Nadu,Madurai,False,False,2022-02-01,2022-08-30,7,210,3536,18,5,3,Successfully completed primary community training and material deployment.,17,1,3,3,2,4376.0
PRJ_NGO_00085_2,NGO_00085,Healthcare & Medical Initiative #2 (Madurai),Completed,Healthcare & Nutrition,"[""Water, Sanitation & Environment"", ""Education & Skill Development""]",India,Tamil Nadu,Madurai,False,False,2023-07-01,2024-01-27,7,210,1774,6,6,2,Successfully completed primary community training and material deployment.,18,1,3,3,3,4376.0
PRJ_NGO_00085_1,NGO_00085,Healthcare & Medical Initiative #1 (Madurai),Ongoing,Healthcare & Nutrition,"[""Water, Sanitation & Environment"", ""Education & Skill Development""]",India,Tamil Nadu,Madurai,False,False,2024-12-01,,9,270,1684,8,4,1,,19,1,3,3,4,4376.0
PRJ_NGO_00086_5,NGO_00086,Healthcare & Medical Initiative #5 (South Delhi),Completed,Healthcare & Nutrition,[],India,Delhi,South Delhi,False,False,2021-03-01,2022-09-22,19,570,2615,12,3,2,Successfully completed primary community training and material deployment.,0,2,3,1,0,
PRJ_NGO_00086_6,NGO_00086,Healthcare & Medical Initiative #6 (South Delhi),Completed,Healthcare & Nutrition,[],India,Delhi,South Delhi,False,False,2021-04-01,2022-05-26,14,420,2297,2,3,3,Successfully completed primary community training and material deployment.,0,2,3,1,1,2615.0
PRJ_NGO_00086_4,NGO_00086,Healthcare & Medical Initiative #4 (South Delhi),Completed,Healthcare & Nutrition,[],India,Delhi,South Delhi,False,False,2021-11-01,2023-03-26,17,510,3223,12,3,3,Successfully completed primary community training and material deployment.,0,2,3,1,2,2615.0
PRJ_NGO_00086_3,NGO_00086,Healthcare & Medical Initiative #3 (South Delhi),Completed,Healthcare & Nutrition,[],India,Delhi,South Delhi,False,False,2022-05-01,2023-02-25,10,300,622,9,4,4,Successfully completed primary community training and material deployment.,1,2,3,1,3,3223.0
PRJ_NGO_00086_2,NGO_00086,Healthcare & Medical Initiative #2 (South Delhi),Completed,Healthcare & Nutrition,[],India,Delhi,South Delhi,False,False,2023-03-01,2024-03-25,13,390,4570,9,5,2,Successfully completed primary community training and material deployment.,2,2,3,1,4,3223.0
PRJ_NGO_00086_1,NGO_00086,Healthcare & Medical Initiative #1 (South Delhi),Completed,Healthcare & Nutrition,[],India,Delhi,South Delhi,False,False,2024-12-01,2026-09-22,22,660,2685,9,5,4,Successfully completed primary community training and material deployment.,3,2,3,1,5,4570.0
PRJ_NGO_00087_7,NGO_00087,Women Empowerment Initiative #7 (North Delhi),Completed,Social Welfare & Community Development,[],India,Delhi,North Delhi,False,False,2019-01-01,2020-05-25,17,510,4082,6,3,2,Successfully completed primary community training and material deployment.,6,1,3,1,0,
PRJ_NGO_00087_6,NGO_00087,Women Empowerment Initiative #6 (North Delhi),Completed,Social Welfare & Community Development,[],India,Delhi,North Delhi,False,False,2020-07-01,2022-04-22,22,660,1996,4,4,4,Successfully completed primary community training and material deployment.,7,1,3,1,1,4082.0
PRJ_NGO_00087_5,NGO_00087,Women Empowerment Initiative #5 (North Delhi),Completed,Social Welfare & Community Development,[],India,Delhi,North Delhi,False,False,2021-09-01,2023-05-24,21,630,4592,9,6,2,Successfully completed primary community training and material deployment.,8,1,3,1,2,4082.0
PRJ_NGO_00087_4,NGO_00087,Women Empowerment Initiative #4 (North Delhi),Completed,Social Welfare & Community Development,[],India,Delhi,North Delhi,False,False,2022-07-01,2023-10-24,16,480,2214,14,6,6,Successfully completed primary community training and material deployment.,9,1,3,1,3,4592.0
PRJ_NGO_00087_3,NGO_00087,Women Empowerment Initiative #3 (North Delhi),Completed,Social Welfare & Community Development,[],India,Delhi,North Delhi,False,False,2023-03-01,2024-01-25,11,330,3088,12,6,5,Successfully completed primary community training and material deployment.,10,1,3,1,4,4592.0
PRJ_NGO_00087_2,NGO_00087,Women Empowerment Initiative #2 (North Delhi),Completed,Social Welfare & Community Development,[],India,Delhi,North Delhi,False,False,2024-08-01,2025-03-29,8,240,4933,15,5,3,Successfully completed primary community training and material deployment.,11,1,3,1,5,4592.0
PRJ_NGO_00087_1,NGO_00087,Women Empowerment Initiative #1 (North Delhi),Completed,Social Welfare & Community Development,[],India,Delhi,North Delhi,False,False,2025-01-01,2025-10-28,10,300,2823,6,6,5,Successfully completed primary community training and material deployment.,12,1,3,1,6,4933.0
PRJ_NGO_00088_3,NGO_00088,Nutrition & Food Security Initiative #3 (Jodhpur),Completed,Healthcare & Nutrition,"[""Social Welfare & Community Development"", ""Education & Skill Development""]",India,Rajasthan,Jodhpur,False,False,2022-05-01,2023-10-23,18,540,1796,12,6,4,Successfully completed primary community training and material deployment.,12,2,4,3,0,
PRJ_NGO_00088_2,NGO_00088,Nutrition & Food Security Initiative #2 (Jodhpur),Completed,Healthcare & Nutrition,"[""Social Welfare & Community Development"", ""Education & Skill Development""]",India,Rajasthan,Jodhpur,False,False,2023-08-01,2024-02-27,7,210,2777,4,5,2,Successfully completed primary community training and material deployment.,13,2,4,3,1,1796.0
PRJ_NGO_00088_1,NGO_00088,Nutrition & Food Security Initiative #1 (Jodhpur),Completed,Healthcare & Nutrition,"[""Social Welfare & Community Development"", ""Education & Skill Development""]",India,Rajasthan,Jodhpur,False,False,2024-11-01,2025-05-30,7,210,2405,4,3,3,Successfully completed primary community training and material deployment.,14,2,4,3,2,2777.0
PRJ_NGO_00089_5,NGO_00089,Environment & Forests Initiative #5 (Thiruvananthapuram),Completed,"Water, Sanitation & Environment","[""Healthcare & Nutrition"", ""Education & Skill Development""]",India,Kerala,Thiruvananthapuram,False,False,2020-07-01,2021-02-26,8,240,3898,15,4,4,Successfully completed primary community training and material deployment.,3,2,4,3,0,
PRJ_NGO_00089_4,NGO_00089,Environment & Forests Initiative #4 (Thiruvananthapuram),Completed,"Water, Sanitation & Environment","[""Healthcare & Nutrition"", ""Education & Skill Development""]",India,Kerala,Thiruvananthapuram,False,False,2021-11-01,2023-05-25,19,570,2264,7,3,3,Successfully completed primary community training and material deployment.,4,2,4,3,1,3898.0
PRJ_NGO_00089_3,NGO_00089,Environment & Forests Initiative #3 (Thiruvananthapuram),Completed,"Water, Sanitation & Environment","[""Healthcare & Nutrition"", ""Education & Skill Development""]",India,Kerala,Thiruvananthapuram,False,False,2022-01-01,2023-05-26,17,510,4078,8,3,3,Successfully completed primary community training and material deployment.,5,2,4,3,2,3898.0
PRJ_NGO_00089_2,NGO_00089,Environment & Forests Initiative #2 (Thiruvananthapuram),Completed,"Water, Sanitation & Environment","[""Healthcare & Nutrition"", ""Education & Skill Development""]",India,Kerala,Thiruvananthapuram,False,False,2023-08-01,2024-05-27,10,300,2822,20,3,3,Successfully completed primary community training and material deployment.,6,2,4,3,3,4078.0
PRJ_NGO_00089_1,NGO_00089,Environment & Forests Initiative #1 (Thiruvananthapuram),Ongoing,"Water, Sanitation & Environment","[""Healthcare & Nutrition"", ""Education & Skill Development""]",India,Kerala,Thiruvananthapuram,False,False,2024-12-01,,21,630,2480,16,3,3,,7,2,4,3,4,4078.0
PRJ_NGO_00090_5,NGO_00090,Water & Sanitation Initiative #5 (Kanpur Nagar),Completed,"Water, Sanitation & Environment","[""Social Welfare & Community Development""]",India,Uttar Pradesh,Kanpur Nagar,False,False,2020-07-01,2021-01-27,7,210,415,6,5,5,Successfully completed primary community training and material deployment.,5,2,6,2,0,
PRJ_NGO_00090_4,NGO_00090,Water & Sanitation Initiative #4 (Kanpur Nagar),Completed,"Water, Sanitation & Environment","[""Social Welfare & Community Development""]",India,Uttar Pradesh,Kanpur Nagar,False,False,2021-09-01,2022-11-25,15,450,2366,11,6,3,Successfully completed primary community training and material deployment.,6,2,6,2,1,415.0
PRJ_NGO_00090_3,NGO_00090,Water & Sanitation Initiative #3 (Kanpur Nagar),Completed,"Water, Sanitation & Environment","[""Social Welfare & Community Development""]",India,Uttar Pradesh,Kanpur Nagar,False,False,2022-02-01,2023-06-26,17,510,3582,14,3,3,Successfully completed primary community training and material deployment.,7,2,6,2,2,2366.0
PRJ_NGO_00090_2,NGO_00090,Water & Sanitation Initiative #2 (Kanpur Nagar),Completed,"Water, Sanitation & Environment","[""Social Welfare & Community Development""]",India,Uttar Pradesh,Kanpur Nagar,False,False,2023-04-01,2024-04-25,13,390,4718,14,3,3,Successfully completed primary community training and material deployment.,8,2,6,2,3,3582.0
PRJ_NGO_00090_1,NGO_00090,Water & Sanitation Initiative #1 (Kanpur Nagar),Completed,"Water, Sanitation & Environment","[""Social Welfare & Community Development""]",India,Uttar Pradesh,Kanpur Nagar,False,False,2024-10-01,2026-08-22,23,690,3838,18,3,3,Successfully completed primary community training and material deployment.,9,2,6,2,4,4718.0
PRJ_NGO_00091_6,NGO_00091,Women Empowerment Initiative #6 (Mangaluru),Completed,Social Welfare & Community Development,"[""Healthcare & Nutrition"", ""Water, Sanitation & Environment""]",India,Karnataka,Mangaluru,False,False,2019-10-01,2020-12-24,15,450,1886,17,6,5,Successfully completed primary community training and material deployment.,2,3,8,3,0,
PRJ_NGO_00091_5,NGO_00091,Women Empowerment Initiative #5 (Mangaluru),Completed,Social Welfare & Community Development,"[""Healthcare & Nutrition"", ""Water, Sanitation & Environment""]",India,Karnataka,Mangaluru,False,False,2020-07-01,2021-06-26,12,360,1616,8,5,5,Successfully completed primary community training and material deployment.,3,3,8,3,1,1886.0
PRJ_NGO_00091_4,NGO_00091,Women Empowerment Initiative #4 (Mangaluru),Completed,Social Welfare & Community Development,"[""Healthcare & Nutrition"", ""Water, Sanitation & Environment""]",India,Karnataka,Mangaluru,False,False,2021-04-01,2021-11-27,8,240,4717,11,6,5,Successfully completed primary community training and material deployment.,4,3,8,3,2,1886.0
PRJ_NGO_00091_3,NGO_00091,Women Empowerment Initiative #3 (Mangaluru),Completed,Social Welfare & Community Development,"[""Healthcare & Nutrition"", ""Water, Sanitation & Environment""]",India,Karnataka,Mangaluru,False,False,2022-01-01,2023-04-26,16,480,2000,4,4,4,Successfully completed primary community training and material deployment.,5,3,8,3,3,4717.0
PRJ_NGO_00091_2,NGO_00091,Women Empowerment Initiative #2 (Mangaluru),Completed,Social Welfare & Community Development,"[""Healthcare & Nutrition"", ""Water, Sanitation & Environment""]",India,Karnataka,Mangaluru,False,False,2023-01-01,2024-10-22,22,660,1448,8,5,2,Successfully completed primary community training and material deployment.,6,3,8,3,4,4717.0
PRJ_NGO_00091_1,NGO_00091,Women Empowerment Initiative #1 (Mangaluru),Completed,Social Welfare & Community Development,"[""Healthcare & Nutrition"", ""Water, Sanitation & Environment""]",India,Karnataka,Mangaluru,False,False,2024-01-01,2024-11-26,11,330,2284,5,4,4,Successfully completed primary community training and material deployment.,7,3,8,3,5,4717.0
PRJ_NGO_00092_7,NGO_00092,Nutrition & Food Security Initiative #7 (Khordha),Completed,Healthcare & Nutrition,[],India,Odisha,Khordha,True,False,2018-11-01,2019-08-28,10,300,1065,6,4,4,Successfully completed primary community training and material deployment.,1,3,7,1,0,
PRJ_NGO_00092_6,NGO_00092,Nutrition & Food Security Initiative #6 (Khordha),Completed,Healthcare & Nutrition,[],India,Odisha,Khordha,True,False,2019-02-01,2020-05-26,16,480,4522,18,5,4,Successfully completed primary community training and material deployment.,2,3,7,1,1,1065.0
PRJ_NGO_00092_5,NGO_00092,Nutrition & Food Security Initiative #5 (Khordha),Completed,Healthcare & Nutrition,[],India,Odisha,Khordha,True,False,2020-08-01,2021-02-27,7,210,307,8,6,5,Successfully completed primary community training and material deployment.,3,3,7,1,2,4522.0
PRJ_NGO_00092_4,NGO_00092,Nutrition & Food Security Initiative #4 (Khordha),Completed,Healthcare & Nutrition,[],India,Odisha,Khordha,True,False,2021-12-01,2022-07-29,8,240,4775,9,4,2,Successfully completed primary community training and material deployment.,4,3,7,1,3,4522.0
PRJ_NGO_00092_3,NGO_00092,Nutrition & Food Security Initiative #3 (Khordha),Completed,Healthcare & Nutrition,[],India,Odisha,Khordha,True,False,2022-08-01,2023-09-25,14,420,4154,9,3,3,Successfully completed primary community training and material deployment.,5,3,7,1,4,4775.0
PRJ_NGO_00092_2,NGO_00092,Nutrition & Food Security Initiative #2 (Khordha),Completed,Healthcare & Nutrition,[],India,Odisha,Khordha,True,False,2023-07-01,2025-02-20,20,600,4474,18,4,4,Successfully completed primary community training and material deployment.,6,3,7,1,5,4775.0
PRJ_NGO_00092_1,NGO_00092,Nutrition & Food Security Initiative #1 (Khordha),Ongoing,Healthcare & Nutrition,[],India,Odisha,Khordha,True,False,2024-03-01,,24,720,1182,6,5,1,,7,3,7,1,6,4775.0
PRJ_NGO_00093_3,NGO_00093,Child Welfare Initiative #3 (North Delhi),Completed,Social Welfare & Community Development,[],India,Delhi,North Delhi,False,False,2023-05-01,2023-12-27,8,240,279,13,6,6,Successfully completed primary community training and material deployment.,0,2,2,1,0,
PRJ_NGO_00093_2,NGO_00093,Child Welfare Initiative #2 (North Delhi),Completed,Social Welfare & Community Development,[],India,Delhi,North Delhi,False,False,2023-08-01,2024-05-27,10,300,4087,15,5,2,Successfully completed primary community training and material deployment.,0,2,2,1,1,279.0
PRJ_NGO_00093_1,NGO_00093,Child Welfare Initiative #1 (North Delhi),Completed,Social Welfare & Community Development,[],India,Delhi,North Delhi,False,False,2024-12-01,2026-02-24,15,450,1594,12,3,3,Successfully completed primary community training and material deployment.,1,2,2,1,2,4087.0
PRJ_NGO_00094_3,NGO_00094,Environment & Forests Initiative #3 (Chennai),Completed,"Water, Sanitation & Environment",[],India,Tamil Nadu,Chennai,False,False,2022-05-01,2023-07-25,15,450,4819,15,5,5,Successfully completed primary community training and material deployment.,3,2,6,1,0,
PRJ_NGO_00094_2,NGO_00094,Environment & Forests Initiative #2 (Chennai),Completed,"Water, Sanitation & Environment",[],India,Tamil Nadu,Chennai,False,False,2023-08-01,2024-12-23,17,510,3364,15,6,2,Successfully completed primary community training and material deployment.,4,2,6,1,1,4819.0
PRJ_NGO_00094_1,NGO_00094,Environment & Forests Initiative #1 (Chennai),Completed,"Water, Sanitation & Environment",[],India,Tamil Nadu,Chennai,False,False,2024-12-01,2026-01-25,14,420,1811,15,3,3,Successfully completed primary community training and material deployment.,5,2,6,1,2,4819.0
PRJ_NGO_00095_1,NGO_00095,Women Empowerment Initiative #1 (Belagavi),Completed,Social Welfare & Community Development,"[""Water, Sanitation & Environment""]",India,Karnataka,Belagavi,False,False,2024-01-01,2024-09-27,9,270,4384,3,4,4,Successfully completed primary community training and material deployment.,0,1,3,2,0,
PRJ_NGO_00095_3,NGO_00095,Women Empowerment Initiative #3 (Belagavi),Completed,Social Welfare & Community Development,"[""Water, Sanitation & Environment""]",India,Karnataka,Belagavi,False,False,2024-01-01,2025-09-22,21,630,1844,5,3,2,Successfully completed primary community training and material deployment.,0,1,3,2,1,4384.0
PRJ_NGO_00095_2,NGO_00095,Women Empowerment Initiative #2 (Belagavi),Completed,Social Welfare & Community Development,"[""Water, Sanitation & Environment""]",India,Karnataka,Belagavi,False,False,2024-12-01,2026-08-23,21,630,2031,6,5,4,Successfully completed primary community training and material deployment.,0,1,3,2,2,4384.0
PRJ_NGO_00096_2,NGO_00096,Nutrition & Food Security Initiative #2 (Central Delhi),Completed,Healthcare & Nutrition,"[""Emergency Relief & Rehabilitation""]",India,Delhi,Central Delhi,False,True,2023-11-01,2025-10-21,24,720,1836,8,5,5,Successfully completed primary community training and material deployment.,3,2,6,2,0,
PRJ_NGO_00096_1,NGO_00096,Nutrition & Food Security Initiative #1 (Central Delhi),Completed,Healthcare & Nutrition,"[""Emergency Relief & Rehabilitation""]",India,Delhi,Central Delhi,False,True,2024-06-01,2024-11-28,6,180,2830,5,6,5,Successfully completed primary community training and material deployment.,4,2,6,2,1,1836.0
PRJ_NGO_00097_7,NGO_00097,Nutrition & Food Security Initiative #7 (Belagavi),Completed,Healthcare & Nutrition,[],India,Karnataka,Belagavi,False,False,2018-09-01,2019-08-27,12,360,3124,9,6,4,Successfully completed primary community training and material deployment.,4,3,7,1,0,
PRJ_NGO_00097_6,NGO_00097,Nutrition & Food Security Initiative #6 (Belagavi),Completed,Healthcare & Nutrition,[],India,Karnataka,Belagavi,False,False,2019-04-01,2020-06-24,15,450,3458,17,3,2,Successfully completed primary community training and material deployment.,5,3,7,1,1,3124.0
PRJ_NGO_00097_5,NGO_00097,Nutrition & Food Security Initiative #5 (Belagavi),Completed,Healthcare & Nutrition,[],India,Karnataka,Belagavi,False,False,2020-08-01,2021-06-27,11,330,558,12,5,5,Successfully completed primary community training and material deployment.,6,3,7,1,2,3458.0
PRJ_NGO_00097_4,NGO_00097,Nutrition & Food Security Initiative #4 (Belagavi),Completed,Healthcare & Nutrition,[],India,Karnataka,Belagavi,False,False,2021-09-01,2023-08-22,24,720,322,9,3,2,Successfully completed primary community training and material deployment.,7,3,7,1,3,3458.0
PRJ_NGO_00097_3,NGO_00097,Nutrition & Food Security Initiative #3 (Belagavi),Completed,Healthcare & Nutrition,[],India,Karnataka,Belagavi,False,False,2022-07-01,2023-01-27,7,210,2100,4,3,3,Successfully completed primary community training and material deployment.,8,3,7,1,4,3458.0
PRJ_NGO_00097_2,NGO_00097,Nutrition & Food Security Initiative #2 (Belagavi),Completed,Healthcare & Nutrition,[],India,Karnataka,Belagavi,False,False,2023-09-01,2024-06-27,10,300,3787,5,5,4,Successfully completed primary community training and material deployment.,9,3,7,1,5,3458.0
PRJ_NGO_00097_1,NGO_00097,Nutrition & Food Security Initiative #1 (Belagavi),Completed,Healthcare & Nutrition,[],India,Karnataka,Belagavi,False,False,2024-09-01,2026-05-24,21,630,3371,14,4,4,Successfully completed primary community training and material deployment.,10,3,7,1,6,3787.0
PRJ_NGO_00098_3,NGO_00098,Disaster Relief & Rehabilitation Initiative #3 (South Delhi),Completed,Emergency Relief & Rehabilitation,[],India,Delhi,South Delhi,False,True,2022-01-01,2023-02-25,14,420,2401,10,3,2,Successfully completed primary community training and material deployment.,0,2,5,1,0,
PRJ_NGO_00098_6,NGO_00098,Disaster Relief & Rehabilitation Initiative #6 (South Delhi),Completed,Emergency Relief & Rehabilitation,[],India,Delhi,South Delhi,False,True,2022-02-01,2023-03-28,14,420,4717,12,3,3,Successfully completed primary community training and material deployment.,0,2,5,1,1,2401.0
PRJ_NGO_00098_7,NGO_00098,Disaster Relief & Rehabilitation Initiative #7 (South Delhi),Completed,Emergency Relief & Rehabilitation,[],India,Delhi,South Delhi,False,True,2022-05-01,2023-06-25,14,420,1242,9,4,3,Successfully completed primary community training and material deployment.,0,2,5,1,2,4717.0
PRJ_NGO_00098_5,NGO_00098,Disaster Relief & Rehabilitation Initiative #5 (South Delhi),Completed,Emergency Relief & Rehabilitation,[],India,Delhi,South Delhi,False,True,2022-08-01,2023-02-27,7,210,4133,19,4,4,Successfully completed primary community training and material deployment.,0,2,5,1,3,4717.0
PRJ_NGO_00098_4,NGO_00098,Disaster Relief & Rehabilitation Initiative #4 (South Delhi),Completed,Emergency Relief & Rehabilitation,[],India,Delhi,South Delhi,False,True,2022-11-01,2024-02-24,16,480,1664,16,6,2,Successfully completed primary community training and material deployment.,0,2,5,1,4,4717.0
PRJ_NGO_00098_2,NGO_00098,Disaster Relief & Rehabilitation Initiative #2 (South Delhi),Completed,Emergency Relief & Rehabilitation,[],India,Delhi,South Delhi,False,True,2023-05-01,2024-06-24,14,420,2247,19,5,4,Successfully completed primary community training and material deployment.,1,2,5,1,5,4717.0
PRJ_NGO_00098_1,NGO_00098,Disaster Relief & Rehabilitation Initiative #1 (South Delhi),Completed,Emergency Relief & Rehabilitation,[],India,Delhi,South Delhi,False,True,2024-09-01,2025-10-26,14,420,3323,16,4,3,Successfully completed primary community training and material deployment.,2,2,5,1,6,4717.0
PRJ_NGO_00099_1,NGO_00099,Environment & Forests Initiative #1 (Thane),Completed,"Water, Sanitation & Environment","[""Education & Skill Development"", ""Social Welfare & Community Development""]",India,Maharashtra,Thane,False,False,2024-02-01,2025-11-22,22,660,4069,18,6,4,Successfully completed primary community training and material deployment.,0,1,2,3,0,
PRJ_NGO_00099_2,NGO_00099,Environment & Forests Initiative #2 (Thane),Completed,"Water, Sanitation & Environment","[""Education & Skill Development"", ""Social Welfare & Community Development""]",India,Maharashtra,Thane,False,False,2024-10-01,2025-12-25,15,450,2892,9,5,3,Successfully completed primary community training and material deployment.,0,1,2,3,1,4069.0
PRJ_NGO_00101_7,NGO_00101,Women Empowerment Initiative #7 (Kolkata),Completed,Social Welfare & Community Development,"[""Water, Sanitation & Environment""]",India,West Bengal,Kolkata,False,False,2018-09-01,2020-05-23,21,630,990,9,3,3,Successfully completed primary community training and material deployment.,8,1,3,2,0,
PRJ_NGO_00101_6,NGO_00101,Women Empowerment Initiative #6 (Kolkata),Completed,Social Welfare & Community Development,"[""Water, Sanitation & Environment""]",India,West Bengal,Kolkata,False,False,2019-03-01,2020-05-24,15,450,2593,17,6,5,Successfully completed primary community training and material deployment.,9,1,3,2,1,990.0
PRJ_NGO_00101_5,NGO_00101,Women Empowerment Initiative #5 (Kolkata),Completed,Social Welfare & Community Development,"[""Water, Sanitation & Environment""]",India,West Bengal,Kolkata,False,False,2020-10-01,2022-03-25,18,540,2122,13,6,6,Successfully completed primary community training and material deployment.,10,1,3,2,2,2593.0
PRJ_NGO_00101_4,NGO_00101,Women Empowerment Initiative #4 (Kolkata),Completed,Social Welfare & Community Development,"[""Water, Sanitation & Environment""]",India,West Bengal,Kolkata,False,False,2021-08-01,2023-06-22,23,690,1908,7,3,3,Successfully completed primary community training and material deployment.,11,1,3,2,3,2593.0
PRJ_NGO_00101_3,NGO_00101,Women Empowerment Initiative #3 (Kolkata),Completed,Social Welfare & Community Development,"[""Water, Sanitation & Environment""]",India,West Bengal,Kolkata,False,False,2022-05-01,2023-02-25,10,300,926,18,4,2,Successfully completed primary community training and material deployment.,12,1,3,2,4,2593.0
PRJ_NGO_00101_2,NGO_00101,Women Empowerment Initiative #2 (Kolkata),Completed,Social Welfare & Community Development,"[""Water, Sanitation & Environment""]",India,West Bengal,Kolkata,False,False,2023-04-01,2024-03-26,12,360,4051,6,6,3,Successfully completed primary community training and material deployment.,13,1,3,2,5,2593.0
PRJ_NGO_00101_1,NGO_00101,Women Empowerment Initiative #1 (Kolkata),Completed,Social Welfare & Community Development,"[""Water, Sanitation & Environment""]",India,West Bengal,Kolkata,False,False,2024-06-01,2025-05-27,12,360,491,2,4,3,Successfully completed primary community training and material deployment.,14,1,3,2,6,4051.0
PRJ_NGO_00102_4,NGO_00102,Child Welfare Initiative #4 (Thiruvananthapuram),Completed,Social Welfare & Community Development,"[""Emergency Relief & Rehabilitation""]",India,Kerala,Thiruvananthapuram,False,True,2022-11-01,2024-10-21,24,720,3284,11,6,2,Successfully completed primary community training and material deployment.,0,1,3,2,0,
PRJ_NGO_00102_3,NGO_00102,Child Welfare Initiative #3 (Thiruvananthapuram),Completed,Social Welfare & Community Development,"[""Emergency Relief & Rehabilitation""]",India,Kerala,Thiruvananthapuram,False,True,2022-12-01,2023-05-30,6,180,2445,16,4,2,Successfully completed primary community training and material deployment.,0,1,3,2,1,3284.0
PRJ_NGO_00102_2,NGO_00102,Child Welfare Initiative #2 (Thiruvananthapuram),Completed,Social Welfare & Community Development,"[""Emergency Relief & Rehabilitation""]",India,Kerala,Thiruvananthapuram,False,True,2023-03-01,2023-11-26,9,270,3404,8,5,4,Successfully completed primary community training and material deployment.,1,1,3,2,2,3284.0
PRJ_NGO_00102_1,NGO_00102,Child Welfare Initiative #1 (Thiruvananthapuram),Completed,Social Welfare & Community Development,"[""Emergency Relief & Rehabilitation""]",India,Kerala,Thiruvananthapuram,False,True,2024-02-01,2024-09-28,8,240,3602,2,3,3,Successfully completed primary community training and material deployment.,2,1,3,2,3,3404.0
PRJ_NGO_00103_2,NGO_00103,Healthcare & Medical Initiative #2 (Udaipur),Completed,Healthcare & Nutrition,"[""Social Welfare & Community Development""]",India,Rajasthan,Udaipur,True,False,2025-02-01,2026-07-26,18,540,311,7,3,3,Successfully completed primary community training and material deployment.,0,1,2,2,0,
PRJ_NGO_00103_1,NGO_00103,Healthcare & Medical Initiative #1 (Udaipur),Completed,Healthcare & Nutrition,"[""Social Welfare & Community Development""]",India,Rajasthan,Udaipur,True,False,2025-11-01,2026-11-26,13,390,3979,17,3,2,Successfully completed primary community training and material deployment.,0,1,2,2,1,311.0
PRJ_NGO_00104_2,NGO_00104,Women Empowerment Initiative #2 (Jodhpur),Completed,Social Welfare & Community Development,[],India,Rajasthan,Jodhpur,False,False,2023-02-01,2024-02-26,13,390,3421,14,6,5,Successfully completed primary community training and material deployment.,8,4,11,1,0,
PRJ_NGO_00104_1,NGO_00104,Women Empowerment Initiative #1 (Jodhpur),Completed,Social Welfare & Community Development,[],India,Rajasthan,Jodhpur,False,False,2024-01-01,2024-10-27,10,300,3801,15,6,4,Successfully completed primary community training and material deployment.,9,4,11,1,1,3421.0
PRJ_NGO_00105_2,NGO_00105,Skill Development & Livelihood Initiative #2 (Ahmedabad),Completed,Education & Skill Development,"[""Social Welfare & Community Development"", ""Water, Sanitation & Environment""]",India,Gujarat,Ahmedabad,False,False,2023-12-01,2024-05-29,6,180,2792,7,5,5,Successfully completed primary community training and material deployment.,25,2,6,3,0,
PRJ_NGO_00105_1,NGO_00105,Skill Development & Livelihood Initiative #1 (Ahmedabad),Ongoing,Education & Skill Development,"[""Social Welfare & Community Development"", ""Water, Sanitation & Environment""]",India,Gujarat,Ahmedabad,False,False,2024-11-01,,7,210,998,19,5,1,,26,2,6,3,1,2792.0
PRJ_NGO_00106_1,NGO_00106,Skill Development & Livelihood Initiative #1 (Chennai),Ongoing,Education & Skill Development,[],India,Tamil Nadu,Chennai,False,False,2025-05-01,,14,420,2367,4,6,2,,0,1,3,1,0,
PRJ_NGO_00107_3,NGO_00107,Environment & Forests Initiative #3 (Bengaluru Urban),Completed,"Water, Sanitation & Environment","[""Emergency Relief & Rehabilitation""]",India,Karnataka,Bengaluru Urban,False,True,2022-06-01,2023-03-28,10,300,2879,11,6,6,Successfully completed primary community training and material deployment.,11,1,3,2,0,
PRJ_NGO_00107_2,NGO_00107,Environment & Forests Initiative #2 (Bengaluru Urban),Completed,"Water, Sanitation & Environment","[""Emergency Relief & Rehabilitation""]",India,Karnataka,Bengaluru Urban,False,True,2023-07-01,2024-06-25,12,360,3282,16,4,2,Successfully completed primary community training and material deployment.,12,1,3,2,1,2879.0
PRJ_NGO_00107_1,NGO_00107,Environment & Forests Initiative #1 (Bengaluru Urban),Completed,"Water, Sanitation & Environment","[""Emergency Relief & Rehabilitation""]",India,Karnataka,Bengaluru Urban,False,True,2024-06-01,2024-11-28,6,180,1505,13,3,3,Successfully completed primary community training and material deployment.,13,1,3,2,2,3282.0
PRJ_NGO_00108_3,NGO_00108,Women Empowerment Initiative #3 (Khordha),Completed,Social Welfare & Community Development,"[""Healthcare & Nutrition""]",India,Odisha,Khordha,True,False,2023-04-01,2025-03-21,24,720,2683,18,4,2,Successfully completed primary community training and material deployment.,0,2,3,2,0,
PRJ_NGO_00108_4,NGO_00108,Women Empowerment Initiative #4 (Khordha),Completed,Social Welfare & Community Development,"[""Healthcare & Nutrition""]",India,Odisha,Khordha,True,False,2023-08-01,2024-07-26,12,360,2451,7,5,5,Successfully completed primary community training and material deployment.,0,2,3,2,1,2683.0
PRJ_NGO_00108_2,NGO_00108,Women Empowerment Initiative #2 (Khordha),Completed,Social Welfare & Community Development,"[""Healthcare & Nutrition""]",India,Odisha,Khordha,True,False,2024-07-01,2025-12-23,18,540,1706,10,3,3,Successfully completed primary community training and material deployment.,1,2,3,2,2,2683.0
PRJ_NGO_00108_1,NGO_00108,Women Empowerment Initiative #1 (Khordha),Ongoing,Social Welfare & Community Development,"[""Healthcare & Nutrition""]",India,Odisha,Khordha,True,False,2025-10-01,,9,270,4399,4,5,3,,2,2,3,2,3,2683.0
PRJ_NGO_00109_3,NGO_00109,Rural Development Initiative #3 (North 24 Parganas),Completed,Social Welfare & Community Development,"[""Healthcare & Nutrition""]",India,West Bengal,North 24 Parganas,False,False,2022-11-01,2024-04-24,18,540,4388,8,4,4,Successfully completed primary community training and material deployment.,8,1,1,2,0,
PRJ_NGO_00109_2,NGO_00109,Rural Development Initiative #2 (North 24 Parganas),Completed,Social Welfare & Community Development,"[""Healthcare & Nutrition""]",India,West Bengal,North 24 Parganas,False,False,2023-04-01,2024-02-25,11,330,4065,4,5,2,Successfully completed primary community training and material deployment.,9,1,1,2,1,4388.0
PRJ_NGO_00109_1,NGO_00109,Rural Development Initiative #1 (North 24 Parganas),Completed,Social Welfare & Community Development,"[""Healthcare & Nutrition""]",India,West Bengal,North 24 Parganas,False,False,2024-10-01,2025-10-26,13,390,4323,4,6,2,Successfully completed primary community training and material deployment.,10,1,1,2,2,4388.0
PRJ_NGO_00110_3,NGO_00110,Disaster Relief & Rehabilitation Initiative #3 (South Delhi),Completed,Emergency Relief & Rehabilitation,"[""Healthcare & Nutrition""]",India,Delhi,South Delhi,False,True,2022-04-01,2024-03-21,24,720,1415,20,3,3,Successfully completed primary community training and material deployment.,0,4,10,2,0,
PRJ_NGO_00110_4,NGO_00110,Disaster Relief & Rehabilitation Initiative #4 (South Delhi),Completed,Emergency Relief & Rehabilitation,"[""Healthcare & Nutrition""]",India,Delhi,South Delhi,False,True,2022-09-01,2024-06-22,22,660,4107,7,5,3,Successfully completed primary community training and material deployment.,0,4,10,2,1,1415.0
PRJ_NGO_00110_2,NGO_00110,Disaster Relief & Rehabilitation Initiative #2 (South Delhi),Completed,Emergency Relief & Rehabilitation,"[""Healthcare & Nutrition""]",India,Delhi,South Delhi,False,True,2023-12-01,2024-09-26,10,300,2594,14,5,3,Successfully completed primary community training and material deployment.,1,4,10,2,2,4107.0
PRJ_NGO_00110_1,NGO_00110,Disaster Relief & Rehabilitation Initiative #1 (South Delhi),Completed,Emergency Relief & Rehabilitation,"[""Healthcare & Nutrition""]",India,Delhi,South Delhi,False,True,2024-03-01,2026-02-19,24,720,4093,16,5,3,Successfully completed primary community training and material deployment.,2,4,10,2,3,4107.0
PRJ_NGO_00111_5,NGO_00111,Healthcare & Medical Initiative #5 (Noida),Completed,Healthcare & Nutrition,"[""Social Welfare & Community Development""]",India,Uttar Pradesh,Noida,False,False,2020-04-01,2020-12-27,9,270,1946,11,5,4,Successfully completed primary community training and material deployment.,4,1,2,2,0,
PRJ_NGO_00111_4,NGO_00111,Healthcare & Medical Initiative #4 (Noida),Completed,Healthcare & Nutrition,"[""Social Welfare & Community Development""]",India,Uttar Pradesh,Noida,False,False,2021-02-01,2022-08-25,19,570,974,16,5,5,Successfully completed primary community training and material deployment.,5,1,2,2,1,1946.0
PRJ_NGO_00111_3,NGO_00111,Healthcare & Medical Initiative #3 (Noida),Completed,Healthcare & Nutrition,"[""Social Welfare & Community Development""]",India,Uttar Pradesh,Noida,False,False,2022-03-01,2023-11-21,21,630,2814,18,6,5,Successfully completed primary community training and material deployment.,6,1,2,2,2,1946.0
PRJ_NGO_00111_2,NGO_00111,Healthcare & Medical Initiative #2 (Noida),Completed,Healthcare & Nutrition,"[""Social Welfare & Community Development""]",India,Uttar Pradesh,Noida,False,False,2023-04-01,2024-07-24,16,480,4797,18,5,5,Successfully completed primary community training and material deployment.,7,1,2,2,3,2814.0
PRJ_NGO_00111_1,NGO_00111,Healthcare & Medical Initiative #1 (Noida),Completed,Healthcare & Nutrition,"[""Social Welfare & Community Development""]",India,Uttar Pradesh,Noida,False,False,2024-06-01,2026-03-23,22,660,4412,11,5,4,Successfully completed primary community training and material deployment.,8,1,2,2,4,4797.0
PRJ_NGO_00112_5,NGO_00112,Nutrition & Food Security Initiative #5 (Cuttack),Completed,Healthcare & Nutrition,[],India,Odisha,Cuttack,True,False,2021-02-01,2022-05-27,16,480,3852,8,4,4,Successfully completed primary community training and material deployment.,0,1,3,1,0,
PRJ_NGO_00112_6,NGO_00112,Nutrition & Food Security Initiative #6 (Cuttack),Completed,Healthcare & Nutrition,[],India,Odisha,Cuttack,True,False,2021-08-01,2022-12-24,17,510,1830,10,5,5,Successfully completed primary community training and material deployment.,0,1,3,1,1,3852.0
PRJ_NGO_00112_4,NGO_00112,Nutrition & Food Security Initiative #4 (Cuttack),Completed,Healthcare & Nutrition,[],India,Odisha,Cuttack,True,False,2021-10-01,2023-08-22,23,690,4760,18,5,2,Successfully completed primary community training and material deployment.,0,1,3,1,2,3852.0
PRJ_NGO_00112_3,NGO_00112,Nutrition & Food Security Initiative #3 (Cuttack),Completed,Healthcare & Nutrition,[],India,Odisha,Cuttack,True,False,2022-10-01,2023-12-25,15,450,1838,19,3,3,Successfully completed primary community training and material deployment.,1,1,3,1,3,4760.0
PRJ_NGO_00112_2,NGO_00112,Nutrition & Food Security Initiative #2 (Cuttack),Completed,Healthcare & Nutrition,[],India,Odisha,Cuttack,True,False,2023-02-01,2024-10-23,21,630,806,12,6,3,Successfully completed primary community training and material deployment.,2,1,3,1,4,4760.0
PRJ_NGO_00112_1,NGO_00112,Nutrition & Food Security Initiative #1 (Cuttack),Completed,Healthcare & Nutrition,[],India,Odisha,Cuttack,True,False,2024-01-01,2024-09-27,9,270,3007,10,5,5,Successfully completed primary community training and material deployment.,3,1,3,1,5,4760.0
PRJ_NGO_00113_3,NGO_00113,Women Empowerment Initiative #3 (Thrissur),Completed,Social Welfare & Community Development,[],India,Kerala,Thrissur,True,False,2022-07-01,2023-09-24,15,450,891,14,6,2,Successfully completed primary community training and material deployment.,12,3,5,1,0,
PRJ_NGO_00113_2,NGO_00113,Women Empowerment Initiative #2 (Thrissur),Completed,Social Welfare & Community Development,[],India,Kerala,Thrissur,True,False,2023-07-01,2025-01-21,19,570,1019,13,5,4,Successfully completed primary community training and material deployment.,13,3,5,1,1,891.0
PRJ_NGO_00113_1,NGO_00113,Women Empowerment Initiative #1 (Thrissur),Completed,Social Welfare & Community Development,[],India,Kerala,Thrissur,True,False,2024-09-01,2026-01-24,17,510,2291,18,3,3,Successfully completed primary community training and material deployment.,14,3,5,1,2,1019.0
PRJ_NGO_00114_3,NGO_00114,Water & Sanitation Initiative #3 (Mysuru),Completed,"Water, Sanitation & Environment",[],India,Karnataka,Mysuru,False,False,2022-08-01,2024-07-21,24,720,4434,20,5,3,Successfully completed primary community training and material deployment.,3,2,4,1,0,
PRJ_NGO_00114_2,NGO_00114,Water & Sanitation Initiative #2 (Mysuru),Completed,"Water, Sanitation & Environment",[],India,Karnataka,Mysuru,False,False,2023-02-01,2024-02-26,13,390,2253,7,5,4,Successfully completed primary community training and material deployment.,4,2,4,1,1,4434.0
PRJ_NGO_00114_1,NGO_00114,Water & Sanitation Initiative #1 (Mysuru),Ongoing,"Water, Sanitation & Environment",[],India,Karnataka,Mysuru,False,False,2024-03-01,,10,300,873,5,6,2,,5,2,4,1,2,4434.0
PRJ_NGO_00115_5,NGO_00115,Disaster Relief & Rehabilitation Initiative #5 (Salem),Completed,Emergency Relief & Rehabilitation,"[""Healthcare & Nutrition"", ""Social Welfare & Community Development""]",India,Tamil Nadu,Salem,True,True,2020-03-01,2021-02-24,12,360,1366,10,5,2,Successfully completed primary community training and material deployment.,10,1,3,3,0,
PRJ_NGO_00115_4,NGO_00115,Disaster Relief & Rehabilitation Initiative #4 (Salem),Completed,Emergency Relief & Rehabilitation,"[""Healthcare & Nutrition"", ""Social Welfare & Community Development""]",India,Tamil Nadu,Salem,True,True,2021-02-01,2022-02-26,13,390,1350,14,3,3,Successfully completed primary community training and material deployment.,11,1,3,3,1,1366.0
PRJ_NGO_00115_3,NGO_00115,Disaster Relief & Rehabilitation Initiative #3 (Salem),Completed,Emergency Relief & Rehabilitation,"[""Healthcare & Nutrition"", ""Social Welfare & Community Development""]",India,Tamil Nadu,Salem,True,True,2022-04-01,2023-09-23,18,540,3632,14,4,3,Successfully completed primary community training and material deployment.,12,1,3,3,2,1366.0
PRJ_NGO_00115_2,NGO_00115,Disaster Relief & Rehabilitation Initiative #2 (Salem),Completed,Emergency Relief & Rehabilitation,"[""Healthcare & Nutrition"", ""Social Welfare & Community Development""]",India,Tamil Nadu,Salem,True,True,2023-10-01,2024-05-28,8,240,3561,6,4,4,Successfully completed primary community training and material deployment.,13,1,3,3,3,3632.0
PRJ_NGO_00115_1,NGO_00115,Disaster Relief & Rehabilitation Initiative #1 (Salem),Completed,Emergency Relief & Rehabilitation,"[""Healthcare & Nutrition"", ""Social Welfare & Community Development""]",India,Tamil Nadu,Salem,True,True,2024-12-01,2026-02-24,15,450,813,10,5,3,Successfully completed primary community training and material deployment.,14,1,3,3,4,3632.0
PRJ_NGO_00116_2,NGO_00116,Healthcare & Medical Initiative #2 (Thane),Completed,Healthcare & Nutrition,"[""Social Welfare & Community Development""]",India,Maharashtra,Thane,False,False,2023-11-01,2025-05-24,19,570,1969,20,4,2,Successfully completed primary community training and material deployment.,0,3,8,2,0,
PRJ_NGO_00116_1,NGO_00116,Healthcare & Medical Initiative #1 (Thane),Completed,Healthcare & Nutrition,"[""Social Welfare & Community Development""]",India,Maharashtra,Thane,False,False,2024-12-01,2025-06-29,7,210,3806,16,3,3,Successfully completed primary community training and material deployment.,1,3,8,2,1,1969.0
PRJ_NGO_00117_4,NGO_00117,Education Initiative #4 (Thiruvananthapuram),Completed,Education & Skill Development,"[""Social Welfare & Community Development""]",India,Kerala,Thiruvananthapuram,False,False,2021-01-01,2022-08-24,20,600,3787,17,6,2,Successfully completed primary community training and material deployment.,16,1,3,2,0,
PRJ_NGO_00117_3,NGO_00117,Education Initiative #3 (Thiruvananthapuram),Completed,Education & Skill Development,"[""Social Welfare & Community Development""]",India,Kerala,Thiruvananthapuram,False,False,2022-09-01,2023-12-25,16,480,2066,13,4,4,Successfully completed primary community training and material deployment.,17,1,3,2,1,3787.0
PRJ_NGO_00117_2,NGO_00117,Education Initiative #2 (Thiruvananthapuram),Completed,Education & Skill Development,"[""Social Welfare & Community Development""]",India,Kerala,Thiruvananthapuram,False,False,2023-12-01,2024-12-25,13,390,4942,6,3,3,Successfully completed primary community training and material deployment.,18,1,3,2,2,3787.0
PRJ_NGO_00117_1,NGO_00117,Education Initiative #1 (Thiruvananthapuram),Completed,Education & Skill Development,"[""Social Welfare & Community Development""]",India,Kerala,Thiruvananthapuram,False,False,2024-04-01,2025-07-25,16,480,3125,4,4,4,Successfully completed primary community training and material deployment.,19,1,3,2,3,4942.0
PRJ_NGO_00118_4,NGO_00118,Education Initiative #4 (Jaipur),Completed,Education & Skill Development,"[""Social Welfare & Community Development""]",India,Rajasthan,Jaipur,False,False,2021-07-01,2022-01-27,7,210,680,17,3,3,Successfully completed primary community training and material deployment.,1,1,2,2,0,
PRJ_NGO_00118_3,NGO_00118,Education Initiative #3 (Jaipur),Completed,Education & Skill Development,"[""Social Welfare & Community Development""]",India,Rajasthan,Jaipur,False,False,2022-02-01,2023-05-27,16,480,3195,6,4,4,Successfully completed primary community training and material deployment.,2,1,2,2,1,680.0
PRJ_NGO_00118_2,NGO_00118,Education Initiative #2 (Jaipur),Completed,Education & Skill Development,"[""Social Welfare & Community Development""]",India,Rajasthan,Jaipur,False,False,2023-03-01,2024-06-23,16,480,4689,14,6,2,Successfully completed primary community training and material deployment.,3,1,2,2,2,3195.0
PRJ_NGO_00118_1,NGO_00118,Education Initiative #1 (Jaipur),Completed,Education & Skill Development,"[""Social Welfare & Community Development""]",India,Rajasthan,Jaipur,False,False,2024-02-01,2025-06-25,17,510,4447,7,3,3,Successfully completed primary community training and material deployment.,4,1,2,2,3,4689.0
PRJ_NGO_00119_3,NGO_00119,Women Empowerment Initiative #3 (Puri),Completed,Social Welfare & Community Development,"[""Water, Sanitation & Environment"", ""Education & Skill Development""]",India,Odisha,Puri,True,False,2022-01-01,2023-09-23,21,630,1095,5,4,2,Successfully completed primary community training and material deployment.,0,1,3,3,0,
PRJ_NGO_00119_4,NGO_00119,Women Empowerment Initiative #4 (Puri),Completed,Social Welfare & Community Development,"[""Water, Sanitation & Environment"", ""Education & Skill Development""]",India,Odisha,Puri,True,False,2022-03-01,2022-10-27,8,240,2180,15,5,5,Successfully completed primary community training and material deployment.,0,1,3,3,1,1095.0
PRJ_NGO_00119_2,NGO_00119,Women Empowerment Initiative #2 (Puri),Completed,Social Welfare & Community Development,"[""Water, Sanitation & Environment"", ""Education & Skill Development""]",India,Odisha,Puri,True,False,2023-02-01,2024-07-25,18,540,908,19,6,3,Successfully completed primary community training and material deployment.,1,1,3,3,2,2180.0
PRJ_NGO_00119_1,NGO_00119,Women Empowerment Initiative #1 (Puri),Completed,Social Welfare & Community Development,"[""Water, Sanitation & Environment"", ""Education & Skill Development""]",India,Odisha,Puri,True,False,2024-12-01,2026-05-25,18,540,4593,11,5,5,Successfully completed primary community training and material deployment.,2,1,3,3,3,2180.0
PRJ_NGO_00120_4,NGO_00120,Nutrition & Food Security Initiative #4 (Surat),Completed,Healthcare & Nutrition,"[""Social Welfare & Community Development""]",India,Gujarat,Surat,False,False,2021-10-01,2023-04-24,19,570,1833,8,5,5,Successfully completed primary community training and material deployment.,10,1,3,2,0,
PRJ_NGO_00120_3,NGO_00120,Nutrition & Food Security Initiative #3 (Surat),Completed,Healthcare & Nutrition,"[""Social Welfare & Community Development""]",India,Gujarat,Surat,False,False,2022-04-01,2023-09-23,18,540,4052,5,6,4,Successfully completed primary community training and material deployment.,11,1,3,2,1,1833.0
PRJ_NGO_00120_2,NGO_00120,Nutrition & Food Security Initiative #2 (Surat),Completed,Healthcare & Nutrition,"[""Social Welfare & Community Development""]",India,Gujarat,Surat,False,False,2023-10-01,2024-09-25,12,360,3177,16,6,4,Successfully completed primary community training and material deployment.,12,1,3,2,2,4052.0
PRJ_NGO_00120_1,NGO_00120,Nutrition & Food Security Initiative #1 (Surat),Completed,Healthcare & Nutrition,"[""Social Welfare & Community Development""]",India,Gujarat,Surat,False,False,2024-11-01,2026-04-25,18,540,4541,8,4,3,Successfully completed primary community training and material deployment.,13,1,3,2,3,4052.0
PRJ_NGO_00121_5,NGO_00121,Nutrition & Food Security Initiative #5 (Ernakulam),Completed,Healthcare & Nutrition,"[""Social Welfare & Community Development""]",India,Kerala,Ernakulam,False,False,2020-03-01,2020-09-27,7,210,2711,10,6,5,Successfully completed primary community training and material deployment.,1,1,1,2,0,
PRJ_NGO_00121_4,NGO_00121,Nutrition & Food Security Initiative #4 (Ernakulam),Completed,Healthcare & Nutrition,"[""Social Welfare & Community Development""]",India,Kerala,Ernakulam,False,False,2021-05-01,2022-04-26,12,360,2495,18,3,3,Successfully completed primary community training and material deployment.,2,1,1,2,1,2711.0
PRJ_NGO_00121_3,NGO_00121,Nutrition & Food Security Initiative #3 (Ernakulam),Completed,Healthcare & Nutrition,"[""Social Welfare & Community Development""]",India,Kerala,Ernakulam,False,False,2022-02-01,2023-06-26,17,510,4252,2,6,3,Successfully completed primary community training and material deployment.,3,1,1,2,2,2711.0
PRJ_NGO_00121_2,NGO_00121,Nutrition & Food Security Initiative #2 (Ernakulam),Completed,Healthcare & Nutrition,"[""Social Welfare & Community Development""]",India,Kerala,Ernakulam,False,False,2023-05-01,2024-10-22,18,540,1109,8,5,4,Successfully completed primary community training and material deployment.,4,1,1,2,3,4252.0
PRJ_NGO_00121_1,NGO_00121,Nutrition & Food Security Initiative #1 (Ernakulam),Completed,Healthcare & Nutrition,"[""Social Welfare & Community Development""]",India,Kerala,Ernakulam,False,False,2024-10-01,2026-02-23,17,510,896,13,3,3,Successfully completed primary community training and material deployment.,5,1,1,2,4,4252.0
PRJ_NGO_00122_2,NGO_00122,Environment & Forests Initiative #2 (Prayagraj),Completed,"Water, Sanitation & Environment",[],India,Uttar Pradesh,Prayagraj,False,False,2023-02-01,2023-12-28,11,330,950,2,6,3,Successfully completed primary community training and material deployment.,0,1,2,1,0,
PRJ_NGO_00122_1,NGO_00122,Environment & Forests Initiative #1 (Prayagraj),Completed,"Water, Sanitation & Environment",[],India,Uttar Pradesh,Prayagraj,False,False,2024-06-01,2025-02-26,9,270,1199,3,4,3,Successfully completed primary community training and material deployment.,1,1,2,1,1,950.0
PRJ_NGO_00123_5,NGO_00123,Education Initiative #5 (Prayagraj),Completed,Education & Skill Development,"[""Social Welfare & Community Development""]",India,Uttar Pradesh,Prayagraj,False,False,2020-09-01,2021-10-26,14,420,1756,17,6,5,Successfully completed primary community training and material deployment.,1,1,2,2,0,
PRJ_NGO_00123_4,NGO_00123,Education Initiative #4 (Prayagraj),Completed,Education & Skill Development,"[""Social Welfare & Community Development""]",India,Uttar Pradesh,Prayagraj,False,False,2021-03-01,2022-04-25,14,420,1820,2,6,5,Successfully completed primary community training and material deployment.,2,1,2,2,1,1756.0
PRJ_NGO_00123_3,NGO_00123,Education Initiative #3 (Prayagraj),Completed,Education & Skill Development,"[""Social Welfare & Community Development""]",India,Uttar Pradesh,Prayagraj,False,False,2022-11-01,2023-09-27,11,330,1706,8,3,2,Successfully completed primary community training and material deployment.,3,1,2,2,2,1820.0
PRJ_NGO_00123_2,NGO_00123,Education Initiative #2 (Prayagraj),Completed,Education & Skill Development,"[""Social Welfare & Community Development""]",India,Uttar Pradesh,Prayagraj,False,False,2023-06-01,2024-11-22,18,540,3472,13,3,3,Successfully completed primary community training and material deployment.,4,1,2,2,3,1820.0
PRJ_NGO_00123_1,NGO_00123,Education Initiative #1 (Prayagraj),Completed,Education & Skill Development,"[""Social Welfare & Community Development""]",India,Uttar Pradesh,Prayagraj,False,False,2024-08-01,2026-03-24,20,600,1363,14,6,2,Successfully completed primary community training and material deployment.,5,1,2,2,4,3472.0
PRJ_NGO_00124_6,NGO_00124,Women Empowerment Initiative #6 (Coimbatore),Completed,Social Welfare & Community Development,"[""Education & Skill Development""]",India,Tamil Nadu,Coimbatore,False,False,2019-12-01,2021-05-24,18,540,408,15,5,5,Successfully completed primary community training and material deployment.,0,4,13,2,0,
PRJ_NGO_00124_5,NGO_00124,Women Empowerment Initiative #5 (Coimbatore),Completed,Social Welfare & Community Development,"[""Education & Skill Development""]",India,Tamil Nadu,Coimbatore,False,False,2020-02-01,2020-08-29,7,210,4726,17,5,3,Successfully completed primary community training and material deployment.,1,4,13,2,1,408.0
PRJ_NGO_00124_4,NGO_00124,Women Empowerment Initiative #4 (Coimbatore),Completed,Social Welfare & Community Development,"[""Education & Skill Development""]",India,Tamil Nadu,Coimbatore,False,False,2021-04-01,2022-11-22,20,600,1534,20,4,4,Successfully completed primary community training and material deployment.,2,4,13,2,2,4726.0
PRJ_NGO_00124_3,NGO_00124,Women Empowerment Initiative #3 (Coimbatore),Completed,Social Welfare & Community Development,"[""Education & Skill Development""]",India,Tamil Nadu,Coimbatore,False,False,2022-09-01,2023-07-28,11,330,3838,12,3,3,Successfully completed primary community training and material deployment.,3,4,13,2,3,4726.0
PRJ_NGO_00124_2,NGO_00124,Women Empowerment Initiative #2 (Coimbatore),Completed,Social Welfare & Community Development,"[""Education & Skill Development""]",India,Tamil Nadu,Coimbatore,False,False,2023-01-01,2024-07-24,19,570,3219,16,4,4,Successfully completed primary community training and material deployment.,4,4,13,2,4,4726.0
PRJ_NGO_00124_1,NGO_00124,Women Empowerment Initiative #1 (Coimbatore),Ongoing,Social Welfare & Community Development,"[""Education & Skill Development""]",India,Tamil Nadu,Coimbatore,False,False,2024-07-01,,19,570,2642,10,4,1,,5,4,13,2,5,4726.0
PRJ_NGO_00125_6,NGO_00125,Nutrition & Food Security Initiative #6 (Prayagraj),Completed,Healthcare & Nutrition,[],India,Uttar Pradesh,Prayagraj,False,False,2019-02-01,2019-07-31,6,180,609,2,5,2,Successfully completed primary community training and material deployment.,8,3,5,1,0,
PRJ_NGO_00125_5,NGO_00125,Nutrition & Food Security Initiative #5 (Prayagraj),Completed,Healthcare & Nutrition,[],India,Uttar Pradesh,Prayagraj,False,False,2020-10-01,2021-08-27,11,330,4133,19,5,3,Successfully completed primary community training and material deployment.,9,3,5,1,1,609.0
PRJ_NGO_00125_4,NGO_00125,Nutrition & Food Security Initiative #4 (Prayagraj),Completed,Healthcare & Nutrition,[],India,Uttar Pradesh,Prayagraj,False,False,2021-03-01,2022-06-24,16,480,4292,14,5,5,Successfully completed primary community training and material deployment.,10,3,5,1,2,4133.0
PRJ_NGO_00125_3,NGO_00125,Nutrition & Food Security Initiative #3 (Prayagraj),Completed,Healthcare & Nutrition,[],India,Uttar Pradesh,Prayagraj,False,False,2022-04-01,2024-03-21,24,720,1976,18,3,3,Successfully completed primary community training and material deployment.,11,3,5,1,3,4292.0
PRJ_NGO_00125_2,NGO_00125,Nutrition & Food Security Initiative #2 (Prayagraj),Completed,Healthcare & Nutrition,[],India,Uttar Pradesh,Prayagraj,False,False,2023-10-01,2024-12-24,15,450,2685,13,6,2,Successfully completed primary community training and material deployment.,12,3,5,1,4,4292.0
PRJ_NGO_00125_1,NGO_00125,Nutrition & Food Security Initiative #1 (Prayagraj),Completed,Healthcare & Nutrition,[],India,Uttar Pradesh,Prayagraj,False,False,2024-04-01,2025-02-25,11,330,541,14,3,3,Successfully completed primary community training and material deployment.,13,3,5,1,5,4292.0
PRJ_NGO_00126_6,NGO_00126,Environment & Forests Initiative #6 (Mumbai),Completed,"Water, Sanitation & Environment","[""Education & Skill Development""]",India,Maharashtra,Mumbai,False,False,2019-09-01,2020-05-28,9,270,1382,4,5,3,Successfully completed primary community training and material deployment.,2,3,6,2,0,
PRJ_NGO_00126_5,NGO_00126,Environment & Forests Initiative #5 (Mumbai),Completed,"Water, Sanitation & Environment","[""Education & Skill Development""]",India,Maharashtra,Mumbai,False,False,2020-07-01,2021-03-28,9,270,3916,6,4,2,Successfully completed primary community training and material deployment.,3,3,6,2,1,1382.0
PRJ_NGO_00126_4,NGO_00126,Environment & Forests Initiative #4 (Mumbai),Completed,"Water, Sanitation & Environment","[""Education & Skill Development""]",India,Maharashtra,Mumbai,False,False,2021-06-01,2023-04-22,23,690,4485,14,4,4,Successfully completed primary community training and material deployment.,4,3,6,2,2,3916.0
PRJ_NGO_00126_3,NGO_00126,Environment & Forests Initiative #3 (Mumbai),Completed,"Water, Sanitation & Environment","[""Education & Skill Development""]",India,Maharashtra,Mumbai,False,False,2022-09-01,2023-07-28,11,330,2943,17,3,3,Successfully completed primary community training and material deployment.,5,3,6,2,3,4485.0
PRJ_NGO_00126_2,NGO_00126,Environment & Forests Initiative #2 (Mumbai),Completed,"Water, Sanitation & Environment","[""Education & Skill Development""]",India,Maharashtra,Mumbai,False,False,2023-02-01,2024-11-22,22,660,543,18,3,3,Successfully completed primary community training and material deployment.,6,3,6,2,4,4485.0
PRJ_NGO_00126_1,NGO_00126,Environment & Forests Initiative #1 (Mumbai),Completed,"Water, Sanitation & Environment","[""Education & Skill Development""]",India,Maharashtra,Mumbai,False,False,2024-12-01,2025-10-27,11,330,1342,8,6,2,Successfully completed primary community training and material deployment.,7,3,6,2,5,4485.0
PRJ_NGO_00128_6,NGO_00128,Environment & Forests Initiative #6 (Kolkata),Completed,"Water, Sanitation & Environment",[],India,West Bengal,Kolkata,False,False,2023-02-01,2024-10-23,21,630,794,20,4,3,Successfully completed primary community training and material deployment.,0,1,3,1,0,
PRJ_NGO_00128_3,NGO_00128,Environment & Forests Initiative #3 (Kolkata),Completed,"Water, Sanitation & Environment",[],India,West Bengal,Kolkata,False,False,2023-05-01,2025-04-20,24,720,272,11,4,4,Successfully completed primary community training and material deployment.,0,1,3,1,1,794.0
PRJ_NGO_00128_5,NGO_00128,Environment & Forests Initiative #5 (Kolkata),Completed,"Water, Sanitation & Environment",[],India,West Bengal,Kolkata,False,False,2023-07-01,2025-05-21,23,690,780,6,4,4,Successfully completed primary community training and material deployment.,0,1,3,1,2,794.0
PRJ_NGO_00128_7,NGO_00128,Environment & Forests Initiative #7 (Kolkata),Completed,"Water, Sanitation & Environment",[],India,West Bengal,Kolkata,False,False,2023-07-01,2024-11-22,17,510,2350,15,3,3,Successfully completed primary community training and material deployment.,0,1,3,1,3,794.0
PRJ_NGO_00128_4,NGO_00128,Environment & Forests Initiative #4 (Kolkata),Completed,"Water, Sanitation & Environment",[],India,West Bengal,Kolkata,False,False,2023-08-01,2024-07-26,12,360,4089,17,6,3,Successfully completed primary community training and material deployment.,0,1,3,1,4,2350.0
PRJ_NGO_00128_2,NGO_00128,Environment & Forests Initiative #2 (Kolkata),Completed,"Water, Sanitation & Environment",[],India,West Bengal,Kolkata,False,False,2024-12-01,2026-05-25,18,540,3246,3,3,2,Successfully completed primary community training and material deployment.,1,1,3,1,5,4089.0
PRJ_NGO_00128_1,NGO_00128,Environment & Forests Initiative #1 (Kolkata),Ongoing,"Water, Sanitation & Environment",[],India,West Bengal,Kolkata,False,False,2025-07-01,,9,270,525,9,4,1,,2,1,3,1,6,4089.0
PRJ_NGO_00129_5,NGO_00129,Nutrition & Food Security Initiative #5 (South Delhi),Completed,Healthcare & Nutrition,"[""Emergency Relief & Rehabilitation""]",India,Delhi,South Delhi,False,True,2020-10-01,2021-11-25,14,420,3096,9,4,2,Successfully completed primary community training and material deployment.,9,1,3,2,0,
PRJ_NGO_00129_4,NGO_00129,Nutrition & Food Security Initiative #4 (South Delhi),Completed,Healthcare & Nutrition,"[""Emergency Relief & Rehabilitation""]",India,Delhi,South Delhi,False,True,2021-10-01,2022-11-25,14,420,3720,9,4,3,Successfully completed primary community training and material deployment.,10,1,3,2,1,3096.0
PRJ_NGO_00129_3,NGO_00129,Nutrition & Food Security Initiative #3 (South Delhi),Completed,Healthcare & Nutrition,"[""Emergency Relief & Rehabilitation""]",India,Delhi,South Delhi,False,True,2022-12-01,2024-06-23,19,570,527,20,3,2,Successfully completed primary community training and material deployment.,11,1,3,2,2,3720.0
PRJ_NGO_00129_2,NGO_00129,Nutrition & Food Security Initiative #2 (South Delhi),Completed,Healthcare & Nutrition,"[""Emergency Relief & Rehabilitation""]",India,Delhi,South Delhi,False,True,2023-01-01,2023-07-30,7,210,2472,5,5,3,Successfully completed primary community training and material deployment.,12,1,3,2,3,3720.0
PRJ_NGO_00129_1,NGO_00129,Nutrition & Food Security Initiative #1 (South Delhi),Completed,Healthcare & Nutrition,"[""Emergency Relief & Rehabilitation""]",India,Delhi,South Delhi,False,True,2024-08-01,2026-02-22,19,570,2765,5,4,3,Successfully completed primary community training and material deployment.,13,1,3,2,4,3720.0
PRJ_NGO_00130_3,NGO_00130,Healthcare & Medical Initiative #3 (Ernakulam),Completed,Healthcare & Nutrition,"[""Emergency Relief & Rehabilitation""]",India,Kerala,Ernakulam,False,True,2024-05-01,2026-01-21,21,630,1580,9,4,2,Successfully completed primary community training and material deployment.,0,2,5,2,0,
PRJ_NGO_00130_1,NGO_00130,Healthcare & Medical Initiative #1 (Ernakulam),Completed,Healthcare & Nutrition,"[""Emergency Relief & Rehabilitation""]",India,Kerala,Ernakulam,False,True,2024-07-01,2026-06-21,24,720,3145,14,3,3,Successfully completed primary community training and material deployment.,0,2,5,2,1,1580.0
PRJ_NGO_00130_2,NGO_00130,Healthcare & Medical Initiative #2 (Ernakulam),Completed,Healthcare & Nutrition,"[""Emergency Relief & Rehabilitation""]",India,Kerala,Ernakulam,False,True,2024-08-01,2026-02-22,19,570,3782,10,5,3,Successfully completed primary community training and material deployment.,0,2,5,2,2,3145.0
PRJ_NGO_00131_1,NGO_00131,Women Empowerment Initiative #1 (Thane),Completed,Social Welfare & Community Development,[],India,Maharashtra,Thane,False,False,2024-01-01,2025-10-22,22,660,665,14,4,3,Successfully completed primary community training and material deployment.,0,1,2,1,0,
PRJ_NGO_00131_2,NGO_00131,Women Empowerment Initiative #2 (Thane),Completed,Social Welfare & Community Development,[],India,Maharashtra,Thane,False,False,2024-03-01,2024-12-26,10,300,3208,20,5,5,Successfully completed primary community training and material deployment.,0,1,2,1,1,665.0
PRJ_NGO_00133_7,NGO_00133,Water & Sanitation Initiative #7 (Bengaluru Urban),Completed,"Water, Sanitation & Environment",[],India,Karnataka,Bengaluru Urban,False,False,2018-01-01,2019-07-25,19,570,3740,6,6,5,Successfully completed primary community training and material deployment.,1,1,3,1,0,
PRJ_NGO_00133_6,NGO_00133,Water & Sanitation Initiative #6 (Bengaluru Urban),Completed,"Water, Sanitation & Environment",[],India,Karnataka,Bengaluru Urban,False,False,2019-05-01,2019-12-27,8,240,1530,17,3,3,Successfully completed primary community training and material deployment.,2,1,3,1,1,3740.0
PRJ_NGO_00133_5,NGO_00133,Water & Sanitation Initiative #5 (Bengaluru Urban),Completed,"Water, Sanitation & Environment",[],India,Karnataka,Bengaluru Urban,False,False,2020-12-01,2022-10-22,23,690,3173,15,6,5,Successfully completed primary community training and material deployment.,3,1,3,1,2,3740.0
PRJ_NGO_00133_4,NGO_00133,Water & Sanitation Initiative #4 (Bengaluru Urban),Completed,"Water, Sanitation & Environment",[],India,Karnataka,Bengaluru Urban,False,False,2021-03-01,2023-01-20,23,690,1993,9,6,3,Successfully completed primary community training and material deployment.,4,1,3,1,3,3740.0
PRJ_NGO_00133_3,NGO_00133,Water & Sanitation Initiative #3 (Bengaluru Urban),Completed,"Water, Sanitation & Environment",[],India,Karnataka,Bengaluru Urban,False,False,2022-05-01,2024-01-21,21,630,620,20,5,4,Successfully completed primary community training and material deployment.,5,1,3,1,4,3740.0
PRJ_NGO_00133_2,NGO_00133,Water & Sanitation Initiative #2 (Bengaluru Urban),Completed,"Water, Sanitation & Environment",[],India,Karnataka,Bengaluru Urban,False,False,2023-04-01,2024-04-25,13,390,3754,17,5,4,Successfully completed primary community training and material deployment.,6,1,3,1,5,3740.0
PRJ_NGO_00133_1,NGO_00133,Water & Sanitation Initiative #1 (Bengaluru Urban),Completed,"Water, Sanitation & Environment",[],India,Karnataka,Bengaluru Urban,False,False,2024-11-01,2026-02-24,16,480,1474,20,5,5,Successfully completed primary community training and material deployment.,7,1,3,1,6,3754.0
PRJ_NGO_00134_5,NGO_00134,Nutrition & Food Security Initiative #5 (Howrah),Completed,Healthcare & Nutrition,"[""Social Welfare & Community Development""]",India,West Bengal,Howrah,False,False,2020-07-01,2021-02-26,8,240,2940,6,3,3,Successfully completed primary community training and material deployment.,8,1,3,2,0,
PRJ_NGO_00134_4,NGO_00134,Nutrition & Food Security Initiative #4 (Howrah),Completed,Healthcare & Nutrition,"[""Social Welfare & Community Development""]",India,West Bengal,Howrah,False,False,2021-06-01,2022-12-23,19,570,4841,7,3,3,Successfully completed primary community training and material deployment.,9,1,3,2,1,2940.0
PRJ_NGO_00134_3,NGO_00134,Nutrition & Food Security Initiative #3 (Howrah),Completed,Healthcare & Nutrition,"[""Social Welfare & Community Development""]",India,West Bengal,Howrah,False,False,2022-05-01,2023-10-23,18,540,4276,16,6,4,Successfully completed primary community training and material deployment.,10,1,3,2,2,4841.0
PRJ_NGO_00134_2,NGO_00134,Nutrition & Food Security Initiative #2 (Howrah),Completed,Healthcare & Nutrition,"[""Social Welfare & Community Development""]",India,West Bengal,Howrah,False,False,2023-03-01,2024-08-22,18,540,3026,4,3,2,Successfully completed primary community training and material deployment.,11,1,3,2,3,4841.0
PRJ_NGO_00134_1,NGO_00134,Nutrition & Food Security Initiative #1 (Howrah),Ongoing,Healthcare & Nutrition,"[""Social Welfare & Community Development""]",India,West Bengal,Howrah,False,False,2024-11-01,,23,690,2678,8,6,3,,12,1,3,2,4,4841.0
PRJ_NGO_00135_4,NGO_00135,Child Welfare Initiative #4 (Central Delhi),Completed,Social Welfare & Community Development,[],India,Delhi,Central Delhi,False,False,2021-04-01,2022-12-22,21,630,1014,6,5,3,Successfully completed primary community training and material deployment.,8,2,2,1,0,
PRJ_NGO_00135_3,NGO_00135,Child Welfare Initiative #3 (Central Delhi),Completed,Social Welfare & Community Development,[],India,Delhi,Central Delhi,False,False,2022-06-01,2023-04-27,11,330,1840,2,6,2,Successfully completed primary community training and material deployment.,9,2,2,1,1,1014.0
PRJ_NGO_00135_2,NGO_00135,Child Welfare Initiative #2 (Central Delhi),Completed,Social Welfare & Community Development,[],India,Delhi,Central Delhi,False,False,2023-04-01,2025-02-19,23,690,2555,5,4,4,Successfully completed primary community training and material deployment.,10,2,2,1,2,1840.0
PRJ_NGO_00135_1,NGO_00135,Child Welfare Initiative #1 (Central Delhi),Completed,Social Welfare & Community Development,[],India,Delhi,Central Delhi,False,False,2024-09-01,2026-03-25,19,570,4310,11,3,3,Successfully completed primary community training and material deployment.,11,2,2,1,3,2555.0
PRJ_NGO_00136_1,NGO_00136,Healthcare & Medical Initiative #1 (Belagavi),Completed,Healthcare & Nutrition,"[""Water, Sanitation & Environment""]",India,Karnataka,Belagavi,False,False,2024-02-01,2025-02-25,13,390,4766,16,6,4,Successfully completed primary community training and material deployment.,0,4,8,2,0,
PRJ_NGO_00136_2,NGO_00136,Healthcare & Medical Initiative #2 (Belagavi),Completed,Healthcare & Nutrition,"[""Water, Sanitation & Environment""]",India,Karnataka,Belagavi,False,False,2024-04-01,2024-10-28,7,210,3910,8,3,3,Successfully completed primary community training and material deployment.,0,4,8,2,1,4766.0
PRJ_NGO_00136_3,NGO_00136,Healthcare & Medical Initiative #3 (Belagavi),Completed,Healthcare & Nutrition,"[""Water, Sanitation & Environment""]",India,Karnataka,Belagavi,False,False,2024-11-01,2026-03-26,17,510,3604,2,5,5,Successfully completed primary community training and material deployment.,0,4,8,2,2,4766.0
PRJ_NGO_00137_7,NGO_00137,Education Initiative #7 (Ahmedabad),Completed,Education & Skill Development,"[""Social Welfare & Community Development""]",India,Gujarat,Ahmedabad,False,False,2018-10-01,2020-04-23,19,570,2556,10,4,4,Successfully completed primary community training and material deployment.,3,1,3,2,0,
PRJ_NGO_00137_6,NGO_00137,Education Initiative #6 (Ahmedabad),Completed,Education & Skill Development,"[""Social Welfare & Community Development""]",India,Gujarat,Ahmedabad,False,False,2019-01-01,2020-07-24,19,570,3382,8,5,4,Successfully completed primary community training and material deployment.,4,1,3,2,1,2556.0
PRJ_NGO_00137_5,NGO_00137,Education Initiative #5 (Ahmedabad),Completed,Education & Skill Development,"[""Social Welfare & Community Development""]",India,Gujarat,Ahmedabad,False,False,2020-07-01,2020-12-28,6,180,2438,20,4,4,Successfully completed primary community training and material deployment.,5,1,3,2,2,3382.0
PRJ_NGO_00137_4,NGO_00137,Education Initiative #4 (Ahmedabad),Completed,Education & Skill Development,"[""Social Welfare & Community Development""]",India,Gujarat,Ahmedabad,False,False,2021-02-01,2021-07-31,6,180,1989,6,4,4,Successfully completed primary community training and material deployment.,6,1,3,2,3,3382.0
PRJ_NGO_00137_3,NGO_00137,Education Initiative #3 (Ahmedabad),Completed,Education & Skill Development,"[""Social Welfare & Community Development""]",India,Gujarat,Ahmedabad,False,False,2022-09-01,2023-09-26,13,390,2936,7,4,4,Successfully completed primary community training and material deployment.,7,1,3,2,4,3382.0
PRJ_NGO_00137_2,NGO_00137,Education Initiative #2 (Ahmedabad),Completed,Education & Skill Development,"[""Social Welfare & Community Development""]",India,Gujarat,Ahmedabad,False,False,2023-01-01,2024-09-22,21,630,3525,19,3,3,Successfully completed primary community training and material deployment.,8,1,3,2,5,3382.0
PRJ_NGO_00137_1,NGO_00137,Education Initiative #1 (Ahmedabad),Completed,Education & Skill Development,"[""Social Welfare & Community Development""]",India,Gujarat,Ahmedabad,False,False,2024-12-01,2025-06-29,7,210,763,5,3,2,Successfully completed primary community training and material deployment.,9,1,3,2,6,3525.0
PRJ_NGO_00138_7,NGO_00138,Water & Sanitation Initiative #7 (Puri),Completed,"Water, Sanitation & Environment","[""Healthcare & Nutrition"", ""Emergency Relief & Rehabilitation""]",India,Odisha,Puri,True,True,2018-12-01,2019-07-29,8,240,4693,16,4,3,Successfully completed primary community training and material deployment.,4,1,2,3,0,
PRJ_NGO_00138_6,NGO_00138,Water & Sanitation Initiative #6 (Puri),Completed,"Water, Sanitation & Environment","[""Healthcare & Nutrition"", ""Emergency Relief & Rehabilitation""]",India,Odisha,Puri,True,True,2019-03-01,2020-03-25,13,390,559,8,6,5,Successfully completed primary community training and material deployment.,5,1,2,3,1,4693.0
PRJ_NGO_00138_5,NGO_00138,Water & Sanitation Initiative #5 (Puri),Completed,"Water, Sanitation & Environment","[""Healthcare & Nutrition"", ""Emergency Relief & Rehabilitation""]",India,Odisha,Puri,True,True,2020-08-01,2021-08-26,13,390,4807,2,3,2,Successfully completed primary community training and material deployment.,6,1,2,3,2,4693.0
PRJ_NGO_00138_4,NGO_00138,Water & Sanitation Initiative #4 (Puri),Completed,"Water, Sanitation & Environment","[""Healthcare & Nutrition"", ""Emergency Relief & Rehabilitation""]",India,Odisha,Puri,True,True,2021-04-01,2022-07-25,16,480,2953,13,6,3,Successfully completed primary community training and material deployment.,7,1,2,3,3,4807.0
PRJ_NGO_00138_3,NGO_00138,Water & Sanitation Initiative #3 (Puri),Completed,"Water, Sanitation & Environment","[""Healthcare & Nutrition"", ""Emergency Relief & Rehabilitation""]",India,Odisha,Puri,True,True,2022-10-01,2024-09-20,24,720,3123,5,6,5,Successfully completed primary community training and material deployment.,8,1,2,3,4,4807.0
PRJ_NGO_00138_2,NGO_00138,Water & Sanitation Initiative #2 (Puri),Completed,"Water, Sanitation & Environment","[""Healthcare & Nutrition"", ""Emergency Relief & Rehabilitation""]",India,Odisha,Puri,True,True,2023-05-01,2024-11-21,19,570,2427,20,4,4,Successfully completed primary community training and material deployment.,9,1,2,3,5,4807.0
PRJ_NGO_00138_1,NGO_00138,Water & Sanitation Initiative #1 (Puri),Completed,"Water, Sanitation & Environment","[""Healthcare & Nutrition"", ""Emergency Relief & Rehabilitation""]",India,Odisha,Puri,True,True,2024-07-01,2026-06-21,24,720,211,17,4,3,Successfully completed primary community training and material deployment.,10,1,2,3,6,4807.0
PRJ_NGO_00139_5,NGO_00139,Disaster Relief & Rehabilitation Initiative #5 (Coimbatore),Completed,Emergency Relief & Rehabilitation,[],India,Tamil Nadu,Coimbatore,False,True,2020-08-01,2021-09-25,14,420,2331,8,3,3,Successfully completed primary community training and material deployment.,19,2,6,1,0,
PRJ_NGO_00139_4,NGO_00139,Disaster Relief & Rehabilitation Initiative #4 (Coimbatore),Completed,Emergency Relief & Rehabilitation,[],India,Tamil Nadu,Coimbatore,False,True,2021-10-01,2023-08-22,23,690,1966,16,6,3,Successfully completed primary community training and material deployment.,20,2,6,1,1,2331.0
PRJ_NGO_00139_3,NGO_00139,Disaster Relief & Rehabilitation Initiative #3 (Coimbatore),Completed,Emergency Relief & Rehabilitation,[],India,Tamil Nadu,Coimbatore,False,True,2022-03-01,2023-04-25,14,420,4746,18,5,5,Successfully completed primary community training and material deployment.,21,2,6,1,2,2331.0
PRJ_NGO_00139_2,NGO_00139,Disaster Relief & Rehabilitation Initiative #2 (Coimbatore),Completed,Emergency Relief & Rehabilitation,[],India,Tamil Nadu,Coimbatore,False,True,2023-04-01,2023-11-27,8,240,3600,5,6,3,Successfully completed primary community training and material deployment.,22,2,6,1,3,4746.0
PRJ_NGO_00139_1,NGO_00139,Disaster Relief & Rehabilitation Initiative #1 (Coimbatore),Ongoing,Emergency Relief & Rehabilitation,[],India,Tamil Nadu,Coimbatore,False,True,2024-06-01,,7,210,1634,15,3,1,,23,2,6,1,4,4746.0
PRJ_NGO_00140_5,NGO_00140,Water & Sanitation Initiative #5 (Raigad),Completed,"Water, Sanitation & Environment","[""Healthcare & Nutrition""]",India,Maharashtra,Raigad,False,False,2022-01-01,2023-10-23,22,660,4028,2,3,3,Successfully completed primary community training and material deployment.,0,1,1,2,0,
PRJ_NGO_00140_4,NGO_00140,Water & Sanitation Initiative #4 (Raigad),Completed,"Water, Sanitation & Environment","[""Healthcare & Nutrition""]",India,Maharashtra,Raigad,False,False,2022-02-01,2022-11-28,10,300,2567,18,3,3,Successfully completed primary community training and material deployment.,0,1,1,2,1,4028.0
PRJ_NGO_00140_6,NGO_00140,Water & Sanitation Initiative #6 (Raigad),Completed,"Water, Sanitation & Environment","[""Healthcare & Nutrition""]",India,Maharashtra,Raigad,False,False,2022-11-01,2023-12-26,14,420,3295,13,5,2,Successfully completed primary community training and material deployment.,0,1,1,2,2,4028.0
PRJ_NGO_00140_3,NGO_00140,Water & Sanitation Initiative #3 (Raigad),Completed,"Water, Sanitation & Environment","[""Healthcare & Nutrition""]",India,Maharashtra,Raigad,False,False,2023-10-01,2025-09-20,24,720,4105,11,6,6,Successfully completed primary community training and material deployment.,1,1,1,2,3,4028.0
PRJ_NGO_00140_2,NGO_00140,Water & Sanitation Initiative #2 (Raigad),Completed,"Water, Sanitation & Environment","[""Healthcare & Nutrition""]",India,Maharashtra,Raigad,False,False,2024-09-01,2025-11-25,15,450,2336,7,3,3,Successfully completed primary community training and material deployment.,2,1,1,2,4,4105.0
PRJ_NGO_00140_1,NGO_00140,Water & Sanitation Initiative #1 (Raigad),Completed,"Water, Sanitation & Environment","[""Healthcare & Nutrition""]",India,Maharashtra,Raigad,False,False,2025-01-01,2025-06-30,6,180,3094,12,6,2,Successfully completed primary community training and material deployment.,3,1,1,2,5,4105.0
PRJ_NGO_00141_4,NGO_00141,Rural Development Initiative #4 (Belagavi),Completed,Social Welfare & Community Development,"[""Education & Skill Development"", ""Water, Sanitation & Environment""]",India,Karnataka,Belagavi,False,False,2021-04-01,2022-08-24,17,510,4652,7,5,3,Successfully completed primary community training and material deployment.,8,1,2,3,0,
PRJ_NGO_00141_3,NGO_00141,Rural Development Initiative #3 (Belagavi),Completed,Social Welfare & Community Development,"[""Education & Skill Development"", ""Water, Sanitation & Environment""]",India,Karnataka,Belagavi,False,False,2022-11-01,2024-04-24,18,540,3105,13,5,2,Successfully completed primary community training and material deployment.,9,1,2,3,1,4652.0
PRJ_NGO_00141_2,NGO_00141,Rural Development Initiative #2 (Belagavi),Completed,Social Welfare & Community Development,"[""Education & Skill Development"", ""Water, Sanitation & Environment""]",India,Karnataka,Belagavi,False,False,2023-02-01,2024-04-26,15,450,873,16,3,3,Successfully completed primary community training and material deployment.,10,1,2,3,2,4652.0
PRJ_NGO_00141_1,NGO_00141,Rural Development Initiative #1 (Belagavi),Completed,Social Welfare & Community Development,"[""Education & Skill Development"", ""Water, Sanitation & Environment""]",India,Karnataka,Belagavi,False,False,2024-03-01,2024-08-28,6,180,3638,6,5,5,Successfully completed primary community training and material deployment.,11,1,2,3,3,4652.0
PRJ_NGO_00142_2,NGO_00142,Education Initiative #2 (Kota),Completed,Education & Skill Development,"[""Emergency Relief & Rehabilitation"", ""Healthcare & Nutrition""]",India,Rajasthan,Kota,True,True,2023-08-01,2024-09-24,14,420,1180,15,3,3,Successfully completed primary community training and material deployment.,12,1,3,3,0,
PRJ_NGO_00142_1,NGO_00142,Education Initiative #1 (Kota),Completed,Education & Skill Development,"[""Emergency Relief & Rehabilitation"", ""Healthcare & Nutrition""]",India,Rajasthan,Kota,True,True,2024-10-01,2026-07-23,22,660,2202,14,5,5,Successfully completed primary community training and material deployment.,13,1,3,3,1,1180.0
PRJ_NGO_00143_2,NGO_00143,Healthcare & Medical Initiative #2 (Varanasi),Completed,Healthcare & Nutrition,"[""Education & Skill Development""]",India,Uttar Pradesh,Varanasi,False,False,2023-01-01,2023-09-28,9,270,2690,19,3,3,Successfully completed primary community training and material deployment.,26,1,2,2,0,
PRJ_NGO_00143_1,NGO_00143,Healthcare & Medical Initiative #1 (Varanasi),Completed,Healthcare & Nutrition,"[""Education & Skill Development""]",India,Uttar Pradesh,Varanasi,False,False,2024-08-01,2026-02-22,19,570,1368,8,5,4,Successfully completed primary community training and material deployment.,27,1,2,2,1,2690.0
PRJ_NGO_00145_3,NGO_00145,Education Initiative #3 (New Delhi),Completed,Education & Skill Development,"[""Social Welfare & Community Development""]",India,Delhi,New Delhi,False,False,2022-07-01,2023-05-27,11,330,3878,6,6,5,Successfully completed primary community training and material deployment.,9,2,6,2,0,
PRJ_NGO_00145_2,NGO_00145,Education Initiative #2 (New Delhi),Completed,Education & Skill Development,"[""Social Welfare & Community Development""]",India,Delhi,New Delhi,False,False,2023-04-01,2024-05-25,14,420,337,17,6,5,Successfully completed primary community training and material deployment.,10,2,6,2,1,3878.0
PRJ_NGO_00145_1,NGO_00145,Education Initiative #1 (New Delhi),Completed,Education & Skill Development,"[""Social Welfare & Community Development""]",India,Delhi,New Delhi,False,False,2024-09-01,2025-08-27,12,360,3831,15,4,2,Successfully completed primary community training and material deployment.,11,2,6,2,2,3878.0
PRJ_NGO_00146_5,NGO_00146,Water & Sanitation Initiative #5 (Tiruchirappalli),Completed,"Water, Sanitation & Environment","[""Healthcare & Nutrition""]",India,Tamil Nadu,Tiruchirappalli,False,False,2020-07-01,2021-07-26,13,390,2190,5,4,4,Successfully completed primary community training and material deployment.,23,2,5,2,0,
PRJ_NGO_00146_4,NGO_00146,Water & Sanitation Initiative #4 (Tiruchirappalli),Completed,"Water, Sanitation & Environment","[""Healthcare & Nutrition""]",India,Tamil Nadu,Tiruchirappalli,False,False,2021-07-01,2022-05-27,11,330,4673,12,6,6,Successfully completed primary community training and material deployment.,24,2,5,2,1,2190.0
PRJ_NGO_00146_3,NGO_00146,Water & Sanitation Initiative #3 (Tiruchirappalli),Completed,"Water, Sanitation & Environment","[""Healthcare & Nutrition""]",India,Tamil Nadu,Tiruchirappalli,False,False,2022-11-01,2023-06-29,8,240,4592,7,3,3,Successfully completed primary community training and material deployment.,25,2,5,2,2,4673.0
PRJ_NGO_00146_2,NGO_00146,Water & Sanitation Initiative #2 (Tiruchirappalli),Completed,"Water, Sanitation & Environment","[""Healthcare & Nutrition""]",India,Tamil Nadu,Tiruchirappalli,False,False,2023-12-01,2025-08-22,21,630,1595,7,3,2,Successfully completed primary community training and material deployment.,26,2,5,2,3,4673.0
PRJ_NGO_00146_1,NGO_00146,Water & Sanitation Initiative #1 (Tiruchirappalli),Ongoing,"Water, Sanitation & Environment","[""Healthcare & Nutrition""]",India,Tamil Nadu,Tiruchirappalli,False,False,2024-05-01,,9,270,4053,19,3,1,,27,2,5,2,4,4673.0
PRJ_NGO_00147_7,NGO_00147,Women Empowerment Initiative #7 (Varanasi),Completed,Social Welfare & Community Development,"[""Healthcare & Nutrition""]",India,Uttar Pradesh,Varanasi,False,False,2019-10-01,2021-09-20,24,720,4343,17,4,3,Successfully completed primary community training and material deployment.,5,1,3,2,0,
PRJ_NGO_00147_6,NGO_00147,Women Empowerment Initiative #6 (Varanasi),Completed,Social Welfare & Community Development,"[""Healthcare & Nutrition""]",India,Uttar Pradesh,Varanasi,False,False,2020-02-01,2021-09-23,20,600,4559,17,6,6,Successfully completed primary community training and material deployment.,6,1,3,2,1,4343.0
PRJ_NGO_00147_5,NGO_00147,Women Empowerment Initiative #5 (Varanasi),Completed,Social Welfare & Community Development,"[""Healthcare & Nutrition""]",India,Uttar Pradesh,Varanasi,False,False,2021-11-01,2022-09-27,11,330,3902,10,6,2,Successfully completed primary community training and material deployment.,7,1,3,2,2,4559.0
PRJ_NGO_00147_4,NGO_00147,Women Empowerment Initiative #4 (Varanasi),Completed,Social Welfare & Community Development,"[""Healthcare & Nutrition""]",India,Uttar Pradesh,Varanasi,False,False,2022-03-01,2023-03-26,13,390,3490,16,6,5,Successfully completed primary community training and material deployment.,8,1,3,2,3,4559.0
PRJ_NGO_00147_3,NGO_00147,Women Empowerment Initiative #3 (Varanasi),Completed,Social Welfare & Community Development,"[""Healthcare & Nutrition""]",India,Uttar Pradesh,Varanasi,False,False,2023-08-01,2025-06-21,23,690,3950,3,6,2,Successfully completed primary community training and material deployment.,9,1,3,2,4,4559.0
PRJ_NGO_00147_2,NGO_00147,Women Empowerment Initiative #2 (Varanasi),Completed,Social Welfare & Community Development,"[""Healthcare & Nutrition""]",India,Uttar Pradesh,Varanasi,False,False,2024-10-01,2026-01-24,16,480,4395,19,3,2,Successfully completed primary community training and material deployment.,10,1,3,2,5,4559.0
PRJ_NGO_00147_1,NGO_00147,Women Empowerment Initiative #1 (Varanasi),Completed,Social Welfare & Community Development,"[""Healthcare & Nutrition""]",India,Uttar Pradesh,Varanasi,False,False,2025-11-01,2027-09-22,23,690,2254,18,5,3,Successfully completed primary community training and material deployment.,11,1,3,2,6,4559.0
PRJ_NGO_00148_4,NGO_00148,Environment & Forests Initiative #4 (Salem),Completed,"Water, Sanitation & Environment",[],India,Tamil Nadu,Salem,True,False,2021-08-01,2022-04-28,9,270,2885,8,3,3,Successfully completed primary community training and material deployment.,7,3,5,1,0,
PRJ_NGO_00148_3,NGO_00148,Environment & Forests Initiative #3 (Salem),Completed,"Water, Sanitation & Environment",[],India,Tamil Nadu,Salem,True,False,2022-01-01,2022-08-29,8,240,1921,14,5,2,Successfully completed primary community training and material deployment.,8,3,5,1,1,2885.0
PRJ_NGO_00148_2,NGO_00148,Environment & Forests Initiative #2 (Salem),Completed,"Water, Sanitation & Environment",[],India,Tamil Nadu,Salem,True,False,2023-10-01,2025-06-22,21,630,584,8,5,5,Successfully completed primary community training and material deployment.,9,3,5,1,2,2885.0
PRJ_NGO_00148_1,NGO_00148,Environment & Forests Initiative #1 (Salem),Ongoing,"Water, Sanitation & Environment",[],India,Tamil Nadu,Salem,True,False,2024-04-01,,15,450,1182,18,3,1,,10,3,5,1,3,2885.0
PRJ_NGO_00149_3,NGO_00149,Water & Sanitation Initiative #3 (Thrissur),Completed,"Water, Sanitation & Environment",[],India,Kerala,Thrissur,True,False,2022-12-01,2024-08-22,21,630,4292,9,6,5,Successfully completed primary community training and material deployment.,6,1,2,1,0,
PRJ_NGO_00149_2,NGO_00149,Water & Sanitation Initiative #2 (Thrissur),Completed,"Water, Sanitation & Environment",[],India,Kerala,Thrissur,True,False,2023-11-01,2024-07-28,9,270,2684,11,6,5,Successfully completed primary community training and material deployment.,7,1,2,1,1,4292.0
PRJ_NGO_00149_1,NGO_00149,Water & Sanitation Initiative #1 (Thrissur),Ongoing,"Water, Sanitation & Environment",[],India,Kerala,Thrissur,True,False,2024-06-01,,21,630,4474,8,6,3,,8,1,2,1,2,4292.0
PRJ_NGO_00150_5,NGO_00150,Environment & Forests Initiative #5 (Ernakulam),Completed,"Water, Sanitation & Environment","[""Emergency Relief & Rehabilitation"", ""Healthcare & Nutrition""]",India,Kerala,Ernakulam,False,True,2020-12-01,2022-03-26,16,480,4947,19,4,3,Successfully completed primary community training and material deployment.,24,1,2,3,0,
PRJ_NGO_00150_4,NGO_00150,Environment & Forests Initiative #4 (Ernakulam),Completed,"Water, Sanitation & Environment","[""Emergency Relief & Rehabilitation"", ""Healthcare & Nutrition""]",India,Kerala,Ernakulam,False,True,2021-01-01,2022-04-26,16,480,4038,18,6,2,Successfully completed primary community training and material deployment.,25,1,2,3,1,4947.0
PRJ_NGO_00150_3,NGO_00150,Environment & Forests Initiative #3 (Ernakulam),Completed,"Water, Sanitation & Environment","[""Emergency Relief & Rehabilitation"", ""Healthcare & Nutrition""]",India,Kerala,Ernakulam,False,True,2022-10-01,2024-05-23,20,600,1730,20,4,4,Successfully completed primary community training and material deployment.,26,1,2,3,2,4947.0
PRJ_NGO_00150_2,NGO_00150,Environment & Forests Initiative #2 (Ernakulam),Completed,"Water, Sanitation & Environment","[""Emergency Relief & Rehabilitation"", ""Healthcare & Nutrition""]",India,Kerala,Ernakulam,False,True,2023-05-01,2024-06-24,14,420,4280,5,4,4,Successfully completed primary community training and material deployment.,27,1,2,3,3,4947.0
PRJ_NGO_00150_1,NGO_00150,Environment & Forests Initiative #1 (Ernakulam),Completed,"Water, Sanitation & Environment","[""Emergency Relief & Rehabilitation"", ""Healthcare & Nutrition""]",India,Kerala,Ernakulam,False,True,2024-08-01,2025-08-26,13,390,3420,11,4,2,Successfully completed primary community training and material deployment.,28,1,2,3,4,4947.0
PRJ_NGO_00151_1,NGO_00151,Child Welfare Initiative #1 (Noida),Completed,Social Welfare & Community Development,"[""Water, Sanitation & Environment""]",India,Uttar Pradesh,Noida,False,False,2024-08-01,2025-03-29,8,240,1143,6,6,2,Successfully completed primary community training and material deployment.,1,1,3,2,0,
PRJ_NGO_00152_6,NGO_00152,Healthcare & Medical Initiative #6 (Central Delhi),Completed,Healthcare & Nutrition,"[""Water, Sanitation & Environment""]",India,Delhi,Central Delhi,False,False,2019-01-01,2019-09-28,9,270,4746,3,3,3,Successfully completed primary community training and material deployment.,5,1,3,2,0,
PRJ_NGO_00152_5,NGO_00152,Healthcare & Medical Initiative #5 (Central Delhi),Completed,Healthcare & Nutrition,"[""Water, Sanitation & Environment""]",India,Delhi,Central Delhi,False,False,2020-03-01,2021-03-26,13,390,4128,5,4,4,Successfully completed primary community training and material deployment.,6,1,3,2,1,4746.0
PRJ_NGO_00152_4,NGO_00152,Healthcare & Medical Initiative #4 (Central Delhi),Completed,Healthcare & Nutrition,"[""Water, Sanitation & Environment""]",India,Delhi,Central Delhi,False,False,2021-05-01,2021-12-27,8,240,3827,20,5,4,Successfully completed primary community training and material deployment.,7,1,3,2,2,4746.0
PRJ_NGO_00152_3,NGO_00152,Healthcare & Medical Initiative #3 (Central Delhi),Completed,Healthcare & Nutrition,"[""Water, Sanitation & Environment""]",India,Delhi,Central Delhi,False,False,2022-10-01,2024-02-23,17,510,4266,20,6,4,Successfully completed primary community training and material deployment.,8,1,3,2,3,4746.0
PRJ_NGO_00152_2,NGO_00152,Healthcare & Medical Initiative #2 (Central Delhi),Completed,Healthcare & Nutrition,"[""Water, Sanitation & Environment""]",India,Delhi,Central Delhi,False,False,2023-03-01,2023-08-28,6,180,2538,3,4,2,Successfully completed primary community training and material deployment.,9,1,3,2,4,4746.0
PRJ_NGO_00152_1,NGO_00152,Healthcare & Medical Initiative #1 (Central Delhi),Ongoing,Healthcare & Nutrition,"[""Water, Sanitation & Environment""]",India,Delhi,Central Delhi,False,False,2024-04-01,,10,300,2505,18,3,2,,10,1,3,2,5,4746.0
PRJ_NGO_00153_2,NGO_00153,Skill Development & Livelihood Initiative #2 (Surat),Completed,Education & Skill Development,[],India,Gujarat,Surat,False,False,2023-05-01,2025-04-20,24,720,4655,19,3,3,Successfully completed primary community training and material deployment.,3,1,3,1,0,
PRJ_NGO_00153_1,NGO_00153,Skill Development & Livelihood Initiative #1 (Surat),Ongoing,Education & Skill Development,[],India,Gujarat,Surat,False,False,2024-10-01,,21,630,1218,10,3,1,,4,1,3,1,1,4655.0
PRJ_NGO_00154_6,NGO_00154,Water & Sanitation Initiative #6 (Coimbatore),Completed,"Water, Sanitation & Environment",[],India,Tamil Nadu,Coimbatore,False,False,2020-05-01,2021-10-23,18,540,888,7,6,6,Successfully completed primary community training and material deployment.,0,2,6,1,0,
PRJ_NGO_00154_5,NGO_00154,Water & Sanitation Initiative #5 (Coimbatore),Completed,"Water, Sanitation & Environment",[],India,Tamil Nadu,Coimbatore,False,False,2020-08-01,2021-11-24,16,480,967,7,4,4,Successfully completed primary community training and material deployment.,0,2,6,1,1,888.0
PRJ_NGO_00154_4,NGO_00154,Water & Sanitation Initiative #4 (Coimbatore),Completed,"Water, Sanitation & Environment",[],India,Tamil Nadu,Coimbatore,False,False,2021-01-01,2022-11-22,23,690,705,2,5,5,Successfully completed primary community training and material deployment.,1,2,6,1,2,967.0
PRJ_NGO_00154_3,NGO_00154,Water & Sanitation Initiative #3 (Coimbatore),Completed,"Water, Sanitation & Environment",[],India,Tamil Nadu,Coimbatore,False,False,2022-08-01,2023-12-24,17,510,4403,9,6,6,Successfully completed primary community training and material deployment.,2,2,6,1,3,967.0
PRJ_NGO_00154_2,NGO_00154,Water & Sanitation Initiative #2 (Coimbatore),Completed,"Water, Sanitation & Environment",[],India,Tamil Nadu,Coimbatore,False,False,2023-02-01,2024-12-22,23,690,2330,11,4,3,Successfully completed primary community training and material deployment.,3,2,6,1,4,4403.0
PRJ_NGO_00154_1,NGO_00154,Water & Sanitation Initiative #1 (Coimbatore),Completed,"Water, Sanitation & Environment",[],India,Tamil Nadu,Coimbatore,False,False,2024-03-01,2024-11-26,9,270,3840,2,5,5,Successfully completed primary community training and material deployment.,4,2,6,1,5,4403.0
PRJ_NGO_00155_3,NGO_00155,Healthcare & Medical Initiative #3 (Surat),Completed,Healthcare & Nutrition,[],India,Gujarat,Surat,False,False,2022-06-01,2023-07-26,14,420,4259,6,5,2,Successfully completed primary community training and material deployment.,2,1,2,1,0,
PRJ_NGO_00155_2,NGO_00155,Healthcare & Medical Initiative #2 (Surat),Completed,Healthcare & Nutrition,[],India,Gujarat,Surat,False,False,2023-06-01,2025-04-21,23,690,973,14,5,2,Successfully completed primary community training and material deployment.,3,1,2,1,1,4259.0
PRJ_NGO_00155_1,NGO_00155,Healthcare & Medical Initiative #1 (Surat),Ongoing,Healthcare & Nutrition,[],India,Gujarat,Surat,False,False,2024-12-01,,19,570,2999,7,4,1,,4,1,2,1,2,4259.0
PRJ_NGO_00156_3,NGO_00156,Healthcare & Medical Initiative #3 (South Delhi),Completed,Healthcare & Nutrition,"[""Education & Skill Development""]",India,Delhi,South Delhi,False,False,2022-11-01,2024-02-24,16,480,3042,9,3,2,Successfully completed primary community training and material deployment.,19,2,5,2,0,
PRJ_NGO_00156_2,NGO_00156,Healthcare & Medical Initiative #2 (South Delhi),Completed,Healthcare & Nutrition,"[""Education & Skill Development""]",India,Delhi,South Delhi,False,False,2023-07-01,2024-04-26,10,300,3630,12,5,2,Successfully completed primary community training and material deployment.,20,2,5,2,1,3042.0
PRJ_NGO_00156_1,NGO_00156,Healthcare & Medical Initiative #1 (South Delhi),Completed,Healthcare & Nutrition,"[""Education & Skill Development""]",India,Delhi,South Delhi,False,False,2024-10-01,2025-03-30,6,180,1271,9,5,4,Successfully completed primary community training and material deployment.,21,2,5,2,2,3630.0
PRJ_NGO_00157_2,NGO_00157,Child Welfare Initiative #2 (Bengaluru Urban),Completed,Social Welfare & Community Development,"[""Water, Sanitation & Environment""]",India,Karnataka,Bengaluru Urban,False,False,2024-09-01,2026-07-23,23,690,1590,4,6,4,Successfully completed primary community training and material deployment.,25,1,2,2,0,
PRJ_NGO_00157_1,NGO_00157,Child Welfare Initiative #1 (Bengaluru Urban),Completed,Social Welfare & Community Development,"[""Water, Sanitation & Environment""]",India,Karnataka,Bengaluru Urban,False,False,2025-07-01,2026-06-26,12,360,2604,7,6,3,Successfully completed primary community training and material deployment.,26,1,2,2,1,1590.0
PRJ_NGO_00158_2,NGO_00158,Disaster Relief & Rehabilitation Initiative #2 (Raigad),Completed,Emergency Relief & Rehabilitation,"[""Social Welfare & Community Development""]",India,Maharashtra,Raigad,False,True,2023-04-01,2024-02-25,11,330,333,4,6,5,Successfully completed primary community training and material deployment.,1,2,5,2,0,
PRJ_NGO_00158_1,NGO_00158,Disaster Relief & Rehabilitation Initiative #1 (Raigad),Completed,Emergency Relief & Rehabilitation,"[""Social Welfare & Community Development""]",India,Maharashtra,Raigad,False,True,2024-09-01,2025-08-27,12,360,1393,5,3,2,Successfully completed primary community training and material deployment.,2,2,5,2,1,333.0
PRJ_NGO_00159_2,NGO_00159,Healthcare & Medical Initiative #2 (Rajkot),Completed,Healthcare & Nutrition,[],India,Gujarat,Rajkot,True,False,2023-11-01,2025-08-22,22,660,4779,7,6,2,Successfully completed primary community training and material deployment.,11,1,3,1,0,
PRJ_NGO_00159_1,NGO_00159,Healthcare & Medical Initiative #1 (Rajkot),Completed,Healthcare & Nutrition,[],India,Gujarat,Rajkot,True,False,2024-04-01,2025-01-26,10,300,912,6,6,4,Successfully completed primary community training and material deployment.,12,1,3,1,1,4779.0
PRJ_NGO_00160_1,NGO_00160,Environment & Forests Initiative #1 (Sundargarh),Ongoing,"Water, Sanitation & Environment","[""Healthcare & Nutrition""]",India,Odisha,Sundargarh,False,False,2024-08-01,,11,330,1534,19,5,3,,1,2,5,2,0,
PRJ_NGO_00161_2,NGO_00161,Women Empowerment Initiative #2 (Nashik),Completed,Social Welfare & Community Development,[],India,Maharashtra,Nashik,False,False,2023-09-01,2024-04-28,8,240,779,3,5,4,Successfully completed primary community training and material deployment.,10,1,3,1,0,
PRJ_NGO_00161_1,NGO_00161,Women Empowerment Initiative #1 (Nashik),Completed,Social Welfare & Community Development,[],India,Maharashtra,Nashik,False,False,2024-12-01,2025-07-29,8,240,4416,6,6,3,Successfully completed primary community training and material deployment.,11,1,3,1,1,779.0
PRJ_NGO_00162_3,NGO_00162,Skill Development & Livelihood Initiative #3 (Ernakulam),Completed,Education & Skill Development,"[""Emergency Relief & Rehabilitation""]",India,Kerala,Ernakulam,False,True,2022-06-01,2024-05-21,24,720,429,9,3,2,Successfully completed primary community training and material deployment.,15,1,2,2,0,
PRJ_NGO_00162_2,NGO_00162,Skill Development & Livelihood Initiative #2 (Ernakulam),Completed,Education & Skill Development,"[""Emergency Relief & Rehabilitation""]",India,Kerala,Ernakulam,False,True,2023-08-01,2024-04-27,9,270,1766,6,6,6,Successfully completed primary community training and material deployment.,16,1,2,2,1,429.0
PRJ_NGO_00162_1,NGO_00162,Skill Development & Livelihood Initiative #1 (Ernakulam),Completed,Education & Skill Development,"[""Emergency Relief & Rehabilitation""]",India,Kerala,Ernakulam,False,True,2024-06-01,2026-05-22,24,720,3805,12,3,3,Successfully completed primary community training and material deployment.,17,1,2,2,2,1766.0
PRJ_NGO_00164_5,NGO_00164,Nutrition & Food Security Initiative #5 (Raigad),Completed,Healthcare & Nutrition,"[""Emergency Relief & Rehabilitation""]",India,Maharashtra,Raigad,False,True,2021-03-01,2021-11-26,9,270,1600,4,5,5,Successfully completed primary community training and material deployment.,0,2,5,2,0,
PRJ_NGO_00164_4,NGO_00164,Nutrition & Food Security Initiative #4 (Raigad),Completed,Healthcare & Nutrition,"[""Emergency Relief & Rehabilitation""]",India,Maharashtra,Raigad,False,True,2021-06-01,2022-04-27,11,330,4711,2,4,3,Successfully completed primary community training and material deployment.,0,2,5,2,1,1600.0
PRJ_NGO_00164_3,NGO_00164,Nutrition & Food Security Initiative #3 (Raigad),Completed,Healthcare & Nutrition,"[""Emergency Relief & Rehabilitation""]",India,Maharashtra,Raigad,False,True,2022-08-01,2023-01-28,6,180,1232,2,6,2,Successfully completed primary community training and material deployment.,1,2,5,2,2,4711.0
PRJ_NGO_00164_2,NGO_00164,Nutrition & Food Security Initiative #2 (Raigad),Completed,Healthcare & Nutrition,"[""Emergency Relief & Rehabilitation""]",India,Maharashtra,Raigad,False,True,2023-03-01,2024-10-21,20,600,3097,18,4,2,Successfully completed primary community training and material deployment.,2,2,5,2,3,4711.0
PRJ_NGO_00164_1,NGO_00164,Nutrition & Food Security Initiative #1 (Raigad),Completed,Healthcare & Nutrition,"[""Emergency Relief & Rehabilitation""]",India,Maharashtra,Raigad,False,True,2024-07-01,2025-01-27,7,210,2168,15,4,2,Successfully completed primary community training and material deployment.,3,2,5,2,4,4711.0
PRJ_NGO_00166_7,NGO_00166,Disaster Relief & Rehabilitation Initiative #7 (Salem),Completed,Emergency Relief & Rehabilitation,[],India,Tamil Nadu,Salem,True,True,2018-10-01,2019-12-25,15,450,2661,3,6,5,Successfully completed primary community training and material deployment.,2,2,2,1,0,
PRJ_NGO_00166_6,NGO_00166,Disaster Relief & Rehabilitation Initiative #6 (Salem),Completed,Emergency Relief & Rehabilitation,[],India,Tamil Nadu,Salem,True,True,2019-03-01,2019-10-27,8,240,4395,14,5,4,Successfully completed primary community training and material deployment.,3,2,2,1,1,2661.0
PRJ_NGO_00166_5,NGO_00166,Disaster Relief & Rehabilitation Initiative #5 (Salem),Completed,Emergency Relief & Rehabilitation,[],India,Tamil Nadu,Salem,True,True,2020-06-01,2021-12-23,19,570,3972,3,6,3,Successfully completed primary community training and material deployment.,4,2,2,1,2,4395.0
PRJ_NGO_00166_4,NGO_00166,Disaster Relief & Rehabilitation Initiative #4 (Salem),Completed,Emergency Relief & Rehabilitation,[],India,Tamil Nadu,Salem,True,True,2021-07-01,2023-03-23,21,630,4304,3,5,5,Successfully completed primary community training and material deployment.,5,2,2,1,3,4395.0
PRJ_NGO_00166_3,NGO_00166,Disaster Relief & Rehabilitation Initiative #3 (Salem),Completed,Emergency Relief & Rehabilitation,[],India,Tamil Nadu,Salem,True,True,2022-02-01,2023-07-26,18,540,1528,6,3,3,Successfully completed primary community training and material deployment.,6,2,2,1,4,4395.0
PRJ_NGO_00166_2,NGO_00166,Disaster Relief & Rehabilitation Initiative #2 (Salem),Completed,Emergency Relief & Rehabilitation,[],India,Tamil Nadu,Salem,True,True,2023-09-01,2024-08-26,12,360,438,10,4,4,Successfully completed primary community training and material deployment.,7,2,2,1,5,4395.0
PRJ_NGO_00166_1,NGO_00166,Disaster Relief & Rehabilitation Initiative #1 (Salem),Completed,Emergency Relief & Rehabilitation,[],India,Tamil Nadu,Salem,True,True,2024-02-01,2025-10-23,21,630,3297,3,4,4,Successfully completed primary community training and material deployment.,8,2,2,1,6,4395.0
PRJ_NGO_00167_6,NGO_00167,Nutrition & Food Security Initiative #6 (Central Delhi),Completed,Healthcare & Nutrition,[],India,Delhi,Central Delhi,False,False,2022-02-01,2023-04-27,15,450,2730,8,3,3,Successfully completed primary community training and material deployment.,0,1,3,1,0,
PRJ_NGO_00167_3,NGO_00167,Nutrition & Food Security Initiative #3 (Central Delhi),Completed,Healthcare & Nutrition,[],India,Delhi,Central Delhi,False,False,2022-04-01,2022-09-28,6,180,2462,6,4,4,Successfully completed primary community training and material deployment.,0,1,3,1,1,2730.0
PRJ_NGO_00167_4,NGO_00167,Nutrition & Food Security Initiative #4 (Central Delhi),Completed,Healthcare & Nutrition,[],India,Delhi,Central Delhi,False,False,2022-10-01,2023-06-28,9,270,1687,14,3,3,Successfully completed primary community training and material deployment.,0,1,3,1,2,2730.0
PRJ_NGO_00167_5,NGO_00167,Nutrition & Food Security Initiative #5 (Central Delhi),Completed,Healthcare & Nutrition,[],India,Delhi,Central Delhi,False,False,2022-11-01,2023-12-26,14,420,4980,8,4,3,Successfully completed primary community training and material deployment.,0,1,3,1,3,2730.0
PRJ_NGO_00167_2,NGO_00167,Nutrition & Food Security Initiative #2 (Central Delhi),Completed,Healthcare & Nutrition,[],India,Delhi,Central Delhi,False,False,2023-06-01,2025-05-21,24,720,3452,11,6,3,Successfully completed primary community training and material deployment.,1,1,3,1,4,4980.0
PRJ_NGO_00167_1,NGO_00167,Nutrition & Food Security Initiative #1 (Central Delhi),Completed,Healthcare & Nutrition,[],India,Delhi,Central Delhi,False,False,2024-05-01,2026-02-20,22,660,2999,7,6,6,Successfully completed primary community training and material deployment.,2,1,3,1,5,4980.0
PRJ_NGO_00168_6,NGO_00168,Healthcare & Medical Initiative #6 (Thane),Completed,Healthcare & Nutrition,"[""Social Welfare & Community Development""]",India,Maharashtra,Thane,False,False,2019-08-01,2020-08-25,13,390,2047,6,4,4,Successfully completed primary community training and material deployment.,21,1,3,2,0,
PRJ_NGO_00168_5,NGO_00168,Healthcare & Medical Initiative #5 (Thane),Completed,Healthcare & Nutrition,"[""Social Welfare & Community Development""]",India,Maharashtra,Thane,False,False,2020-08-01,2021-08-26,13,390,1757,18,4,2,Successfully completed primary community training and material deployment.,22,1,3,2,1,2047.0
PRJ_NGO_00168_4,NGO_00168,Healthcare & Medical Initiative #4 (Thane),Completed,Healthcare & Nutrition,"[""Social Welfare & Community Development""]",India,Maharashtra,Thane,False,False,2021-10-01,2023-02-23,17,510,2122,6,4,3,Successfully completed primary community training and material deployment.,23,1,3,2,2,2047.0
PRJ_NGO_00168_3,NGO_00168,Healthcare & Medical Initiative #3 (Thane),Completed,Healthcare & Nutrition,"[""Social Welfare & Community Development""]",India,Maharashtra,Thane,False,False,2022-01-01,2022-11-27,11,330,4170,9,5,3,Successfully completed primary community training and material deployment.,24,1,3,2,3,2122.0
PRJ_NGO_00168_2,NGO_00168,Healthcare & Medical Initiative #2 (Thane),Completed,Healthcare & Nutrition,"[""Social Welfare & Community Development""]",India,Maharashtra,Thane,False,False,2023-10-01,2025-02-22,17,510,1462,18,6,3,Successfully completed primary community training and material deployment.,25,1,3,2,4,4170.0
PRJ_NGO_00168_1,NGO_00168,Healthcare & Medical Initiative #1 (Thane),Completed,Healthcare & Nutrition,"[""Social Welfare & Community Development""]",India,Maharashtra,Thane,False,False,2024-12-01,2025-07-29,8,240,1547,3,4,2,Successfully completed primary community training and material deployment.,26,1,3,2,5,4170.0
PRJ_NGO_00169_4,NGO_00169,Skill Development & Livelihood Initiative #4 (Kota),Completed,Education & Skill Development,"[""Healthcare & Nutrition"", ""Emergency Relief & Rehabilitation""]",India,Rajasthan,Kota,True,True,2021-02-01,2023-01-22,24,720,1932,20,5,5,Successfully completed primary community training and material deployment.,4,1,2,3,0,
PRJ_NGO_00169_3,NGO_00169,Skill Development & Livelihood Initiative #3 (Kota),Completed,Education & Skill Development,"[""Healthcare & Nutrition"", ""Emergency Relief & Rehabilitation""]",India,Rajasthan,Kota,True,True,2022-11-01,2024-02-24,16,480,3708,10,3,3,Successfully completed primary community training and material deployment.,5,1,2,3,1,1932.0
PRJ_NGO_00169_2,NGO_00169,Skill Development & Livelihood Initiative #2 (Kota),Completed,Education & Skill Development,"[""Healthcare & Nutrition"", ""Emergency Relief & Rehabilitation""]",India,Rajasthan,Kota,True,True,2023-11-01,2024-06-28,8,240,908,15,5,2,Successfully completed primary community training and material deployment.,6,1,2,3,2,3708.0
PRJ_NGO_00169_1,NGO_00169,Skill Development & Livelihood Initiative #1 (Kota),Completed,Education & Skill Development,"[""Healthcare & Nutrition"", ""Emergency Relief & Rehabilitation""]",India,Rajasthan,Kota,True,True,2024-08-01,2025-02-27,7,210,2808,10,3,3,Successfully completed primary community training and material deployment.,7,1,2,3,3,3708.0
PRJ_NGO_00170_5,NGO_00170,Child Welfare Initiative #5 (Jaipur),Completed,Social Welfare & Community Development,"[""Healthcare & Nutrition""]",India,Rajasthan,Jaipur,False,False,2020-12-01,2021-12-26,13,390,1831,3,6,4,Successfully completed primary community training and material deployment.,1,1,3,2,0,
PRJ_NGO_00170_4,NGO_00170,Child Welfare Initiative #4 (Jaipur),Completed,Social Welfare & Community Development,"[""Healthcare & Nutrition""]",India,Rajasthan,Jaipur,False,False,2021-01-01,2022-02-25,14,420,470,2,6,3,Successfully completed primary community training and material deployment.,2,1,3,2,1,1831.0
PRJ_NGO_00170_3,NGO_00170,Child Welfare Initiative #3 (Jaipur),Completed,Social Welfare & Community Development,"[""Healthcare & Nutrition""]",India,Rajasthan,Jaipur,False,False,2022-05-01,2022-12-27,8,240,1849,14,5,5,Successfully completed primary community training and material deployment.,3,1,3,2,2,1831.0
PRJ_NGO_00170_2,NGO_00170,Child Welfare Initiative #2 (Jaipur),Completed,Social Welfare & Community Development,"[""Healthcare & Nutrition""]",India,Rajasthan,Jaipur,False,False,2023-09-01,2025-03-24,19,570,3484,11,6,6,Successfully completed primary community training and material deployment.,4,1,3,2,3,1849.0
PRJ_NGO_00170_1,NGO_00170,Child Welfare Initiative #1 (Jaipur),Ongoing,Social Welfare & Community Development,"[""Healthcare & Nutrition""]",India,Rajasthan,Jaipur,False,False,2024-01-01,,6,180,3647,19,6,2,,5,1,3,2,4,3484.0
PRJ_NGO_00171_4,NGO_00171,Rural Development Initiative #4 (Jaipur),Completed,Social Welfare & Community Development,[],India,Rajasthan,Jaipur,False,False,2021-12-01,2023-04-25,17,510,1317,5,4,4,Successfully completed primary community training and material deployment.,4,1,3,1,0,
PRJ_NGO_00171_3,NGO_00171,Rural Development Initiative #3 (Jaipur),Completed,Social Welfare & Community Development,[],India,Rajasthan,Jaipur,False,False,2022-02-01,2022-11-28,10,300,2030,20,3,2,Successfully completed primary community training and material deployment.,5,1,3,1,1,1317.0
PRJ_NGO_00171_2,NGO_00171,Rural Development Initiative #2 (Jaipur),Completed,Social Welfare & Community Development,[],India,Rajasthan,Jaipur,False,False,2023-01-01,2023-07-30,7,210,2478,20,6,4,Successfully completed primary community training and material deployment.,6,1,3,1,2,2030.0
PRJ_NGO_00171_1,NGO_00171,Rural Development Initiative #1 (Jaipur),Completed,Social Welfare & Community Development,[],India,Rajasthan,Jaipur,False,False,2024-07-01,2025-11-23,17,510,4071,20,4,3,Successfully completed primary community training and material deployment.,7,1,3,1,3,2478.0
PRJ_NGO_00172_2,NGO_00172,Water & Sanitation Initiative #2 (Puri),Completed,"Water, Sanitation & Environment",[],India,Odisha,Puri,True,False,2023-02-01,2023-10-29,9,270,3937,13,3,3,Successfully completed primary community training and material deployment.,21,2,4,1,0,
PRJ_NGO_00172_1,NGO_00172,Water & Sanitation Initiative #1 (Puri),Ongoing,"Water, Sanitation & Environment",[],India,Odisha,Puri,True,False,2024-01-01,,13,390,1997,8,5,2,,22,2,4,1,1,3937.0
PRJ_NGO_00173_3,NGO_00173,Nutrition & Food Security Initiative #3 (Sundargarh),Completed,Healthcare & Nutrition,"[""Emergency Relief & Rehabilitation"", ""Water, Sanitation & Environment""]",India,Odisha,Sundargarh,False,True,2022-06-01,2023-02-26,9,270,1035,7,4,3,Successfully completed primary community training and material deployment.,0,2,3,3,0,
PRJ_NGO_00173_5,NGO_00173,Nutrition & Food Security Initiative #5 (Sundargarh),Completed,Healthcare & Nutrition,"[""Emergency Relief & Rehabilitation"", ""Water, Sanitation & Environment""]",India,Odisha,Sundargarh,False,True,2022-06-01,2023-08-25,15,450,1382,5,6,3,Successfully completed primary community training and material deployment.,0,2,3,3,1,1035.0
PRJ_NGO_00173_6,NGO_00173,Nutrition & Food Security Initiative #6 (Sundargarh),Completed,Healthcare & Nutrition,"[""Emergency Relief & Rehabilitation"", ""Water, Sanitation & Environment""]",India,Odisha,Sundargarh,False,True,2022-06-01,2023-07-26,14,420,3333,8,4,2,Successfully completed primary community training and material deployment.,0,2,3,3,2,1382.0
PRJ_NGO_00173_4,NGO_00173,Nutrition & Food Security Initiative #4 (Sundargarh),Completed,Healthcare & Nutrition,"[""Emergency Relief & Rehabilitation"", ""Water, Sanitation & Environment""]",India,Odisha,Sundargarh,False,True,2022-07-01,2023-08-25,14,420,2004,19,6,3,Successfully completed primary community training and material deployment.,0,2,3,3,3,3333.0
PRJ_NGO_00173_2,NGO_00173,Nutrition & Food Security Initiative #2 (Sundargarh),Completed,Healthcare & Nutrition,"[""Emergency Relief & Rehabilitation"", ""Water, Sanitation & Environment""]",India,Odisha,Sundargarh,False,True,2023-10-01,2024-07-27,10,300,1048,20,5,4,Successfully completed primary community training and material deployment.,1,2,3,3,4,3333.0
PRJ_NGO_00173_1,NGO_00173,Nutrition & Food Security Initiative #1 (Sundargarh),Ongoing,Healthcare & Nutrition,"[""Emergency Relief & Rehabilitation"", ""Water, Sanitation & Environment""]",India,Odisha,Sundargarh,False,True,2024-02-01,,20,600,4170,11,3,3,,2,2,3,3,5,3333.0
PRJ_NGO_00174_7,NGO_00174,Rural Development Initiative #7 (North 24 Parganas),Completed,Social Welfare & Community Development,"[""Education & Skill Development""]",India,West Bengal,North 24 Parganas,False,False,2018-07-01,2019-09-24,15,450,3766,6,4,4,Successfully completed primary community training and material deployment.,3,1,2,2,0,
PRJ_NGO_00174_6,NGO_00174,Rural Development Initiative #6 (North 24 Parganas),Completed,Social Welfare & Community Development,"[""Education & Skill Development""]",India,West Bengal,North 24 Parganas,False,False,2019-08-01,2020-08-25,13,390,4466,12,6,5,Successfully completed primary community training and material deployment.,4,1,2,2,1,3766.0
PRJ_NGO_00174_5,NGO_00174,Rural Development Initiative #5 (North 24 Parganas),Completed,Social Welfare & Community Development,"[""Education & Skill Development""]",India,West Bengal,North 24 Parganas,False,False,2020-03-01,2020-08-28,6,180,3380,7,6,5,Successfully completed primary community training and material deployment.,5,1,2,2,2,4466.0
PRJ_NGO_00174_4,NGO_00174,Rural Development Initiative #4 (North 24 Parganas),Completed,Social Welfare & Community Development,"[""Education & Skill Development""]",India,West Bengal,North 24 Parganas,False,False,2021-06-01,2022-07-26,14,420,4601,3,6,4,Successfully completed primary community training and material deployment.,6,1,2,2,3,4466.0
PRJ_NGO_00174_3,NGO_00174,Rural Development Initiative #3 (North 24 Parganas),Completed,Social Welfare & Community Development,"[""Education & Skill Development""]",India,West Bengal,North 24 Parganas,False,False,2022-09-01,2024-05-23,21,630,2640,2,3,3,Successfully completed primary community training and material deployment.,7,1,2,2,4,4601.0
PRJ_NGO_00174_2,NGO_00174,Rural Development Initiative #2 (North 24 Parganas),Completed,Social Welfare & Community Development,"[""Education & Skill Development""]",India,West Bengal,North 24 Parganas,False,False,2023-05-01,2025-02-19,22,660,3251,19,4,4,Successfully completed primary community training and material deployment.,8,1,2,2,5,4601.0
PRJ_NGO_00174_1,NGO_00174,Rural Development Initiative #1 (North 24 Parganas),Completed,Social Welfare & Community Development,"[""Education & Skill Development""]",India,West Bengal,North 24 Parganas,False,False,2024-02-01,2024-09-28,8,240,1443,5,4,2,Successfully completed primary community training and material deployment.,9,1,2,2,6,4601.0
PRJ_NGO_00175_2,NGO_00175,Environment & Forests Initiative #2 (Ernakulam),Completed,"Water, Sanitation & Environment",[],India,Kerala,Ernakulam,False,False,2024-05-01,2025-05-26,13,390,2124,19,3,3,Successfully completed primary community training and material deployment.,0,1,2,1,0,
PRJ_NGO_00175_1,NGO_00175,Environment & Forests Initiative #1 (Ernakulam),Ongoing,"Water, Sanitation & Environment",[],India,Kerala,Ernakulam,False,False,2024-07-01,,12,360,231,12,3,2,,0,1,2,1,1,2124.0
PRJ_NGO_00176_5,NGO_00176,Women Empowerment Initiative #5 (Mangaluru),Completed,Social Welfare & Community Development,"[""Emergency Relief & Rehabilitation""]",India,Karnataka,Mangaluru,False,True,2022-05-01,2023-11-22,19,570,3840,11,4,4,Successfully completed primary community training and material deployment.,0,2,4,2,0,
PRJ_NGO_00176_4,NGO_00176,Women Empowerment Initiative #4 (Mangaluru),Completed,Social Welfare & Community Development,"[""Emergency Relief & Rehabilitation""]",India,Karnataka,Mangaluru,False,True,2022-10-01,2024-07-22,22,660,4832,7,5,4,Successfully completed primary community training and material deployment.,0,2,4,2,1,3840.0
PRJ_NGO_00176_3,NGO_00176,Women Empowerment Initiative #3 (Mangaluru),Completed,Social Welfare & Community Development,"[""Emergency Relief & Rehabilitation""]",India,Karnataka,Mangaluru,False,True,2023-03-01,2024-07-23,17,510,971,6,5,5,Successfully completed primary community training and material deployment.,1,2,4,2,2,4832.0
PRJ_NGO_00176_2,NGO_00176,Women Empowerment Initiative #2 (Mangaluru),Completed,Social Welfare & Community Development,"[""Emergency Relief & Rehabilitation""]",India,Karnataka,Mangaluru,False,True,2024-01-01,2024-10-27,10,300,3287,13,6,6,Successfully completed primary community training and material deployment.,2,2,4,2,3,4832.0
PRJ_NGO_00176_1,NGO_00176,Women Empowerment Initiative #1 (Mangaluru),Completed,Social Welfare & Community Development,"[""Emergency Relief & Rehabilitation""]",India,Karnataka,Mangaluru,False,True,2025-09-01,2026-09-26,13,390,2648,13,6,3,Successfully completed primary community training and material deployment.,3,2,4,2,4,4832.0
PRJ_NGO_00178_2,NGO_00178,Nutrition & Food Security Initiative #2 (Coimbatore),Completed,Healthcare & Nutrition,[],India,Tamil Nadu,Coimbatore,False,False,2023-12-01,2024-08-27,9,270,2091,10,5,4,Successfully completed primary community training and material deployment.,8,1,2,1,0,
PRJ_NGO_00178_1,NGO_00178,Nutrition & Food Security Initiative #1 (Coimbatore),Completed,Healthcare & Nutrition,[],India,Tamil Nadu,Coimbatore,False,False,2024-03-01,2025-09-22,19,570,455,5,4,4,Successfully completed primary community training and material deployment.,9,1,2,1,1,2091.0
PRJ_NGO_00179_4,NGO_00179,Nutrition & Food Security Initiative #4 (Khordha),Completed,Healthcare & Nutrition,"[""Water, Sanitation & Environment"", ""Education & Skill Development""]",India,Odisha,Khordha,True,False,2021-10-01,2023-05-24,20,600,2329,11,4,2,Successfully completed primary community training and material deployment.,19,1,1,3,0,
PRJ_NGO_00179_3,NGO_00179,Nutrition & Food Security Initiative #3 (Khordha),Completed,Healthcare & Nutrition,"[""Water, Sanitation & Environment"", ""Education & Skill Development""]",India,Odisha,Khordha,True,False,2022-09-01,2023-11-25,15,450,3978,5,5,5,Successfully completed primary community training and material deployment.,20,1,1,3,1,2329.0
PRJ_NGO_00179_2,NGO_00179,Nutrition & Food Security Initiative #2 (Khordha),Completed,Healthcare & Nutrition,"[""Water, Sanitation & Environment"", ""Education & Skill Development""]",India,Odisha,Khordha,True,False,2023-05-01,2025-01-20,21,630,3199,8,5,3,Successfully completed primary community training and material deployment.,21,1,1,3,2,3978.0
PRJ_NGO_00179_1,NGO_00179,Nutrition & Food Security Initiative #1 (Khordha),Completed,Healthcare & Nutrition,"[""Water, Sanitation & Environment"", ""Education & Skill Development""]",India,Odisha,Khordha,True,False,2024-09-01,2025-03-30,7,210,2727,4,5,5,Successfully completed primary community training and material deployment.,22,1,1,3,3,3978.0
PRJ_NGO_00180_1,NGO_00180,Skill Development & Livelihood Initiative #1 (Vellore),Ongoing,Education & Skill Development,[],India,Tamil Nadu,Vellore,False,False,2024-10-01,,23,690,4129,9,3,3,,0,3,7,1,0,
PRJ_NGO_00181_1,NGO_00181,Skill Development & Livelihood Initiative #1 (Thane),Completed,Education & Skill Development,[],India,Maharashtra,Thane,False,False,2024-04-01,2025-10-23,19,570,1509,18,6,6,Successfully completed primary community training and material deployment.,1,2,6,1,0,
PRJ_NGO_00182_7,NGO_00182,Environment & Forests Initiative #7 (South Delhi),Completed,"Water, Sanitation & Environment","[""Social Welfare & Community Development""]",India,Delhi,South Delhi,False,False,2019-04-01,2020-06-24,15,450,4469,4,6,4,Successfully completed primary community training and material deployment.,4,1,2,2,0,
PRJ_NGO_00182_6,NGO_00182,Environment & Forests Initiative #6 (South Delhi),Completed,"Water, Sanitation & Environment","[""Social Welfare & Community Development""]",India,Delhi,South Delhi,False,False,2020-01-01,2020-11-26,11,330,3655,14,6,2,Successfully completed primary community training and material deployment.,5,1,2,2,1,4469.0
PRJ_NGO_00182_5,NGO_00182,Environment & Forests Initiative #5 (South Delhi),Completed,"Water, Sanitation & Environment","[""Social Welfare & Community Development""]",India,Delhi,South Delhi,False,False,2021-10-01,2022-04-29,7,210,4362,9,6,5,Successfully completed primary community training and material deployment.,6,1,2,2,2,4469.0
PRJ_NGO_00182_4,NGO_00182,Environment & Forests Initiative #4 (South Delhi),Completed,"Water, Sanitation & Environment","[""Social Welfare & Community Development""]",India,Delhi,South Delhi,False,False,2022-06-01,2023-02-26,9,270,3311,11,4,4,Successfully completed primary community training and material deployment.,7,1,2,2,3,4469.0
PRJ_NGO_00182_3,NGO_00182,Environment & Forests Initiative #3 (South Delhi),Completed,"Water, Sanitation & Environment","[""Social Welfare & Community Development""]",India,Delhi,South Delhi,False,False,2023-02-01,2024-05-26,16,480,3276,9,6,6,Successfully completed primary community training and material deployment.,8,1,2,2,4,4469.0
PRJ_NGO_00182_2,NGO_00182,Environment & Forests Initiative #2 (South Delhi),Completed,"Water, Sanitation & Environment","[""Social Welfare & Community Development""]",India,Delhi,South Delhi,False,False,2024-09-01,2025-12-25,16,480,940,13,5,5,Successfully completed primary community training and material deployment.,9,1,2,2,5,4469.0
PRJ_NGO_00182_1,NGO_00182,Environment & Forests Initiative #1 (South Delhi),Completed,"Water, Sanitation & Environment","[""Social Welfare & Community Development""]",India,Delhi,South Delhi,False,False,2025-10-01,2026-10-26,13,390,3093,9,3,2,Successfully completed primary community training and material deployment.,10,1,2,2,6,4469.0
PRJ_NGO_00183_4,NGO_00183,Environment & Forests Initiative #4 (Chennai),Completed,"Water, Sanitation & Environment","[""Social Welfare & Community Development""]",India,Tamil Nadu,Chennai,False,False,2022-10-01,2023-03-30,6,180,1123,13,4,4,Successfully completed primary community training and material deployment.,3,1,2,2,0,
PRJ_NGO_00183_3,NGO_00183,Environment & Forests Initiative #3 (Chennai),Completed,"Water, Sanitation & Environment","[""Social Welfare & Community Development""]",India,Tamil Nadu,Chennai,False,False,2023-05-01,2025-01-20,21,630,314,10,3,3,Successfully completed primary community training and material deployment.,4,1,2,2,1,1123.0
PRJ_NGO_00183_2,NGO_00183,Environment & Forests Initiative #2 (Chennai),Completed,"Water, Sanitation & Environment","[""Social Welfare & Community Development""]",India,Tamil Nadu,Chennai,False,False,2024-09-01,2026-05-24,21,630,3142,18,4,3,Successfully completed primary community training and material deployment.,5,1,2,2,2,1123.0
PRJ_NGO_00183_1,NGO_00183,Environment & Forests Initiative #1 (Chennai),Completed,"Water, Sanitation & Environment","[""Social Welfare & Community Development""]",India,Tamil Nadu,Chennai,False,False,2025-01-01,2025-12-27,12,360,1906,20,3,3,Successfully completed primary community training and material deployment.,6,1,2,2,3,3142.0
PRJ_NGO_00184_2,NGO_00184,Nutrition & Food Security Initiative #2 (Surat),Completed,Healthcare & Nutrition,"[""Emergency Relief & Rehabilitation""]",India,Gujarat,Surat,False,True,2023-09-01,2024-04-28,8,240,251,16,5,4,Successfully completed primary community training and material deployment.,12,3,6,2,0,
PRJ_NGO_00184_1,NGO_00184,Nutrition & Food Security Initiative #1 (Surat),Completed,Healthcare & Nutrition,"[""Emergency Relief & Rehabilitation""]",India,Gujarat,Surat,False,True,2024-05-01,2025-08-24,16,480,3538,5,6,2,Successfully completed primary community training and material deployment.,13,3,6,2,1,251.0
PRJ_NGO_00186_3,NGO_00186,Healthcare & Medical Initiative #3 (Salem),Completed,Healthcare & Nutrition,[],India,Tamil Nadu,Salem,True,False,2022-03-01,2022-12-26,10,300,1577,4,4,3,Successfully completed primary community training and material deployment.,5,1,2,1,0,
PRJ_NGO_00186_2,NGO_00186,Healthcare & Medical Initiative #2 (Salem),Completed,Healthcare & Nutrition,[],India,Tamil Nadu,Salem,True,False,2023-01-01,2024-10-22,22,660,1160,9,6,4,Successfully completed primary community training and material deployment.,6,1,2,1,1,1577.0
PRJ_NGO_00186_1,NGO_00186,Healthcare & Medical Initiative #1 (Salem),Completed,Healthcare & Nutrition,[],India,Tamil Nadu,Salem,True,False,2024-04-01,2025-05-26,14,420,2403,18,6,4,Successfully completed primary community training and material deployment.,7,1,2,1,2,1577.0
PRJ_NGO_00188_1,NGO_00188,Water & Sanitation Initiative #1 (Ahmedabad),Ongoing,"Water, Sanitation & Environment","[""Education & Skill Development""]",India,Gujarat,Ahmedabad,False,False,2024-07-01,,10,300,4548,13,3,2,,1,2,5,2,0,
PRJ_NGO_00189_4,NGO_00189,Environment & Forests Initiative #4 (South Delhi),Completed,"Water, Sanitation & Environment",[],India,Delhi,South Delhi,False,False,2021-09-01,2023-03-25,19,570,4223,15,4,3,Successfully completed primary community training and material deployment.,0,1,3,1,0,
PRJ_NGO_00189_3,NGO_00189,Environment & Forests Initiative #3 (South Delhi),Completed,"Water, Sanitation & Environment",[],India,Delhi,South Delhi,False,False,2022-06-01,2024-02-21,21,630,2732,17,4,4,Successfully completed primary community training and material deployment.,1,1,3,1,1,4223.0
PRJ_NGO_00189_2,NGO_00189,Environment & Forests Initiative #2 (South Delhi),Completed,"Water, Sanitation & Environment",[],India,Delhi,South Delhi,False,False,2023-11-01,2025-01-24,15,450,406,5,3,3,Successfully completed primary community training and material deployment.,2,1,3,1,2,4223.0
PRJ_NGO_00189_1,NGO_00189,Environment & Forests Initiative #1 (South Delhi),Completed,"Water, Sanitation & Environment",[],India,Delhi,South Delhi,False,False,2024-12-01,2025-06-29,7,210,1655,6,6,5,Successfully completed primary community training and material deployment.,3,1,3,1,3,4223.0
PRJ_NGO_00190_4,NGO_00190,Women Empowerment Initiative #4 (Jodhpur),Completed,Social Welfare & Community Development,"[""Healthcare & Nutrition"", ""Education & Skill Development""]",India,Rajasthan,Jodhpur,False,False,2022-05-01,2022-11-27,7,210,1919,11,6,2,Successfully completed primary community training and material deployment.,0,1,2,3,0,
PRJ_NGO_00190_3,NGO_00190,Women Empowerment Initiative #3 (Jodhpur),Completed,Social Welfare & Community Development,"[""Healthcare & Nutrition"", ""Education & Skill Development""]",India,Rajasthan,Jodhpur,False,False,2022-12-01,2023-11-26,12,360,3859,19,3,2,Successfully completed primary community training and material deployment.,0,1,2,3,1,1919.0
PRJ_NGO_00190_2,NGO_00190,Women Empowerment Initiative #2 (Jodhpur),Completed,Social Welfare & Community Development,"[""Healthcare & Nutrition"", ""Education & Skill Development""]",India,Rajasthan,Jodhpur,False,False,2023-11-01,2025-08-22,22,660,633,3,4,3,Successfully completed primary community training and material deployment.,1,1,2,3,2,3859.0
PRJ_NGO_00190_1,NGO_00190,Women Empowerment Initiative #1 (Jodhpur),Completed,Social Welfare & Community Development,"[""Healthcare & Nutrition"", ""Education & Skill Development""]",India,Rajasthan,Jodhpur,False,False,2024-09-01,2026-03-25,19,570,2163,17,4,2,Successfully completed primary community training and material deployment.,2,1,2,3,3,3859.0
PRJ_NGO_00191_4,NGO_00191,Nutrition & Food Security Initiative #4 (Puri),Completed,Healthcare & Nutrition,[],India,Odisha,Puri,True,False,2022-05-01,2024-02-20,22,660,2005,2,3,3,Successfully completed primary community training and material deployment.,2,2,5,1,0,
PRJ_NGO_00191_3,NGO_00191,Nutrition & Food Security Initiative #3 (Puri),Completed,Healthcare & Nutrition,[],India,Odisha,Puri,True,False,2023-04-01,2023-12-27,9,270,4608,9,4,4,Successfully completed primary community training and material deployment.,3,2,5,1,1,2005.0
PRJ_NGO_00191_2,NGO_00191,Nutrition & Food Security Initiative #2 (Puri),Completed,Healthcare & Nutrition,[],India,Odisha,Puri,True,False,2024-01-01,2024-12-26,12,360,3181,3,5,3,Successfully completed primary community training and material deployment.,4,2,5,1,2,4608.0
PRJ_NGO_00191_1,NGO_00191,Nutrition & Food Security Initiative #1 (Puri),Ongoing,Healthcare & Nutrition,[],India,Odisha,Puri,True,False,2025-02-01,,19,570,1389,14,3,1,,5,2,5,1,3,4608.0
PRJ_NGO_00193_6,NGO_00193,Child Welfare Initiative #6 (Dharwad),Completed,Social Welfare & Community Development,[],India,Karnataka,Dharwad,False,False,2019-03-01,2020-01-25,11,330,4149,5,3,2,Successfully completed primary community training and material deployment.,3,1,3,1,0,
PRJ_NGO_00193_5,NGO_00193,Child Welfare Initiative #5 (Dharwad),Completed,Social Welfare & Community Development,[],India,Karnataka,Dharwad,False,False,2020-08-01,2021-07-27,12,360,1266,16,4,3,Successfully completed primary community training and material deployment.,4,1,3,1,1,4149.0
PRJ_NGO_00193_4,NGO_00193,Child Welfare Initiative #4 (Dharwad),Completed,Social Welfare & Community Development,[],India,Karnataka,Dharwad,False,False,2021-07-01,2022-02-26,8,240,426,9,5,3,Successfully completed primary community training and material deployment.,5,1,3,1,2,4149.0
PRJ_NGO_00193_3,NGO_00193,Child Welfare Initiative #3 (Dharwad),Completed,Social Welfare & Community Development,[],India,Karnataka,Dharwad,False,False,2022-12-01,2024-08-22,21,630,3995,17,5,4,Successfully completed primary community training and material deployment.,6,1,3,1,3,4149.0
PRJ_NGO_00193_2,NGO_00193,Child Welfare Initiative #2 (Dharwad),Completed,Social Welfare & Community Development,[],India,Karnataka,Dharwad,False,False,2023-07-01,2024-08-24,14,420,2774,8,5,5,Successfully completed primary community training and material deployment.,7,1,3,1,4,4149.0
PRJ_NGO_00193_1,NGO_00193,Child Welfare Initiative #1 (Dharwad),Completed,Social Welfare & Community Development,[],India,Karnataka,Dharwad,False,False,2024-08-01,2025-07-27,12,360,3625,4,5,5,Successfully completed primary community training and material deployment.,8,1,3,1,5,4149.0
PRJ_NGO_00195_5,NGO_00195,Education Initiative #5 (Jaipur),Completed,Education & Skill Development,"[""Water, Sanitation & Environment""]",India,Rajasthan,Jaipur,False,False,2020-03-01,2020-08-28,6,180,2204,13,3,2,Successfully completed primary community training and material deployment.,16,1,2,2,0,
PRJ_NGO_00195_4,NGO_00195,Education Initiative #4 (Jaipur),Completed,Education & Skill Development,"[""Water, Sanitation & Environment""]",India,Rajasthan,Jaipur,False,False,2021-01-01,2022-12-22,24,720,1620,7,5,3,Successfully completed primary community training and material deployment.,17,1,2,2,1,2204.0
PRJ_NGO_00195_3,NGO_00195,Education Initiative #3 (Jaipur),Completed,Education & Skill Development,"[""Water, Sanitation & Environment""]",India,Rajasthan,Jaipur,False,False,2022-06-01,2023-08-25,15,450,466,10,5,5,Successfully completed primary community training and material deployment.,18,1,2,2,2,2204.0
PRJ_NGO_00195_2,NGO_00195,Education Initiative #2 (Jaipur),Completed,Education & Skill Development,"[""Water, Sanitation & Environment""]",India,Rajasthan,Jaipur,False,False,2023-01-01,2023-09-28,9,270,1607,3,4,3,Successfully completed primary community training and material deployment.,19,1,2,2,3,2204.0
PRJ_NGO_00195_1,NGO_00195,Education Initiative #1 (Jaipur),Completed,Education & Skill Development,"[""Water, Sanitation & Environment""]",India,Rajasthan,Jaipur,False,False,2024-01-01,2025-07-24,19,570,3176,15,3,3,Successfully completed primary community training and material deployment.,20,1,2,2,4,2204.0
PRJ_NGO_00196_4,NGO_00196,Women Empowerment Initiative #4 (Chennai),Completed,Social Welfare & Community Development,[],India,Tamil Nadu,Chennai,False,False,2021-08-01,2023-01-23,18,540,1824,8,4,3,Successfully completed primary community training and material deployment.,0,1,4,1,0,
PRJ_NGO_00196_5,NGO_00196,Women Empowerment Initiative #5 (Chennai),Completed,Social Welfare & Community Development,[],India,Tamil Nadu,Chennai,False,False,2021-09-01,2023-03-25,19,570,980,13,3,3,Successfully completed primary community training and material deployment.,0,1,4,1,1,1824.0
PRJ_NGO_00196_3,NGO_00196,Women Empowerment Initiative #3 (Chennai),Completed,Social Welfare & Community Development,[],India,Tamil Nadu,Chennai,False,False,2022-10-01,2023-08-27,11,330,2678,19,6,5,Successfully completed primary community training and material deployment.,1,1,4,1,2,1824.0
PRJ_NGO_00196_2,NGO_00196,Women Empowerment Initiative #2 (Chennai),Completed,Social Welfare & Community Development,[],India,Tamil Nadu,Chennai,False,False,2023-02-01,2024-11-22,22,660,2135,10,5,5,Successfully completed primary community training and material deployment.,2,1,4,1,3,2678.0
PRJ_NGO_00196_1,NGO_00196,Women Empowerment Initiative #1 (Chennai),Completed,Social Welfare & Community Development,[],India,Tamil Nadu,Chennai,False,False,2024-05-01,2025-12-22,20,600,1239,13,5,3,Successfully completed primary community training and material deployment.,3,1,4,1,4,2678.0
PRJ_NGO_00197_7,NGO_00197,Skill Development & Livelihood Initiative #7 (Kozhikode),Completed,Education & Skill Development,[],India,Kerala,Kozhikode,False,False,2018-07-01,2019-03-28,9,270,649,17,6,3,Successfully completed primary community training and material deployment.,1,1,2,1,0,
PRJ_NGO_00197_6,NGO_00197,Skill Development & Livelihood Initiative #6 (Kozhikode),Completed,Education & Skill Development,[],India,Kerala,Kozhikode,False,False,2019-01-01,2020-10-22,22,660,3979,17,3,3,Successfully completed primary community training and material deployment.,2,1,2,1,1,649.0
PRJ_NGO_00197_5,NGO_00197,Skill Development & Livelihood Initiative #5 (Kozhikode),Completed,Education & Skill Development,[],India,Kerala,Kozhikode,False,False,2020-02-01,2020-09-28,8,240,2020,14,3,2,Successfully completed primary community training and material deployment.,3,1,2,1,2,3979.0
PRJ_NGO_00197_4,NGO_00197,Skill Development & Livelihood Initiative #4 (Kozhikode),Completed,Education & Skill Development,[],India,Kerala,Kozhikode,False,False,2021-06-01,2022-05-27,12,360,1655,6,4,4,Successfully completed primary community training and material deployment.,4,1,2,1,3,3979.0
PRJ_NGO_00197_3,NGO_00197,Skill Development & Livelihood Initiative #3 (Kozhikode),Completed,Education & Skill Development,[],India,Kerala,Kozhikode,False,False,2022-01-01,2023-01-26,13,390,813,3,3,3,Successfully completed primary community training and material deployment.,5,1,2,1,4,3979.0
PRJ_NGO_00197_2,NGO_00197,Skill Development & Livelihood Initiative #2 (Kozhikode),Completed,Education & Skill Development,[],India,Kerala,Kozhikode,False,False,2023-06-01,2024-12-22,19,570,1716,4,6,4,Successfully completed primary community training and material deployment.,6,1,2,1,5,3979.0
PRJ_NGO_00197_1,NGO_00197,Skill Development & Livelihood Initiative #1 (Kozhikode),Completed,Education & Skill Development,[],India,Kerala,Kozhikode,False,False,2024-03-01,2025-09-22,19,570,202,10,5,2,Successfully completed primary community training and material deployment.,7,1,2,1,6,3979.0
PRJ_NGO_00198_1,NGO_00198,Nutrition & Food Security Initiative #1 (Chennai),Completed,Healthcare & Nutrition,"[""Emergency Relief & Rehabilitation""]",India,Tamil Nadu,Chennai,False,True,2024-05-01,2025-06-25,14,420,4264,7,4,4,Successfully completed primary community training and material deployment.,1,1,2,2,0,
PRJ_NGO_00199_6,NGO_00199,Women Empowerment Initiative #6 (Rajkot),Completed,Social Welfare & Community Development,"[""Healthcare & Nutrition""]",India,Gujarat,Rajkot,True,False,2021-03-01,2022-01-25,11,330,3561,17,5,2,Successfully completed primary community training and material deployment.,0,1,4,2,0,
PRJ_NGO_00199_4,NGO_00199,Women Empowerment Initiative #4 (Rajkot),Completed,Social Welfare & Community Development,"[""Healthcare & Nutrition""]",India,Gujarat,Rajkot,True,False,2021-07-01,2023-06-21,24,720,2212,8,3,3,Successfully completed primary community training and material deployment.,0,1,4,2,1,3561.0
PRJ_NGO_00199_5,NGO_00199,Women Empowerment Initiative #5 (Rajkot),Completed,Social Welfare & Community Development,"[""Healthcare & Nutrition""]",India,Gujarat,Rajkot,True,False,2021-08-01,2022-07-27,12,360,3514,17,3,3,Successfully completed primary community training and material deployment.,0,1,4,2,2,3561.0
PRJ_NGO_00199_7,NGO_00199,Women Empowerment Initiative #7 (Rajkot),Completed,Social Welfare & Community Development,"[""Healthcare & Nutrition""]",India,Gujarat,Rajkot,True,False,2021-09-01,2023-04-24,20,600,4353,15,5,3,Successfully completed primary community training and material deployment.,0,1,4,2,3,3561.0
PRJ_NGO_00199_3,NGO_00199,Women Empowerment Initiative #3 (Rajkot),Completed,Social Welfare & Community Development,"[""Healthcare & Nutrition""]",India,Gujarat,Rajkot,True,False,2022-07-01,2023-01-27,7,210,499,9,4,4,Successfully completed primary community training and material deployment.,1,1,4,2,4,4353.0
PRJ_NGO_00199_2,NGO_00199,Women Empowerment Initiative #2 (Rajkot),Completed,Social Welfare & Community Development,"[""Healthcare & Nutrition""]",India,Gujarat,Rajkot,True,False,2023-09-01,2025-02-22,18,540,2576,9,5,5,Successfully completed primary community training and material deployment.,2,1,4,2,5,4353.0
PRJ_NGO_00199_1,NGO_00199,Women Empowerment Initiative #1 (Rajkot),Ongoing,Social Welfare & Community Development,"[""Healthcare & Nutrition""]",India,Gujarat,Rajkot,True,False,2024-02-01,,6,180,2723,12,3,3,,3,1,4,2,6,4353.0
PRJ_NGO_00200_6,NGO_00200,Skill Development & Livelihood Initiative #6 (Thrissur),Completed,Education & Skill Development,"[""Social Welfare & Community Development""]",India,Kerala,Thrissur,True,False,2021-01-01,2022-06-25,18,540,2420,9,3,3,Successfully completed primary community training and material deployment.,0,3,8,2,0,
PRJ_NGO_00200_4,NGO_00200,Skill Development & Livelihood Initiative #4 (Thrissur),Completed,Education & Skill Development,"[""Social Welfare & Community Development""]",India,Kerala,Thrissur,True,False,2021-05-01,2022-05-26,13,390,4399,10,4,2,Successfully completed primary community training and material deployment.,0,3,8,2,1,2420.0
PRJ_NGO_00200_7,NGO_00200,Skill Development & Livelihood Initiative #7 (Thrissur),Completed,Education & Skill Development,"[""Social Welfare & Community Development""]",India,Kerala,Thrissur,True,False,2021-09-01,2023-08-22,24,720,1043,14,5,5,Successfully completed primary community training and material deployment.,0,3,8,2,2,4399.0
PRJ_NGO_00200_5,NGO_00200,Skill Development & Livelihood Initiative #5 (Thrissur),Completed,Education & Skill Development,"[""Social Welfare & Community Development""]",India,Kerala,Thrissur,True,False,2021-12-01,2022-07-29,8,240,4613,5,6,5,Successfully completed primary community training and material deployment.,0,3,8,2,3,4399.0
PRJ_NGO_00200_3,NGO_00200,Skill Development & Livelihood Initiative #3 (Thrissur),Completed,Education & Skill Development,"[""Social Welfare & Community Development""]",India,Kerala,Thrissur,True,False,2022-09-01,2024-04-23,20,600,216,13,5,5,Successfully completed primary community training and material deployment.,1,3,8,2,4,4613.0
PRJ_NGO_00200_2,NGO_00200,Skill Development & Livelihood Initiative #2 (Thrissur),Completed,Education & Skill Development,"[""Social Welfare & Community Development""]",India,Kerala,Thrissur,True,False,2023-10-01,2025-04-23,19,570,419,14,4,2,Successfully completed primary community training and material deployment.,2,3,8,2,5,4613.0
PRJ_NGO_00200_1,NGO_00200,Skill Development & Livelihood Initiative #1 (Thrissur),Completed,Education & Skill Development,"[""Social Welfare & Community Development""]",India,Kerala,Thrissur,True,False,2024-06-01,2025-08-25,15,450,357,5,5,4,Successfully completed primary community training and material deployment.,3,3,8,2,6,4613.0
