project_id,line_item_id,category,description,unit,unit_cost_inr,quantity,total_cost_inr
PRJ_NGO_00002_7,PRJ_NGO_00002_7_ITEM_1,Materials,Materials costs for project,kit,1.85,4737,8763.45
PRJ_NGO_00002_7,PRJ_NGO_00002_7_ITEM_2,Staff,Staff costs for project,person-month,804324.85,3,2412974.55
PRJ_NGO_00002_7,PRJ_NGO_00002_7_ITEM_3,Transport,Transport costs for project,trip,153966.64,23,3541232.72
PRJ_NGO_00002_7,PRJ_NGO_00002_7_ITEM_4,Admin,Admin costs for project,lump-sum,1509495.82,1,1509495.82
PRJ_NGO_00002_7,PRJ_NGO_00002_7_ITEM_5,Contingency,Contingency costs for project,lump-sum,4069119.31,1,4069119.31
PRJ_NGO_00002_6,PRJ_NGO_00002_6_ITEM_1,Materials,Materials costs for project,kit,2429.88,4439,10786237.32
PRJ_NGO_00002_6,PRJ_NGO_00002_6_ITEM_2,Staff,Staff costs for project,person-month,461808.76,8,3694470.08
PRJ_NGO_00002_6,PRJ_NGO_00002_6_ITEM_3,Transport,Transport costs for project,trip,157570.8,22,3466557.5999999996
PRJ_NGO_00002_6,PRJ_NGO_00002_6_ITEM_4,Admin,Admin costs for project,lump-sum,895100.76,1,895100.76
PRJ_NGO_00002_6,PRJ_NGO_00002_6_ITEM_5,Contingency,Contingency costs for project,lump-sum,3728525.35,1,3728525.35
PRJ_NGO_00002_5,PRJ_NGO_00002_5_ITEM_1,Materials,Materials costs for project,kit,2105.44,4617,9720816.48
PRJ_NGO_00002_5,PRJ_NGO_00002_5_ITEM_2,Staff,Staff costs for project,person-month,271534.87,9,2443813.83
PRJ_NGO_00002_5,PRJ_NGO_00002_5_ITEM_3,Transport,Transport costs for project,trip,132850.5,23,3055561.5
PRJ_NGO_00002_5,PRJ_NGO_00002_5_ITEM_4,Admin,Admin costs for project,lump-sum,12056721.65,1,12056721.65
PRJ_NGO_00002_5,PRJ_NGO_00002_5_ITEM_5,Contingency,Contingency costs for project,lump-sum,1675108.28,1,1675108.28
PRJ_NGO_00002_4,PRJ_NGO_00002_4_ITEM_1,Materials,Materials costs for project,kit,102.71,1251,128490.20999999999
PRJ_NGO_00002_4,PRJ_NGO_00002_4_ITEM_2,Staff,Staff costs for project,person-month,544192.46,11,5986117.06
PRJ_NGO_00002_4,PRJ_NGO_00002_4_ITEM_3,Transport,Transport costs for project,trip,328191.93,6,1969151.58
PRJ_NGO_00002_4,PRJ_NGO_00002_4_ITEM_4,Admin,Admin costs for project,lump-sum,407202.26,1,407202.26
PRJ_NGO_00002_4,PRJ_NGO_00002_4_ITEM_5,Contingency,Contingency costs for project,lump-sum,250037.1,1,250037.1
PRJ_NGO_00002_3,PRJ_NGO_00002_3_ITEM_1,Materials,Materials costs for project,kit,999.45,2173,2171804.85
PRJ_NGO_00002_3,PRJ_NGO_00002_3_ITEM_2,Staff,Staff costs for project,person-month,850553.46,6,5103320.76
PRJ_NGO_00002_3,PRJ_NGO_00002_3_ITEM_3,Transport,Transport costs for project,trip,10092.71,10,100927.09999999999
PRJ_NGO_00002_3,PRJ_NGO_00002_3_ITEM_4,Admin,Admin costs for project,lump-sum,236737.25,1,236737.25
PRJ_NGO_00002_3,PRJ_NGO_00002_3_ITEM_5,Contingency,Contingency costs for project,lump-sum,363014.8,1,363014.8
PRJ_NGO_00002_2,PRJ_NGO_00002_2_ITEM_1,Materials,Materials costs for project,kit,77.38,2855,220919.9
PRJ_NGO_00002_2,PRJ_NGO_00002_2_ITEM_2,Staff,Staff costs for project,person-month,432223.05,3,1296669.15
PRJ_NGO_00002_2,PRJ_NGO_00002_2_ITEM_3,Transport,Transport costs for project,trip,5245.33,14,73434.62
PRJ_NGO_00002_2,PRJ_NGO_00002_2_ITEM_4,Admin,Admin costs for project,lump-sum,2480300.43,1,2480300.43
PRJ_NGO_00002_2,PRJ_NGO_00002_2_ITEM_5,Contingency,Contingency costs for project,lump-sum,3273783.95,1,3273783.95
PRJ_NGO_00002_1,PRJ_NGO_00002_1_ITEM_1,Materials,Materials costs for project,kit,5691.23,1829,10409259.67
PRJ_NGO_00002_1,PRJ_NGO_00002_1_ITEM_2,Staff,Staff costs for project,person-month,1855.39,11,20409.29
PRJ_NGO_00002_1,PRJ_NGO_00002_1_ITEM_3,Transport,Transport costs for project,trip,50106.94,9,450962.46
PRJ_NGO_00002_1,PRJ_NGO_00002_1_ITEM_4,Admin,Admin costs for project,lump-sum,1529626.54,1,1529626.54
PRJ_NGO_00002_1,PRJ_NGO_00002_1_ITEM_5,Contingency,Contingency costs for project,lump-sum,145634.87,1,145634.87
PRJ_NGO_00003_6,PRJ_NGO_00003_6_ITEM_1,Materials,Materials costs for project,kit,1118.77,763,853621.51
PRJ_NGO_00003_6,PRJ_NGO_00003_6_ITEM_2,Labor,Labor costs for project,person-month,139260.81,5,696304.05
PRJ_NGO_00003_6,PRJ_NGO_00003_6_ITEM_3,Transport,Transport costs for project,trip,47283.0,3,141849.0
PRJ_NGO_00003_6,PRJ_NGO_00003_6_ITEM_4,Admin,Admin costs for project,lump-sum,414500.63,1,414500.63
PRJ_NGO_00003_6,PRJ_NGO_00003_6_ITEM_5,Contingency,Contingency costs for project,lump-sum,429923.29,1,429923.29
PRJ_NGO_00003_5,PRJ_NGO_00003_5_ITEM_1,Materials,Materials costs for project,kit,215.55,4812,1037226.6000000001
PRJ_NGO_00003_5,PRJ_NGO_00003_5_ITEM_2,Labor,Labor costs for project,person-month,223781.74,3,671345.22
PRJ_NGO_00003_5,PRJ_NGO_00003_5_ITEM_3,Transport,Transport costs for project,trip,114851.22,24,2756429.2800000003
PRJ_NGO_00003_5,PRJ_NGO_00003_5_ITEM_4,Admin,Admin costs for project,lump-sum,822056.03,1,822056.03
PRJ_NGO_00003_5,PRJ_NGO_00003_5_ITEM_5,Contingency,Contingency costs for project,lump-sum,3410056.61,1,3410056.61
PRJ_NGO_00003_4,PRJ_NGO_00003_4_ITEM_1,Materials,Materials costs for project,kit,1609.7,2375,3823037.5
PRJ_NGO_00003_4,PRJ_NGO_00003_4_ITEM_2,Labor,Labor costs for project,person-month,323586.07,8,2588688.56
PRJ_NGO_00003_4,PRJ_NGO_00003_4_ITEM_3,Transport,Transport costs for project,trip,171890.13,11,1890791.4300000002
PRJ_NGO_00003_4,PRJ_NGO_00003_4_ITEM_4,Admin,Admin costs for project,lump-sum,1295044.27,1,1295044.27
PRJ_NGO_00003_4,PRJ_NGO_00003_4_ITEM_5,Contingency,Contingency costs for project,lump-sum,834041.81,1,834041.81
PRJ_NGO_00003_3,PRJ_NGO_00003_3_ITEM_1,Materials,Materials costs for project,kit,6.72,4981,33472.32
PRJ_NGO_00003_3,PRJ_NGO_00003_3_ITEM_2,Labor,Labor costs for project,person-month,244320.06,4,977280.24
PRJ_NGO_00003_3,PRJ_NGO_00003_3_ITEM_3,Transport,Transport costs for project,trip,2397.29,24,57534.96
PRJ_NGO_00003_3,PRJ_NGO_00003_3_ITEM_4,Admin,Admin costs for project,lump-sum,787605.55,1,787605.55
PRJ_NGO_00003_3,PRJ_NGO_00003_3_ITEM_5,Contingency,Contingency costs for project,lump-sum,10405019.96,1,10405019.96
PRJ_NGO_00003_2,PRJ_NGO_00003_2_ITEM_1,Materials,Materials costs for project,kit,1119.54,1182,1323296.28
PRJ_NGO_00003_2,PRJ_NGO_00003_2_ITEM_2,Labor,Labor costs for project,person-month,214384.34,6,1286306.04
PRJ_NGO_00003_2,PRJ_NGO_00003_2_ITEM_3,Transport,Transport costs for project,trip,42843.97,5,214219.85
PRJ_NGO_00003_2,PRJ_NGO_00003_2_ITEM_4,Admin,Admin costs for project,lump-sum,1596290.95,1,1596290.95
PRJ_NGO_00003_2,PRJ_NGO_00003_2_ITEM_5,Contingency,Contingency costs for project,lump-sum,614887.62,1,614887.62
PRJ_NGO_00003_1,PRJ_NGO_00003_1_ITEM_1,Materials,Materials costs for project,kit,91.9,4360,400684.0
PRJ_NGO_00003_1,PRJ_NGO_00003_1_ITEM_2,Labor,Labor costs for project,person-month,468106.22,5,2340531.0999999996
PRJ_NGO_00003_1,PRJ_NGO_00003_1_ITEM_3,Transport,Transport costs for project,trip,459342.93,21,9646201.53
PRJ_NGO_00003_1,PRJ_NGO_00003_1_ITEM_4,Admin,Admin costs for project,lump-sum,1580932.15,1,1580932.15
PRJ_NGO_00003_1,PRJ_NGO_00003_1_ITEM_5,Contingency,Contingency costs for project,lump-sum,1058039.15,1,1058039.15
PRJ_NGO_00005_2,PRJ_NGO_00005_2_ITEM_1,Materials,Materials costs for project,kit,1429.89,2733,3907889.37
PRJ_NGO_00005_2,PRJ_NGO_00005_2_ITEM_2,Staff,Staff costs for project,person-month,2328.6,7,16300.199999999999
PRJ_NGO_00005_2,PRJ_NGO_00005_2_ITEM_3,Transport,Transport costs for project,trip,7411.19,13,96345.47
PRJ_NGO_00005_2,PRJ_NGO_00005_2_ITEM_4,Admin,Admin costs for project,lump-sum,5326902.18,1,5326902.18
PRJ_NGO_00005_2,PRJ_NGO_00005_2_ITEM_5,Contingency,Contingency costs for project,lump-sum,955053.04,1,955053.04
PRJ_NGO_00005_3,PRJ_NGO_00005_3_ITEM_1,Materials,Materials costs for project,kit,1099.25,3644,4005667.0
PRJ_NGO_00005_3,PRJ_NGO_00005_3_ITEM_2,Staff,Staff costs for project,person-month,458035.81,5,2290179.05
PRJ_NGO_00005_3,PRJ_NGO_00005_3_ITEM_3,Transport,Transport costs for project,trip,95070.68,18,1711272.2399999998
PRJ_NGO_00005_3,PRJ_NGO_00005_3_ITEM_4,Admin,Admin costs for project,lump-sum,637187.12,1,637187.12
PRJ_NGO_00005_3,PRJ_NGO_00005_3_ITEM_5,Contingency,Contingency costs for project,lump-sum,256586.03,1,256586.03
PRJ_NGO_00005_1,PRJ_NGO_00005_1_ITEM_1,Materials,Materials costs for project,kit,79.13,3733,295392.29
PRJ_NGO_00005_1,PRJ_NGO_00005_1_ITEM_2,Staff,Staff costs for project,person-month,909960.72,6,5459764.32
PRJ_NGO_00005_1,PRJ_NGO_00005_1_ITEM_3,Transport,Transport costs for project,trip,22215.2,18,399873.60000000003
PRJ_NGO_00005_1,PRJ_NGO_00005_1_ITEM_4,Admin,Admin costs for project,lump-sum,777605.22,1,777605.22
PRJ_NGO_00005_1,PRJ_NGO_00005_1_ITEM_5,Contingency,Contingency costs for project,lump-sum,2921546.26,1,2921546.26
PRJ_NGO_00006_5,PRJ_NGO_00006_5_ITEM_1,Food,Food costs for project,unit,3.28,12220,40081.6
PRJ_NGO_00006_5,PRJ_NGO_00006_5_ITEM_2,Transport,Transport costs for project,trip,365306.78,3,1095920.34
PRJ_NGO_00006_5,PRJ_NGO_00006_5_ITEM_3,Staff,Staff costs for project,person-month,6821.32,10,68213.2
PRJ_NGO_00006_5,PRJ_NGO_00006_5_ITEM_4,Admin,Admin costs for project,lump-sum,207407.28,1,207407.28
PRJ_NGO_00006_5,PRJ_NGO_00006_5_ITEM_5,Contingency,Contingency costs for project,lump-sum,83570.78,1,83570.78
PRJ_NGO_00006_4,PRJ_NGO_00006_4_ITEM_1,Food,Food costs for project,unit,27.31,78821,2152601.51
PRJ_NGO_00006_4,PRJ_NGO_00006_4_ITEM_2,Transport,Transport costs for project,trip,194373.74,17,3304353.58
PRJ_NGO_00006_4,PRJ_NGO_00006_4_ITEM_3,Staff,Staff costs for project,person-month,110146.08,11,1211606.8800000001
PRJ_NGO_00006_4,PRJ_NGO_00006_4_ITEM_4,Admin,Admin costs for project,lump-sum,1082544.3,1,1082544.3
PRJ_NGO_00006_4,PRJ_NGO_00006_4_ITEM_5,Contingency,Contingency costs for project,lump-sum,268315.73,1,268315.73
PRJ_NGO_00006_3,PRJ_NGO_00006_3_ITEM_1,Food,Food costs for project,unit,21.11,71085,1500604.3499999999
PRJ_NGO_00006_3,PRJ_NGO_00006_3_ITEM_2,Transport,Transport costs for project,trip,98245.31,16,1571924.96
PRJ_NGO_00006_3,PRJ_NGO_00006_3_ITEM_3,Staff,Staff costs for project,person-month,189968.85,10,1899688.5
PRJ_NGO_00006_3,PRJ_NGO_00006_3_ITEM_4,Admin,Admin costs for project,lump-sum,2130892.51,1,2130892.51
PRJ_NGO_00006_3,PRJ_NGO_00006_3_ITEM_5,Contingency,Contingency costs for project,lump-sum,2204118.64,1,2204118.64
PRJ_NGO_00006_2,PRJ_NGO_00006_2_ITEM_1,Food,Food costs for project,unit,0.6,54480,32688.0
PRJ_NGO_00006_2,PRJ_NGO_00006_2_ITEM_2,Transport,Transport costs for project,trip,108168.34,18,1947030.1199999999
PRJ_NGO_00006_2,PRJ_NGO_00006_2_ITEM_3,Staff,Staff costs for project,person-month,231296.25,7,1619073.75
PRJ_NGO_00006_2,PRJ_NGO_00006_2_ITEM_4,Admin,Admin costs for project,lump-sum,3414001.15,1,3414001.15
PRJ_NGO_00006_2,PRJ_NGO_00006_2_ITEM_5,Contingency,Contingency costs for project,lump-sum,208736.46,1,208736.46
PRJ_NGO_00006_1,PRJ_NGO_00006_1_ITEM_1,Food,Food costs for project,unit,36.97,6480,239565.6
PRJ_NGO_00006_1,PRJ_NGO_00006_1_ITEM_2,Transport,Transport costs for project,trip,136548.21,1,136548.21
PRJ_NGO_00006_1,PRJ_NGO_00006_1_ITEM_3,Staff,Staff costs for project,person-month,15538.76,9,139848.84
PRJ_NGO_00006_1,PRJ_NGO_00006_1_ITEM_4,Admin,Admin costs for project,lump-sum,34691.25,1,34691.25
PRJ_NGO_00006_1,PRJ_NGO_00006_1_ITEM_5,Contingency,Contingency costs for project,lump-sum,307768.26,1,307768.26
PRJ_NGO_00007_1,PRJ_NGO_00007_1_ITEM_1,Materials,Materials costs for project,kit,157.26,3767,592398.4199999999
PRJ_NGO_00007_1,PRJ_NGO_00007_1_ITEM_2,Staff,Staff costs for project,person-month,9113.57,10,91135.7
PRJ_NGO_00007_1,PRJ_NGO_00007_1_ITEM_3,Transport,Transport costs for project,trip,346654.63,18,6239783.34
PRJ_NGO_00007_1,PRJ_NGO_00007_1_ITEM_4,Admin,Admin costs for project,lump-sum,781040.45,1,781040.45
PRJ_NGO_00007_1,PRJ_NGO_00007_1_ITEM_5,Contingency,Contingency costs for project,lump-sum,427460.66,1,427460.66
PRJ_NGO_00007_2,PRJ_NGO_00007_2_ITEM_1,Materials,Materials costs for project,kit,1109.9,3768,4182103.2
PRJ_NGO_00007_2,PRJ_NGO_00007_2_ITEM_2,Staff,Staff costs for project,person-month,239399.95,10,2393999.5
PRJ_NGO_00007_2,PRJ_NGO_00007_2_ITEM_3,Transport,Transport costs for project,trip,110122.38,18,1982202.84
PRJ_NGO_00007_2,PRJ_NGO_00007_2_ITEM_4,Admin,Admin costs for project,lump-sum,92345.82,1,92345.82
PRJ_NGO_00007_2,PRJ_NGO_00007_2_ITEM_5,Contingency,Contingency costs for project,lump-sum,1441831.96,1,1441831.96
PRJ_NGO_00008_2,PRJ_NGO_00008_2_ITEM_1,Materials,Materials costs for project,kit,303.68,4113,1249035.84
PRJ_NGO_00008_2,PRJ_NGO_00008_2_ITEM_2,Staff,Staff costs for project,person-month,130853.97,3,392561.91000000003
PRJ_NGO_00008_2,PRJ_NGO_00008_2_ITEM_3,Transport,Transport costs for project,trip,41760.67,20,835213.3999999999
PRJ_NGO_00008_2,PRJ_NGO_00008_2_ITEM_4,Admin,Admin costs for project,lump-sum,186125.3,1,186125.3
PRJ_NGO_00008_2,PRJ_NGO_00008_2_ITEM_5,Contingency,Contingency costs for project,lump-sum,85577.26,1,85577.26
PRJ_NGO_00008_1,PRJ_NGO_00008_1_ITEM_1,Materials,Materials costs for project,kit,382.75,4902,1876240.5
PRJ_NGO_00008_1,PRJ_NGO_00008_1_ITEM_2,Staff,Staff costs for project,person-month,118297.36,4,473189.44
PRJ_NGO_00008_1,PRJ_NGO_00008_1_ITEM_3,Transport,Transport costs for project,trip,25839.6,24,620150.3999999999
PRJ_NGO_00008_1,PRJ_NGO_00008_1_ITEM_4,Admin,Admin costs for project,lump-sum,312373.5,1,312373.5
PRJ_NGO_00008_1,PRJ_NGO_00008_1_ITEM_5,Contingency,Contingency costs for project,lump-sum,599957.54,1,599957.54
PRJ_NGO_00008_3,PRJ_NGO_00008_3_ITEM_1,Materials,Materials costs for project,kit,63.88,1422,90837.36
PRJ_NGO_00008_3,PRJ_NGO_00008_3_ITEM_2,Staff,Staff costs for project,person-month,4907.86,3,14723.579999999998
PRJ_NGO_00008_3,PRJ_NGO_00008_3_ITEM_3,Transport,Transport costs for project,trip,74004.62,7,518032.33999999997
PRJ_NGO_00008_3,PRJ_NGO_00008_3_ITEM_4,Admin,Admin costs for project,lump-sum,48635.56,1,48635.56
PRJ_NGO_00008_3,PRJ_NGO_00008_3_ITEM_5,Contingency,Contingency costs for project,lump-sum,99867.29,1,99867.29
PRJ_NGO_00009_3,PRJ_NGO_00009_3_ITEM_1,Relief Kits,Relief Kits costs for project,unit,69.24,73080,5060059.199999999
PRJ_NGO_00009_3,PRJ_NGO_00009_3_ITEM_2,Shelter,Shelter costs for project,family,3278.92,870,2852660.4
PRJ_NGO_00009_3,PRJ_NGO_00009_3_ITEM_3,Transport,Transport costs for project,trip,133507.24,17,2269623.08
PRJ_NGO_00009_3,PRJ_NGO_00009_3_ITEM_4,Medical,Medical costs for project,kit,1624.74,3480,5654095.2
PRJ_NGO_00009_3,PRJ_NGO_00009_3_ITEM_5,Staff,Staff costs for project,person-month,46546.6,10,465466.0
PRJ_NGO_00009_2,PRJ_NGO_00009_2_ITEM_1,Relief Kits,Relief Kits costs for project,unit,20.12,49810,1002177.2000000001
PRJ_NGO_00009_2,PRJ_NGO_00009_2_ITEM_2,Shelter,Shelter costs for project,family,1289.8,732,944133.6
PRJ_NGO_00009_2,PRJ_NGO_00009_2_ITEM_3,Transport,Transport costs for project,trip,374228.91,14,5239204.739999999
PRJ_NGO_00009_2,PRJ_NGO_00009_2_ITEM_4,Medical,Medical costs for project,kit,883.59,2930,2588918.7
PRJ_NGO_00009_2,PRJ_NGO_00009_2_ITEM_5,Staff,Staff costs for project,person-month,41351.99,8,330815.92
PRJ_NGO_00009_1,PRJ_NGO_00009_1_ITEM_1,Relief Kits,Relief Kits costs for project,unit,23.85,33720,804222.0
PRJ_NGO_00009_1,PRJ_NGO_00009_1_ITEM_2,Shelter,Shelter costs for project,family,5289.57,421,2226908.9699999997
PRJ_NGO_00009_1,PRJ_NGO_00009_1_ITEM_3,Transport,Transport costs for project,trip,131634.57,8,1053076.56
PRJ_NGO_00009_1,PRJ_NGO_00009_1_ITEM_4,Medical,Medical costs for project,kit,1333.82,1686,2248820.52
PRJ_NGO_00009_1,PRJ_NGO_00009_1_ITEM_5,Staff,Staff costs for project,person-month,54356.76,10,543567.6
PRJ_NGO_00010_1,PRJ_NGO_00010_1_ITEM_1,Materials,Materials costs for project,kit,466.83,2113,986411.7899999999
PRJ_NGO_00010_1,PRJ_NGO_00010_1_ITEM_2,Staff,Staff costs for project,person-month,20426.06,12,245112.72000000003
PRJ_NGO_00010_1,PRJ_NGO_00010_1_ITEM_3,Transport,Transport costs for project,trip,26804.89,10,268048.9
PRJ_NGO_00010_1,PRJ_NGO_00010_1_ITEM_4,Admin,Admin costs for project,lump-sum,4403840.78,1,4403840.78
PRJ_NGO_00010_1,PRJ_NGO_00010_1_ITEM_5,Contingency,Contingency costs for project,lump-sum,1858481.47,1,1858481.47
PRJ_NGO_00011_5,PRJ_NGO_00011_5_ITEM_1,Food,Food costs for project,unit,64.79,27036,1751662.4400000002
PRJ_NGO_00011_5,PRJ_NGO_00011_5_ITEM_2,Transport,Transport costs for project,trip,4878.35,11,53661.850000000006
PRJ_NGO_00011_5,PRJ_NGO_00011_5_ITEM_3,Staff,Staff costs for project,person-month,41683.88,6,250103.27999999997
PRJ_NGO_00011_5,PRJ_NGO_00011_5_ITEM_4,Admin,Admin costs for project,lump-sum,382859.61,1,382859.61
PRJ_NGO_00011_5,PRJ_NGO_00011_5_ITEM_5,Contingency,Contingency costs for project,lump-sum,1431329.56,1,1431329.56
PRJ_NGO_00011_4,PRJ_NGO_00011_4_ITEM_1,Food,Food costs for project,unit,18.53,29883,553731.99
PRJ_NGO_00011_4,PRJ_NGO_00011_4_ITEM_2,Transport,Transport costs for project,trip,172.73,21,3627.33
PRJ_NGO_00011_4,PRJ_NGO_00011_4_ITEM_3,Staff,Staff costs for project,person-month,65644.68,3,196934.03999999998
PRJ_NGO_00011_4,PRJ_NGO_00011_4_ITEM_4,Admin,Admin costs for project,lump-sum,987218.4,1,987218.4
PRJ_NGO_00011_4,PRJ_NGO_00011_4_ITEM_5,Contingency,Contingency costs for project,lump-sum,3318933.87,1,3318933.87
PRJ_NGO_00011_3,PRJ_NGO_00011_3_ITEM_1,Food,Food costs for project,unit,11.96,51630,617494.8
PRJ_NGO_00011_3,PRJ_NGO_00011_3_ITEM_2,Transport,Transport costs for project,trip,53889.03,17,916113.51
PRJ_NGO_00011_3,PRJ_NGO_00011_3_ITEM_3,Staff,Staff costs for project,person-month,194422.34,7,1360956.38
PRJ_NGO_00011_3,PRJ_NGO_00011_3_ITEM_4,Admin,Admin costs for project,lump-sum,915883.09,1,915883.09
PRJ_NGO_00011_3,PRJ_NGO_00011_3_ITEM_5,Contingency,Contingency costs for project,lump-sum,2428979.45,1,2428979.45
PRJ_NGO_00011_2,PRJ_NGO_00011_2_ITEM_1,Food,Food costs for project,unit,85.77,29916,2565895.32
PRJ_NGO_00011_2,PRJ_NGO_00011_2_ITEM_2,Transport,Transport costs for project,trip,15268.18,16,244290.88
PRJ_NGO_00011_2,PRJ_NGO_00011_2_ITEM_3,Staff,Staff costs for project,person-month,229634.24,4,918536.96
PRJ_NGO_00011_2,PRJ_NGO_00011_2_ITEM_4,Admin,Admin costs for project,lump-sum,128856.03,1,128856.03
PRJ_NGO_00011_2,PRJ_NGO_00011_2_ITEM_5,Contingency,Contingency costs for project,lump-sum,203353.54,1,203353.54
PRJ_NGO_00011_1,PRJ_NGO_00011_1_ITEM_1,Food,Food costs for project,unit,25.16,33720,848395.2
PRJ_NGO_00011_1,PRJ_NGO_00011_1_ITEM_2,Transport,Transport costs for project,trip,44762.76,11,492390.36000000004
PRJ_NGO_00011_1,PRJ_NGO_00011_1_ITEM_3,Staff,Staff costs for project,person-month,17418.03,7,121926.20999999999
PRJ_NGO_00011_1,PRJ_NGO_00011_1_ITEM_4,Admin,Admin costs for project,lump-sum,1002707.05,1,1002707.05
PRJ_NGO_00011_1,PRJ_NGO_00011_1_ITEM_5,Contingency,Contingency costs for project,lump-sum,1795223.94,1,1795223.94
PRJ_NGO_00012_5,PRJ_NGO_00012_5_ITEM_1,Materials,Materials costs for project,kit,345.88,629,217558.52
PRJ_NGO_00012_5,PRJ_NGO_00012_5_ITEM_2,Staff,Staff costs for project,person-month,12586.33,5,62931.65
PRJ_NGO_00012_5,PRJ_NGO_00012_5_ITEM_3,Transport,Transport costs for project,trip,42825.37,3,128476.11000000002
PRJ_NGO_00012_5,PRJ_NGO_00012_5_ITEM_4,Admin,Admin costs for project,lump-sum,36926.14,1,36926.14
PRJ_NGO_00012_5,PRJ_NGO_00012_5_ITEM_5,Contingency,Contingency costs for project,lump-sum,43607.15,1,43607.15
PRJ_NGO_00012_4,PRJ_NGO_00012_4_ITEM_1,Materials,Materials costs for project,kit,46.58,1279,59575.82
PRJ_NGO_00012_4,PRJ_NGO_00012_4_ITEM_2,Staff,Staff costs for project,person-month,109115.56,4,436462.24
PRJ_NGO_00012_4,PRJ_NGO_00012_4_ITEM_3,Transport,Transport costs for project,trip,13704.95,6,82229.70000000001
PRJ_NGO_00012_4,PRJ_NGO_00012_4_ITEM_4,Admin,Admin costs for project,lump-sum,135229.73,1,135229.73
PRJ_NGO_00012_4,PRJ_NGO_00012_4_ITEM_5,Contingency,Contingency costs for project,lump-sum,117501.22,1,117501.22
PRJ_NGO_00012_3,PRJ_NGO_00012_3_ITEM_1,Materials,Materials costs for project,kit,245.9,223,54835.700000000004
PRJ_NGO_00012_3,PRJ_NGO_00012_3_ITEM_2,Staff,Staff costs for project,person-month,14526.99,8,116215.92
PRJ_NGO_00012_3,PRJ_NGO_00012_3_ITEM_3,Transport,Transport costs for project,trip,16889.98,1,16889.98
PRJ_NGO_00012_3,PRJ_NGO_00012_3_ITEM_4,Admin,Admin costs for project,lump-sum,52355.13,1,52355.13
PRJ_NGO_00012_3,PRJ_NGO_00012_3_ITEM_5,Contingency,Contingency costs for project,lump-sum,16103.18,1,16103.18
PRJ_NGO_00012_2,PRJ_NGO_00012_2_ITEM_1,Materials,Materials costs for project,kit,950.86,762,724555.3200000001
PRJ_NGO_00012_2,PRJ_NGO_00012_2_ITEM_2,Staff,Staff costs for project,person-month,4366.85,12,52402.200000000004
PRJ_NGO_00012_2,PRJ_NGO_00012_2_ITEM_3,Transport,Transport costs for project,trip,16987.87,3,50963.61
PRJ_NGO_00012_2,PRJ_NGO_00012_2_ITEM_4,Admin,Admin costs for project,lump-sum,262723.92,1,262723.92
PRJ_NGO_00012_2,PRJ_NGO_00012_2_ITEM_5,Contingency,Contingency costs for project,lump-sum,29956.31,1,29956.31
PRJ_NGO_00012_1,PRJ_NGO_00012_1_ITEM_1,Materials,Materials costs for project,kit,97.26,1937,188392.62000000002
PRJ_NGO_00012_1,PRJ_NGO_00012_1_ITEM_2,Staff,Staff costs for project,person-month,45523.56,10,455235.6
PRJ_NGO_00012_1,PRJ_NGO_00012_1_ITEM_3,Transport,Transport costs for project,trip,19650.84,9,176857.56
PRJ_NGO_00012_1,PRJ_NGO_00012_1_ITEM_4,Admin,Admin costs for project,lump-sum,1541523.23,1,1541523.23
PRJ_NGO_00012_1,PRJ_NGO_00012_1_ITEM_5,Contingency,Contingency costs for project,lump-sum,456193.48,1,456193.48
PRJ_NGO_00013_6,PRJ_NGO_00013_6_ITEM_1,Materials,Materials costs for project,kit,229.03,4777,1094076.31
PRJ_NGO_00013_6,PRJ_NGO_00013_6_ITEM_2,Staff,Staff costs for project,person-month,209884.05,6,1259304.2999999998
PRJ_NGO_00013_6,PRJ_NGO_00013_6_ITEM_3,Transport,Transport costs for project,trip,93273.33,23,2145286.59
PRJ_NGO_00013_6,PRJ_NGO_00013_6_ITEM_4,Admin,Admin costs for project,lump-sum,610718.98,1,610718.98
PRJ_NGO_00013_6,PRJ_NGO_00013_6_ITEM_5,Contingency,Contingency costs for project,lump-sum,2385909.26,1,2385909.26
PRJ_NGO_00013_5,PRJ_NGO_00013_5_ITEM_1,Materials,Materials costs for project,kit,899.77,263,236639.51
PRJ_NGO_00013_5,PRJ_NGO_00013_5_ITEM_2,Staff,Staff costs for project,person-month,23678.69,8,189429.52
PRJ_NGO_00013_5,PRJ_NGO_00013_5_ITEM_3,Transport,Transport costs for project,trip,67099.03,1,67099.03
PRJ_NGO_00013_5,PRJ_NGO_00013_5_ITEM_4,Admin,Admin costs for project,lump-sum,22602.0,1,22602.0
PRJ_NGO_00013_5,PRJ_NGO_00013_5_ITEM_5,Contingency,Contingency costs for project,lump-sum,30430.19,1,30430.19
PRJ_NGO_00013_4,PRJ_NGO_00013_4_ITEM_1,Materials,Materials costs for project,kit,337.1,1874,631725.4
PRJ_NGO_00013_4,PRJ_NGO_00013_4_ITEM_2,Staff,Staff costs for project,person-month,121038.64,3,363115.92
PRJ_NGO_00013_4,PRJ_NGO_00013_4_ITEM_3,Transport,Transport costs for project,trip,17235.84,9,155122.56
PRJ_NGO_00013_4,PRJ_NGO_00013_4_ITEM_4,Admin,Admin costs for project,lump-sum,12520.62,1,12520.62
PRJ_NGO_00013_4,PRJ_NGO_00013_4_ITEM_5,Contingency,Contingency costs for project,lump-sum,773608.3,1,773608.3
PRJ_NGO_00013_3,PRJ_NGO_00013_3_ITEM_1,Materials,Materials costs for project,kit,259.01,4516,1169689.16
PRJ_NGO_00013_3,PRJ_NGO_00013_3_ITEM_2,Staff,Staff costs for project,person-month,351273.85,12,4215286.199999999
PRJ_NGO_00013_3,PRJ_NGO_00013_3_ITEM_3,Transport,Transport costs for project,trip,100702.59,22,2215456.98
PRJ_NGO_00013_3,PRJ_NGO_00013_3_ITEM_4,Admin,Admin costs for project,lump-sum,2959981.91,1,2959981.91
PRJ_NGO_00013_3,PRJ_NGO_00013_3_ITEM_5,Contingency,Contingency costs for project,lump-sum,569899.27,1,569899.27
PRJ_NGO_00013_2,PRJ_NGO_00013_2_ITEM_1,Materials,Materials costs for project,kit,168.27,2437,410073.99000000005
PRJ_NGO_00013_2,PRJ_NGO_00013_2_ITEM_2,Staff,Staff costs for project,person-month,308412.61,10,3084126.0999999996
PRJ_NGO_00013_2,PRJ_NGO_00013_2_ITEM_3,Transport,Transport costs for project,trip,61999.4,12,743992.8
PRJ_NGO_00013_2,PRJ_NGO_00013_2_ITEM_4,Admin,Admin costs for project,lump-sum,719111.43,1,719111.43
PRJ_NGO_00013_2,PRJ_NGO_00013_2_ITEM_5,Contingency,Contingency costs for project,lump-sum,1091797.86,1,1091797.86
PRJ_NGO_00013_1,PRJ_NGO_00013_1_ITEM_1,Materials,Materials costs for project,kit,170.01,607,103196.06999999999
PRJ_NGO_00013_1,PRJ_NGO_00013_1_ITEM_2,Staff,Staff costs for project,person-month,18732.31,5,93661.55
PRJ_NGO_00013_1,PRJ_NGO_00013_1_ITEM_3,Transport,Transport costs for project,trip,1548.54,3,4645.62
PRJ_NGO_00013_1,PRJ_NGO_00013_1_ITEM_4,Admin,Admin costs for project,lump-sum,370650.33,1,370650.33
PRJ_NGO_00013_1,PRJ_NGO_00013_1_ITEM_5,Contingency,Contingency costs for project,lump-sum,286746.82,1,286746.82
PRJ_NGO_00014_6,PRJ_NGO_00014_6_ITEM_1,Materials,Materials costs for project,kit,616.07,1431,881596.17
PRJ_NGO_00014_6,PRJ_NGO_00014_6_ITEM_2,Labor,Labor costs for project,person-month,243931.25,7,1707518.75
PRJ_NGO_00014_6,PRJ_NGO_00014_6_ITEM_3,Transport,Transport costs for project,trip,126166.12,7,883162.84
PRJ_NGO_00014_6,PRJ_NGO_00014_6_ITEM_4,Admin,Admin costs for project,lump-sum,213221.55,1,213221.55
PRJ_NGO_00014_6,PRJ_NGO_00014_6_ITEM_5,Contingency,Contingency costs for project,lump-sum,271805.6,1,271805.6
PRJ_NGO_00014_3,PRJ_NGO_00014_3_ITEM_1,Materials,Materials costs for project,kit,794.87,1613,1282125.31
PRJ_NGO_00014_3,PRJ_NGO_00014_3_ITEM_2,Labor,Labor costs for project,person-month,121714.49,4,486857.96
PRJ_NGO_00014_3,PRJ_NGO_00014_3_ITEM_3,Transport,Transport costs for project,trip,21451.2,8,171609.6
PRJ_NGO_00014_3,PRJ_NGO_00014_3_ITEM_4,Admin,Admin costs for project,lump-sum,544133.79,1,544133.79
PRJ_NGO_00014_3,PRJ_NGO_00014_3_ITEM_5,Contingency,Contingency costs for project,lump-sum,278375.76,1,278375.76
PRJ_NGO_00014_5,PRJ_NGO_00014_5_ITEM_1,Materials,Materials costs for project,kit,319.94,739,236435.66
PRJ_NGO_00014_5,PRJ_NGO_00014_5_ITEM_2,Labor,Labor costs for project,person-month,56059.73,3,168179.19
PRJ_NGO_00014_5,PRJ_NGO_00014_5_ITEM_3,Transport,Transport costs for project,trip,72018.21,3,216054.63
PRJ_NGO_00014_5,PRJ_NGO_00014_5_ITEM_4,Admin,Admin costs for project,lump-sum,879.75,1,879.75
PRJ_NGO_00014_5,PRJ_NGO_00014_5_ITEM_5,Contingency,Contingency costs for project,lump-sum,659750.45,1,659750.45
PRJ_NGO_00014_4,PRJ_NGO_00014_4_ITEM_1,Materials,Materials costs for project,kit,122.65,1500,183975.0
PRJ_NGO_00014_4,PRJ_NGO_00014_4_ITEM_2,Labor,Labor costs for project,person-month,175506.13,11,1930567.4300000002
PRJ_NGO_00014_4,PRJ_NGO_00014_4_ITEM_3,Transport,Transport costs for project,trip,73075.46,7,511528.22000000003
PRJ_NGO_00014_4,PRJ_NGO_00014_4_ITEM_4,Admin,Admin costs for project,lump-sum,836541.92,1,836541.92
PRJ_NGO_00014_4,PRJ_NGO_00014_4_ITEM_5,Contingency,Contingency costs for project,lump-sum,2034493.01,1,2034493.01
PRJ_NGO_00014_2,PRJ_NGO_00014_2_ITEM_1,Materials,Materials costs for project,kit,206.14,1435,295810.89999999997
PRJ_NGO_00014_2,PRJ_NGO_00014_2_ITEM_2,Labor,Labor costs for project,person-month,194060.89,10,1940608.9000000001
PRJ_NGO_00014_2,PRJ_NGO_00014_2_ITEM_3,Transport,Transport costs for project,trip,46668.51,7,326679.57
PRJ_NGO_00014_2,PRJ_NGO_00014_2_ITEM_4,Admin,Admin costs for project,lump-sum,2019936.56,1,2019936.56
PRJ_NGO_00014_2,PRJ_NGO_00014_2_ITEM_5,Contingency,Contingency costs for project,lump-sum,586268.35,1,586268.35
PRJ_NGO_00014_1,PRJ_NGO_00014_1_ITEM_1,Materials,Materials costs for project,kit,563.88,4740,2672791.2
PRJ_NGO_00014_1,PRJ_NGO_00014_1_ITEM_2,Labor,Labor costs for project,person-month,490258.5,10,4902585.0
PRJ_NGO_00014_1,PRJ_NGO_00014_1_ITEM_3,Transport,Transport costs for project,trip,201809.23,23,4641612.29
PRJ_NGO_00014_1,PRJ_NGO_00014_1_ITEM_4,Admin,Admin costs for project,lump-sum,1599678.76,1,1599678.76
PRJ_NGO_00014_1,PRJ_NGO_00014_1_ITEM_5,Contingency,Contingency costs for project,lump-sum,1562144.75,1,1562144.75
PRJ_NGO_00015_4,PRJ_NGO_00015_4_ITEM_1,Materials,Materials costs for project,kit,1858.05,4356,8093665.8
PRJ_NGO_00015_4,PRJ_NGO_00015_4_ITEM_2,Staff,Staff costs for project,person-month,25546.57,11,281012.27
PRJ_NGO_00015_4,PRJ_NGO_00015_4_ITEM_3,Transport,Transport costs for project,trip,121552.38,21,2552599.98
PRJ_NGO_00015_4,PRJ_NGO_00015_4_ITEM_4,Admin,Admin costs for project,lump-sum,10775122.09,1,10775122.09
PRJ_NGO_00015_4,PRJ_NGO_00015_4_ITEM_5,Contingency,Contingency costs for project,lump-sum,1347217.82,1,1347217.82
PRJ_NGO_00015_3,PRJ_NGO_00015_3_ITEM_1,Materials,Materials costs for project,kit,963.48,3612,3480089.7600000002
PRJ_NGO_00015_3,PRJ_NGO_00015_3_ITEM_2,Staff,Staff costs for project,person-month,128187.29,6,769123.74
PRJ_NGO_00015_3,PRJ_NGO_00015_3_ITEM_3,Transport,Transport costs for project,trip,359312.18,18,6467619.24
PRJ_NGO_00015_3,PRJ_NGO_00015_3_ITEM_4,Admin,Admin costs for project,lump-sum,310727.31,1,310727.31
PRJ_NGO_00015_3,PRJ_NGO_00015_3_ITEM_5,Contingency,Contingency costs for project,lump-sum,1096343.22,1,1096343.22
PRJ_NGO_00015_2,PRJ_NGO_00015_2_ITEM_1,Materials,Materials costs for project,kit,802.98,2181,1751299.3800000001
PRJ_NGO_00015_2,PRJ_NGO_00015_2_ITEM_2,Staff,Staff costs for project,person-month,302778.78,11,3330566.58
PRJ_NGO_00015_2,PRJ_NGO_00015_2_ITEM_3,Transport,Transport costs for project,trip,208785.83,10,2087858.2999999998
PRJ_NGO_00015_2,PRJ_NGO_00015_2_ITEM_4,Admin,Admin costs for project,lump-sum,3737602.62,1,3737602.62
PRJ_NGO_00015_2,PRJ_NGO_00015_2_ITEM_5,Contingency,Contingency costs for project,lump-sum,372674.17,1,372674.17
PRJ_NGO_00015_1,PRJ_NGO_00015_1_ITEM_1,Materials,Materials costs for project,kit,1228.42,3944,4844888.48
PRJ_NGO_00015_1,PRJ_NGO_00015_1_ITEM_2,Staff,Staff costs for project,person-month,829603.81,9,7466434.290000001
PRJ_NGO_00015_1,PRJ_NGO_00015_1_ITEM_3,Transport,Transport costs for project,trip,229238.11,19,4355524.09
PRJ_NGO_00015_1,PRJ_NGO_00015_1_ITEM_4,Admin,Admin costs for project,lump-sum,1169697.17,1,1169697.17
PRJ_NGO_00015_1,PRJ_NGO_00015_1_ITEM_5,Contingency,Contingency costs for project,lump-sum,691652.57,1,691652.57
PRJ_NGO_00016_4,PRJ_NGO_00016_4_ITEM_1,Materials,Materials costs for project,kit,425.09,3836,1630645.24
PRJ_NGO_00016_4,PRJ_NGO_00016_4_ITEM_2,Staff,Staff costs for project,person-month,82151.61,8,657212.88
PRJ_NGO_00016_4,PRJ_NGO_00016_4_ITEM_3,Transport,Transport costs for project,trip,296034.71,19,5624659.49
PRJ_NGO_00016_4,PRJ_NGO_00016_4_ITEM_4,Admin,Admin costs for project,lump-sum,4100840.01,1,4100840.01
PRJ_NGO_00016_4,PRJ_NGO_00016_4_ITEM_5,Contingency,Contingency costs for project,lump-sum,4106555.78,1,4106555.78
PRJ_NGO_00016_3,PRJ_NGO_00016_3_ITEM_1,Materials,Materials costs for project,kit,1029.43,3336,3434178.48
PRJ_NGO_00016_3,PRJ_NGO_00016_3_ITEM_2,Staff,Staff costs for project,person-month,1015681.46,8,8125451.68
PRJ_NGO_00016_3,PRJ_NGO_00016_3_ITEM_3,Transport,Transport costs for project,trip,15142.64,16,242282.24
PRJ_NGO_00016_3,PRJ_NGO_00016_3_ITEM_4,Admin,Admin costs for project,lump-sum,1806633.54,1,1806633.54
PRJ_NGO_00016_3,PRJ_NGO_00016_3_ITEM_5,Contingency,Contingency costs for project,lump-sum,877864.67,1,877864.67
PRJ_NGO_00016_2,PRJ_NGO_00016_2_ITEM_1,Materials,Materials costs for project,kit,759.67,1369,1039988.23
PRJ_NGO_00016_2,PRJ_NGO_00016_2_ITEM_2,Staff,Staff costs for project,person-month,355647.18,5,1778235.9
PRJ_NGO_00016_2,PRJ_NGO_00016_2_ITEM_3,Transport,Transport costs for project,trip,47292.51,6,283755.06
PRJ_NGO_00016_2,PRJ_NGO_00016_2_ITEM_4,Admin,Admin costs for project,lump-sum,525159.47,1,525159.47
PRJ_NGO_00016_2,PRJ_NGO_00016_2_ITEM_5,Contingency,Contingency costs for project,lump-sum,40256.61,1,40256.61
PRJ_NGO_00016_1,PRJ_NGO_00016_1_ITEM_1,Materials,Materials costs for project,kit,480.15,814,390842.1
PRJ_NGO_00016_1,PRJ_NGO_00016_1_ITEM_2,Staff,Staff costs for project,person-month,32541.09,7,227787.63
PRJ_NGO_00016_1,PRJ_NGO_00016_1_ITEM_3,Transport,Transport costs for project,trip,149322.65,4,597290.6
PRJ_NGO_00016_1,PRJ_NGO_00016_1_ITEM_4,Admin,Admin costs for project,lump-sum,412485.3,1,412485.3
PRJ_NGO_00016_1,PRJ_NGO_00016_1_ITEM_5,Contingency,Contingency costs for project,lump-sum,993791.86,1,993791.86
PRJ_NGO_00017_2,PRJ_NGO_00017_2_ITEM_1,Materials,Materials costs for project,kit,337.99,1257,424853.43
PRJ_NGO_00017_2,PRJ_NGO_00017_2_ITEM_2,Staff,Staff costs for project,person-month,40751.29,12,489015.48
PRJ_NGO_00017_2,PRJ_NGO_00017_2_ITEM_3,Transport,Transport costs for project,trip,239396.5,6,1436379.0
PRJ_NGO_00017_2,PRJ_NGO_00017_2_ITEM_4,Admin,Admin costs for project,lump-sum,444171.14,1,444171.14
PRJ_NGO_00017_2,PRJ_NGO_00017_2_ITEM_5,Contingency,Contingency costs for project,lump-sum,759076.7,1,759076.7
PRJ_NGO_00017_1,PRJ_NGO_00017_1_ITEM_1,Materials,Materials costs for project,kit,68.3,807,55118.1
PRJ_NGO_00017_1,PRJ_NGO_00017_1_ITEM_2,Staff,Staff costs for project,person-month,61878.59,5,309392.94999999995
PRJ_NGO_00017_1,PRJ_NGO_00017_1_ITEM_3,Transport,Transport costs for project,trip,56227.0,4,224908.0
PRJ_NGO_00017_1,PRJ_NGO_00017_1_ITEM_4,Admin,Admin costs for project,lump-sum,233631.9,1,233631.9
PRJ_NGO_00017_1,PRJ_NGO_00017_1_ITEM_5,Contingency,Contingency costs for project,lump-sum,245648.31,1,245648.31
PRJ_NGO_00018_3,PRJ_NGO_00018_3_ITEM_1,Materials,Materials costs for project,kit,725.72,4596,3335409.12
PRJ_NGO_00018_3,PRJ_NGO_00018_3_ITEM_2,Labor,Labor costs for project,person-month,28734.78,10,287347.8
PRJ_NGO_00018_3,PRJ_NGO_00018_3_ITEM_3,Transport,Transport costs for project,trip,59113.25,22,1300491.5
PRJ_NGO_00018_3,PRJ_NGO_00018_3_ITEM_4,Admin,Admin costs for project,lump-sum,7421019.98,1,7421019.98
PRJ_NGO_00018_3,PRJ_NGO_00018_3_ITEM_5,Contingency,Contingency costs for project,lump-sum,6205910.94,1,6205910.94
PRJ_NGO_00018_2,PRJ_NGO_00018_2_ITEM_1,Materials,Materials costs for project,kit,1014.96,1962,1991351.52
PRJ_NGO_00018_2,PRJ_NGO_00018_2_ITEM_2,Labor,Labor costs for project,person-month,339782.87,10,3397828.7
PRJ_NGO_00018_2,PRJ_NGO_00018_2_ITEM_3,Transport,Transport costs for project,trip,107902.1,9,971118.9
PRJ_NGO_00018_2,PRJ_NGO_00018_2_ITEM_4,Admin,Admin costs for project,lump-sum,900162.61,1,900162.61
PRJ_NGO_00018_2,PRJ_NGO_00018_2_ITEM_5,Contingency,Contingency costs for project,lump-sum,803042.57,1,803042.57
PRJ_NGO_00018_1,PRJ_NGO_00018_1_ITEM_1,Materials,Materials costs for project,kit,56.72,2727,154675.44
PRJ_NGO_00018_1,PRJ_NGO_00018_1_ITEM_2,Labor,Labor costs for project,person-month,169283.17,10,1692831.7000000002
PRJ_NGO_00018_1,PRJ_NGO_00018_1_ITEM_3,Transport,Transport costs for project,trip,234937.02,13,3054181.26
PRJ_NGO_00018_1,PRJ_NGO_00018_1_ITEM_4,Admin,Admin costs for project,lump-sum,758998.03,1,758998.03
PRJ_NGO_00018_1,PRJ_NGO_00018_1_ITEM_5,Contingency,Contingency costs for project,lump-sum,5141008.32,1,5141008.32
PRJ_NGO_00019_5,PRJ_NGO_00019_5_ITEM_1,Materials,Materials costs for project,kit,194.57,1198,233094.86
PRJ_NGO_00019_5,PRJ_NGO_00019_5_ITEM_2,Staff,Staff costs for project,person-month,39624.03,7,277368.20999999996
PRJ_NGO_00019_5,PRJ_NGO_00019_5_ITEM_3,Transport,Transport costs for project,trip,43545.33,5,217726.65000000002
PRJ_NGO_00019_5,PRJ_NGO_00019_5_ITEM_4,Admin,Admin costs for project,lump-sum,395202.0,1,395202.0
PRJ_NGO_00019_5,PRJ_NGO_00019_5_ITEM_5,Contingency,Contingency costs for project,lump-sum,143506.98,1,143506.98
PRJ_NGO_00019_4,PRJ_NGO_00019_4_ITEM_1,Materials,Materials costs for project,kit,189.71,2797,530618.87
PRJ_NGO_00019_4,PRJ_NGO_00019_4_ITEM_2,Staff,Staff costs for project,person-month,31072.37,6,186434.22
PRJ_NGO_00019_4,PRJ_NGO_00019_4_ITEM_3,Transport,Transport costs for project,trip,37770.71,13,491019.23
PRJ_NGO_00019_4,PRJ_NGO_00019_4_ITEM_4,Admin,Admin costs for project,lump-sum,184635.07,1,184635.07
PRJ_NGO_00019_4,PRJ_NGO_00019_4_ITEM_5,Contingency,Contingency costs for project,lump-sum,1226197.85,1,1226197.85
PRJ_NGO_00019_3,PRJ_NGO_00019_3_ITEM_1,Materials,Materials costs for project,kit,206.98,4771,987501.58
PRJ_NGO_00019_3,PRJ_NGO_00019_3_ITEM_2,Staff,Staff costs for project,person-month,162061.38,6,972368.28
PRJ_NGO_00019_3,PRJ_NGO_00019_3_ITEM_3,Transport,Transport costs for project,trip,80666.95,23,1855339.8499999999
PRJ_NGO_00019_3,PRJ_NGO_00019_3_ITEM_4,Admin,Admin costs for project,lump-sum,288431.07,1,288431.07
PRJ_NGO_00019_3,PRJ_NGO_00019_3_ITEM_5,Contingency,Contingency costs for project,lump-sum,300741.35,1,300741.35
PRJ_NGO_00019_2,PRJ_NGO_00019_2_ITEM_1,Materials,Materials costs for project,kit,424.0,4567,1936408.0
PRJ_NGO_00019_2,PRJ_NGO_00019_2_ITEM_2,Staff,Staff costs for project,person-month,115353.89,5,576769.45
PRJ_NGO_00019_2,PRJ_NGO_00019_2_ITEM_3,Transport,Transport costs for project,trip,24189.85,22,532176.7
PRJ_NGO_00019_2,PRJ_NGO_00019_2_ITEM_4,Admin,Admin costs for project,lump-sum,10400.39,1,10400.39
PRJ_NGO_00019_2,PRJ_NGO_00019_2_ITEM_5,Contingency,Contingency costs for project,lump-sum,311767.39,1,311767.39
PRJ_NGO_00019_1,PRJ_NGO_00019_1_ITEM_1,Materials,Materials costs for project,kit,225.21,4449,1001959.29
PRJ_NGO_00019_1,PRJ_NGO_00019_1_ITEM_2,Staff,Staff costs for project,person-month,241802.77,3,725408.3099999999
PRJ_NGO_00019_1,PRJ_NGO_00019_1_ITEM_3,Transport,Transport costs for project,trip,10069.58,22,221530.76
PRJ_NGO_00019_1,PRJ_NGO_00019_1_ITEM_4,Admin,Admin costs for project,lump-sum,457785.83,1,457785.83
PRJ_NGO_00019_1,PRJ_NGO_00019_1_ITEM_5,Contingency,Contingency costs for project,lump-sum,202215.26,1,202215.26
PRJ_NGO_00020_4,PRJ_NGO_00020_4_ITEM_1,Food,Food costs for project,unit,25.98,37422,972223.56
PRJ_NGO_00020_4,PRJ_NGO_00020_4_ITEM_2,Transport,Transport costs for project,trip,53843.01,13,699959.13
PRJ_NGO_00020_4,PRJ_NGO_00020_4_ITEM_3,Staff,Staff costs for project,person-month,56726.0,7,397082.0
PRJ_NGO_00020_4,PRJ_NGO_00020_4_ITEM_4,Admin,Admin costs for project,lump-sum,1270481.11,1,1270481.11
PRJ_NGO_00020_4,PRJ_NGO_00020_4_ITEM_5,Contingency,Contingency costs for project,lump-sum,1084153.21,1,1084153.21
PRJ_NGO_00020_5,PRJ_NGO_00020_5_ITEM_1,Food,Food costs for project,unit,65.83,15184,999562.72
PRJ_NGO_00020_5,PRJ_NGO_00020_5_ITEM_2,Transport,Transport costs for project,trip,7563.17,5,37815.85
PRJ_NGO_00020_5,PRJ_NGO_00020_5_ITEM_3,Staff,Staff costs for project,person-month,32408.36,6,194450.16
PRJ_NGO_00020_5,PRJ_NGO_00020_5_ITEM_4,Admin,Admin costs for project,lump-sum,469268.3,1,469268.3
PRJ_NGO_00020_5,PRJ_NGO_00020_5_ITEM_5,Contingency,Contingency costs for project,lump-sum,236574.18,1,236574.18
PRJ_NGO_00020_3,PRJ_NGO_00020_3_ITEM_1,Food,Food costs for project,unit,73.4,28500,2091900.0000000002
PRJ_NGO_00020_3,PRJ_NGO_00020_3_ITEM_2,Transport,Transport costs for project,trip,27397.4,14,383563.60000000003
PRJ_NGO_00020_3,PRJ_NGO_00020_3_ITEM_3,Staff,Staff costs for project,person-month,26064.57,5,130322.85
PRJ_NGO_00020_3,PRJ_NGO_00020_3_ITEM_4,Admin,Admin costs for project,lump-sum,1697327.45,1,1697327.45
PRJ_NGO_00020_3,PRJ_NGO_00020_3_ITEM_5,Contingency,Contingency costs for project,lump-sum,55810.16,1,55810.16
PRJ_NGO_00020_2,PRJ_NGO_00020_2_ITEM_1,Food,Food costs for project,unit,16.46,79578,1309853.8800000001
PRJ_NGO_00020_2,PRJ_NGO_00020_2_ITEM_2,Transport,Transport costs for project,trip,44482.65,22,978618.3
PRJ_NGO_00020_2,PRJ_NGO_00020_2_ITEM_3,Staff,Staff costs for project,person-month,240137.2,9,2161234.8000000003
PRJ_NGO_00020_2,PRJ_NGO_00020_2_ITEM_4,Admin,Admin costs for project,lump-sum,3049178.85,1,3049178.85
PRJ_NGO_00020_2,PRJ_NGO_00020_2_ITEM_5,Contingency,Contingency costs for project,lump-sum,1504191.14,1,1504191.14
PRJ_NGO_00020_1,PRJ_NGO_00020_1_ITEM_1,Food,Food costs for project,unit,60.39,32571,1966962.69
PRJ_NGO_00020_1,PRJ_NGO_00020_1_ITEM_2,Transport,Transport costs for project,trip,3523.1,14,49323.4
PRJ_NGO_00020_1,PRJ_NGO_00020_1_ITEM_3,Staff,Staff costs for project,person-month,81701.32,5,408506.60000000003
PRJ_NGO_00020_1,PRJ_NGO_00020_1_ITEM_4,Admin,Admin costs for project,lump-sum,911487.09,1,911487.09
PRJ_NGO_00020_1,PRJ_NGO_00020_1_ITEM_5,Contingency,Contingency costs for project,lump-sum,497058.49,1,497058.49
PRJ_NGO_00021_6,PRJ_NGO_00021_6_ITEM_1,Materials,Materials costs for project,kit,155.32,1347,209216.03999999998
PRJ_NGO_00021_6,PRJ_NGO_00021_6_ITEM_2,Staff,Staff costs for project,person-month,51363.77,6,308182.62
PRJ_NGO_00021_6,PRJ_NGO_00021_6_ITEM_3,Transport,Transport costs for project,trip,113386.53,6,680319.1799999999
PRJ_NGO_00021_6,PRJ_NGO_00021_6_ITEM_4,Admin,Admin costs for project,lump-sum,566254.88,1,566254.88
PRJ_NGO_00021_6,PRJ_NGO_00021_6_ITEM_5,Contingency,Contingency costs for project,lump-sum,1760228.54,1,1760228.54
PRJ_NGO_00021_5,PRJ_NGO_00021_5_ITEM_1,Materials,Materials costs for project,kit,264.85,598,158380.30000000002
PRJ_NGO_00021_5,PRJ_NGO_00021_5_ITEM_2,Staff,Staff costs for project,person-month,49932.69,3,149798.07
PRJ_NGO_00021_5,PRJ_NGO_00021_5_ITEM_3,Transport,Transport costs for project,trip,65000.04,2,130000.08
PRJ_NGO_00021_5,PRJ_NGO_00021_5_ITEM_4,Admin,Admin costs for project,lump-sum,186821.95,1,186821.95
PRJ_NGO_00021_5,PRJ_NGO_00021_5_ITEM_5,Contingency,Contingency costs for project,lump-sum,395498.79,1,395498.79
PRJ_NGO_00021_4,PRJ_NGO_00021_4_ITEM_1,Materials,Materials costs for project,kit,143.79,3634,522532.86
PRJ_NGO_00021_4,PRJ_NGO_00021_4_ITEM_2,Staff,Staff costs for project,person-month,806184.37,4,3224737.48
PRJ_NGO_00021_4,PRJ_NGO_00021_4_ITEM_3,Transport,Transport costs for project,trip,1254.63,18,22583.340000000004
PRJ_NGO_00021_4,PRJ_NGO_00021_4_ITEM_4,Admin,Admin costs for project,lump-sum,4547968.89,1,4547968.89
PRJ_NGO_00021_4,PRJ_NGO_00021_4_ITEM_5,Contingency,Contingency costs for project,lump-sum,158169.59,1,158169.59
PRJ_NGO_00021_7,PRJ_NGO_00021_7_ITEM_1,Materials,Materials costs for project,kit,681.42,4930,3359400.5999999996
PRJ_NGO_00021_7,PRJ_NGO_00021_7_ITEM_2,Staff,Staff costs for project,person-month,1337064.05,12,16044768.600000001
PRJ_NGO_00021_7,PRJ_NGO_00021_7_ITEM_3,Transport,Transport costs for project,trip,195483.41,24,4691601.84
PRJ_NGO_00021_7,PRJ_NGO_00021_7_ITEM_4,Admin,Admin costs for project,lump-sum,347607.7,1,347607.7
PRJ_NGO_00021_7,PRJ_NGO_00021_7_ITEM_5,Contingency,Contingency costs for project,lump-sum,2005.44,1,2005.44
PRJ_NGO_00021_3,PRJ_NGO_00021_3_ITEM_1,Materials,Materials costs for project,kit,223.08,3035,677047.8
PRJ_NGO_00021_3,PRJ_NGO_00021_3_ITEM_2,Staff,Staff costs for project,person-month,589843.48,6,3539060.88
PRJ_NGO_00021_3,PRJ_NGO_00021_3_ITEM_3,Transport,Transport costs for project,trip,17362.97,15,260444.55000000002
PRJ_NGO_00021_3,PRJ_NGO_00021_3_ITEM_4,Admin,Admin costs for project,lump-sum,1860028.26,1,1860028.26
PRJ_NGO_00021_3,PRJ_NGO_00021_3_ITEM_5,Contingency,Contingency costs for project,lump-sum,3495022.0,1,3495022.0
PRJ_NGO_00021_2,PRJ_NGO_00021_2_ITEM_1,Materials,Materials costs for project,kit,48.64,2644,128604.16
PRJ_NGO_00021_2,PRJ_NGO_00021_2_ITEM_2,Staff,Staff costs for project,person-month,67214.52,3,201643.56
PRJ_NGO_00021_2,PRJ_NGO_00021_2_ITEM_3,Transport,Transport costs for project,trip,230136.33,13,2991772.29
PRJ_NGO_00021_2,PRJ_NGO_00021_2_ITEM_4,Admin,Admin costs for project,lump-sum,712817.21,1,712817.21
PRJ_NGO_00021_2,PRJ_NGO_00021_2_ITEM_5,Contingency,Contingency costs for project,lump-sum,426761.82,1,426761.82
PRJ_NGO_00021_1,PRJ_NGO_00021_1_ITEM_1,Materials,Materials costs for project,kit,820.29,1171,960559.59
PRJ_NGO_00021_1,PRJ_NGO_00021_1_ITEM_2,Staff,Staff costs for project,person-month,11247.56,5,56237.799999999996
PRJ_NGO_00021_1,PRJ_NGO_00021_1_ITEM_3,Transport,Transport costs for project,trip,159698.19,5,798490.95
PRJ_NGO_00021_1,PRJ_NGO_00021_1_ITEM_4,Admin,Admin costs for project,lump-sum,705176.71,1,705176.71
PRJ_NGO_00021_1,PRJ_NGO_00021_1_ITEM_5,Contingency,Contingency costs for project,lump-sum,233737.56,1,233737.56
PRJ_NGO_00022_5,PRJ_NGO_00022_5_ITEM_1,Materials,Materials costs for project,kit,159.76,4677,747197.5199999999
PRJ_NGO_00022_5,PRJ_NGO_00022_5_ITEM_2,Staff,Staff costs for project,person-month,338321.66,5,1691608.2999999998
PRJ_NGO_00022_5,PRJ_NGO_00022_5_ITEM_3,Transport,Transport costs for project,trip,129700.41,23,2983109.43
PRJ_NGO_00022_5,PRJ_NGO_00022_5_ITEM_4,Admin,Admin costs for project,lump-sum,3299735.66,1,3299735.66
PRJ_NGO_00022_5,PRJ_NGO_00022_5_ITEM_5,Contingency,Contingency costs for project,lump-sum,4644165.75,1,4644165.75
PRJ_NGO_00022_4,PRJ_NGO_00022_4_ITEM_1,Materials,Materials costs for project,kit,312.76,4202,1314217.52
PRJ_NGO_00022_4,PRJ_NGO_00022_4_ITEM_2,Staff,Staff costs for project,person-month,226136.38,8,1809091.04
PRJ_NGO_00022_4,PRJ_NGO_00022_4_ITEM_3,Transport,Transport costs for project,trip,420543.08,21,8831404.68
PRJ_NGO_00022_4,PRJ_NGO_00022_4_ITEM_4,Admin,Admin costs for project,lump-sum,1317092.28,1,1317092.28
PRJ_NGO_00022_4,PRJ_NGO_00022_4_ITEM_5,Contingency,Contingency costs for project,lump-sum,58887.78,1,58887.78
PRJ_NGO_00022_3,PRJ_NGO_00022_3_ITEM_1,Materials,Materials costs for project,kit,196.21,4867,954954.0700000001
PRJ_NGO_00022_3,PRJ_NGO_00022_3_ITEM_2,Staff,Staff costs for project,person-month,242042.9,6,1452257.4
PRJ_NGO_00022_3,PRJ_NGO_00022_3_ITEM_3,Transport,Transport costs for project,trip,60946.47,24,1462715.28
PRJ_NGO_00022_3,PRJ_NGO_00022_3_ITEM_4,Admin,Admin costs for project,lump-sum,4510618.91,1,4510618.91
PRJ_NGO_00022_3,PRJ_NGO_00022_3_ITEM_5,Contingency,Contingency costs for project,lump-sum,4067947.26,1,4067947.26
PRJ_NGO_00022_2,PRJ_NGO_00022_2_ITEM_1,Materials,Materials costs for project,kit,186.23,2336,435033.27999999997
PRJ_NGO_00022_2,PRJ_NGO_00022_2_ITEM_2,Staff,Staff costs for project,person-month,190707.71,5,953538.5499999999
PRJ_NGO_00022_2,PRJ_NGO_00022_2_ITEM_3,Transport,Transport costs for project,trip,44775.42,11,492529.62
PRJ_NGO_00022_2,PRJ_NGO_00022_2_ITEM_4,Admin,Admin costs for project,lump-sum,768528.05,1,768528.05
PRJ_NGO_00022_2,PRJ_NGO_00022_2_ITEM_5,Contingency,Contingency costs for project,lump-sum,2308173.76,1,2308173.76
PRJ_NGO_00022_1,PRJ_NGO_00022_1_ITEM_1,Materials,Materials costs for project,kit,1135.28,1864,2116161.92
PRJ_NGO_00022_1,PRJ_NGO_00022_1_ITEM_2,Staff,Staff costs for project,person-month,46975.28,10,469752.8
PRJ_NGO_00022_1,PRJ_NGO_00022_1_ITEM_3,Transport,Transport costs for project,trip,28519.94,9,256679.46
PRJ_NGO_00022_1,PRJ_NGO_00022_1_ITEM_4,Admin,Admin costs for project,lump-sum,4253723.63,1,4253723.63
PRJ_NGO_00022_1,PRJ_NGO_00022_1_ITEM_5,Contingency,Contingency costs for project,lump-sum,1614888.01,1,1614888.01
PRJ_NGO_00023_3,PRJ_NGO_00023_3_ITEM_1,Materials,Materials costs for project,kit,508.56,2409,1225121.04
PRJ_NGO_00023_3,PRJ_NGO_00023_3_ITEM_2,Labor,Labor costs for project,person-month,59690.25,10,596902.5
PRJ_NGO_00023_3,PRJ_NGO_00023_3_ITEM_3,Transport,Transport costs for project,trip,49891.77,12,598701.24
PRJ_NGO_00023_3,PRJ_NGO_00023_3_ITEM_4,Admin,Admin costs for project,lump-sum,4943282.0,1,4943282.0
PRJ_NGO_00023_3,PRJ_NGO_00023_3_ITEM_5,Contingency,Contingency costs for project,lump-sum,1702493.47,1,1702493.47
PRJ_NGO_00023_2,PRJ_NGO_00023_2_ITEM_1,Materials,Materials costs for project,kit,98.01,2794,273839.94
PRJ_NGO_00023_2,PRJ_NGO_00023_2_ITEM_2,Labor,Labor costs for project,person-month,156783.35,5,783916.75
PRJ_NGO_00023_2,PRJ_NGO_00023_2_ITEM_3,Transport,Transport costs for project,trip,142653.07,13,1854489.9100000001
PRJ_NGO_00023_2,PRJ_NGO_00023_2_ITEM_4,Admin,Admin costs for project,lump-sum,1762323.66,1,1762323.66
PRJ_NGO_00023_2,PRJ_NGO_00023_2_ITEM_5,Contingency,Contingency costs for project,lump-sum,814031.11,1,814031.11
PRJ_NGO_00023_1,PRJ_NGO_00023_1_ITEM_1,Materials,Materials costs for project,kit,773.24,2619,2025115.56
PRJ_NGO_00023_1,PRJ_NGO_00023_1_ITEM_2,Labor,Labor costs for project,person-month,112818.4,9,1015365.6
PRJ_NGO_00023_1,PRJ_NGO_00023_1_ITEM_3,Transport,Transport costs for project,trip,305151.75,13,3966972.75
PRJ_NGO_00023_1,PRJ_NGO_00023_1_ITEM_4,Admin,Admin costs for project,lump-sum,797207.34,1,797207.34
PRJ_NGO_00023_1,PRJ_NGO_00023_1_ITEM_5,Contingency,Contingency costs for project,lump-sum,1363151.29,1,1363151.29
PRJ_NGO_00024_2,PRJ_NGO_00024_2_ITEM_1,Materials,Materials costs for project,kit,247.67,1007,249403.68999999997
PRJ_NGO_00024_2,PRJ_NGO_00024_2_ITEM_2,Staff,Staff costs for project,person-month,121095.06,4,484380.24
PRJ_NGO_00024_2,PRJ_NGO_00024_2_ITEM_3,Transport,Transport costs for project,trip,26332.03,5,131660.15
PRJ_NGO_00024_2,PRJ_NGO_00024_2_ITEM_4,Admin,Admin costs for project,lump-sum,805963.34,1,805963.34
PRJ_NGO_00024_2,PRJ_NGO_00024_2_ITEM_5,Contingency,Contingency costs for project,lump-sum,1558689.09,1,1558689.09
PRJ_NGO_00024_1,PRJ_NGO_00024_1_ITEM_1,Materials,Materials costs for project,kit,162.96,562,91583.52
PRJ_NGO_00024_1,PRJ_NGO_00024_1_ITEM_2,Staff,Staff costs for project,person-month,722.02,8,5776.16
PRJ_NGO_00024_1,PRJ_NGO_00024_1_ITEM_3,Transport,Transport costs for project,trip,352402.8,2,704805.6
PRJ_NGO_00024_1,PRJ_NGO_00024_1_ITEM_4,Admin,Admin costs for project,lump-sum,1024108.16,1,1024108.16
PRJ_NGO_00024_1,PRJ_NGO_00024_1_ITEM_5,Contingency,Contingency costs for project,lump-sum,1718526.77,1,1718526.77
PRJ_NGO_00025_6,PRJ_NGO_00025_6_ITEM_1,Materials,Materials costs for project,kit,347.02,540,187390.8
PRJ_NGO_00025_6,PRJ_NGO_00025_6_ITEM_2,Staff,Staff costs for project,person-month,27301.66,8,218413.28
PRJ_NGO_00025_6,PRJ_NGO_00025_6_ITEM_3,Transport,Transport costs for project,trip,163044.23,2,326088.46
PRJ_NGO_00025_6,PRJ_NGO_00025_6_ITEM_4,Admin,Admin costs for project,lump-sum,176491.83,1,176491.83
PRJ_NGO_00025_6,PRJ_NGO_00025_6_ITEM_5,Contingency,Contingency costs for project,lump-sum,1197618.22,1,1197618.22
PRJ_NGO_00025_5,PRJ_NGO_00025_5_ITEM_1,Materials,Materials costs for project,kit,60.55,4833,292638.14999999997
PRJ_NGO_00025_5,PRJ_NGO_00025_5_ITEM_2,Staff,Staff costs for project,person-month,105584.06,5,527920.3
PRJ_NGO_00025_5,PRJ_NGO_00025_5_ITEM_3,Transport,Transport costs for project,trip,136387.13,24,3273291.12
PRJ_NGO_00025_5,PRJ_NGO_00025_5_ITEM_4,Admin,Admin costs for project,lump-sum,1358952.69,1,1358952.69
PRJ_NGO_00025_5,PRJ_NGO_00025_5_ITEM_5,Contingency,Contingency costs for project,lump-sum,7588486.39,1,7588486.39
PRJ_NGO_00025_4,PRJ_NGO_00025_4_ITEM_1,Materials,Materials costs for project,kit,1059.17,2006,2124695.02
PRJ_NGO_00025_4,PRJ_NGO_00025_4_ITEM_2,Staff,Staff costs for project,person-month,94931.35,12,1139176.2000000002
PRJ_NGO_00025_4,PRJ_NGO_00025_4_ITEM_3,Transport,Transport costs for project,trip,87976.42,10,879764.2
PRJ_NGO_00025_4,PRJ_NGO_00025_4_ITEM_4,Admin,Admin costs for project,lump-sum,4820737.86,1,4820737.86
PRJ_NGO_00025_4,PRJ_NGO_00025_4_ITEM_5,Contingency,Contingency costs for project,lump-sum,889632.92,1,889632.92
PRJ_NGO_00025_3,PRJ_NGO_00025_3_ITEM_1,Materials,Materials costs for project,kit,812.71,3551,2885933.21
PRJ_NGO_00025_3,PRJ_NGO_00025_3_ITEM_2,Staff,Staff costs for project,person-month,529801.74,11,5827819.14
PRJ_NGO_00025_3,PRJ_NGO_00025_3_ITEM_3,Transport,Transport costs for project,trip,386995.84,17,6578929.28
PRJ_NGO_00025_3,PRJ_NGO_00025_3_ITEM_4,Admin,Admin costs for project,lump-sum,2443892.41,1,2443892.41
PRJ_NGO_00025_3,PRJ_NGO_00025_3_ITEM_5,Contingency,Contingency costs for project,lump-sum,240412.83,1,240412.83
PRJ_NGO_00025_2,PRJ_NGO_00025_2_ITEM_1,Materials,Materials costs for project,kit,138.34,278,38458.520000000004
PRJ_NGO_00025_2,PRJ_NGO_00025_2_ITEM_2,Staff,Staff costs for project,person-month,15434.49,3,46303.47
PRJ_NGO_00025_2,PRJ_NGO_00025_2_ITEM_3,Transport,Transport costs for project,trip,52770.43,1,52770.43
PRJ_NGO_00025_2,PRJ_NGO_00025_2_ITEM_4,Admin,Admin costs for project,lump-sum,23268.37,1,23268.37
PRJ_NGO_00025_2,PRJ_NGO_00025_2_ITEM_5,Contingency,Contingency costs for project,lump-sum,358599.06,1,358599.06
PRJ_NGO_00025_1,PRJ_NGO_00025_1_ITEM_1,Materials,Materials costs for project,kit,902.34,1566,1413064.44
PRJ_NGO_00025_1,PRJ_NGO_00025_1_ITEM_2,Staff,Staff costs for project,person-month,19143.32,5,95716.6
PRJ_NGO_00025_1,PRJ_NGO_00025_1_ITEM_3,Transport,Transport costs for project,trip,12344.31,7,86410.17
PRJ_NGO_00025_1,PRJ_NGO_00025_1_ITEM_4,Admin,Admin costs for project,lump-sum,610009.26,1,610009.26
PRJ_NGO_00025_1,PRJ_NGO_00025_1_ITEM_5,Contingency,Contingency costs for project,lump-sum,1634797.02,1,1634797.02
PRJ_NGO_00026_2,PRJ_NGO_00026_2_ITEM_1,Materials,Materials costs for project,kit,32.84,2672,87748.48000000001
PRJ_NGO_00026_2,PRJ_NGO_00026_2_ITEM_2,Labor,Labor costs for project,person-month,272304.96,6,1633829.7600000002
PRJ_NGO_00026_2,PRJ_NGO_00026_2_ITEM_3,Transport,Transport costs for project,trip,83373.29,13,1083852.77
PRJ_NGO_00026_2,PRJ_NGO_00026_2_ITEM_4,Admin,Admin costs for project,lump-sum,1689975.95,1,1689975.95
PRJ_NGO_00026_2,PRJ_NGO_00026_2_ITEM_5,Contingency,Contingency costs for project,lump-sum,1750301.15,1,1750301.15
PRJ_NGO_00026_1,PRJ_NGO_00026_1_ITEM_1,Materials,Materials costs for project,kit,381.36,1494,569751.84
PRJ_NGO_00026_1,PRJ_NGO_00026_1_ITEM_2,Labor,Labor costs for project,person-month,129551.45,3,388654.35
PRJ_NGO_00026_1,PRJ_NGO_00026_1_ITEM_3,Transport,Transport costs for project,trip,122847.33,7,859931.31
PRJ_NGO_00026_1,PRJ_NGO_00026_1_ITEM_4,Admin,Admin costs for project,lump-sum,410867.6,1,410867.6
PRJ_NGO_00026_1,PRJ_NGO_00026_1_ITEM_5,Contingency,Contingency costs for project,lump-sum,349990.44,1,349990.44
PRJ_NGO_00027_4,PRJ_NGO_00027_4_ITEM_1,Food,Food costs for project,unit,22.32,28760,641923.2
PRJ_NGO_00027_4,PRJ_NGO_00027_4_ITEM_2,Transport,Transport costs for project,trip,85566.17,14,1197926.38
PRJ_NGO_00027_4,PRJ_NGO_00027_4_ITEM_3,Staff,Staff costs for project,person-month,59663.18,5,298315.9
PRJ_NGO_00027_4,PRJ_NGO_00027_4_ITEM_4,Admin,Admin costs for project,lump-sum,3672833.39,1,3672833.39
PRJ_NGO_00027_4,PRJ_NGO_00027_4_ITEM_5,Contingency,Contingency costs for project,lump-sum,1376903.81,1,1376903.81
PRJ_NGO_00027_3,PRJ_NGO_00027_3_ITEM_1,Food,Food costs for project,unit,10.34,33350,344839.0
PRJ_NGO_00027_3,PRJ_NGO_00027_3_ITEM_2,Transport,Transport costs for project,trip,349256.7,7,2444796.9
PRJ_NGO_00027_3,PRJ_NGO_00027_3_ITEM_3,Staff,Staff costs for project,person-month,230920.76,11,2540128.3600000003
PRJ_NGO_00027_3,PRJ_NGO_00027_3_ITEM_4,Admin,Admin costs for project,lump-sum,252671.56,1,252671.56
PRJ_NGO_00027_3,PRJ_NGO_00027_3_ITEM_5,Contingency,Contingency costs for project,lump-sum,1079944.65,1,1079944.65
PRJ_NGO_00027_2,PRJ_NGO_00027_2_ITEM_1,Food,Food costs for project,unit,26.14,30450,795963.0
PRJ_NGO_00027_2,PRJ_NGO_00027_2_ITEM_2,Transport,Transport costs for project,trip,22282.49,21,467932.29000000004
PRJ_NGO_00027_2,PRJ_NGO_00027_2_ITEM_3,Staff,Staff costs for project,person-month,228604.71,3,685814.13
PRJ_NGO_00027_2,PRJ_NGO_00027_2_ITEM_4,Admin,Admin costs for project,lump-sum,3182639.54,1,3182639.54
PRJ_NGO_00027_2,PRJ_NGO_00027_2_ITEM_5,Contingency,Contingency costs for project,lump-sum,1636851.52,1,1636851.52
PRJ_NGO_00027_1,PRJ_NGO_00027_1_ITEM_1,Food,Food costs for project,unit,18.15,7056,128066.4
PRJ_NGO_00027_1,PRJ_NGO_00027_1_ITEM_2,Transport,Transport costs for project,trip,84681.89,1,84681.89
PRJ_NGO_00027_1,PRJ_NGO_00027_1_ITEM_3,Staff,Staff costs for project,person-month,66200.04,10,662000.3999999999
PRJ_NGO_00027_1,PRJ_NGO_00027_1_ITEM_4,Admin,Admin costs for project,lump-sum,226406.98,1,226406.98
PRJ_NGO_00027_1,PRJ_NGO_00027_1_ITEM_5,Contingency,Contingency costs for project,lump-sum,443757.05,1,443757.05
PRJ_NGO_00028_3,PRJ_NGO_00028_3_ITEM_1,Food,Food costs for project,unit,20.99,13110,275178.89999999997
PRJ_NGO_00028_3,PRJ_NGO_00028_3_ITEM_2,Transport,Transport costs for project,trip,49296.75,3,147890.25
PRJ_NGO_00028_3,PRJ_NGO_00028_3_ITEM_3,Staff,Staff costs for project,person-month,77086.4,9,693777.6
PRJ_NGO_00028_3,PRJ_NGO_00028_3_ITEM_4,Admin,Admin costs for project,lump-sum,358111.02,1,358111.02
PRJ_NGO_00028_3,PRJ_NGO_00028_3_ITEM_5,Contingency,Contingency costs for project,lump-sum,512057.79,1,512057.79
PRJ_NGO_00028_2,PRJ_NGO_00028_2_ITEM_1,Food,Food costs for project,unit,42.71,1266,54070.86
PRJ_NGO_00028_2,PRJ_NGO_00028_2_ITEM_2,Transport,Transport costs for project,trip,73601.97,1,73601.97
PRJ_NGO_00028_2,PRJ_NGO_00028_2_ITEM_3,Staff,Staff costs for project,person-month,12145.67,3,36437.01
PRJ_NGO_00028_2,PRJ_NGO_00028_2_ITEM_4,Admin,Admin costs for project,lump-sum,27905.47,1,27905.47
PRJ_NGO_00028_2,PRJ_NGO_00028_2_ITEM_5,Contingency,Contingency costs for project,lump-sum,45487.59,1,45487.59
PRJ_NGO_00028_1,PRJ_NGO_00028_1_ITEM_1,Food,Food costs for project,unit,17.25,3276,56511.0
PRJ_NGO_00028_1,PRJ_NGO_00028_1_ITEM_2,Transport,Transport costs for project,trip,67845.4,1,67845.4
PRJ_NGO_00028_1,PRJ_NGO_00028_1_ITEM_3,Staff,Staff costs for project,person-month,38114.3,6,228685.80000000002
PRJ_NGO_00028_1,PRJ_NGO_00028_1_ITEM_4,Admin,Admin costs for project,lump-sum,67403.82,1,67403.82
PRJ_NGO_00028_1,PRJ_NGO_00028_1_ITEM_5,Contingency,Contingency costs for project,lump-sum,66367.73,1,66367.73
PRJ_NGO_00029_1,PRJ_NGO_00029_1_ITEM_1,Relief Kits,Relief Kits costs for project,unit,59.82,8784,525458.88
PRJ_NGO_00029_1,PRJ_NGO_00029_1_ITEM_2,Shelter,Shelter costs for project,family,3051.45,137,418048.64999999997
PRJ_NGO_00029_1,PRJ_NGO_00029_1_ITEM_3,Transport,Transport costs for project,trip,49235.8,2,98471.6
PRJ_NGO_00029_1,PRJ_NGO_00029_1_ITEM_4,Medical,Medical costs for project,kit,272.75,549,149739.75
PRJ_NGO_00029_1,PRJ_NGO_00029_1_ITEM_5,Staff,Staff costs for project,person-month,53848.99,8,430791.92
PRJ_NGO_00029_2,PRJ_NGO_00029_2_ITEM_1,Relief Kits,Relief Kits costs for project,unit,4.04,7938,32069.52
PRJ_NGO_00029_2,PRJ_NGO_00029_2_ITEM_2,Shelter,Shelter costs for project,family,3769.83,110,414681.3
PRJ_NGO_00029_2,PRJ_NGO_00029_2_ITEM_3,Transport,Transport costs for project,trip,30491.97,2,60983.94
PRJ_NGO_00029_2,PRJ_NGO_00029_2_ITEM_4,Medical,Medical costs for project,kit,1439.8,441,634951.7999999999
PRJ_NGO_00029_2,PRJ_NGO_00029_2_ITEM_5,Staff,Staff costs for project,person-month,23146.67,9,208320.02999999997
PRJ_NGO_00030_6,PRJ_NGO_00030_6_ITEM_1,Materials,Materials costs for project,kit,332.18,293,97328.74
PRJ_NGO_00030_6,PRJ_NGO_00030_6_ITEM_2,Staff,Staff costs for project,person-month,33.57,8,268.56
PRJ_NGO_00030_6,PRJ_NGO_00030_6_ITEM_3,Transport,Transport costs for project,trip,18008.03,1,18008.03
PRJ_NGO_00030_6,PRJ_NGO_00030_6_ITEM_4,Admin,Admin costs for project,lump-sum,220112.95,1,220112.95
PRJ_NGO_00030_6,PRJ_NGO_00030_6_ITEM_5,Contingency,Contingency costs for project,lump-sum,852681.76,1,852681.76
PRJ_NGO_00030_5,PRJ_NGO_00030_5_ITEM_1,Materials,Materials costs for project,kit,13.79,3041,41935.39
PRJ_NGO_00030_5,PRJ_NGO_00030_5_ITEM_2,Staff,Staff costs for project,person-month,387815.9,4,1551263.6
PRJ_NGO_00030_5,PRJ_NGO_00030_5_ITEM_3,Transport,Transport costs for project,trip,173011.26,15,2595168.9000000004
PRJ_NGO_00030_5,PRJ_NGO_00030_5_ITEM_4,Admin,Admin costs for project,lump-sum,497542.67,1,497542.67
PRJ_NGO_00030_5,PRJ_NGO_00030_5_ITEM_5,Contingency,Contingency costs for project,lump-sum,1551190.02,1,1551190.02
PRJ_NGO_00030_4,PRJ_NGO_00030_4_ITEM_1,Materials,Materials costs for project,kit,24.31,2009,48838.79
PRJ_NGO_00030_4,PRJ_NGO_00030_4_ITEM_2,Staff,Staff costs for project,person-month,48332.17,8,386657.36
PRJ_NGO_00030_4,PRJ_NGO_00030_4_ITEM_3,Transport,Transport costs for project,trip,85064.18,10,850641.7999999999
PRJ_NGO_00030_4,PRJ_NGO_00030_4_ITEM_4,Admin,Admin costs for project,lump-sum,1649586.33,1,1649586.33
PRJ_NGO_00030_4,PRJ_NGO_00030_4_ITEM_5,Contingency,Contingency costs for project,lump-sum,3685682.84,1,3685682.84
PRJ_NGO_00030_3,PRJ_NGO_00030_3_ITEM_1,Materials,Materials costs for project,kit,727.21,1655,1203532.55
PRJ_NGO_00030_3,PRJ_NGO_00030_3_ITEM_2,Staff,Staff costs for project,person-month,47017.22,7,329120.54000000004
PRJ_NGO_00030_3,PRJ_NGO_00030_3_ITEM_3,Transport,Transport costs for project,trip,62222.88,8,497783.04
PRJ_NGO_00030_3,PRJ_NGO_00030_3_ITEM_4,Admin,Admin costs for project,lump-sum,2777999.27,1,2777999.27
PRJ_NGO_00030_3,PRJ_NGO_00030_3_ITEM_5,Contingency,Contingency costs for project,lump-sum,548463.67,1,548463.67
PRJ_NGO_00030_2,PRJ_NGO_00030_2_ITEM_1,Materials,Materials costs for project,kit,281.82,3123,880123.86
PRJ_NGO_00030_2,PRJ_NGO_00030_2_ITEM_2,Staff,Staff costs for project,person-month,259015.16,11,2849166.7600000002
PRJ_NGO_00030_2,PRJ_NGO_00030_2_ITEM_3,Transport,Transport costs for project,trip,601576.21,15,9023643.149999999
PRJ_NGO_00030_2,PRJ_NGO_00030_2_ITEM_4,Admin,Admin costs for project,lump-sum,891776.81,1,891776.81
PRJ_NGO_00030_2,PRJ_NGO_00030_2_ITEM_5,Contingency,Contingency costs for project,lump-sum,1823795.7,1,1823795.7
PRJ_NGO_00030_1,PRJ_NGO_00030_1_ITEM_1,Materials,Materials costs for project,kit,1567.36,1490,2335366.4
PRJ_NGO_00030_1,PRJ_NGO_00030_1_ITEM_2,Staff,Staff costs for project,person-month,53027.43,8,424219.44
PRJ_NGO_00030_1,PRJ_NGO_00030_1_ITEM_3,Transport,Transport costs for project,trip,79784.62,7,558492.34
PRJ_NGO_00030_1,PRJ_NGO_00030_1_ITEM_4,Admin,Admin costs for project,lump-sum,738295.57,1,738295.57
PRJ_NGO_00030_1,PRJ_NGO_00030_1_ITEM_5,Contingency,Contingency costs for project,lump-sum,813020.41,1,813020.41
PRJ_NGO_00031_2,PRJ_NGO_00031_2_ITEM_1,Materials,Materials costs for project,kit,1151.84,4891,5633649.4399999995
PRJ_NGO_00031_2,PRJ_NGO_00031_2_ITEM_2,Staff,Staff costs for project,person-month,459532.59,11,5054858.49
PRJ_NGO_00031_2,PRJ_NGO_00031_2_ITEM_3,Transport,Transport costs for project,trip,95760.42,24,2298250.08
PRJ_NGO_00031_2,PRJ_NGO_00031_2_ITEM_4,Admin,Admin costs for project,lump-sum,10812071.99,1,10812071.99
PRJ_NGO_00031_2,PRJ_NGO_00031_2_ITEM_5,Contingency,Contingency costs for project,lump-sum,2395862.8,1,2395862.8
PRJ_NGO_00031_1,PRJ_NGO_00031_1_ITEM_1,Materials,Materials costs for project,kit,280.71,2063,579104.73
PRJ_NGO_00031_1,PRJ_NGO_00031_1_ITEM_2,Staff,Staff costs for project,person-month,233676.12,9,2103085.08
PRJ_NGO_00031_1,PRJ_NGO_00031_1_ITEM_3,Transport,Transport costs for project,trip,394935.81,10,3949358.1
PRJ_NGO_00031_1,PRJ_NGO_00031_1_ITEM_4,Admin,Admin costs for project,lump-sum,673077.99,1,673077.99
PRJ_NGO_00031_1,PRJ_NGO_00031_1_ITEM_5,Contingency,Contingency costs for project,lump-sum,1926068.23,1,1926068.23
PRJ_NGO_00032_1,PRJ_NGO_00032_1_ITEM_1,Food,Food costs for project,unit,18.53,50439,934634.67
PRJ_NGO_00032_1,PRJ_NGO_00032_1_ITEM_2,Transport,Transport costs for project,trip,5502.74,14,77038.36
PRJ_NGO_00032_1,PRJ_NGO_00032_1_ITEM_3,Staff,Staff costs for project,person-month,81328.81,8,650630.48
PRJ_NGO_00032_1,PRJ_NGO_00032_1_ITEM_4,Admin,Admin costs for project,lump-sum,2739026.94,1,2739026.94
PRJ_NGO_00032_1,PRJ_NGO_00032_1_ITEM_5,Contingency,Contingency costs for project,lump-sum,3287357.81,1,3287357.81
PRJ_NGO_00033_2,PRJ_NGO_00033_2_ITEM_1,Materials,Materials costs for project,kit,432.4,1038,448831.19999999995
PRJ_NGO_00033_2,PRJ_NGO_00033_2_ITEM_2,Staff,Staff costs for project,person-month,187397.52,9,1686577.68
PRJ_NGO_00033_2,PRJ_NGO_00033_2_ITEM_3,Transport,Transport costs for project,trip,190142.74,5,950713.7
PRJ_NGO_00033_2,PRJ_NGO_00033_2_ITEM_4,Admin,Admin costs for project,lump-sum,1573673.51,1,1573673.51
PRJ_NGO_00033_2,PRJ_NGO_00033_2_ITEM_5,Contingency,Contingency costs for project,lump-sum,66003.98,1,66003.98
PRJ_NGO_00033_3,PRJ_NGO_00033_3_ITEM_1,Materials,Materials costs for project,kit,357.66,1085,388061.10000000003
PRJ_NGO_00033_3,PRJ_NGO_00033_3_ITEM_2,Staff,Staff costs for project,person-month,76473.06,7,535311.4199999999
PRJ_NGO_00033_3,PRJ_NGO_00033_3_ITEM_3,Transport,Transport costs for project,trip,168798.67,5,843993.3500000001
PRJ_NGO_00033_3,PRJ_NGO_00033_3_ITEM_4,Admin,Admin costs for project,lump-sum,1351218.86,1,1351218.86
PRJ_NGO_00033_3,PRJ_NGO_00033_3_ITEM_5,Contingency,Contingency costs for project,lump-sum,1405920.25,1,1405920.25
PRJ_NGO_00033_1,PRJ_NGO_00033_1_ITEM_1,Materials,Materials costs for project,kit,527.83,2264,1195007.12
PRJ_NGO_00033_1,PRJ_NGO_00033_1_ITEM_2,Staff,Staff costs for project,person-month,37398.06,8,299184.48
PRJ_NGO_00033_1,PRJ_NGO_00033_1_ITEM_3,Transport,Transport costs for project,trip,562916.83,11,6192085.13
PRJ_NGO_00033_1,PRJ_NGO_00033_1_ITEM_4,Admin,Admin costs for project,lump-sum,898378.66,1,898378.66
PRJ_NGO_00033_1,PRJ_NGO_00033_1_ITEM_5,Contingency,Contingency costs for project,lump-sum,1720443.97,1,1720443.97
PRJ_NGO_00034_2,PRJ_NGO_00034_2_ITEM_1,Food,Food costs for project,unit,51.49,11010,566904.9
PRJ_NGO_00034_2,PRJ_NGO_00034_2_ITEM_2,Transport,Transport costs for project,trip,13036.99,3,39110.97
PRJ_NGO_00034_2,PRJ_NGO_00034_2_ITEM_3,Staff,Staff costs for project,person-month,34165.77,7,239160.38999999998
PRJ_NGO_00034_2,PRJ_NGO_00034_2_ITEM_4,Admin,Admin costs for project,lump-sum,142231.33,1,142231.33
PRJ_NGO_00034_2,PRJ_NGO_00034_2_ITEM_5,Contingency,Contingency costs for project,lump-sum,479568.43,1,479568.43
PRJ_NGO_00034_1,PRJ_NGO_00034_1_ITEM_1,Food,Food costs for project,unit,19.31,39260,758110.6
PRJ_NGO_00034_1,PRJ_NGO_00034_1_ITEM_2,Transport,Transport costs for project,trip,33160.06,15,497400.89999999997
PRJ_NGO_00034_1,PRJ_NGO_00034_1_ITEM_3,Staff,Staff costs for project,person-month,2557.55,6,15345.300000000001
PRJ_NGO_00034_1,PRJ_NGO_00034_1_ITEM_4,Admin,Admin costs for project,lump-sum,3107420.88,1,3107420.88
PRJ_NGO_00034_1,PRJ_NGO_00034_1_ITEM_5,Contingency,Contingency costs for project,lump-sum,131191.59,1,131191.59
PRJ_NGO_00035_4,PRJ_NGO_00035_4_ITEM_1,Food,Food costs for project,unit,16.38,57638,944110.44
PRJ_NGO_00035_4,PRJ_NGO_00035_4_ITEM_2,Transport,Transport costs for project,trip,17917.03,20,358340.6
PRJ_NGO_00035_4,PRJ_NGO_00035_4_ITEM_3,Staff,Staff costs for project,person-month,454653.97,7,3182577.79
PRJ_NGO_00035_4,PRJ_NGO_00035_4_ITEM_4,Admin,Admin costs for project,lump-sum,160836.86,1,160836.86
PRJ_NGO_00035_4,PRJ_NGO_00035_4_ITEM_5,Contingency,Contingency costs for project,lump-sum,2617444.75,1,2617444.75
PRJ_NGO_00035_3,PRJ_NGO_00035_3_ITEM_1,Food,Food costs for project,unit,77.74,45528,3539346.7199999997
PRJ_NGO_00035_3,PRJ_NGO_00035_3_ITEM_2,Transport,Transport costs for project,trip,16899.04,16,270384.64
PRJ_NGO_00035_3,PRJ_NGO_00035_3_ITEM_3,Staff,Staff costs for project,person-month,13647.08,7,95529.56
PRJ_NGO_00035_3,PRJ_NGO_00035_3_ITEM_4,Admin,Admin costs for project,lump-sum,909608.59,1,909608.59
PRJ_NGO_00035_3,PRJ_NGO_00035_3_ITEM_5,Contingency,Contingency costs for project,lump-sum,261731.23,1,261731.23
PRJ_NGO_00035_2,PRJ_NGO_00035_2_ITEM_1,Food,Food costs for project,unit,9.03,9331,84258.93
PRJ_NGO_00035_2,PRJ_NGO_00035_2_ITEM_2,Transport,Transport costs for project,trip,48451.86,6,290711.16000000003
PRJ_NGO_00035_2,PRJ_NGO_00035_2_ITEM_3,Staff,Staff costs for project,person-month,151798.83,3,455396.49
PRJ_NGO_00035_2,PRJ_NGO_00035_2_ITEM_4,Admin,Admin costs for project,lump-sum,199843.23,1,199843.23
PRJ_NGO_00035_2,PRJ_NGO_00035_2_ITEM_5,Contingency,Contingency costs for project,lump-sum,352997.06,1,352997.06
PRJ_NGO_00035_1,PRJ_NGO_00035_1_ITEM_1,Food,Food costs for project,unit,4.93,28380,139913.4
PRJ_NGO_00035_1,PRJ_NGO_00035_1_ITEM_2,Transport,Transport costs for project,trip,239113.9,12,2869366.8
PRJ_NGO_00035_1,PRJ_NGO_00035_1_ITEM_3,Staff,Staff costs for project,person-month,31563.47,5,157817.35
PRJ_NGO_00035_1,PRJ_NGO_00035_1_ITEM_4,Admin,Admin costs for project,lump-sum,136844.25,1,136844.25
PRJ_NGO_00035_1,PRJ_NGO_00035_1_ITEM_5,Contingency,Contingency costs for project,lump-sum,349898.75,1,349898.75
PRJ_NGO_00036_3,PRJ_NGO_00036_3_ITEM_1,Food,Food costs for project,unit,19.21,13896,266942.16000000003
PRJ_NGO_00036_3,PRJ_NGO_00036_3_ITEM_2,Transport,Transport costs for project,trip,9284.87,7,64994.090000000004
PRJ_NGO_00036_3,PRJ_NGO_00036_3_ITEM_3,Staff,Staff costs for project,person-month,229479.57,4,917918.28
PRJ_NGO_00036_3,PRJ_NGO_00036_3_ITEM_4,Admin,Admin costs for project,lump-sum,89858.15,1,89858.15
PRJ_NGO_00036_3,PRJ_NGO_00036_3_ITEM_5,Contingency,Contingency costs for project,lump-sum,764172.82,1,764172.82
PRJ_NGO_00036_2,PRJ_NGO_00036_2_ITEM_1,Food,Food costs for project,unit,46.18,38948,1798618.64
PRJ_NGO_00036_2,PRJ_NGO_00036_2_ITEM_2,Transport,Transport costs for project,trip,29266.25,14,409727.5
PRJ_NGO_00036_2,PRJ_NGO_00036_2_ITEM_3,Staff,Staff costs for project,person-month,269825.66,6,1618953.96
PRJ_NGO_00036_2,PRJ_NGO_00036_2_ITEM_4,Admin,Admin costs for project,lump-sum,1199431.68,1,1199431.68
PRJ_NGO_00036_2,PRJ_NGO_00036_2_ITEM_5,Contingency,Contingency costs for project,lump-sum,376144.04,1,376144.04
PRJ_NGO_00036_1,PRJ_NGO_00036_1_ITEM_1,Food,Food costs for project,unit,30.81,93725,2887667.25
PRJ_NGO_00036_1,PRJ_NGO_00036_1_ITEM_2,Transport,Transport costs for project,trip,99198.31,20,1983966.2
PRJ_NGO_00036_1,PRJ_NGO_00036_1_ITEM_3,Staff,Staff costs for project,person-month,51869.77,11,570567.47
PRJ_NGO_00036_1,PRJ_NGO_00036_1_ITEM_4,Admin,Admin costs for project,lump-sum,6399093.35,1,6399093.35
PRJ_NGO_00036_1,PRJ_NGO_00036_1_ITEM_5,Contingency,Contingency costs for project,lump-sum,1671375.88,1,1671375.88
PRJ_NGO_00037_1,PRJ_NGO_00037_1_ITEM_1,Materials,Materials costs for project,kit,1211.22,1286,1557628.92
PRJ_NGO_00037_1,PRJ_NGO_00037_1_ITEM_2,Staff,Staff costs for project,person-month,67228.94,7,470602.58
PRJ_NGO_00037_1,PRJ_NGO_00037_1_ITEM_3,Transport,Transport costs for project,trip,148746.32,6,892477.92
PRJ_NGO_00037_1,PRJ_NGO_00037_1_ITEM_4,Admin,Admin costs for project,lump-sum,236904.85,1,236904.85
PRJ_NGO_00037_1,PRJ_NGO_00037_1_ITEM_5,Contingency,Contingency costs for project,lump-sum,305890.29,1,305890.29
PRJ_NGO_00038_1,PRJ_NGO_00038_1_ITEM_1,Materials,Materials costs for project,kit,234.62,3212,753599.4400000001
PRJ_NGO_00038_1,PRJ_NGO_00038_1_ITEM_2,Staff,Staff costs for project,person-month,106878.21,10,1068782.1
PRJ_NGO_00038_1,PRJ_NGO_00038_1_ITEM_3,Transport,Transport costs for project,trip,134648.12,16,2154369.92
PRJ_NGO_00038_1,PRJ_NGO_00038_1_ITEM_4,Admin,Admin costs for project,lump-sum,367591.81,1,367591.81
PRJ_NGO_00038_1,PRJ_NGO_00038_1_ITEM_5,Contingency,Contingency costs for project,lump-sum,15572.74,1,15572.74
PRJ_NGO_00041_4,PRJ_NGO_00041_4_ITEM_1,Materials,Materials costs for project,kit,55.45,2216,122877.20000000001
PRJ_NGO_00041_4,PRJ_NGO_00041_4_ITEM_2,Staff,Staff costs for project,person-month,42681.47,3,128044.41
PRJ_NGO_00041_4,PRJ_NGO_00041_4_ITEM_3,Transport,Transport costs for project,trip,203302.02,11,2236322.2199999997
PRJ_NGO_00041_4,PRJ_NGO_00041_4_ITEM_4,Admin,Admin costs for project,lump-sum,250308.42,1,250308.42
PRJ_NGO_00041_4,PRJ_NGO_00041_4_ITEM_5,Contingency,Contingency costs for project,lump-sum,260947.05,1,260947.05
PRJ_NGO_00041_3,PRJ_NGO_00041_3_ITEM_1,Materials,Materials costs for project,kit,1749.79,1448,2533695.92
PRJ_NGO_00041_3,PRJ_NGO_00041_3_ITEM_2,Staff,Staff costs for project,person-month,105677.25,7,739740.75
PRJ_NGO_00041_3,PRJ_NGO_00041_3_ITEM_3,Transport,Transport costs for project,trip,57610.1,7,403270.7
PRJ_NGO_00041_3,PRJ_NGO_00041_3_ITEM_4,Admin,Admin costs for project,lump-sum,29483.74,1,29483.74
PRJ_NGO_00041_3,PRJ_NGO_00041_3_ITEM_5,Contingency,Contingency costs for project,lump-sum,92202.25,1,92202.25
PRJ_NGO_00041_2,PRJ_NGO_00041_2_ITEM_1,Materials,Materials costs for project,kit,300.4,771,231608.4
PRJ_NGO_00041_2,PRJ_NGO_00041_2_ITEM_2,Staff,Staff costs for project,person-month,36160.81,7,253125.66999999998
PRJ_NGO_00041_2,PRJ_NGO_00041_2_ITEM_3,Transport,Transport costs for project,trip,191018.28,3,573054.84
PRJ_NGO_00041_2,PRJ_NGO_00041_2_ITEM_4,Admin,Admin costs for project,lump-sum,855191.59,1,855191.59
PRJ_NGO_00041_2,PRJ_NGO_00041_2_ITEM_5,Contingency,Contingency costs for project,lump-sum,264719.83,1,264719.83
PRJ_NGO_00041_1,PRJ_NGO_00041_1_ITEM_1,Materials,Materials costs for project,kit,636.64,2910,1852622.4
PRJ_NGO_00041_1,PRJ_NGO_00041_1_ITEM_2,Staff,Staff costs for project,person-month,99821.91,12,1197862.92
PRJ_NGO_00041_1,PRJ_NGO_00041_1_ITEM_3,Transport,Transport costs for project,trip,271564.86,14,3801908.04
PRJ_NGO_00041_1,PRJ_NGO_00041_1_ITEM_4,Admin,Admin costs for project,lump-sum,1637209.03,1,1637209.03
PRJ_NGO_00041_1,PRJ_NGO_00041_1_ITEM_5,Contingency,Contingency costs for project,lump-sum,1495309.46,1,1495309.46
PRJ_NGO_00042_3,PRJ_NGO_00042_3_ITEM_1,Materials,Materials costs for project,kit,968.27,1520,1471770.4
PRJ_NGO_00042_3,PRJ_NGO_00042_3_ITEM_2,Staff,Staff costs for project,person-month,339339.46,6,2036036.7600000002
PRJ_NGO_00042_3,PRJ_NGO_00042_3_ITEM_3,Transport,Transport costs for project,trip,158777.6,7,1111443.2
PRJ_NGO_00042_3,PRJ_NGO_00042_3_ITEM_4,Admin,Admin costs for project,lump-sum,876387.06,1,876387.06
PRJ_NGO_00042_3,PRJ_NGO_00042_3_ITEM_5,Contingency,Contingency costs for project,lump-sum,2638060.88,1,2638060.88
PRJ_NGO_00042_2,PRJ_NGO_00042_2_ITEM_1,Materials,Materials costs for project,kit,267.12,3596,960563.52
PRJ_NGO_00042_2,PRJ_NGO_00042_2_ITEM_2,Staff,Staff costs for project,person-month,229168.67,4,916674.68
PRJ_NGO_00042_2,PRJ_NGO_00042_2_ITEM_3,Transport,Transport costs for project,trip,444119.19,17,7550026.23
PRJ_NGO_00042_2,PRJ_NGO_00042_2_ITEM_4,Admin,Admin costs for project,lump-sum,2738735.68,1,2738735.68
PRJ_NGO_00042_2,PRJ_NGO_00042_2_ITEM_5,Contingency,Contingency costs for project,lump-sum,1200682.19,1,1200682.19
PRJ_NGO_00042_1,PRJ_NGO_00042_1_ITEM_1,Materials,Materials costs for project,kit,527.11,2500,1317775.0
PRJ_NGO_00042_1,PRJ_NGO_00042_1_ITEM_2,Staff,Staff costs for project,person-month,534766.2,4,2139064.8
PRJ_NGO_00042_1,PRJ_NGO_00042_1_ITEM_3,Transport,Transport costs for project,trip,392059.81,12,4704717.72
PRJ_NGO_00042_1,PRJ_NGO_00042_1_ITEM_4,Admin,Admin costs for project,lump-sum,992909.02,1,992909.02
PRJ_NGO_00042_1,PRJ_NGO_00042_1_ITEM_5,Contingency,Contingency costs for project,lump-sum,68942.89,1,68942.89
PRJ_NGO_00043_3,PRJ_NGO_00043_3_ITEM_1,Materials,Materials costs for project,kit,152.83,4654,711270.8200000001
PRJ_NGO_00043_3,PRJ_NGO_00043_3_ITEM_2,Staff,Staff costs for project,person-month,21338.32,4,85353.28
PRJ_NGO_00043_3,PRJ_NGO_00043_3_ITEM_3,Transport,Transport costs for project,trip,147508.47,23,3392694.81
PRJ_NGO_00043_3,PRJ_NGO_00043_3_ITEM_4,Admin,Admin costs for project,lump-sum,155115.07,1,155115.07
PRJ_NGO_00043_3,PRJ_NGO_00043_3_ITEM_5,Contingency,Contingency costs for project,lump-sum,70862.98,1,70862.98
PRJ_NGO_00043_2,PRJ_NGO_00043_2_ITEM_1,Materials,Materials costs for project,kit,697.41,4919,3430559.79
PRJ_NGO_00043_2,PRJ_NGO_00043_2_ITEM_2,Staff,Staff costs for project,person-month,95137.17,9,856234.53
PRJ_NGO_00043_2,PRJ_NGO_00043_2_ITEM_3,Transport,Transport costs for project,trip,44611.27,24,1070670.48
PRJ_NGO_00043_2,PRJ_NGO_00043_2_ITEM_4,Admin,Admin costs for project,lump-sum,868574.6,1,868574.6
PRJ_NGO_00043_2,PRJ_NGO_00043_2_ITEM_5,Contingency,Contingency costs for project,lump-sum,3938777.25,1,3938777.25
PRJ_NGO_00043_1,PRJ_NGO_00043_1_ITEM_1,Materials,Materials costs for project,kit,391.05,555,217032.75
PRJ_NGO_00043_1,PRJ_NGO_00043_1_ITEM_2,Staff,Staff costs for project,person-month,17768.89,9,159920.01
PRJ_NGO_00043_1,PRJ_NGO_00043_1_ITEM_3,Transport,Transport costs for project,trip,14092.1,2,28184.2
PRJ_NGO_00043_1,PRJ_NGO_00043_1_ITEM_4,Admin,Admin costs for project,lump-sum,728455.22,1,728455.22
PRJ_NGO_00043_1,PRJ_NGO_00043_1_ITEM_5,Contingency,Contingency costs for project,lump-sum,65408.03,1,65408.03
PRJ_NGO_00044_6,PRJ_NGO_00044_6_ITEM_1,Materials,Materials costs for project,kit,416.6,4606,1918859.6
PRJ_NGO_00044_6,PRJ_NGO_00044_6_ITEM_2,Staff,Staff costs for project,person-month,3116.47,11,34281.17
PRJ_NGO_00044_6,PRJ_NGO_00044_6_ITEM_3,Transport,Transport costs for project,trip,61659.63,23,1418171.49
PRJ_NGO_00044_6,PRJ_NGO_00044_6_ITEM_4,Admin,Admin costs for project,lump-sum,389720.56,1,389720.56
PRJ_NGO_00044_6,PRJ_NGO_00044_6_ITEM_5,Contingency,Contingency costs for project,lump-sum,3009152.17,1,3009152.17
PRJ_NGO_00044_5,PRJ_NGO_00044_5_ITEM_1,Materials,Materials costs for project,kit,353.08,1072,378501.76
PRJ_NGO_00044_5,PRJ_NGO_00044_5_ITEM_2,Staff,Staff costs for project,person-month,3061.38,9,27552.420000000002
PRJ_NGO_00044_5,PRJ_NGO_00044_5_ITEM_3,Transport,Transport costs for project,trip,5787.06,5,28935.300000000003
PRJ_NGO_00044_5,PRJ_NGO_00044_5_ITEM_4,Admin,Admin costs for project,lump-sum,83873.06,1,83873.06
PRJ_NGO_00044_5,PRJ_NGO_00044_5_ITEM_5,Contingency,Contingency costs for project,lump-sum,746438.94,1,746438.94
PRJ_NGO_00044_4,PRJ_NGO_00044_4_ITEM_1,Materials,Materials costs for project,kit,126.95,1793,227621.35
PRJ_NGO_00044_4,PRJ_NGO_00044_4_ITEM_2,Staff,Staff costs for project,person-month,37347.21,6,224083.26
PRJ_NGO_00044_4,PRJ_NGO_00044_4_ITEM_3,Transport,Transport costs for project,trip,56484.66,8,451877.28
PRJ_NGO_00044_4,PRJ_NGO_00044_4_ITEM_4,Admin,Admin costs for project,lump-sum,311945.8,1,311945.8
PRJ_NGO_00044_4,PRJ_NGO_00044_4_ITEM_5,Contingency,Contingency costs for project,lump-sum,301573.95,1,301573.95
PRJ_NGO_00044_3,PRJ_NGO_00044_3_ITEM_1,Materials,Materials costs for project,kit,193.37,4702,909225.74
PRJ_NGO_00044_3,PRJ_NGO_00044_3_ITEM_2,Staff,Staff costs for project,person-month,100492.34,4,401969.36
PRJ_NGO_00044_3,PRJ_NGO_00044_3_ITEM_3,Transport,Transport costs for project,trip,27195.06,23,625486.38
PRJ_NGO_00044_3,PRJ_NGO_00044_3_ITEM_4,Admin,Admin costs for project,lump-sum,235581.6,1,235581.6
PRJ_NGO_00044_3,PRJ_NGO_00044_3_ITEM_5,Contingency,Contingency costs for project,lump-sum,357114.4,1,357114.4
PRJ_NGO_00044_2,PRJ_NGO_00044_2_ITEM_1,Materials,Materials costs for project,kit,177.15,3437,608864.55
PRJ_NGO_00044_2,PRJ_NGO_00044_2_ITEM_2,Staff,Staff costs for project,person-month,34945.02,9,314505.18
PRJ_NGO_00044_2,PRJ_NGO_00044_2_ITEM_3,Transport,Transport costs for project,trip,63543.31,17,1080236.27
PRJ_NGO_00044_2,PRJ_NGO_00044_2_ITEM_4,Admin,Admin costs for project,lump-sum,1492191.89,1,1492191.89
PRJ_NGO_00044_2,PRJ_NGO_00044_2_ITEM_5,Contingency,Contingency costs for project,lump-sum,115195.28,1,115195.28
PRJ_NGO_00044_1,PRJ_NGO_00044_1_ITEM_1,Materials,Materials costs for project,kit,280.56,3146,882641.76
PRJ_NGO_00044_1,PRJ_NGO_00044_1_ITEM_2,Staff,Staff costs for project,person-month,6570.2,5,32851.0
PRJ_NGO_00044_1,PRJ_NGO_00044_1_ITEM_3,Transport,Transport costs for project,trip,7535.26,15,113028.90000000001
PRJ_NGO_00044_1,PRJ_NGO_00044_1_ITEM_4,Admin,Admin costs for project,lump-sum,406547.65,1,406547.65
PRJ_NGO_00044_1,PRJ_NGO_00044_1_ITEM_5,Contingency,Contingency costs for project,lump-sum,927015.42,1,927015.42
PRJ_NGO_00046_7,PRJ_NGO_00046_7_ITEM_1,Food,Food costs for project,unit,64.47,90620,5842271.399999999
PRJ_NGO_00046_7,PRJ_NGO_00046_7_ITEM_2,Transport,Transport costs for project,trip,87746.24,19,1667178.56
PRJ_NGO_00046_7,PRJ_NGO_00046_7_ITEM_3,Staff,Staff costs for project,person-month,8600.37,11,94604.07
PRJ_NGO_00046_7,PRJ_NGO_00046_7_ITEM_4,Admin,Admin costs for project,lump-sum,2439985.12,1,2439985.12
PRJ_NGO_00046_7,PRJ_NGO_00046_7_ITEM_5,Contingency,Contingency costs for project,lump-sum,370501.59,1,370501.59
PRJ_NGO_00046_6,PRJ_NGO_00046_6_ITEM_1,Food,Food costs for project,unit,7.85,64432,505791.19999999995
PRJ_NGO_00046_6,PRJ_NGO_00046_6_ITEM_2,Transport,Transport costs for project,trip,9498.58,20,189971.6
PRJ_NGO_00046_6,PRJ_NGO_00046_6_ITEM_3,Staff,Staff costs for project,person-month,166394.65,8,1331157.2
PRJ_NGO_00046_6,PRJ_NGO_00046_6_ITEM_4,Admin,Admin costs for project,lump-sum,810464.42,1,810464.42
PRJ_NGO_00046_6,PRJ_NGO_00046_6_ITEM_5,Contingency,Contingency costs for project,lump-sum,4109227.58,1,4109227.58
PRJ_NGO_00046_5,PRJ_NGO_00046_5_ITEM_1,Food,Food costs for project,unit,57.64,18525,1067781.0
PRJ_NGO_00046_5,PRJ_NGO_00046_5_ITEM_2,Transport,Transport costs for project,trip,61774.88,6,370649.27999999997
PRJ_NGO_00046_5,PRJ_NGO_00046_5_ITEM_3,Staff,Staff costs for project,person-month,43746.66,7,306226.62
PRJ_NGO_00046_5,PRJ_NGO_00046_5_ITEM_4,Admin,Admin costs for project,lump-sum,606166.54,1,606166.54
PRJ_NGO_00046_5,PRJ_NGO_00046_5_ITEM_5,Contingency,Contingency costs for project,lump-sum,242651.21,1,242651.21
PRJ_NGO_00046_4,PRJ_NGO_00046_4_ITEM_1,Food,Food costs for project,unit,2.61,13248,34577.28
PRJ_NGO_00046_4,PRJ_NGO_00046_4_ITEM_2,Transport,Transport costs for project,trip,41914.38,7,293400.66
PRJ_NGO_00046_4,PRJ_NGO_00046_4_ITEM_3,Staff,Staff costs for project,person-month,48086.22,4,192344.88
PRJ_NGO_00046_4,PRJ_NGO_00046_4_ITEM_4,Admin,Admin costs for project,lump-sum,869529.57,1,869529.57
PRJ_NGO_00046_4,PRJ_NGO_00046_4_ITEM_5,Contingency,Contingency costs for project,lump-sum,703584.81,1,703584.81
PRJ_NGO_00046_3,PRJ_NGO_00046_3_ITEM_1,Food,Food costs for project,unit,4.39,37536,164783.03999999998
PRJ_NGO_00046_3,PRJ_NGO_00046_3_ITEM_2,Transport,Transport costs for project,trip,55358.73,23,1273250.79
PRJ_NGO_00046_3,PRJ_NGO_00046_3_ITEM_3,Staff,Staff costs for project,person-month,132023.71,4,528094.84
PRJ_NGO_00046_3,PRJ_NGO_00046_3_ITEM_4,Admin,Admin costs for project,lump-sum,1924951.36,1,1924951.36
PRJ_NGO_00046_3,PRJ_NGO_00046_3_ITEM_5,Contingency,Contingency costs for project,lump-sum,950590.49,1,950590.49
PRJ_NGO_00046_2,PRJ_NGO_00046_2_ITEM_1,Food,Food costs for project,unit,44.77,22610,1012249.7000000001
PRJ_NGO_00046_2,PRJ_NGO_00046_2_ITEM_2,Transport,Transport costs for project,trip,125919.88,11,1385118.6800000002
PRJ_NGO_00046_2,PRJ_NGO_00046_2_ITEM_3,Staff,Staff costs for project,person-month,44965.85,5,224829.25
PRJ_NGO_00046_2,PRJ_NGO_00046_2_ITEM_4,Admin,Admin costs for project,lump-sum,479722.02,1,479722.02
PRJ_NGO_00046_2,PRJ_NGO_00046_2_ITEM_5,Contingency,Contingency costs for project,lump-sum,75469.23,1,75469.23
PRJ_NGO_00046_1,PRJ_NGO_00046_1_ITEM_1,Food,Food costs for project,unit,9.39,69192,649712.88
PRJ_NGO_00046_1,PRJ_NGO_00046_1_ITEM_2,Transport,Transport costs for project,trip,28108.17,19,534055.23
PRJ_NGO_00046_1,PRJ_NGO_00046_1_ITEM_3,Staff,Staff costs for project,person-month,160325.07,9,1442925.6300000001
PRJ_NGO_00046_1,PRJ_NGO_00046_1_ITEM_4,Admin,Admin costs for project,lump-sum,2910454.17,1,2910454.17
PRJ_NGO_00046_1,PRJ_NGO_00046_1_ITEM_5,Contingency,Contingency costs for project,lump-sum,1970711.01,1,1970711.01
PRJ_NGO_00047_6,PRJ_NGO_00047_6_ITEM_1,Food,Food costs for project,unit,1.31,30260,39640.6
PRJ_NGO_00047_6,PRJ_NGO_00047_6_ITEM_2,Transport,Transport costs for project,trip,42009.94,8,336079.52
PRJ_NGO_00047_6,PRJ_NGO_00047_6_ITEM_3,Staff,Staff costs for project,person-month,216487.36,8,1731898.88
PRJ_NGO_00047_6,PRJ_NGO_00047_6_ITEM_4,Admin,Admin costs for project,lump-sum,1407690.39,1,1407690.39
PRJ_NGO_00047_6,PRJ_NGO_00047_6_ITEM_5,Contingency,Contingency costs for project,lump-sum,442288.43,1,442288.43
PRJ_NGO_00047_5,PRJ_NGO_00047_5_ITEM_1,Food,Food costs for project,unit,9.78,28290,276676.19999999995
PRJ_NGO_00047_5,PRJ_NGO_00047_5_ITEM_2,Transport,Transport costs for project,trip,190517.03,6,1143102.18
PRJ_NGO_00047_5,PRJ_NGO_00047_5_ITEM_3,Staff,Staff costs for project,person-month,50459.06,11,555049.6599999999
PRJ_NGO_00047_5,PRJ_NGO_00047_5_ITEM_4,Admin,Admin costs for project,lump-sum,688345.68,1,688345.68
PRJ_NGO_00047_5,PRJ_NGO_00047_5_ITEM_5,Contingency,Contingency costs for project,lump-sum,431234.68,1,431234.68
PRJ_NGO_00047_4,PRJ_NGO_00047_4_ITEM_1,Food,Food costs for project,unit,24.05,23776,571812.8
PRJ_NGO_00047_4,PRJ_NGO_00047_4_ITEM_2,Transport,Transport costs for project,trip,66813.04,14,935382.5599999999
PRJ_NGO_00047_4,PRJ_NGO_00047_4_ITEM_3,Staff,Staff costs for project,person-month,351737.54,4,1406950.16
PRJ_NGO_00047_4,PRJ_NGO_00047_4_ITEM_4,Admin,Admin costs for project,lump-sum,471284.54,1,471284.54
PRJ_NGO_00047_4,PRJ_NGO_00047_4_ITEM_5,Contingency,Contingency costs for project,lump-sum,216779.72,1,216779.72
PRJ_NGO_00047_3,PRJ_NGO_00047_3_ITEM_1,Food,Food costs for project,unit,4.89,28651,140103.38999999998
PRJ_NGO_00047_3,PRJ_NGO_00047_3_ITEM_2,Transport,Transport costs for project,trip,1613.76,20,32275.2
PRJ_NGO_00047_3,PRJ_NGO_00047_3_ITEM_3,Staff,Staff costs for project,person-month,912332.94,3,2736998.82
PRJ_NGO_00047_3,PRJ_NGO_00047_3_ITEM_4,Admin,Admin costs for project,lump-sum,1195883.11,1,1195883.11
PRJ_NGO_00047_3,PRJ_NGO_00047_3_ITEM_5,Contingency,Contingency costs for project,lump-sum,439480.73,1,439480.73
PRJ_NGO_00047_2,PRJ_NGO_00047_2_ITEM_1,Food,Food costs for project,unit,16.55,25136,416000.80000000005
PRJ_NGO_00047_2,PRJ_NGO_00047_2_ITEM_2,Transport,Transport costs for project,trip,117391.77,7,821742.39
PRJ_NGO_00047_2,PRJ_NGO_00047_2_ITEM_3,Staff,Staff costs for project,person-month,211310.14,8,1690481.12
PRJ_NGO_00047_2,PRJ_NGO_00047_2_ITEM_4,Admin,Admin costs for project,lump-sum,96262.14,1,96262.14
PRJ_NGO_00047_2,PRJ_NGO_00047_2_ITEM_5,Contingency,Contingency costs for project,lump-sum,394625.14,1,394625.14
PRJ_NGO_00047_1,PRJ_NGO_00047_1_ITEM_1,Food,Food costs for project,unit,18.29,47280,864751.2
PRJ_NGO_00047_1,PRJ_NGO_00047_1_ITEM_2,Transport,Transport costs for project,trip,168379.44,15,2525691.6
PRJ_NGO_00047_1,PRJ_NGO_00047_1_ITEM_3,Staff,Staff costs for project,person-month,110261.27,7,771828.89
PRJ_NGO_00047_1,PRJ_NGO_00047_1_ITEM_4,Admin,Admin costs for project,lump-sum,530548.27,1,530548.27
PRJ_NGO_00047_1,PRJ_NGO_00047_1_ITEM_5,Contingency,Contingency costs for project,lump-sum,626624.02,1,626624.02
PRJ_NGO_00048_5,PRJ_NGO_00048_5_ITEM_1,Materials,Materials costs for project,kit,77.43,1306,101123.58
PRJ_NGO_00048_5,PRJ_NGO_00048_5_ITEM_2,Labor,Labor costs for project,person-month,109534.61,3,328603.83
PRJ_NGO_00048_5,PRJ_NGO_00048_5_ITEM_3,Transport,Transport costs for project,trip,94583.14,6,567498.84
PRJ_NGO_00048_5,PRJ_NGO_00048_5_ITEM_4,Admin,Admin costs for project,lump-sum,88427.08,1,88427.08
PRJ_NGO_00048_5,PRJ_NGO_00048_5_ITEM_5,Contingency,Contingency costs for project,lump-sum,770546.98,1,770546.98
PRJ_NGO_00048_4,PRJ_NGO_00048_4_ITEM_1,Materials,Materials costs for project,kit,55.47,3906,216665.82
PRJ_NGO_00048_4,PRJ_NGO_00048_4_ITEM_2,Labor,Labor costs for project,person-month,137020.54,7,959143.78
PRJ_NGO_00048_4,PRJ_NGO_00048_4_ITEM_3,Transport,Transport costs for project,trip,18764.82,19,356531.58
PRJ_NGO_00048_4,PRJ_NGO_00048_4_ITEM_4,Admin,Admin costs for project,lump-sum,168397.6,1,168397.6
PRJ_NGO_00048_4,PRJ_NGO_00048_4_ITEM_5,Contingency,Contingency costs for project,lump-sum,7233570.18,1,7233570.18
PRJ_NGO_00048_3,PRJ_NGO_00048_3_ITEM_1,Materials,Materials costs for project,kit,346.69,2171,752663.99
PRJ_NGO_00048_3,PRJ_NGO_00048_3_ITEM_2,Labor,Labor costs for project,person-month,189836.65,9,1708529.8499999999
PRJ_NGO_00048_3,PRJ_NGO_00048_3_ITEM_3,Transport,Transport costs for project,trip,232964.0,10,2329640.0
PRJ_NGO_00048_3,PRJ_NGO_00048_3_ITEM_4,Admin,Admin costs for project,lump-sum,333450.96,1,333450.96
PRJ_NGO_00048_3,PRJ_NGO_00048_3_ITEM_5,Contingency,Contingency costs for project,lump-sum,816720.4,1,816720.4
PRJ_NGO_00048_2,PRJ_NGO_00048_2_ITEM_1,Materials,Materials costs for project,kit,317.89,2781,884052.09
PRJ_NGO_00048_2,PRJ_NGO_00048_2_ITEM_2,Labor,Labor costs for project,person-month,101141.61,10,1011416.1
PRJ_NGO_00048_2,PRJ_NGO_00048_2_ITEM_3,Transport,Transport costs for project,trip,137604.42,13,1788857.4600000002
PRJ_NGO_00048_2,PRJ_NGO_00048_2_ITEM_4,Admin,Admin costs for project,lump-sum,1100542.92,1,1100542.92
PRJ_NGO_00048_2,PRJ_NGO_00048_2_ITEM_5,Contingency,Contingency costs for project,lump-sum,4573341.46,1,4573341.46
PRJ_NGO_00048_1,PRJ_NGO_00048_1_ITEM_1,Materials,Materials costs for project,kit,415.27,3489,1448877.03
PRJ_NGO_00048_1,PRJ_NGO_00048_1_ITEM_2,Labor,Labor costs for project,person-month,210079.59,5,1050397.95
PRJ_NGO_00048_1,PRJ_NGO_00048_1_ITEM_3,Transport,Transport costs for project,trip,30651.98,17,521083.66
PRJ_NGO_00048_1,PRJ_NGO_00048_1_ITEM_4,Admin,Admin costs for project,lump-sum,2884674.9,1,2884674.9
PRJ_NGO_00048_1,PRJ_NGO_00048_1_ITEM_5,Contingency,Contingency costs for project,lump-sum,977361.72,1,977361.72
PRJ_NGO_00049_2,PRJ_NGO_00049_2_ITEM_1,Materials,Materials costs for project,kit,126.83,1822,231084.26
PRJ_NGO_00049_2,PRJ_NGO_00049_2_ITEM_2,Staff,Staff costs for project,person-month,156593.93,10,1565939.2999999998
PRJ_NGO_00049_2,PRJ_NGO_00049_2_ITEM_3,Transport,Transport costs for project,trip,3091.79,9,27826.11
PRJ_NGO_00049_2,PRJ_NGO_00049_2_ITEM_4,Admin,Admin costs for project,lump-sum,246938.21,1,246938.21
PRJ_NGO_00049_2,PRJ_NGO_00049_2_ITEM_5,Contingency,Contingency costs for project,lump-sum,434504.79,1,434504.79
PRJ_NGO_00049_3,PRJ_NGO_00049_3_ITEM_1,Materials,Materials costs for project,kit,473.18,2185,1033898.3
PRJ_NGO_00049_3,PRJ_NGO_00049_3_ITEM_2,Staff,Staff costs for project,person-month,90072.5,11,990797.5
PRJ_NGO_00049_3,PRJ_NGO_00049_3_ITEM_3,Transport,Transport costs for project,trip,24323.64,10,243236.4
PRJ_NGO_00049_3,PRJ_NGO_00049_3_ITEM_4,Admin,Admin costs for project,lump-sum,5549.36,1,5549.36
PRJ_NGO_00049_3,PRJ_NGO_00049_3_ITEM_5,Contingency,Contingency costs for project,lump-sum,827814.13,1,827814.13
PRJ_NGO_00049_1,PRJ_NGO_00049_1_ITEM_1,Materials,Materials costs for project,kit,377.84,3464,1308837.76
PRJ_NGO_00049_1,PRJ_NGO_00049_1_ITEM_2,Staff,Staff costs for project,person-month,19349.34,7,135445.38
PRJ_NGO_00049_1,PRJ_NGO_00049_1_ITEM_3,Transport,Transport costs for project,trip,61095.17,17,1038617.89
PRJ_NGO_00049_1,PRJ_NGO_00049_1_ITEM_4,Admin,Admin costs for project,lump-sum,301774.34,1,301774.34
PRJ_NGO_00049_1,PRJ_NGO_00049_1_ITEM_5,Contingency,Contingency costs for project,lump-sum,178219.33,1,178219.33
PRJ_NGO_00050_3,PRJ_NGO_00050_3_ITEM_1,Materials,Materials costs for project,kit,846.94,1331,1127277.1400000001
PRJ_NGO_00050_3,PRJ_NGO_00050_3_ITEM_2,Labor,Labor costs for project,person-month,134669.31,11,1481362.41
PRJ_NGO_00050_3,PRJ_NGO_00050_3_ITEM_3,Transport,Transport costs for project,trip,213148.86,6,1278893.16
PRJ_NGO_00050_3,PRJ_NGO_00050_3_ITEM_4,Admin,Admin costs for project,lump-sum,486401.16,1,486401.16
PRJ_NGO_00050_3,PRJ_NGO_00050_3_ITEM_5,Contingency,Contingency costs for project,lump-sum,1223164.32,1,1223164.32
PRJ_NGO_00050_2,PRJ_NGO_00050_2_ITEM_1,Materials,Materials costs for project,kit,403.77,2897,1169721.69
PRJ_NGO_00050_2,PRJ_NGO_00050_2_ITEM_2,Labor,Labor costs for project,person-month,153152.75,9,1378374.75
PRJ_NGO_00050_2,PRJ_NGO_00050_2_ITEM_3,Transport,Transport costs for project,trip,174223.77,14,2439132.78
PRJ_NGO_00050_2,PRJ_NGO_00050_2_ITEM_4,Admin,Admin costs for project,lump-sum,1732520.12,1,1732520.12
PRJ_NGO_00050_2,PRJ_NGO_00050_2_ITEM_5,Contingency,Contingency costs for project,lump-sum,1907957.11,1,1907957.11
PRJ_NGO_00050_1,PRJ_NGO_00050_1_ITEM_1,Materials,Materials costs for project,kit,553.97,3331,1845274.07
PRJ_NGO_00050_1,PRJ_NGO_00050_1_ITEM_2,Labor,Labor costs for project,person-month,103780.63,5,518903.15
PRJ_NGO_00050_1,PRJ_NGO_00050_1_ITEM_3,Transport,Transport costs for project,trip,52100.1,16,833601.6
PRJ_NGO_00050_1,PRJ_NGO_00050_1_ITEM_4,Admin,Admin costs for project,lump-sum,1164242.9,1,1164242.9
PRJ_NGO_00050_1,PRJ_NGO_00050_1_ITEM_5,Contingency,Contingency costs for project,lump-sum,2000175.91,1,2000175.91
PRJ_NGO_00051_4,PRJ_NGO_00051_4_ITEM_1,Materials,Materials costs for project,kit,452.22,3924,1774511.28
PRJ_NGO_00051_4,PRJ_NGO_00051_4_ITEM_2,Staff,Staff costs for project,person-month,734070.45,12,8808845.399999999
PRJ_NGO_00051_4,PRJ_NGO_00051_4_ITEM_3,Transport,Transport costs for project,trip,101894.68,19,1935998.92
PRJ_NGO_00051_4,PRJ_NGO_00051_4_ITEM_4,Admin,Admin costs for project,lump-sum,2383846.62,1,2383846.62
PRJ_NGO_00051_4,PRJ_NGO_00051_4_ITEM_5,Contingency,Contingency costs for project,lump-sum,3300984.72,1,3300984.72
PRJ_NGO_00051_5,PRJ_NGO_00051_5_ITEM_1,Materials,Materials costs for project,kit,42.84,947,40569.48
PRJ_NGO_00051_5,PRJ_NGO_00051_5_ITEM_2,Staff,Staff costs for project,person-month,150791.33,5,753956.6499999999
PRJ_NGO_00051_5,PRJ_NGO_00051_5_ITEM_3,Transport,Transport costs for project,trip,172391.23,4,689564.92
PRJ_NGO_00051_5,PRJ_NGO_00051_5_ITEM_4,Admin,Admin costs for project,lump-sum,1072963.8,1,1072963.8
PRJ_NGO_00051_5,PRJ_NGO_00051_5_ITEM_5,Contingency,Contingency costs for project,lump-sum,314740.51,1,314740.51
PRJ_NGO_00051_3,PRJ_NGO_00051_3_ITEM_1,Materials,Materials costs for project,kit,1611.66,3420,5511877.2
PRJ_NGO_00051_3,PRJ_NGO_00051_3_ITEM_2,Staff,Staff costs for project,person-month,155706.55,11,1712772.0499999998
PRJ_NGO_00051_3,PRJ_NGO_00051_3_ITEM_3,Transport,Transport costs for project,trip,8199.89,17,139398.13
PRJ_NGO_00051_3,PRJ_NGO_00051_3_ITEM_4,Admin,Admin costs for project,lump-sum,6450315.86,1,6450315.86
PRJ_NGO_00051_3,PRJ_NGO_00051_3_ITEM_5,Contingency,Contingency costs for project,lump-sum,1067120.86,1,1067120.86
PRJ_NGO_00051_2,PRJ_NGO_00051_2_ITEM_1,Materials,Materials costs for project,kit,207.56,3997,829617.3200000001
PRJ_NGO_00051_2,PRJ_NGO_00051_2_ITEM_2,Staff,Staff costs for project,person-month,1301437.6,11,14315813.600000001
PRJ_NGO_00051_2,PRJ_NGO_00051_2_ITEM_3,Transport,Transport costs for project,trip,25094.78,19,476800.81999999995
PRJ_NGO_00051_2,PRJ_NGO_00051_2_ITEM_4,Admin,Admin costs for project,lump-sum,267145.39,1,267145.39
PRJ_NGO_00051_2,PRJ_NGO_00051_2_ITEM_5,Contingency,Contingency costs for project,lump-sum,225025.63,1,225025.63
PRJ_NGO_00051_1,PRJ_NGO_00051_1_ITEM_1,Materials,Materials costs for project,kit,1274.15,1563,1991496.4500000002
PRJ_NGO_00051_1,PRJ_NGO_00051_1_ITEM_2,Staff,Staff costs for project,person-month,119165.59,7,834159.13
PRJ_NGO_00051_1,PRJ_NGO_00051_1_ITEM_3,Transport,Transport costs for project,trip,107977.27,7,755840.89
PRJ_NGO_00051_1,PRJ_NGO_00051_1_ITEM_4,Admin,Admin costs for project,lump-sum,1486139.31,1,1486139.31
PRJ_NGO_00051_1,PRJ_NGO_00051_1_ITEM_5,Contingency,Contingency costs for project,lump-sum,199667.84,1,199667.84
PRJ_NGO_00052_5,PRJ_NGO_00052_5_ITEM_1,Food,Food costs for project,unit,3.09,11325,34994.25
PRJ_NGO_00052_5,PRJ_NGO_00052_5_ITEM_2,Transport,Transport costs for project,trip,205521.29,3,616563.87
PRJ_NGO_00052_5,PRJ_NGO_00052_5_ITEM_3,Staff,Staff costs for project,person-month,75062.41,7,525436.87
PRJ_NGO_00052_5,PRJ_NGO_00052_5_ITEM_4,Admin,Admin costs for project,lump-sum,205326.11,1,205326.11
PRJ_NGO_00052_5,PRJ_NGO_00052_5_ITEM_5,Contingency,Contingency costs for project,lump-sum,606539.41,1,606539.41
PRJ_NGO_00052_4,PRJ_NGO_00052_4_ITEM_1,Food,Food costs for project,unit,3.33,21448,71421.84
PRJ_NGO_00052_4,PRJ_NGO_00052_4_ITEM_2,Transport,Transport costs for project,trip,48515.05,15,727725.75
PRJ_NGO_00052_4,PRJ_NGO_00052_4_ITEM_3,Staff,Staff costs for project,person-month,343146.5,3,1029439.5
PRJ_NGO_00052_4,PRJ_NGO_00052_4_ITEM_4,Admin,Admin costs for project,lump-sum,1668526.4,1,1668526.4
PRJ_NGO_00052_4,PRJ_NGO_00052_4_ITEM_5,Contingency,Contingency costs for project,lump-sum,774232.39,1,774232.39
PRJ_NGO_00052_3,PRJ_NGO_00052_3_ITEM_1,Food,Food costs for project,unit,35.06,36072,1264684.32
PRJ_NGO_00052_3,PRJ_NGO_00052_3_ITEM_2,Transport,Transport costs for project,trip,25891.9,20,517838.0
PRJ_NGO_00052_3,PRJ_NGO_00052_3_ITEM_3,Staff,Staff costs for project,person-month,413028.82,4,1652115.28
PRJ_NGO_00052_3,PRJ_NGO_00052_3_ITEM_4,Admin,Admin costs for project,lump-sum,203450.9,1,203450.9
PRJ_NGO_00052_3,PRJ_NGO_00052_3_ITEM_5,Contingency,Contingency costs for project,lump-sum,2931327.94,1,2931327.94
PRJ_NGO_00052_2,PRJ_NGO_00052_2_ITEM_1,Food,Food costs for project,unit,20.35,93148,1895561.8
PRJ_NGO_00052_2,PRJ_NGO_00052_2_ITEM_2,Transport,Transport costs for project,trip,15220.46,21,319629.66
PRJ_NGO_00052_2,PRJ_NGO_00052_2_ITEM_3,Staff,Staff costs for project,person-month,90800.02,11,998800.2200000001
PRJ_NGO_00052_2,PRJ_NGO_00052_2_ITEM_4,Admin,Admin costs for project,lump-sum,1741929.37,1,1741929.37
PRJ_NGO_00052_2,PRJ_NGO_00052_2_ITEM_5,Contingency,Contingency costs for project,lump-sum,9793689.92,1,9793689.92
PRJ_NGO_00052_1,PRJ_NGO_00052_1_ITEM_1,Food,Food costs for project,unit,21.99,41880,920941.2
PRJ_NGO_00052_1,PRJ_NGO_00052_1_ITEM_2,Transport,Transport costs for project,trip,98654.25,13,1282505.25
PRJ_NGO_00052_1,PRJ_NGO_00052_1_ITEM_3,Staff,Staff costs for project,person-month,540018.26,7,3780127.8200000003
PRJ_NGO_00052_1,PRJ_NGO_00052_1_ITEM_4,Admin,Admin costs for project,lump-sum,1119158.36,1,1119158.36
PRJ_NGO_00052_1,PRJ_NGO_00052_1_ITEM_5,Contingency,Contingency costs for project,lump-sum,62027.52,1,62027.52
PRJ_NGO_00053_7,PRJ_NGO_00053_7_ITEM_1,Materials,Materials costs for project,kit,362.83,640,232211.19999999998
PRJ_NGO_00053_7,PRJ_NGO_00053_7_ITEM_2,Staff,Staff costs for project,person-month,69554.31,4,278217.24
PRJ_NGO_00053_7,PRJ_NGO_00053_7_ITEM_3,Transport,Transport costs for project,trip,23578.69,3,70736.06999999999
PRJ_NGO_00053_7,PRJ_NGO_00053_7_ITEM_4,Admin,Admin costs for project,lump-sum,33173.45,1,33173.45
PRJ_NGO_00053_7,PRJ_NGO_00053_7_ITEM_5,Contingency,Contingency costs for project,lump-sum,152660.54,1,152660.54
PRJ_NGO_00053_5,PRJ_NGO_00053_5_ITEM_1,Materials,Materials costs for project,kit,900.42,2205,1985426.0999999999
PRJ_NGO_00053_5,PRJ_NGO_00053_5_ITEM_2,Staff,Staff costs for project,person-month,69874.61,7,489122.27
PRJ_NGO_00053_5,PRJ_NGO_00053_5_ITEM_3,Transport,Transport costs for project,trip,59408.33,11,653491.63
PRJ_NGO_00053_5,PRJ_NGO_00053_5_ITEM_4,Admin,Admin costs for project,lump-sum,472096.2,1,472096.2
PRJ_NGO_00053_5,PRJ_NGO_00053_5_ITEM_5,Contingency,Contingency costs for project,lump-sum,135461.17,1,135461.17
PRJ_NGO_00053_6,PRJ_NGO_00053_6_ITEM_1,Materials,Materials costs for project,kit,219.45,615,134961.75
PRJ_NGO_00053_6,PRJ_NGO_00053_6_ITEM_2,Staff,Staff costs for project,person-month,37542.02,11,412962.22
PRJ_NGO_00053_6,PRJ_NGO_00053_6_ITEM_3,Transport,Transport costs for project,trip,16850.6,3,50551.799999999996
PRJ_NGO_00053_6,PRJ_NGO_00053_6_ITEM_4,Admin,Admin costs for project,lump-sum,7975.99,1,7975.99
PRJ_NGO_00053_6,PRJ_NGO_00053_6_ITEM_5,Contingency,Contingency costs for project,lump-sum,1072647.01,1,1072647.01
PRJ_NGO_00053_4,PRJ_NGO_00053_4_ITEM_1,Materials,Materials costs for project,kit,167.17,1038,173522.46
PRJ_NGO_00053_4,PRJ_NGO_00053_4_ITEM_2,Staff,Staff costs for project,person-month,146254.76,11,1608802.36
PRJ_NGO_00053_4,PRJ_NGO_00053_4_ITEM_3,Transport,Transport costs for project,trip,62223.42,5,311117.1
PRJ_NGO_00053_4,PRJ_NGO_00053_4_ITEM_4,Admin,Admin costs for project,lump-sum,286646.59,1,286646.59
PRJ_NGO_00053_4,PRJ_NGO_00053_4_ITEM_5,Contingency,Contingency costs for project,lump-sum,367107.43,1,367107.43
PRJ_NGO_00053_3,PRJ_NGO_00053_3_ITEM_1,Materials,Materials costs for project,kit,145.54,1423,207103.41999999998
PRJ_NGO_00053_3,PRJ_NGO_00053_3_ITEM_2,Staff,Staff costs for project,person-month,196676.82,4,786707.28
PRJ_NGO_00053_3,PRJ_NGO_00053_3_ITEM_3,Transport,Transport costs for project,trip,18528.46,7,129699.22
PRJ_NGO_00053_3,PRJ_NGO_00053_3_ITEM_4,Admin,Admin costs for project,lump-sum,39553.63,1,39553.63
PRJ_NGO_00053_3,PRJ_NGO_00053_3_ITEM_5,Contingency,Contingency costs for project,lump-sum,468338.52,1,468338.52
PRJ_NGO_00053_2,PRJ_NGO_00053_2_ITEM_1,Materials,Materials costs for project,kit,346.2,1842,637700.4
PRJ_NGO_00053_2,PRJ_NGO_00053_2_ITEM_2,Staff,Staff costs for project,person-month,3288.04,6,19728.239999999998
PRJ_NGO_00053_2,PRJ_NGO_00053_2_ITEM_3,Transport,Transport costs for project,trip,70334.66,9,633011.9400000001
PRJ_NGO_00053_2,PRJ_NGO_00053_2_ITEM_4,Admin,Admin costs for project,lump-sum,924845.39,1,924845.39
PRJ_NGO_00053_2,PRJ_NGO_00053_2_ITEM_5,Contingency,Contingency costs for project,lump-sum,211608.69,1,211608.69
PRJ_NGO_00053_1,PRJ_NGO_00053_1_ITEM_1,Materials,Materials costs for project,kit,496.23,577,286324.71
PRJ_NGO_00053_1,PRJ_NGO_00053_1_ITEM_2,Staff,Staff costs for project,person-month,8744.0,8,69952.0
PRJ_NGO_00053_1,PRJ_NGO_00053_1_ITEM_3,Transport,Transport costs for project,trip,92545.84,2,185091.68
PRJ_NGO_00053_1,PRJ_NGO_00053_1_ITEM_4,Admin,Admin costs for project,lump-sum,611780.78,1,611780.78
PRJ_NGO_00053_1,PRJ_NGO_00053_1_ITEM_5,Contingency,Contingency costs for project,lump-sum,16953.71,1,16953.71
PRJ_NGO_00054_2,PRJ_NGO_00054_2_ITEM_1,Materials,Materials costs for project,kit,376.55,4186,1576238.3
PRJ_NGO_00054_2,PRJ_NGO_00054_2_ITEM_2,Staff,Staff costs for project,person-month,765247.01,4,3060988.04
PRJ_NGO_00054_2,PRJ_NGO_00054_2_ITEM_3,Transport,Transport costs for project,trip,6127.63,20,122552.6
PRJ_NGO_00054_2,PRJ_NGO_00054_2_ITEM_4,Admin,Admin costs for project,lump-sum,612975.73,1,612975.73
PRJ_NGO_00054_2,PRJ_NGO_00054_2_ITEM_5,Contingency,Contingency costs for project,lump-sum,248749.25,1,248749.25
PRJ_NGO_00054_1,PRJ_NGO_00054_1_ITEM_1,Materials,Materials costs for project,kit,644.31,3766,2426471.46
PRJ_NGO_00054_1,PRJ_NGO_00054_1_ITEM_2,Staff,Staff costs for project,person-month,483335.33,12,5800023.96
PRJ_NGO_00054_1,PRJ_NGO_00054_1_ITEM_3,Transport,Transport costs for project,trip,217165.12,18,3908972.16
PRJ_NGO_00054_1,PRJ_NGO_00054_1_ITEM_4,Admin,Admin costs for project,lump-sum,1918044.75,1,1918044.75
PRJ_NGO_00054_1,PRJ_NGO_00054_1_ITEM_5,Contingency,Contingency costs for project,lump-sum,778997.14,1,778997.14
PRJ_NGO_00055_6,PRJ_NGO_00055_6_ITEM_1,Food,Food costs for project,unit,63.98,10907,697829.86
PRJ_NGO_00055_6,PRJ_NGO_00055_6_ITEM_2,Transport,Transport costs for project,trip,13284.42,4,53137.68
PRJ_NGO_00055_6,PRJ_NGO_00055_6_ITEM_3,Staff,Staff costs for project,person-month,10448.7,6,62692.200000000004
PRJ_NGO_00055_6,PRJ_NGO_00055_6_ITEM_4,Admin,Admin costs for project,lump-sum,892.36,1,892.36
PRJ_NGO_00055_6,PRJ_NGO_00055_6_ITEM_5,Contingency,Contingency costs for project,lump-sum,769366.17,1,769366.17
PRJ_NGO_00055_7,PRJ_NGO_00055_7_ITEM_1,Food,Food costs for project,unit,28.82,92920,2677954.4
PRJ_NGO_00055_7,PRJ_NGO_00055_7_ITEM_2,Transport,Transport costs for project,trip,175366.75,20,3507335.0
PRJ_NGO_00055_7,PRJ_NGO_00055_7_ITEM_3,Staff,Staff costs for project,person-month,310161.89,11,3411780.79
PRJ_NGO_00055_7,PRJ_NGO_00055_7_ITEM_4,Admin,Admin costs for project,lump-sum,938920.37,1,938920.37
PRJ_NGO_00055_7,PRJ_NGO_00055_7_ITEM_5,Contingency,Contingency costs for project,lump-sum,1039676.47,1,1039676.47
PRJ_NGO_00055_4,PRJ_NGO_00055_4_ITEM_1,Food,Food costs for project,unit,37.67,23667,891535.89
PRJ_NGO_00055_4,PRJ_NGO_00055_4_ITEM_2,Transport,Transport costs for project,trip,136534.02,5,682670.1
PRJ_NGO_00055_4,PRJ_NGO_00055_4_ITEM_3,Staff,Staff costs for project,person-month,4447.69,10,44476.899999999994
PRJ_NGO_00055_4,PRJ_NGO_00055_4_ITEM_4,Admin,Admin costs for project,lump-sum,366566.58,1,366566.58
PRJ_NGO_00055_4,PRJ_NGO_00055_4_ITEM_5,Contingency,Contingency costs for project,lump-sum,1736735.55,1,1736735.55
PRJ_NGO_00055_3,PRJ_NGO_00055_3_ITEM_1,Food,Food costs for project,unit,14.97,31265,468037.05000000005
PRJ_NGO_00055_3,PRJ_NGO_00055_3_ITEM_2,Transport,Transport costs for project,trip,42612.7,12,511352.39999999997
PRJ_NGO_00055_3,PRJ_NGO_00055_3_ITEM_3,Staff,Staff costs for project,person-month,25860.19,6,155161.13999999998
PRJ_NGO_00055_3,PRJ_NGO_00055_3_ITEM_4,Admin,Admin costs for project,lump-sum,2037968.03,1,2037968.03
PRJ_NGO_00055_3,PRJ_NGO_00055_3_ITEM_5,Contingency,Contingency costs for project,lump-sum,1238334.42,1,1238334.42
PRJ_NGO_00055_5,PRJ_NGO_00055_5_ITEM_1,Food,Food costs for project,unit,42.17,88176,3718381.92
PRJ_NGO_00055_5,PRJ_NGO_00055_5_ITEM_2,Transport,Transport costs for project,trip,114556.11,20,2291122.2
PRJ_NGO_00055_5,PRJ_NGO_00055_5_ITEM_3,Staff,Staff costs for project,person-month,153323.57,11,1686559.27
PRJ_NGO_00055_5,PRJ_NGO_00055_5_ITEM_4,Admin,Admin costs for project,lump-sum,2733375.57,1,2733375.57
PRJ_NGO_00055_5,PRJ_NGO_00055_5_ITEM_5,Contingency,Contingency costs for project,lump-sum,865322.59,1,865322.59
PRJ_NGO_00055_2,PRJ_NGO_00055_2_ITEM_1,Food,Food costs for project,unit,17.68,29274,517564.32
PRJ_NGO_00055_2,PRJ_NGO_00055_2_ITEM_2,Transport,Transport costs for project,trip,11473.63,8,91789.04
PRJ_NGO_00055_2,PRJ_NGO_00055_2_ITEM_3,Staff,Staff costs for project,person-month,453750.07,8,3630000.56
PRJ_NGO_00055_2,PRJ_NGO_00055_2_ITEM_4,Admin,Admin costs for project,lump-sum,161658.56,1,161658.56
PRJ_NGO_00055_2,PRJ_NGO_00055_2_ITEM_5,Contingency,Contingency costs for project,lump-sum,97881.84,1,97881.84
PRJ_NGO_00055_1,PRJ_NGO_00055_1_ITEM_1,Food,Food costs for project,unit,49.14,31768,1561079.52
PRJ_NGO_00055_1,PRJ_NGO_00055_1_ITEM_2,Transport,Transport costs for project,trip,77772.47,8,622179.76
PRJ_NGO_00055_1,PRJ_NGO_00055_1_ITEM_3,Staff,Staff costs for project,person-month,114999.09,9,1034991.8099999999
PRJ_NGO_00055_1,PRJ_NGO_00055_1_ITEM_4,Admin,Admin costs for project,lump-sum,1390685.64,1,1390685.64
PRJ_NGO_00055_1,PRJ_NGO_00055_1_ITEM_5,Contingency,Contingency costs for project,lump-sum,548557.62,1,548557.62
PRJ_NGO_00056_1,PRJ_NGO_00056_1_ITEM_1,Materials,Materials costs for project,kit,171.0,2668,456228.0
PRJ_NGO_00056_1,PRJ_NGO_00056_1_ITEM_2,Staff,Staff costs for project,person-month,27639.83,9,248758.47000000003
PRJ_NGO_00056_1,PRJ_NGO_00056_1_ITEM_3,Transport,Transport costs for project,trip,98753.04,13,1283789.52
PRJ_NGO_00056_1,PRJ_NGO_00056_1_ITEM_4,Admin,Admin costs for project,lump-sum,572123.68,1,572123.68
PRJ_NGO_00056_1,PRJ_NGO_00056_1_ITEM_5,Contingency,Contingency costs for project,lump-sum,122491.84,1,122491.84
PRJ_NGO_00057_2,PRJ_NGO_00057_2_ITEM_1,Materials,Materials costs for project,kit,393.4,2368,931571.2
PRJ_NGO_00057_2,PRJ_NGO_00057_2_ITEM_2,Staff,Staff costs for project,person-month,95855.14,3,287565.42
PRJ_NGO_00057_2,PRJ_NGO_00057_2_ITEM_3,Transport,Transport costs for project,trip,149902.88,11,1648931.6800000002
PRJ_NGO_00057_2,PRJ_NGO_00057_2_ITEM_4,Admin,Admin costs for project,lump-sum,360873.79,1,360873.79
PRJ_NGO_00057_2,PRJ_NGO_00057_2_ITEM_5,Contingency,Contingency costs for project,lump-sum,942748.37,1,942748.37
PRJ_NGO_00057_1,PRJ_NGO_00057_1_ITEM_1,Materials,Materials costs for project,kit,658.0,1526,1004108.0
PRJ_NGO_00057_1,PRJ_NGO_00057_1_ITEM_2,Staff,Staff costs for project,person-month,136585.86,8,1092686.88
PRJ_NGO_00057_1,PRJ_NGO_00057_1_ITEM_3,Transport,Transport costs for project,trip,54456.19,7,381193.33
PRJ_NGO_00057_1,PRJ_NGO_00057_1_ITEM_4,Admin,Admin costs for project,lump-sum,998021.48,1,998021.48
PRJ_NGO_00057_1,PRJ_NGO_00057_1_ITEM_5,Contingency,Contingency costs for project,lump-sum,2506183.74,1,2506183.74
PRJ_NGO_00058_3,PRJ_NGO_00058_3_ITEM_1,Materials,Materials costs for project,kit,183.05,4595,841114.75
PRJ_NGO_00058_3,PRJ_NGO_00058_3_ITEM_2,Staff,Staff costs for project,person-month,109970.46,11,1209675.06
PRJ_NGO_00058_3,PRJ_NGO_00058_3_ITEM_3,Transport,Transport costs for project,trip,155161.79,22,3413559.3800000004
PRJ_NGO_00058_3,PRJ_NGO_00058_3_ITEM_4,Admin,Admin costs for project,lump-sum,647414.95,1,647414.95
PRJ_NGO_00058_3,PRJ_NGO_00058_3_ITEM_5,Contingency,Contingency costs for project,lump-sum,8582915.83,1,8582915.83
PRJ_NGO_00058_2,PRJ_NGO_00058_2_ITEM_1,Materials,Materials costs for project,kit,279.66,2979,833107.1400000001
PRJ_NGO_00058_2,PRJ_NGO_00058_2_ITEM_2,Staff,Staff costs for project,person-month,278600.64,3,835801.92
PRJ_NGO_00058_2,PRJ_NGO_00058_2_ITEM_3,Transport,Transport costs for project,trip,51429.05,14,720006.7000000001
PRJ_NGO_00058_2,PRJ_NGO_00058_2_ITEM_4,Admin,Admin costs for project,lump-sum,213555.7,1,213555.7
PRJ_NGO_00058_2,PRJ_NGO_00058_2_ITEM_5,Contingency,Contingency costs for project,lump-sum,349630.49,1,349630.49
PRJ_NGO_00058_1,PRJ_NGO_00058_1_ITEM_1,Materials,Materials costs for project,kit,305.57,3384,1034048.88
PRJ_NGO_00058_1,PRJ_NGO_00058_1_ITEM_2,Staff,Staff costs for project,person-month,185128.36,6,1110770.16
PRJ_NGO_00058_1,PRJ_NGO_00058_1_ITEM_3,Transport,Transport costs for project,trip,124885.41,16,1998166.56
PRJ_NGO_00058_1,PRJ_NGO_00058_1_ITEM_4,Admin,Admin costs for project,lump-sum,540878.4,1,540878.4
PRJ_NGO_00058_1,PRJ_NGO_00058_1_ITEM_5,Contingency,Contingency costs for project,lump-sum,874725.88,1,874725.88
PRJ_NGO_00059_1,PRJ_NGO_00059_1_ITEM_1,Materials,Materials costs for project,kit,884.29,4099,3624704.71
PRJ_NGO_00059_1,PRJ_NGO_00059_1_ITEM_2,Staff,Staff costs for project,person-month,424940.99,7,2974586.9299999997
PRJ_NGO_00059_1,PRJ_NGO_00059_1_ITEM_3,Transport,Transport costs for project,trip,18556.8,20,371136.0
PRJ_NGO_00059_1,PRJ_NGO_00059_1_ITEM_4,Admin,Admin costs for project,lump-sum,1143287.16,1,1143287.16
PRJ_NGO_00059_1,PRJ_NGO_00059_1_ITEM_5,Contingency,Contingency costs for project,lump-sum,257476.26,1,257476.26
PRJ_NGO_00060_3,PRJ_NGO_00060_3_ITEM_1,Materials,Materials costs for project,kit,38.62,562,21704.44
PRJ_NGO_00060_3,PRJ_NGO_00060_3_ITEM_2,Staff,Staff costs for project,person-month,6894.62,3,20683.86
PRJ_NGO_00060_3,PRJ_NGO_00060_3_ITEM_3,Transport,Transport costs for project,trip,28330.1,2,56660.2
PRJ_NGO_00060_3,PRJ_NGO_00060_3_ITEM_4,Admin,Admin costs for project,lump-sum,140153.7,1,140153.7
PRJ_NGO_00060_3,PRJ_NGO_00060_3_ITEM_5,Contingency,Contingency costs for project,lump-sum,33697.02,1,33697.02
PRJ_NGO_00060_2,PRJ_NGO_00060_2_ITEM_1,Materials,Materials costs for project,kit,325.72,2881,938399.3200000001
PRJ_NGO_00060_2,PRJ_NGO_00060_2_ITEM_2,Staff,Staff costs for project,person-month,115137.64,6,690825.84
PRJ_NGO_00060_2,PRJ_NGO_00060_2_ITEM_3,Transport,Transport costs for project,trip,16709.61,14,233934.54
PRJ_NGO_00060_2,PRJ_NGO_00060_2_ITEM_4,Admin,Admin costs for project,lump-sum,353302.93,1,353302.93
PRJ_NGO_00060_2,PRJ_NGO_00060_2_ITEM_5,Contingency,Contingency costs for project,lump-sum,297233.3,1,297233.3
PRJ_NGO_00060_1,PRJ_NGO_00060_1_ITEM_1,Materials,Materials costs for project,kit,523.67,4078,2135526.26
PRJ_NGO_00060_1,PRJ_NGO_00060_1_ITEM_2,Staff,Staff costs for project,person-month,107258.97,10,1072589.7
PRJ_NGO_00060_1,PRJ_NGO_00060_1_ITEM_3,Transport,Transport costs for project,trip,42549.33,20,850986.6000000001
PRJ_NGO_00060_1,PRJ_NGO_00060_1_ITEM_4,Admin,Admin costs for project,lump-sum,1090724.38,1,1090724.38
PRJ_NGO_00060_1,PRJ_NGO_00060_1_ITEM_5,Contingency,Contingency costs for project,lump-sum,1033358.1,1,1033358.1
PRJ_NGO_00061_7,PRJ_NGO_00061_7_ITEM_1,Relief Kits,Relief Kits costs for project,unit,10.04,10488,105299.51999999999
PRJ_NGO_00061_7,PRJ_NGO_00061_7_ITEM_2,Shelter,Shelter costs for project,family,19.94,437,8713.78
PRJ_NGO_00061_7,PRJ_NGO_00061_7_ITEM_3,Transport,Transport costs for project,trip,22535.96,8,180287.68
PRJ_NGO_00061_7,PRJ_NGO_00061_7_ITEM_4,Medical,Medical costs for project,kit,91.08,1748,159207.84
PRJ_NGO_00061_7,PRJ_NGO_00061_7_ITEM_5,Staff,Staff costs for project,person-month,708614.7,3,2125844.0999999996
PRJ_NGO_00061_6,PRJ_NGO_00061_6_ITEM_1,Relief Kits,Relief Kits costs for project,unit,42.99,57222,2459973.7800000003
PRJ_NGO_00061_6,PRJ_NGO_00061_6_ITEM_2,Shelter,Shelter costs for project,family,4011.14,650,2607241.0
PRJ_NGO_00061_6,PRJ_NGO_00061_6_ITEM_3,Transport,Transport costs for project,trip,246322.1,13,3202187.3000000003
PRJ_NGO_00061_6,PRJ_NGO_00061_6_ITEM_4,Medical,Medical costs for project,kit,1337.35,2601,3478447.3499999996
PRJ_NGO_00061_6,PRJ_NGO_00061_6_ITEM_5,Staff,Staff costs for project,person-month,46961.19,11,516573.09
PRJ_NGO_00061_5,PRJ_NGO_00061_5_ITEM_1,Relief Kits,Relief Kits costs for project,unit,33.08,12392,409927.36
PRJ_NGO_00061_5,PRJ_NGO_00061_5_ITEM_2,Shelter,Shelter costs for project,family,135.67,387,52504.28999999999
PRJ_NGO_00061_5,PRJ_NGO_00061_5_ITEM_3,Transport,Transport costs for project,trip,124.38,7,870.66
PRJ_NGO_00061_5,PRJ_NGO_00061_5_ITEM_4,Medical,Medical costs for project,kit,295.88,1549,458318.12
PRJ_NGO_00061_5,PRJ_NGO_00061_5_ITEM_5,Staff,Staff costs for project,person-month,628246.74,4,2512986.96
PRJ_NGO_00061_4,PRJ_NGO_00061_4_ITEM_1,Relief Kits,Relief Kits costs for project,unit,67.31,31600,2126996.0
PRJ_NGO_00061_4,PRJ_NGO_00061_4_ITEM_2,Shelter,Shelter costs for project,family,247.17,987,243956.78999999998
PRJ_NGO_00061_4,PRJ_NGO_00061_4_ITEM_3,Transport,Transport costs for project,trip,60371.27,19,1147054.13
PRJ_NGO_00061_4,PRJ_NGO_00061_4_ITEM_4,Medical,Medical costs for project,kit,170.6,3950,673870.0
PRJ_NGO_00061_4,PRJ_NGO_00061_4_ITEM_5,Staff,Staff costs for project,person-month,1071398.54,4,4285594.16
PRJ_NGO_00061_3,PRJ_NGO_00061_3_ITEM_1,Relief Kits,Relief Kits costs for project,unit,18.99,95865,1820476.3499999999
PRJ_NGO_00061_3,PRJ_NGO_00061_3_ITEM_2,Shelter,Shelter costs for project,family,4325.17,1141,4935018.97
PRJ_NGO_00061_3,PRJ_NGO_00061_3_ITEM_3,Transport,Transport costs for project,trip,119436.36,22,2627599.92
PRJ_NGO_00061_3,PRJ_NGO_00061_3_ITEM_4,Medical,Medical costs for project,kit,1073.86,4565,4902170.899999999
PRJ_NGO_00061_3,PRJ_NGO_00061_3_ITEM_5,Staff,Staff costs for project,person-month,455063.58,10,4550635.8
PRJ_NGO_00061_2,PRJ_NGO_00061_2_ITEM_1,Relief Kits,Relief Kits costs for project,unit,147.27,22778,3354516.06
PRJ_NGO_00061_2,PRJ_NGO_00061_2_ITEM_2,Shelter,Shelter costs for project,family,690.71,813,561547.23
PRJ_NGO_00061_2,PRJ_NGO_00061_2_ITEM_3,Transport,Transport costs for project,trip,40595.83,16,649533.28
PRJ_NGO_00061_2,PRJ_NGO_00061_2_ITEM_4,Medical,Medical costs for project,kit,303.7,3254,988239.7999999999
PRJ_NGO_00061_2,PRJ_NGO_00061_2_ITEM_5,Staff,Staff costs for project,person-month,377402.72,3,1132208.16
PRJ_NGO_00061_1,PRJ_NGO_00061_1_ITEM_1,Relief Kits,Relief Kits costs for project,unit,12.36,33900,419004.0
PRJ_NGO_00061_1,PRJ_NGO_00061_1_ITEM_2,Shelter,Shelter costs for project,family,2058.52,706,1453315.1199999999
PRJ_NGO_00061_1,PRJ_NGO_00061_1_ITEM_3,Transport,Transport costs for project,trip,172242.65,14,2411397.1
PRJ_NGO_00061_1,PRJ_NGO_00061_1_ITEM_4,Medical,Medical costs for project,kit,192.33,2825,543332.25
PRJ_NGO_00061_1,PRJ_NGO_00061_1_ITEM_5,Staff,Staff costs for project,person-month,648163.17,6,3888979.0200000005
PRJ_NGO_00062_4,PRJ_NGO_00062_4_ITEM_1,Materials,Materials costs for project,kit,725.33,1632,1183738.56
PRJ_NGO_00062_4,PRJ_NGO_00062_4_ITEM_2,Labor,Labor costs for project,person-month,156597.79,7,1096184.53
PRJ_NGO_00062_4,PRJ_NGO_00062_4_ITEM_3,Transport,Transport costs for project,trip,115626.53,8,925012.24
PRJ_NGO_00062_4,PRJ_NGO_00062_4_ITEM_4,Admin,Admin costs for project,lump-sum,707470.27,1,707470.27
PRJ_NGO_00062_4,PRJ_NGO_00062_4_ITEM_5,Contingency,Contingency costs for project,lump-sum,440386.62,1,440386.62
PRJ_NGO_00062_3,PRJ_NGO_00062_3_ITEM_1,Materials,Materials costs for project,kit,505.0,741,374205.0
PRJ_NGO_00062_3,PRJ_NGO_00062_3_ITEM_2,Labor,Labor costs for project,person-month,59404.35,11,653447.85
PRJ_NGO_00062_3,PRJ_NGO_00062_3_ITEM_3,Transport,Transport costs for project,trip,64624.54,3,193873.62
PRJ_NGO_00062_3,PRJ_NGO_00062_3_ITEM_4,Admin,Admin costs for project,lump-sum,62165.56,1,62165.56
PRJ_NGO_00062_3,PRJ_NGO_00062_3_ITEM_5,Contingency,Contingency costs for project,lump-sum,1070808.67,1,1070808.67
PRJ_NGO_00062_2,PRJ_NGO_00062_2_ITEM_1,Materials,Materials costs for project,kit,1283.68,1343,1723982.24
PRJ_NGO_00062_2,PRJ_NGO_00062_2_ITEM_2,Labor,Labor costs for project,person-month,33132.61,9,298193.49
PRJ_NGO_00062_2,PRJ_NGO_00062_2_ITEM_3,Transport,Transport costs for project,trip,55338.29,6,332029.74
PRJ_NGO_00062_2,PRJ_NGO_00062_2_ITEM_4,Admin,Admin costs for project,lump-sum,1042384.38,1,1042384.38
PRJ_NGO_00062_2,PRJ_NGO_00062_2_ITEM_5,Contingency,Contingency costs for project,lump-sum,389113.51,1,389113.51
PRJ_NGO_00062_1,PRJ_NGO_00062_1_ITEM_1,Materials,Materials costs for project,kit,921.36,1966,1811393.76
PRJ_NGO_00062_1,PRJ_NGO_00062_1_ITEM_2,Labor,Labor costs for project,person-month,214967.54,11,2364642.94
PRJ_NGO_00062_1,PRJ_NGO_00062_1_ITEM_3,Transport,Transport costs for project,trip,90373.9,9,813365.1
PRJ_NGO_00062_1,PRJ_NGO_00062_1_ITEM_4,Admin,Admin costs for project,lump-sum,2490686.36,1,2490686.36
PRJ_NGO_00062_1,PRJ_NGO_00062_1_ITEM_5,Contingency,Contingency costs for project,lump-sum,732008.12,1,732008.12
PRJ_NGO_00063_6,PRJ_NGO_00063_6_ITEM_1,Materials,Materials costs for project,kit,125.2,2671,334409.2
PRJ_NGO_00063_6,PRJ_NGO_00063_6_ITEM_2,Staff,Staff costs for project,person-month,86022.41,3,258067.23
PRJ_NGO_00063_6,PRJ_NGO_00063_6_ITEM_3,Transport,Transport costs for project,trip,4666.06,13,60658.780000000006
PRJ_NGO_00063_6,PRJ_NGO_00063_6_ITEM_4,Admin,Admin costs for project,lump-sum,1570721.39,1,1570721.39
PRJ_NGO_00063_6,PRJ_NGO_00063_6_ITEM_5,Contingency,Contingency costs for project,lump-sum,299352.52,1,299352.52
PRJ_NGO_00063_5,PRJ_NGO_00063_5_ITEM_1,Materials,Materials costs for project,kit,61.27,468,28674.36
PRJ_NGO_00063_5,PRJ_NGO_00063_5_ITEM_2,Staff,Staff costs for project,person-month,85462.84,6,512777.04
PRJ_NGO_00063_5,PRJ_NGO_00063_5_ITEM_3,Transport,Transport costs for project,trip,35122.61,2,70245.22
PRJ_NGO_00063_5,PRJ_NGO_00063_5_ITEM_4,Admin,Admin costs for project,lump-sum,4212.96,1,4212.96
PRJ_NGO_00063_5,PRJ_NGO_00063_5_ITEM_5,Contingency,Contingency costs for project,lump-sum,44188.67,1,44188.67
PRJ_NGO_00063_4,PRJ_NGO_00063_4_ITEM_1,Materials,Materials costs for project,kit,288.18,1115,321320.7
PRJ_NGO_00063_4,PRJ_NGO_00063_4_ITEM_2,Staff,Staff costs for project,person-month,125676.47,4,502705.88
PRJ_NGO_00063_4,PRJ_NGO_00063_4_ITEM_3,Transport,Transport costs for project,trip,32195.07,5,160975.35
PRJ_NGO_00063_4,PRJ_NGO_00063_4_ITEM_4,Admin,Admin costs for project,lump-sum,146150.63,1,146150.63
PRJ_NGO_00063_4,PRJ_NGO_00063_4_ITEM_5,Contingency,Contingency costs for project,lump-sum,73844.08,1,73844.08
PRJ_NGO_00063_3,PRJ_NGO_00063_3_ITEM_1,Materials,Materials costs for project,kit,359.12,1254,450336.48
PRJ_NGO_00063_3,PRJ_NGO_00063_3_ITEM_2,Staff,Staff costs for project,person-month,2577.24,4,10308.96
PRJ_NGO_00063_3,PRJ_NGO_00063_3_ITEM_3,Transport,Transport costs for project,trip,89937.41,6,539624.46
PRJ_NGO_00063_3,PRJ_NGO_00063_3_ITEM_4,Admin,Admin costs for project,lump-sum,61255.67,1,61255.67
PRJ_NGO_00063_3,PRJ_NGO_00063_3_ITEM_5,Contingency,Contingency costs for project,lump-sum,505778.31,1,505778.31
PRJ_NGO_00063_2,PRJ_NGO_00063_2_ITEM_1,Materials,Materials costs for project,kit,735.49,3820,2809571.8
PRJ_NGO_00063_2,PRJ_NGO_00063_2_ITEM_2,Staff,Staff costs for project,person-month,302664.84,8,2421318.72
PRJ_NGO_00063_2,PRJ_NGO_00063_2_ITEM_3,Transport,Transport costs for project,trip,4508.37,19,85659.03
PRJ_NGO_00063_2,PRJ_NGO_00063_2_ITEM_4,Admin,Admin costs for project,lump-sum,957739.29,1,957739.29
PRJ_NGO_00063_2,PRJ_NGO_00063_2_ITEM_5,Contingency,Contingency costs for project,lump-sum,2331928.61,1,2331928.61
PRJ_NGO_00063_1,PRJ_NGO_00063_1_ITEM_1,Materials,Materials costs for project,kit,13.15,825,10848.75
PRJ_NGO_00063_1,PRJ_NGO_00063_1_ITEM_2,Staff,Staff costs for project,person-month,21479.85,9,193318.65
PRJ_NGO_00063_1,PRJ_NGO_00063_1_ITEM_3,Transport,Transport costs for project,trip,65683.72,4,262734.88
PRJ_NGO_00063_1,PRJ_NGO_00063_1_ITEM_4,Admin,Admin costs for project,lump-sum,1069572.33,1,1069572.33
PRJ_NGO_00063_1,PRJ_NGO_00063_1_ITEM_5,Contingency,Contingency costs for project,lump-sum,136326.11,1,136326.11
PRJ_NGO_00064_2,PRJ_NGO_00064_2_ITEM_1,Materials,Materials costs for project,kit,106.28,4232,449776.96
PRJ_NGO_00064_2,PRJ_NGO_00064_2_ITEM_2,Labor,Labor costs for project,person-month,1741411.22,4,6965644.88
PRJ_NGO_00064_2,PRJ_NGO_00064_2_ITEM_3,Transport,Transport costs for project,trip,44336.24,21,931061.0399999999
PRJ_NGO_00064_2,PRJ_NGO_00064_2_ITEM_4,Admin,Admin costs for project,lump-sum,935477.57,1,935477.57
PRJ_NGO_00064_2,PRJ_NGO_00064_2_ITEM_5,Contingency,Contingency costs for project,lump-sum,2936433.09,1,2936433.09
PRJ_NGO_00064_1,PRJ_NGO_00064_1_ITEM_1,Materials,Materials costs for project,kit,489.74,3334,1632793.16
PRJ_NGO_00064_1,PRJ_NGO_00064_1_ITEM_2,Labor,Labor costs for project,person-month,257419.55,3,772258.6499999999
PRJ_NGO_00064_1,PRJ_NGO_00064_1_ITEM_3,Transport,Transport costs for project,trip,80132.11,16,1282113.76
PRJ_NGO_00064_1,PRJ_NGO_00064_1_ITEM_4,Admin,Admin costs for project,lump-sum,541005.76,1,541005.76
PRJ_NGO_00064_1,PRJ_NGO_00064_1_ITEM_5,Contingency,Contingency costs for project,lump-sum,1587528.58,1,1587528.58
PRJ_NGO_00065_5,PRJ_NGO_00065_5_ITEM_1,Materials,Materials costs for project,kit,565.28,4564,2579937.92
PRJ_NGO_00065_5,PRJ_NGO_00065_5_ITEM_2,Staff,Staff costs for project,person-month,258374.63,10,2583746.3
PRJ_NGO_00065_5,PRJ_NGO_00065_5_ITEM_3,Transport,Transport costs for project,trip,341806.61,22,7519745.42
PRJ_NGO_00065_5,PRJ_NGO_00065_5_ITEM_4,Admin,Admin costs for project,lump-sum,305839.74,1,305839.74
PRJ_NGO_00065_5,PRJ_NGO_00065_5_ITEM_5,Contingency,Contingency costs for project,lump-sum,4464842.53,1,4464842.53
PRJ_NGO_00065_4,PRJ_NGO_00065_4_ITEM_1,Materials,Materials costs for project,kit,305.45,1679,512850.55
PRJ_NGO_00065_4,PRJ_NGO_00065_4_ITEM_2,Staff,Staff costs for project,person-month,29472.93,10,294729.3
PRJ_NGO_00065_4,PRJ_NGO_00065_4_ITEM_3,Transport,Transport costs for project,trip,12732.02,8,101856.16
PRJ_NGO_00065_4,PRJ_NGO_00065_4_ITEM_4,Admin,Admin costs for project,lump-sum,4307201.42,1,4307201.42
PRJ_NGO_00065_4,PRJ_NGO_00065_4_ITEM_5,Contingency,Contingency costs for project,lump-sum,1353660.36,1,1353660.36
PRJ_NGO_00065_3,PRJ_NGO_00065_3_ITEM_1,Materials,Materials costs for project,kit,155.09,2766,428978.94
PRJ_NGO_00065_3,PRJ_NGO_00065_3_ITEM_2,Staff,Staff costs for project,person-month,292126.35,9,2629137.15
PRJ_NGO_00065_3,PRJ_NGO_00065_3_ITEM_3,Transport,Transport costs for project,trip,283020.8,13,3679270.4
PRJ_NGO_00065_3,PRJ_NGO_00065_3_ITEM_4,Admin,Admin costs for project,lump-sum,1988296.27,1,1988296.27
PRJ_NGO_00065_3,PRJ_NGO_00065_3_ITEM_5,Contingency,Contingency costs for project,lump-sum,80804.14,1,80804.14
PRJ_NGO_00065_2,PRJ_NGO_00065_2_ITEM_1,Materials,Materials costs for project,kit,784.3,1918,1504287.4
PRJ_NGO_00065_2,PRJ_NGO_00065_2_ITEM_2,Staff,Staff costs for project,person-month,132823.39,10,1328233.9000000001
PRJ_NGO_00065_2,PRJ_NGO_00065_2_ITEM_3,Transport,Transport costs for project,trip,153486.75,9,1381380.75
PRJ_NGO_00065_2,PRJ_NGO_00065_2_ITEM_4,Admin,Admin costs for project,lump-sum,215376.04,1,215376.04
PRJ_NGO_00065_2,PRJ_NGO_00065_2_ITEM_5,Contingency,Contingency costs for project,lump-sum,2263916.54,1,2263916.54
PRJ_NGO_00065_1,PRJ_NGO_00065_1_ITEM_1,Materials,Materials costs for project,kit,878.02,976,856947.52
PRJ_NGO_00065_1,PRJ_NGO_00065_1_ITEM_2,Staff,Staff costs for project,person-month,8678.35,4,34713.4
PRJ_NGO_00065_1,PRJ_NGO_00065_1_ITEM_3,Transport,Transport costs for project,trip,31778.44,4,127113.76
PRJ_NGO_00065_1,PRJ_NGO_00065_1_ITEM_4,Admin,Admin costs for project,lump-sum,4686.99,1,4686.99
PRJ_NGO_00065_1,PRJ_NGO_00065_1_ITEM_5,Contingency,Contingency costs for project,lump-sum,697834.06,1,697834.06
PRJ_NGO_00066_7,PRJ_NGO_00066_7_ITEM_1,Food,Food costs for project,unit,69.06,26568,1834786.08
PRJ_NGO_00066_7,PRJ_NGO_00066_7_ITEM_2,Transport,Transport costs for project,trip,1535.3,5,7676.5
PRJ_NGO_00066_7,PRJ_NGO_00066_7_ITEM_3,Staff,Staff costs for project,person-month,72676.95,12,872123.3999999999
PRJ_NGO_00066_7,PRJ_NGO_00066_7_ITEM_4,Admin,Admin costs for project,lump-sum,224627.34,1,224627.34
PRJ_NGO_00066_7,PRJ_NGO_00066_7_ITEM_5,Contingency,Contingency costs for project,lump-sum,1103274.33,1,1103274.33
PRJ_NGO_00066_6,PRJ_NGO_00066_6_ITEM_1,Food,Food costs for project,unit,92.82,14454,1341620.2799999998
PRJ_NGO_00066_6,PRJ_NGO_00066_6_ITEM_2,Transport,Transport costs for project,trip,96403.26,6,578419.5599999999
PRJ_NGO_00066_6,PRJ_NGO_00066_6_ITEM_3,Staff,Staff costs for project,person-month,9598.28,5,47991.4
PRJ_NGO_00066_6,PRJ_NGO_00066_6_ITEM_4,Admin,Admin costs for project,lump-sum,284782.89,1,284782.89
PRJ_NGO_00066_6,PRJ_NGO_00066_6_ITEM_5,Contingency,Contingency costs for project,lump-sum,67421.16,1,67421.16
PRJ_NGO_00066_5,PRJ_NGO_00066_5_ITEM_1,Food,Food costs for project,unit,95.02,29176,2772303.52
PRJ_NGO_00066_5,PRJ_NGO_00066_5_ITEM_2,Transport,Transport costs for project,trip,20863.72,18,375546.96
PRJ_NGO_00066_5,PRJ_NGO_00066_5_ITEM_3,Staff,Staff costs for project,person-month,37133.32,4,148533.28
PRJ_NGO_00066_5,PRJ_NGO_00066_5_ITEM_4,Admin,Admin costs for project,lump-sum,209091.54,1,209091.54
PRJ_NGO_00066_5,PRJ_NGO_00066_5_ITEM_5,Contingency,Contingency costs for project,lump-sum,1976329.26,1,1976329.26
PRJ_NGO_00066_4,PRJ_NGO_00066_4_ITEM_1,Food,Food costs for project,unit,3.28,61425,201474.0
PRJ_NGO_00066_4,PRJ_NGO_00066_4_ITEM_2,Transport,Transport costs for project,trip,164093.78,14,2297312.92
PRJ_NGO_00066_4,PRJ_NGO_00066_4_ITEM_3,Staff,Staff costs for project,person-month,387019.82,10,3870198.2
PRJ_NGO_00066_4,PRJ_NGO_00066_4_ITEM_4,Admin,Admin costs for project,lump-sum,909142.08,1,909142.08
PRJ_NGO_00066_4,PRJ_NGO_00066_4_ITEM_5,Contingency,Contingency costs for project,lump-sum,1911786.97,1,1911786.97
PRJ_NGO_00066_3,PRJ_NGO_00066_3_ITEM_1,Food,Food costs for project,unit,47.48,70560,3350188.8
PRJ_NGO_00066_3,PRJ_NGO_00066_3_ITEM_2,Transport,Transport costs for project,trip,148136.29,17,2518316.93
PRJ_NGO_00066_3,PRJ_NGO_00066_3_ITEM_3,Staff,Staff costs for project,person-month,211194.84,10,2111948.4
PRJ_NGO_00066_3,PRJ_NGO_00066_3_ITEM_4,Admin,Admin costs for project,lump-sum,288718.97,1,288718.97
PRJ_NGO_00066_3,PRJ_NGO_00066_3_ITEM_5,Contingency,Contingency costs for project,lump-sum,1403675.9,1,1403675.9
PRJ_NGO_00066_2,PRJ_NGO_00066_2_ITEM_1,Food,Food costs for project,unit,11.18,13146,146972.28
PRJ_NGO_00066_2,PRJ_NGO_00066_2_ITEM_2,Transport,Transport costs for project,trip,114512.1,4,458048.4
PRJ_NGO_00066_2,PRJ_NGO_00066_2_ITEM_3,Staff,Staff costs for project,person-month,151495.8,7,1060470.5999999999
PRJ_NGO_00066_2,PRJ_NGO_00066_2_ITEM_4,Admin,Admin costs for project,lump-sum,206190.85,1,206190.85
PRJ_NGO_00066_2,PRJ_NGO_00066_2_ITEM_5,Contingency,Contingency costs for project,lump-sum,249847.66,1,249847.66
PRJ_NGO_00066_1,PRJ_NGO_00066_1_ITEM_1,Food,Food costs for project,unit,7.37,57096,420797.52
PRJ_NGO_00066_1,PRJ_NGO_00066_1_ITEM_2,Transport,Transport costs for project,trip,111968.04,15,1679520.5999999999
PRJ_NGO_00066_1,PRJ_NGO_00066_1_ITEM_3,Staff,Staff costs for project,person-month,237513.84,9,2137624.56
PRJ_NGO_00066_1,PRJ_NGO_00066_1_ITEM_4,Admin,Admin costs for project,lump-sum,160376.0,1,160376.0
PRJ_NGO_00066_1,PRJ_NGO_00066_1_ITEM_5,Contingency,Contingency costs for project,lump-sum,2506558.72,1,2506558.72
PRJ_NGO_00067_5,PRJ_NGO_00067_5_ITEM_1,Materials,Materials costs for project,kit,1257.76,2978,3745609.28
PRJ_NGO_00067_5,PRJ_NGO_00067_5_ITEM_2,Staff,Staff costs for project,person-month,21246.22,11,233708.42
PRJ_NGO_00067_5,PRJ_NGO_00067_5_ITEM_3,Transport,Transport costs for project,trip,192633.05,14,2696862.6999999997
PRJ_NGO_00067_5,PRJ_NGO_00067_5_ITEM_4,Admin,Admin costs for project,lump-sum,2183527.58,1,2183527.58
PRJ_NGO_00067_5,PRJ_NGO_00067_5_ITEM_5,Contingency,Contingency costs for project,lump-sum,1813381.59,1,1813381.59
PRJ_NGO_00067_3,PRJ_NGO_00067_3_ITEM_1,Materials,Materials costs for project,kit,84.53,3102,262212.06
PRJ_NGO_00067_3,PRJ_NGO_00067_3_ITEM_2,Staff,Staff costs for project,person-month,562138.81,6,3372832.8600000003
PRJ_NGO_00067_3,PRJ_NGO_00067_3_ITEM_3,Transport,Transport costs for project,trip,167567.2,15,2513508.0
PRJ_NGO_00067_3,PRJ_NGO_00067_3_ITEM_4,Admin,Admin costs for project,lump-sum,1014225.74,1,1014225.74
PRJ_NGO_00067_3,PRJ_NGO_00067_3_ITEM_5,Contingency,Contingency costs for project,lump-sum,1922136.31,1,1922136.31
PRJ_NGO_00067_4,PRJ_NGO_00067_4_ITEM_1,Materials,Materials costs for project,kit,1071.52,3238,3469581.76
PRJ_NGO_00067_4,PRJ_NGO_00067_4_ITEM_2,Staff,Staff costs for project,person-month,15881.36,7,111169.52
PRJ_NGO_00067_4,PRJ_NGO_00067_4_ITEM_3,Transport,Transport costs for project,trip,80746.87,16,1291949.92
PRJ_NGO_00067_4,PRJ_NGO_00067_4_ITEM_4,Admin,Admin costs for project,lump-sum,4342100.9,1,4342100.9
PRJ_NGO_00067_4,PRJ_NGO_00067_4_ITEM_5,Contingency,Contingency costs for project,lump-sum,1323993.28,1,1323993.28
PRJ_NGO_00067_6,PRJ_NGO_00067_6_ITEM_1,Materials,Materials costs for project,kit,994.06,2333,2319141.98
PRJ_NGO_00067_6,PRJ_NGO_00067_6_ITEM_2,Staff,Staff costs for project,person-month,23567.11,9,212103.99
PRJ_NGO_00067_6,PRJ_NGO_00067_6_ITEM_3,Transport,Transport costs for project,trip,158835.27,11,1747187.97
PRJ_NGO_00067_6,PRJ_NGO_00067_6_ITEM_4,Admin,Admin costs for project,lump-sum,3288889.52,1,3288889.52
PRJ_NGO_00067_6,PRJ_NGO_00067_6_ITEM_5,Contingency,Contingency costs for project,lump-sum,180877.5,1,180877.5
PRJ_NGO_00067_2,PRJ_NGO_00067_2_ITEM_1,Materials,Materials costs for project,kit,2189.17,2299,5032901.83
PRJ_NGO_00067_2,PRJ_NGO_00067_2_ITEM_2,Staff,Staff costs for project,person-month,96028.48,9,864256.32
PRJ_NGO_00067_2,PRJ_NGO_00067_2_ITEM_3,Transport,Transport costs for project,trip,31754.74,11,349302.14
PRJ_NGO_00067_2,PRJ_NGO_00067_2_ITEM_4,Admin,Admin costs for project,lump-sum,294891.06,1,294891.06
PRJ_NGO_00067_2,PRJ_NGO_00067_2_ITEM_5,Contingency,Contingency costs for project,lump-sum,1481746.04,1,1481746.04
PRJ_NGO_00067_1,PRJ_NGO_00067_1_ITEM_1,Materials,Materials costs for project,kit,16.62,4041,67161.42
PRJ_NGO_00067_1,PRJ_NGO_00067_1_ITEM_2,Staff,Staff costs for project,person-month,324117.65,4,1296470.6
PRJ_NGO_00067_1,PRJ_NGO_00067_1_ITEM_3,Transport,Transport costs for project,trip,120246.78,20,2404935.6
PRJ_NGO_00067_1,PRJ_NGO_00067_1_ITEM_4,Admin,Admin costs for project,lump-sum,2700378.14,1,2700378.14
PRJ_NGO_00067_1,PRJ_NGO_00067_1_ITEM_5,Contingency,Contingency costs for project,lump-sum,1067235.5,1,1067235.5
PRJ_NGO_00068_3,PRJ_NGO_00068_3_ITEM_1,Food,Food costs for project,unit,22.2,40579,900853.7999999999
PRJ_NGO_00068_3,PRJ_NGO_00068_3_ITEM_2,Transport,Transport costs for project,trip,26410.03,18,475380.54
PRJ_NGO_00068_3,PRJ_NGO_00068_3_ITEM_3,Staff,Staff costs for project,person-month,131271.76,5,656358.8
PRJ_NGO_00068_3,PRJ_NGO_00068_3_ITEM_4,Admin,Admin costs for project,lump-sum,2820785.25,1,2820785.25
PRJ_NGO_00068_3,PRJ_NGO_00068_3_ITEM_5,Contingency,Contingency costs for project,lump-sum,1259480.0,1,1259480.0
PRJ_NGO_00068_2,PRJ_NGO_00068_2_ITEM_1,Food,Food costs for project,unit,45.82,82040,3759072.8
PRJ_NGO_00068_2,PRJ_NGO_00068_2_ITEM_2,Transport,Transport costs for project,trip,38067.3,20,761346.0
PRJ_NGO_00068_2,PRJ_NGO_00068_2_ITEM_3,Staff,Staff costs for project,person-month,7502.43,10,75024.3
PRJ_NGO_00068_2,PRJ_NGO_00068_2_ITEM_4,Admin,Admin costs for project,lump-sum,2123433.03,1,2123433.03
PRJ_NGO_00068_2,PRJ_NGO_00068_2_ITEM_5,Contingency,Contingency costs for project,lump-sum,3462641.85,1,3462641.85
PRJ_NGO_00068_1,PRJ_NGO_00068_1_ITEM_1,Food,Food costs for project,unit,4.68,24225,113373.0
PRJ_NGO_00068_1,PRJ_NGO_00068_1_ITEM_2,Transport,Transport costs for project,trip,214007.66,6,1284045.96
PRJ_NGO_00068_1,PRJ_NGO_00068_1_ITEM_3,Staff,Staff costs for project,person-month,15458.61,9,139127.49
PRJ_NGO_00068_1,PRJ_NGO_00068_1_ITEM_4,Admin,Admin costs for project,lump-sum,407276.93,1,407276.93
PRJ_NGO_00068_1,PRJ_NGO_00068_1_ITEM_5,Contingency,Contingency costs for project,lump-sum,925232.4,1,925232.4
PRJ_NGO_00069_6,PRJ_NGO_00069_6_ITEM_1,Materials,Materials costs for project,kit,48.29,2101,101457.29
PRJ_NGO_00069_6,PRJ_NGO_00069_6_ITEM_2,Staff,Staff costs for project,person-month,122003.47,8,976027.76
PRJ_NGO_00069_6,PRJ_NGO_00069_6_ITEM_3,Transport,Transport costs for project,trip,76139.9,10,761399.0
PRJ_NGO_00069_6,PRJ_NGO_00069_6_ITEM_4,Admin,Admin costs for project,lump-sum,1072821.75,1,1072821.75
PRJ_NGO_00069_6,PRJ_NGO_00069_6_ITEM_5,Contingency,Contingency costs for project,lump-sum,80188.46,1,80188.46
PRJ_NGO_00069_5,PRJ_NGO_00069_5_ITEM_1,Materials,Materials costs for project,kit,84.09,3773,317271.57
PRJ_NGO_00069_5,PRJ_NGO_00069_5_ITEM_2,Staff,Staff costs for project,person-month,224350.31,8,1794802.48
PRJ_NGO_00069_5,PRJ_NGO_00069_5_ITEM_3,Transport,Transport costs for project,trip,1439.96,18,25919.28
PRJ_NGO_00069_5,PRJ_NGO_00069_5_ITEM_4,Admin,Admin costs for project,lump-sum,1898801.61,1,1898801.61
PRJ_NGO_00069_5,PRJ_NGO_00069_5_ITEM_5,Contingency,Contingency costs for project,lump-sum,1422712.63,1,1422712.63
PRJ_NGO_00069_4,PRJ_NGO_00069_4_ITEM_1,Materials,Materials costs for project,kit,48.06,720,34603.200000000004
PRJ_NGO_00069_4,PRJ_NGO_00069_4_ITEM_2,Staff,Staff costs for project,person-month,7466.34,8,59730.72
PRJ_NGO_00069_4,PRJ_NGO_00069_4_ITEM_3,Transport,Transport costs for project,trip,178632.71,3,535898.13
PRJ_NGO_00069_4,PRJ_NGO_00069_4_ITEM_4,Admin,Admin costs for project,lump-sum,235467.43,1,235467.43
PRJ_NGO_00069_4,PRJ_NGO_00069_4_ITEM_5,Contingency,Contingency costs for project,lump-sum,195599.74,1,195599.74
PRJ_NGO_00069_3,PRJ_NGO_00069_3_ITEM_1,Materials,Materials costs for project,kit,172.99,4196,725866.04
PRJ_NGO_00069_3,PRJ_NGO_00069_3_ITEM_2,Staff,Staff costs for project,person-month,121341.48,11,1334756.28
PRJ_NGO_00069_3,PRJ_NGO_00069_3_ITEM_3,Transport,Transport costs for project,trip,51756.09,20,1035121.7999999999
PRJ_NGO_00069_3,PRJ_NGO_00069_3_ITEM_4,Admin,Admin costs for project,lump-sum,1233268.37,1,1233268.37
PRJ_NGO_00069_3,PRJ_NGO_00069_3_ITEM_5,Contingency,Contingency costs for project,lump-sum,4144568.47,1,4144568.47
PRJ_NGO_00069_2,PRJ_NGO_00069_2_ITEM_1,Materials,Materials costs for project,kit,13.79,4260,58745.399999999994
PRJ_NGO_00069_2,PRJ_NGO_00069_2_ITEM_2,Staff,Staff costs for project,person-month,410429.56,9,3693866.04
PRJ_NGO_00069_2,PRJ_NGO_00069_2_ITEM_3,Transport,Transport costs for project,trip,27192.6,21,571044.6
PRJ_NGO_00069_2,PRJ_NGO_00069_2_ITEM_4,Admin,Admin costs for project,lump-sum,560593.17,1,560593.17
PRJ_NGO_00069_2,PRJ_NGO_00069_2_ITEM_5,Contingency,Contingency costs for project,lump-sum,1911451.16,1,1911451.16
PRJ_NGO_00069_1,PRJ_NGO_00069_1_ITEM_1,Materials,Materials costs for project,kit,954.77,617,589093.09
PRJ_NGO_00069_1,PRJ_NGO_00069_1_ITEM_2,Staff,Staff costs for project,person-month,20438.72,12,245264.64
PRJ_NGO_00069_1,PRJ_NGO_00069_1_ITEM_3,Transport,Transport costs for project,trip,27658.92,3,82976.76
PRJ_NGO_00069_1,PRJ_NGO_00069_1_ITEM_4,Admin,Admin costs for project,lump-sum,32780.61,1,32780.61
PRJ_NGO_00069_1,PRJ_NGO_00069_1_ITEM_5,Contingency,Contingency costs for project,lump-sum,162087.82,1,162087.82
PRJ_NGO_00070_3,PRJ_NGO_00070_3_ITEM_1,Food,Food costs for project,unit,3.01,38550,116035.49999999999
PRJ_NGO_00070_3,PRJ_NGO_00070_3_ITEM_2,Transport,Transport costs for project,trip,150722.01,19,2863718.1900000004
PRJ_NGO_00070_3,PRJ_NGO_00070_3_ITEM_3,Staff,Staff costs for project,person-month,104321.52,5,521607.60000000003
PRJ_NGO_00070_3,PRJ_NGO_00070_3_ITEM_4,Admin,Admin costs for project,lump-sum,1943012.72,1,1943012.72
PRJ_NGO_00070_3,PRJ_NGO_00070_3_ITEM_5,Contingency,Contingency costs for project,lump-sum,2460271.52,1,2460271.52
PRJ_NGO_00070_2,PRJ_NGO_00070_2_ITEM_1,Food,Food costs for project,unit,36.95,63687,2353234.6500000004
PRJ_NGO_00070_2,PRJ_NGO_00070_2_ITEM_2,Transport,Transport costs for project,trip,279107.42,13,3628396.46
PRJ_NGO_00070_2,PRJ_NGO_00070_2_ITEM_3,Staff,Staff costs for project,person-month,208013.83,11,2288152.13
PRJ_NGO_00070_2,PRJ_NGO_00070_2_ITEM_4,Admin,Admin costs for project,lump-sum,1165548.74,1,1165548.74
PRJ_NGO_00070_2,PRJ_NGO_00070_2_ITEM_5,Contingency,Contingency costs for project,lump-sum,3454132.51,1,3454132.51
PRJ_NGO_00070_1,PRJ_NGO_00070_1_ITEM_1,Food,Food costs for project,unit,52.07,34342,1788187.94
PRJ_NGO_00070_1,PRJ_NGO_00070_1_ITEM_2,Transport,Transport costs for project,trip,9752.01,24,234048.24
PRJ_NGO_00070_1,PRJ_NGO_00070_1_ITEM_3,Staff,Staff costs for project,person-month,723991.31,3,2171973.93
PRJ_NGO_00070_1,PRJ_NGO_00070_1_ITEM_4,Admin,Admin costs for project,lump-sum,688711.08,1,688711.08
PRJ_NGO_00070_1,PRJ_NGO_00070_1_ITEM_5,Contingency,Contingency costs for project,lump-sum,4107964.43,1,4107964.43
PRJ_NGO_00071_3,PRJ_NGO_00071_3_ITEM_1,Materials,Materials costs for project,kit,335.45,4883,1638002.3499999999
PRJ_NGO_00071_3,PRJ_NGO_00071_3_ITEM_2,Staff,Staff costs for project,person-month,159974.23,4,639896.92
PRJ_NGO_00071_3,PRJ_NGO_00071_3_ITEM_3,Transport,Transport costs for project,trip,34559.27,24,829422.48
PRJ_NGO_00071_3,PRJ_NGO_00071_3_ITEM_4,Admin,Admin costs for project,lump-sum,125502.17,1,125502.17
PRJ_NGO_00071_3,PRJ_NGO_00071_3_ITEM_5,Contingency,Contingency costs for project,lump-sum,597376.63,1,597376.63
PRJ_NGO_00071_2,PRJ_NGO_00071_2_ITEM_1,Materials,Materials costs for project,kit,62.15,4779,297014.85
PRJ_NGO_00071_2,PRJ_NGO_00071_2_ITEM_2,Staff,Staff costs for project,person-month,77927.42,3,233782.26
PRJ_NGO_00071_2,PRJ_NGO_00071_2_ITEM_3,Transport,Transport costs for project,trip,13561.09,23,311905.07
PRJ_NGO_00071_2,PRJ_NGO_00071_2_ITEM_4,Admin,Admin costs for project,lump-sum,2106337.74,1,2106337.74
PRJ_NGO_00071_2,PRJ_NGO_00071_2_ITEM_5,Contingency,Contingency costs for project,lump-sum,76464.77,1,76464.77
PRJ_NGO_00071_1,PRJ_NGO_00071_1_ITEM_1,Materials,Materials costs for project,kit,67.41,1259,84869.19
PRJ_NGO_00071_1,PRJ_NGO_00071_1_ITEM_2,Staff,Staff costs for project,person-month,56545.93,10,565459.3
PRJ_NGO_00071_1,PRJ_NGO_00071_1_ITEM_3,Transport,Transport costs for project,trip,62905.79,6,377434.74
PRJ_NGO_00071_1,PRJ_NGO_00071_1_ITEM_4,Admin,Admin costs for project,lump-sum,976679.57,1,976679.57
PRJ_NGO_00071_1,PRJ_NGO_00071_1_ITEM_5,Contingency,Contingency costs for project,lump-sum,264461.7,1,264461.7
PRJ_NGO_00072_6,PRJ_NGO_00072_6_ITEM_1,Materials,Materials costs for project,kit,685.28,4380,3001526.4
PRJ_NGO_00072_6,PRJ_NGO_00072_6_ITEM_2,Staff,Staff costs for project,person-month,424002.51,6,2544015.06
PRJ_NGO_00072_6,PRJ_NGO_00072_6_ITEM_3,Transport,Transport costs for project,trip,15320.44,21,321729.24
PRJ_NGO_00072_6,PRJ_NGO_00072_6_ITEM_4,Admin,Admin costs for project,lump-sum,208700.43,1,208700.43
PRJ_NGO_00072_6,PRJ_NGO_00072_6_ITEM_5,Contingency,Contingency costs for project,lump-sum,1754109.95,1,1754109.95
PRJ_NGO_00072_5,PRJ_NGO_00072_5_ITEM_1,Materials,Materials costs for project,kit,12.72,4150,52788.0
PRJ_NGO_00072_5,PRJ_NGO_00072_5_ITEM_2,Staff,Staff costs for project,person-month,159577.58,3,478732.74
PRJ_NGO_00072_5,PRJ_NGO_00072_5_ITEM_3,Transport,Transport costs for project,trip,156991.88,20,3139837.6
PRJ_NGO_00072_5,PRJ_NGO_00072_5_ITEM_4,Admin,Admin costs for project,lump-sum,213768.43,1,213768.43
PRJ_NGO_00072_5,PRJ_NGO_00072_5_ITEM_5,Contingency,Contingency costs for project,lump-sum,1346273.97,1,1346273.97
PRJ_NGO_00072_4,PRJ_NGO_00072_4_ITEM_1,Materials,Materials costs for project,kit,233.86,542,126752.12000000001
PRJ_NGO_00072_4,PRJ_NGO_00072_4_ITEM_2,Staff,Staff costs for project,person-month,61478.56,11,676264.1599999999
PRJ_NGO_00072_4,PRJ_NGO_00072_4_ITEM_3,Transport,Transport costs for project,trip,46388.38,2,92776.76
PRJ_NGO_00072_4,PRJ_NGO_00072_4_ITEM_4,Admin,Admin costs for project,lump-sum,344836.94,1,344836.94
PRJ_NGO_00072_4,PRJ_NGO_00072_4_ITEM_5,Contingency,Contingency costs for project,lump-sum,479769.18,1,479769.18
PRJ_NGO_00072_3,PRJ_NGO_00072_3_ITEM_1,Materials,Materials costs for project,kit,120.14,1366,164111.24
PRJ_NGO_00072_3,PRJ_NGO_00072_3_ITEM_2,Staff,Staff costs for project,person-month,59321.08,11,652531.88
PRJ_NGO_00072_3,PRJ_NGO_00072_3_ITEM_3,Transport,Transport costs for project,trip,124666.88,6,748001.28
PRJ_NGO_00072_3,PRJ_NGO_00072_3_ITEM_4,Admin,Admin costs for project,lump-sum,644787.99,1,644787.99
PRJ_NGO_00072_3,PRJ_NGO_00072_3_ITEM_5,Contingency,Contingency costs for project,lump-sum,1753367.21,1,1753367.21
PRJ_NGO_00072_2,PRJ_NGO_00072_2_ITEM_1,Materials,Materials costs for project,kit,103.76,4744,492237.44
PRJ_NGO_00072_2,PRJ_NGO_00072_2_ITEM_2,Staff,Staff costs for project,person-month,650728.4,4,2602913.6
PRJ_NGO_00072_2,PRJ_NGO_00072_2_ITEM_3,Transport,Transport costs for project,trip,88772.03,23,2041756.69
PRJ_NGO_00072_2,PRJ_NGO_00072_2_ITEM_4,Admin,Admin costs for project,lump-sum,849271.06,1,849271.06
PRJ_NGO_00072_2,PRJ_NGO_00072_2_ITEM_5,Contingency,Contingency costs for project,lump-sum,2503117.96,1,2503117.96
PRJ_NGO_00072_1,PRJ_NGO_00072_1_ITEM_1,Materials,Materials costs for project,kit,230.77,2114,487847.78
PRJ_NGO_00072_1,PRJ_NGO_00072_1_ITEM_2,Staff,Staff costs for project,person-month,167464.89,3,502394.67000000004
PRJ_NGO_00072_1,PRJ_NGO_00072_1_ITEM_3,Transport,Transport costs for project,trip,3994.96,10,39949.6
PRJ_NGO_00072_1,PRJ_NGO_00072_1_ITEM_4,Admin,Admin costs for project,lump-sum,932817.83,1,932817.83
PRJ_NGO_00072_1,PRJ_NGO_00072_1_ITEM_5,Contingency,Contingency costs for project,lump-sum,221683.97,1,221683.97
PRJ_NGO_00073_2,PRJ_NGO_00073_2_ITEM_1,Materials,Materials costs for project,kit,366.27,2476,906884.5199999999
PRJ_NGO_00073_2,PRJ_NGO_00073_2_ITEM_2,Staff,Staff costs for project,person-month,186667.84,6,1120007.04
PRJ_NGO_00073_2,PRJ_NGO_00073_2_ITEM_3,Transport,Transport costs for project,trip,129245.12,12,1550941.44
PRJ_NGO_00073_2,PRJ_NGO_00073_2_ITEM_4,Admin,Admin costs for project,lump-sum,817736.34,1,817736.34
PRJ_NGO_00073_2,PRJ_NGO_00073_2_ITEM_5,Contingency,Contingency costs for project,lump-sum,147828.1,1,147828.1
PRJ_NGO_00073_1,PRJ_NGO_00073_1_ITEM_1,Materials,Materials costs for project,kit,4.09,2444,9995.96
PRJ_NGO_00073_1,PRJ_NGO_00073_1_ITEM_2,Staff,Staff costs for project,person-month,46684.71,9,420162.39
PRJ_NGO_00073_1,PRJ_NGO_00073_1_ITEM_3,Transport,Transport costs for project,trip,111352.04,12,1336224.48
PRJ_NGO_00073_1,PRJ_NGO_00073_1_ITEM_4,Admin,Admin costs for project,lump-sum,2948054.82,1,2948054.82
PRJ_NGO_00073_1,PRJ_NGO_00073_1_ITEM_5,Contingency,Contingency costs for project,lump-sum,1105574.41,1,1105574.41
PRJ_NGO_00074_2,PRJ_NGO_00074_2_ITEM_1,Materials,Materials costs for project,kit,124.59,1232,153494.88
PRJ_NGO_00074_2,PRJ_NGO_00074_2_ITEM_2,Staff,Staff costs for project,person-month,154497.16,6,926982.96
PRJ_NGO_00074_2,PRJ_NGO_00074_2_ITEM_3,Transport,Transport costs for project,trip,138468.28,6,830809.6799999999
PRJ_NGO_00074_2,PRJ_NGO_00074_2_ITEM_4,Admin,Admin costs for project,lump-sum,503498.3,1,503498.3
PRJ_NGO_00074_2,PRJ_NGO_00074_2_ITEM_5,Contingency,Contingency costs for project,lump-sum,854914.57,1,854914.57
PRJ_NGO_00074_1,PRJ_NGO_00074_1_ITEM_1,Materials,Materials costs for project,kit,883.7,1084,957930.8
PRJ_NGO_00074_1,PRJ_NGO_00074_1_ITEM_2,Staff,Staff costs for project,person-month,43265.57,12,519186.83999999997
PRJ_NGO_00074_1,PRJ_NGO_00074_1_ITEM_3,Transport,Transport costs for project,trip,215980.23,5,1079901.1500000001
PRJ_NGO_00074_1,PRJ_NGO_00074_1_ITEM_4,Admin,Admin costs for project,lump-sum,693195.23,1,693195.23
PRJ_NGO_00074_1,PRJ_NGO_00074_1_ITEM_5,Contingency,Contingency costs for project,lump-sum,1598485.52,1,1598485.52
PRJ_NGO_00075_1,PRJ_NGO_00075_1_ITEM_1,Materials,Materials costs for project,kit,111.99,2527,282998.73
PRJ_NGO_00075_1,PRJ_NGO_00075_1_ITEM_2,Staff,Staff costs for project,person-month,28793.35,6,172760.09999999998
PRJ_NGO_00075_1,PRJ_NGO_00075_1_ITEM_3,Transport,Transport costs for project,trip,58470.71,12,701648.52
PRJ_NGO_00075_1,PRJ_NGO_00075_1_ITEM_4,Admin,Admin costs for project,lump-sum,138947.06,1,138947.06
PRJ_NGO_00075_1,PRJ_NGO_00075_1_ITEM_5,Contingency,Contingency costs for project,lump-sum,718339.44,1,718339.44
PRJ_NGO_00075_2,PRJ_NGO_00075_2_ITEM_1,Materials,Materials costs for project,kit,214.15,1662,355917.3
PRJ_NGO_00075_2,PRJ_NGO_00075_2_ITEM_2,Staff,Staff costs for project,person-month,54361.61,11,597977.71
PRJ_NGO_00075_2,PRJ_NGO_00075_2_ITEM_3,Transport,Transport costs for project,trip,137233.5,8,1097868.0
PRJ_NGO_00075_2,PRJ_NGO_00075_2_ITEM_4,Admin,Admin costs for project,lump-sum,118946.51,1,118946.51
PRJ_NGO_00075_2,PRJ_NGO_00075_2_ITEM_5,Contingency,Contingency costs for project,lump-sum,151196.74,1,151196.74
PRJ_NGO_00076_2,PRJ_NGO_00076_2_ITEM_1,Materials,Materials costs for project,kit,726.58,2058,1495301.6400000001
PRJ_NGO_00076_2,PRJ_NGO_00076_2_ITEM_2,Labor,Labor costs for project,person-month,17722.56,9,159503.04
PRJ_NGO_00076_2,PRJ_NGO_00076_2_ITEM_3,Transport,Transport costs for project,trip,59202.13,10,592021.2999999999
PRJ_NGO_00076_2,PRJ_NGO_00076_2_ITEM_4,Admin,Admin costs for project,lump-sum,363529.96,1,363529.96
PRJ_NGO_00076_2,PRJ_NGO_00076_2_ITEM_5,Contingency,Contingency costs for project,lump-sum,2812938.88,1,2812938.88
PRJ_NGO_00076_1,PRJ_NGO_00076_1_ITEM_1,Materials,Materials costs for project,kit,396.36,3523,1396376.28
PRJ_NGO_00076_1,PRJ_NGO_00076_1_ITEM_2,Labor,Labor costs for project,person-month,875120.52,8,7000964.16
PRJ_NGO_00076_1,PRJ_NGO_00076_1_ITEM_3,Transport,Transport costs for project,trip,4155.73,17,70647.40999999999
PRJ_NGO_00076_1,PRJ_NGO_00076_1_ITEM_4,Admin,Admin costs for project,lump-sum,793987.61,1,793987.61
PRJ_NGO_00076_1,PRJ_NGO_00076_1_ITEM_5,Contingency,Contingency costs for project,lump-sum,1259217.28,1,1259217.28
PRJ_NGO_00077_5,PRJ_NGO_00077_5_ITEM_1,Materials,Materials costs for project,kit,1637.07,3015,4935766.05
PRJ_NGO_00077_5,PRJ_NGO_00077_5_ITEM_2,Staff,Staff costs for project,person-month,142167.7,10,1421677.0
PRJ_NGO_00077_5,PRJ_NGO_00077_5_ITEM_3,Transport,Transport costs for project,trip,135327.21,15,2029908.15
PRJ_NGO_00077_5,PRJ_NGO_00077_5_ITEM_4,Admin,Admin costs for project,lump-sum,1444569.47,1,1444569.47
PRJ_NGO_00077_5,PRJ_NGO_00077_5_ITEM_5,Contingency,Contingency costs for project,lump-sum,6238788.09,1,6238788.09
PRJ_NGO_00077_4,PRJ_NGO_00077_4_ITEM_1,Materials,Materials costs for project,kit,220.66,565,124672.9
PRJ_NGO_00077_4,PRJ_NGO_00077_4_ITEM_2,Staff,Staff costs for project,person-month,98092.18,6,588553.08
PRJ_NGO_00077_4,PRJ_NGO_00077_4_ITEM_3,Transport,Transport costs for project,trip,295705.09,2,591410.18
PRJ_NGO_00077_4,PRJ_NGO_00077_4_ITEM_4,Admin,Admin costs for project,lump-sum,360131.11,1,360131.11
PRJ_NGO_00077_4,PRJ_NGO_00077_4_ITEM_5,Contingency,Contingency costs for project,lump-sum,173030.19,1,173030.19
PRJ_NGO_00077_3,PRJ_NGO_00077_3_ITEM_1,Materials,Materials costs for project,kit,25.3,826,20897.8
PRJ_NGO_00077_3,PRJ_NGO_00077_3_ITEM_2,Staff,Staff costs for project,person-month,25201.39,4,100805.56
PRJ_NGO_00077_3,PRJ_NGO_00077_3_ITEM_3,Transport,Transport costs for project,trip,50024.26,4,200097.04
PRJ_NGO_00077_3,PRJ_NGO_00077_3_ITEM_4,Admin,Admin costs for project,lump-sum,1696108.08,1,1696108.08
PRJ_NGO_00077_3,PRJ_NGO_00077_3_ITEM_5,Contingency,Contingency costs for project,lump-sum,66488.03,1,66488.03
PRJ_NGO_00077_2,PRJ_NGO_00077_2_ITEM_1,Materials,Materials costs for project,kit,156.39,2591,405206.49
PRJ_NGO_00077_2,PRJ_NGO_00077_2_ITEM_2,Staff,Staff costs for project,person-month,36651.27,7,256558.88999999998
PRJ_NGO_00077_2,PRJ_NGO_00077_2_ITEM_3,Transport,Transport costs for project,trip,522006.59,12,6264079.08
PRJ_NGO_00077_2,PRJ_NGO_00077_2_ITEM_4,Admin,Admin costs for project,lump-sum,1938711.18,1,1938711.18
PRJ_NGO_00077_2,PRJ_NGO_00077_2_ITEM_5,Contingency,Contingency costs for project,lump-sum,997155.05,1,997155.05
PRJ_NGO_00077_1,PRJ_NGO_00077_1_ITEM_1,Materials,Materials costs for project,kit,736.3,982,723046.6
PRJ_NGO_00077_1,PRJ_NGO_00077_1_ITEM_2,Staff,Staff costs for project,person-month,100308.46,5,501542.30000000005
PRJ_NGO_00077_1,PRJ_NGO_00077_1_ITEM_3,Transport,Transport costs for project,trip,170727.76,4,682911.04
PRJ_NGO_00077_1,PRJ_NGO_00077_1_ITEM_4,Admin,Admin costs for project,lump-sum,1201794.7,1,1201794.7
PRJ_NGO_00077_1,PRJ_NGO_00077_1_ITEM_5,Contingency,Contingency costs for project,lump-sum,314603.2,1,314603.2
PRJ_NGO_00078_6,PRJ_NGO_00078_6_ITEM_1,Materials,Materials costs for project,kit,472.71,1299,614050.2899999999
PRJ_NGO_00078_6,PRJ_NGO_00078_6_ITEM_2,Staff,Staff costs for project,person-month,71891.67,10,718916.7
PRJ_NGO_00078_6,PRJ_NGO_00078_6_ITEM_3,Transport,Transport costs for project,trip,10980.51,6,65883.06
PRJ_NGO_00078_6,PRJ_NGO_00078_6_ITEM_4,Admin,Admin costs for project,lump-sum,71794.0,1,71794.0
PRJ_NGO_00078_6,PRJ_NGO_00078_6_ITEM_5,Contingency,Contingency costs for project,lump-sum,257860.47,1,257860.47
PRJ_NGO_00078_5,PRJ_NGO_00078_5_ITEM_1,Materials,Materials costs for project,kit,129.82,1442,187200.44
PRJ_NGO_00078_5,PRJ_NGO_00078_5_ITEM_2,Staff,Staff costs for project,person-month,8820.86,7,61746.020000000004
PRJ_NGO_00078_5,PRJ_NGO_00078_5_ITEM_3,Transport,Transport costs for project,trip,101043.46,7,707304.2200000001
PRJ_NGO_00078_5,PRJ_NGO_00078_5_ITEM_4,Admin,Admin costs for project,lump-sum,226511.47,1,226511.47
PRJ_NGO_00078_5,PRJ_NGO_00078_5_ITEM_5,Contingency,Contingency costs for project,lump-sum,7438.31,1,7438.31
PRJ_NGO_00078_4,PRJ_NGO_00078_4_ITEM_1,Materials,Materials costs for project,kit,169.45,3710,628659.5
PRJ_NGO_00078_4,PRJ_NGO_00078_4_ITEM_2,Staff,Staff costs for project,person-month,135861.97,7,951033.79
PRJ_NGO_00078_4,PRJ_NGO_00078_4_ITEM_3,Transport,Transport costs for project,trip,5436.63,18,97859.34
PRJ_NGO_00078_4,PRJ_NGO_00078_4_ITEM_4,Admin,Admin costs for project,lump-sum,1355173.57,1,1355173.57
PRJ_NGO_00078_4,PRJ_NGO_00078_4_ITEM_5,Contingency,Contingency costs for project,lump-sum,176278.28,1,176278.28
PRJ_NGO_00078_3,PRJ_NGO_00078_3_ITEM_1,Materials,Materials costs for project,kit,92.69,2104,195019.76
PRJ_NGO_00078_3,PRJ_NGO_00078_3_ITEM_2,Staff,Staff costs for project,person-month,87400.64,9,786605.76
PRJ_NGO_00078_3,PRJ_NGO_00078_3_ITEM_3,Transport,Transport costs for project,trip,5538.09,10,55380.9
PRJ_NGO_00078_3,PRJ_NGO_00078_3_ITEM_4,Admin,Admin costs for project,lump-sum,872942.35,1,872942.35
PRJ_NGO_00078_3,PRJ_NGO_00078_3_ITEM_5,Contingency,Contingency costs for project,lump-sum,234360.12,1,234360.12
PRJ_NGO_00078_2,PRJ_NGO_00078_2_ITEM_1,Materials,Materials costs for project,kit,53.28,753,40119.840000000004
PRJ_NGO_00078_2,PRJ_NGO_00078_2_ITEM_2,Staff,Staff costs for project,person-month,25265.71,8,202125.68
PRJ_NGO_00078_2,PRJ_NGO_00078_2_ITEM_3,Transport,Transport costs for project,trip,38258.82,3,114776.45999999999
PRJ_NGO_00078_2,PRJ_NGO_00078_2_ITEM_4,Admin,Admin costs for project,lump-sum,212758.33,1,212758.33
PRJ_NGO_00078_2,PRJ_NGO_00078_2_ITEM_5,Contingency,Contingency costs for project,lump-sum,131522.89,1,131522.89
PRJ_NGO_00078_1,PRJ_NGO_00078_1_ITEM_1,Materials,Materials costs for project,kit,408.53,1288,526186.64
PRJ_NGO_00078_1,PRJ_NGO_00078_1_ITEM_2,Staff,Staff costs for project,person-month,48875.84,8,391006.72
PRJ_NGO_00078_1,PRJ_NGO_00078_1_ITEM_3,Transport,Transport costs for project,trip,20107.45,6,120644.70000000001
PRJ_NGO_00078_1,PRJ_NGO_00078_1_ITEM_4,Admin,Admin costs for project,lump-sum,256883.6,1,256883.6
PRJ_NGO_00078_1,PRJ_NGO_00078_1_ITEM_5,Contingency,Contingency costs for project,lump-sum,30073.69,1,30073.69
PRJ_NGO_00079_2,PRJ_NGO_00079_2_ITEM_1,Relief Kits,Relief Kits costs for project,unit,142.27,19590,2787069.3000000003
PRJ_NGO_00079_2,PRJ_NGO_00079_2_ITEM_2,Shelter,Shelter costs for project,family,330.1,816,269361.60000000003
PRJ_NGO_00079_2,PRJ_NGO_00079_2_ITEM_3,Transport,Transport costs for project,trip,2634.8,16,42156.8
PRJ_NGO_00079_2,PRJ_NGO_00079_2_ITEM_4,Medical,Medical costs for project,kit,365.07,3265,1191953.55
PRJ_NGO_00079_2,PRJ_NGO_00079_2_ITEM_5,Staff,Staff costs for project,person-month,335805.96,3,1007417.8800000001
PRJ_NGO_00079_1,PRJ_NGO_00079_1_ITEM_1,Relief Kits,Relief Kits costs for project,unit,31.7,10552,334498.39999999997
PRJ_NGO_00079_1,PRJ_NGO_00079_1_ITEM_2,Shelter,Shelter costs for project,family,76.31,329,25105.99
PRJ_NGO_00079_1,PRJ_NGO_00079_1_ITEM_3,Transport,Transport costs for project,trip,112417.54,6,674505.24
PRJ_NGO_00079_1,PRJ_NGO_00079_1_ITEM_4,Medical,Medical costs for project,kit,409.13,1319,539642.47
PRJ_NGO_00079_1,PRJ_NGO_00079_1_ITEM_5,Staff,Staff costs for project,person-month,204033.43,4,816133.72
PRJ_NGO_00080_3,PRJ_NGO_00080_3_ITEM_1,Food,Food costs for project,unit,16.03,14274,228812.22000000003
PRJ_NGO_00080_3,PRJ_NGO_00080_3_ITEM_2,Transport,Transport costs for project,trip,89209.36,11,981302.96
PRJ_NGO_00080_3,PRJ_NGO_00080_3_ITEM_3,Staff,Staff costs for project,person-month,142992.17,3,428976.51
PRJ_NGO_00080_3,PRJ_NGO_00080_3_ITEM_4,Admin,Admin costs for project,lump-sum,561311.12,1,561311.12
PRJ_NGO_00080_3,PRJ_NGO_00080_3_ITEM_5,Contingency,Contingency costs for project,lump-sum,1333237.95,1,1333237.95
PRJ_NGO_00080_2,PRJ_NGO_00080_2_ITEM_1,Food,Food costs for project,unit,34.39,42028,1445342.92
PRJ_NGO_00080_2,PRJ_NGO_00080_2_ITEM_2,Transport,Transport costs for project,trip,78497.99,15,1177469.85
PRJ_NGO_00080_2,PRJ_NGO_00080_2_ITEM_3,Staff,Staff costs for project,person-month,299603.12,7,2097221.84
PRJ_NGO_00080_2,PRJ_NGO_00080_2_ITEM_4,Admin,Admin costs for project,lump-sum,3600701.84,1,3600701.84
PRJ_NGO_00080_2,PRJ_NGO_00080_2_ITEM_5,Contingency,Contingency costs for project,lump-sum,872596.68,1,872596.68
PRJ_NGO_00080_1,PRJ_NGO_00080_1_ITEM_1,Food,Food costs for project,unit,10.88,21880,238054.40000000002
PRJ_NGO_00080_1,PRJ_NGO_00080_1_ITEM_2,Transport,Transport costs for project,trip,73880.51,5,369402.55
PRJ_NGO_00080_1,PRJ_NGO_00080_1_ITEM_3,Staff,Staff costs for project,person-month,121336.43,10,1213364.2999999998
PRJ_NGO_00080_1,PRJ_NGO_00080_1_ITEM_4,Admin,Admin costs for project,lump-sum,450851.63,1,450851.63
PRJ_NGO_00080_1,PRJ_NGO_00080_1_ITEM_5,Contingency,Contingency costs for project,lump-sum,1624584.98,1,1624584.98
PRJ_NGO_00081_4,PRJ_NGO_00081_4_ITEM_1,Materials,Materials costs for project,kit,481.87,3212,1547766.44
PRJ_NGO_00081_4,PRJ_NGO_00081_4_ITEM_2,Staff,Staff costs for project,person-month,28011.44,4,112045.76
PRJ_NGO_00081_4,PRJ_NGO_00081_4_ITEM_3,Transport,Transport costs for project,trip,3138.99,16,50223.84
PRJ_NGO_00081_4,PRJ_NGO_00081_4_ITEM_4,Admin,Admin costs for project,lump-sum,1526029.85,1,1526029.85
PRJ_NGO_00081_4,PRJ_NGO_00081_4_ITEM_5,Contingency,Contingency costs for project,lump-sum,1255048.28,1,1255048.28
PRJ_NGO_00081_3,PRJ_NGO_00081_3_ITEM_1,Materials,Materials costs for project,kit,930.34,1112,1034538.0800000001
PRJ_NGO_00081_3,PRJ_NGO_00081_3_ITEM_2,Staff,Staff costs for project,person-month,50864.43,7,356051.01
PRJ_NGO_00081_3,PRJ_NGO_00081_3_ITEM_3,Transport,Transport costs for project,trip,5307.21,5,26536.05
PRJ_NGO_00081_3,PRJ_NGO_00081_3_ITEM_4,Admin,Admin costs for project,lump-sum,236121.0,1,236121.0
PRJ_NGO_00081_3,PRJ_NGO_00081_3_ITEM_5,Contingency,Contingency costs for project,lump-sum,187759.07,1,187759.07
PRJ_NGO_00081_2,PRJ_NGO_00081_2_ITEM_1,Materials,Materials costs for project,kit,727.4,3288,2391691.1999999997
PRJ_NGO_00081_2,PRJ_NGO_00081_2_ITEM_2,Staff,Staff costs for project,person-month,73684.95,4,294739.8
PRJ_NGO_00081_2,PRJ_NGO_00081_2_ITEM_3,Transport,Transport costs for project,trip,16265.45,16,260247.2
PRJ_NGO_00081_2,PRJ_NGO_00081_2_ITEM_4,Admin,Admin costs for project,lump-sum,1162328.07,1,1162328.07
PRJ_NGO_00081_2,PRJ_NGO_00081_2_ITEM_5,Contingency,Contingency costs for project,lump-sum,179186.06,1,179186.06
PRJ_NGO_00081_1,PRJ_NGO_00081_1_ITEM_1,Materials,Materials costs for project,kit,18.63,4578,85288.14
PRJ_NGO_00081_1,PRJ_NGO_00081_1_ITEM_2,Staff,Staff costs for project,person-month,345821.26,4,1383285.04
PRJ_NGO_00081_1,PRJ_NGO_00081_1_ITEM_3,Transport,Transport costs for project,trip,74262.08,22,1633765.76
PRJ_NGO_00081_1,PRJ_NGO_00081_1_ITEM_4,Admin,Admin costs for project,lump-sum,1234522.62,1,1234522.62
PRJ_NGO_00081_1,PRJ_NGO_00081_1_ITEM_5,Contingency,Contingency costs for project,lump-sum,782219.8,1,782219.8
PRJ_NGO_00082_6,PRJ_NGO_00082_6_ITEM_1,Materials,Materials costs for project,kit,437.03,1899,829919.97
PRJ_NGO_00082_6,PRJ_NGO_00082_6_ITEM_2,Labor,Labor costs for project,person-month,77348.25,11,850830.75
PRJ_NGO_00082_6,PRJ_NGO_00082_6_ITEM_3,Transport,Transport costs for project,trip,439011.01,9,3951099.09
PRJ_NGO_00082_6,PRJ_NGO_00082_6_ITEM_4,Admin,Admin costs for project,lump-sum,7386201.01,1,7386201.01
PRJ_NGO_00082_6,PRJ_NGO_00082_6_ITEM_5,Contingency,Contingency costs for project,lump-sum,10553.84,1,10553.84
PRJ_NGO_00082_5,PRJ_NGO_00082_5_ITEM_1,Materials,Materials costs for project,kit,2489.34,361,898651.7400000001
PRJ_NGO_00082_5,PRJ_NGO_00082_5_ITEM_2,Labor,Labor costs for project,person-month,7890.69,5,39453.45
PRJ_NGO_00082_5,PRJ_NGO_00082_5_ITEM_3,Transport,Transport costs for project,trip,327849.77,1,327849.77
PRJ_NGO_00082_5,PRJ_NGO_00082_5_ITEM_4,Admin,Admin costs for project,lump-sum,44773.2,1,44773.2
PRJ_NGO_00082_5,PRJ_NGO_00082_5_ITEM_5,Contingency,Contingency costs for project,lump-sum,84170.58,1,84170.58
PRJ_NGO_00082_4,PRJ_NGO_00082_4_ITEM_1,Materials,Materials costs for project,kit,1587.87,4881,7750393.47
PRJ_NGO_00082_4,PRJ_NGO_00082_4_ITEM_2,Labor,Labor costs for project,person-month,232357.51,9,2091217.59
PRJ_NGO_00082_4,PRJ_NGO_00082_4_ITEM_3,Transport,Transport costs for project,trip,761648.28,24,18279558.72
PRJ_NGO_00082_4,PRJ_NGO_00082_4_ITEM_4,Admin,Admin costs for project,lump-sum,1159677.01,1,1159677.01
PRJ_NGO_00082_4,PRJ_NGO_00082_4_ITEM_5,Contingency,Contingency costs for project,lump-sum,523270.38,1,523270.38
PRJ_NGO_00082_3,PRJ_NGO_00082_3_ITEM_1,Materials,Materials costs for project,kit,2864.55,974,2790071.7
PRJ_NGO_00082_3,PRJ_NGO_00082_3_ITEM_2,Labor,Labor costs for project,person-month,143632.87,10,1436328.7
PRJ_NGO_00082_3,PRJ_NGO_00082_3_ITEM_3,Transport,Transport costs for project,trip,102578.14,4,410312.56
PRJ_NGO_00082_3,PRJ_NGO_00082_3_ITEM_4,Admin,Admin costs for project,lump-sum,557502.35,1,557502.35
PRJ_NGO_00082_3,PRJ_NGO_00082_3_ITEM_5,Contingency,Contingency costs for project,lump-sum,948888.65,1,948888.65
PRJ_NGO_00082_2,PRJ_NGO_00082_2_ITEM_1,Materials,Materials costs for project,kit,1482.49,1199,1777505.51
PRJ_NGO_00082_2,PRJ_NGO_00082_2_ITEM_2,Labor,Labor costs for project,person-month,131009.59,4,524038.36
PRJ_NGO_00082_2,PRJ_NGO_00082_2_ITEM_3,Transport,Transport costs for project,trip,225537.49,5,1127687.45
PRJ_NGO_00082_2,PRJ_NGO_00082_2_ITEM_4,Admin,Admin costs for project,lump-sum,349122.32,1,349122.32
PRJ_NGO_00082_2,PRJ_NGO_00082_2_ITEM_5,Contingency,Contingency costs for project,lump-sum,37249.1,1,37249.1
PRJ_NGO_00082_1,PRJ_NGO_00082_1_ITEM_1,Materials,Materials costs for project,kit,1500.67,3998,5999678.66
PRJ_NGO_00082_1,PRJ_NGO_00082_1_ITEM_2,Labor,Labor costs for project,person-month,40431.9,9,363887.10000000003
PRJ_NGO_00082_1,PRJ_NGO_00082_1_ITEM_3,Transport,Transport costs for project,trip,3612.9,19,68645.1
PRJ_NGO_00082_1,PRJ_NGO_00082_1_ITEM_4,Admin,Admin costs for project,lump-sum,7241495.08,1,7241495.08
PRJ_NGO_00082_1,PRJ_NGO_00082_1_ITEM_5,Contingency,Contingency costs for project,lump-sum,7638412.99,1,7638412.99
PRJ_NGO_00084_7,PRJ_NGO_00084_7_ITEM_1,Food,Food costs for project,unit,33.6,89760,3015936.0
PRJ_NGO_00084_7,PRJ_NGO_00084_7_ITEM_2,Transport,Transport costs for project,trip,186606.66,22,4105346.52
PRJ_NGO_00084_7,PRJ_NGO_00084_7_ITEM_3,Staff,Staff costs for project,person-month,225634.09,10,2256340.9
PRJ_NGO_00084_7,PRJ_NGO_00084_7_ITEM_4,Admin,Admin costs for project,lump-sum,2688108.21,1,2688108.21
PRJ_NGO_00084_7,PRJ_NGO_00084_7_ITEM_5,Contingency,Contingency costs for project,lump-sum,1401167.68,1,1401167.68
PRJ_NGO_00084_6,PRJ_NGO_00084_6_ITEM_1,Food,Food costs for project,unit,5.29,27462,145273.98
PRJ_NGO_00084_6,PRJ_NGO_00084_6_ITEM_2,Transport,Transport costs for project,trip,11151.67,22,245336.74
PRJ_NGO_00084_6,PRJ_NGO_00084_6_ITEM_3,Staff,Staff costs for project,person-month,354024.78,3,1062074.34
PRJ_NGO_00084_6,PRJ_NGO_00084_6_ITEM_4,Admin,Admin costs for project,lump-sum,1898669.12,1,1898669.12
PRJ_NGO_00084_6,PRJ_NGO_00084_6_ITEM_5,Contingency,Contingency costs for project,lump-sum,955294.42,1,955294.42
PRJ_NGO_00084_5,PRJ_NGO_00084_5_ITEM_1,Food,Food costs for project,unit,51.74,92778,4800333.72
PRJ_NGO_00084_5,PRJ_NGO_00084_5_ITEM_2,Transport,Transport costs for project,trip,115812.73,22,2547880.06
PRJ_NGO_00084_5,PRJ_NGO_00084_5_ITEM_3,Staff,Staff costs for project,person-month,132166.96,10,1321669.5999999999
PRJ_NGO_00084_5,PRJ_NGO_00084_5_ITEM_4,Admin,Admin costs for project,lump-sum,3923406.4,1,3923406.4
PRJ_NGO_00084_5,PRJ_NGO_00084_5_ITEM_5,Contingency,Contingency costs for project,lump-sum,263668.16,1,263668.16
PRJ_NGO_00084_4,PRJ_NGO_00084_4_ITEM_1,Food,Food costs for project,unit,77.71,63555,4938859.05
PRJ_NGO_00084_4,PRJ_NGO_00084_4_ITEM_2,Transport,Transport costs for project,trip,75155.68,21,1578269.2799999998
PRJ_NGO_00084_4,PRJ_NGO_00084_4_ITEM_3,Staff,Staff costs for project,person-month,384472.77,7,2691309.39
PRJ_NGO_00084_4,PRJ_NGO_00084_4_ITEM_4,Admin,Admin costs for project,lump-sum,16722.31,1,16722.31
PRJ_NGO_00084_4,PRJ_NGO_00084_4_ITEM_5,Contingency,Contingency costs for project,lump-sum,134653.43,1,134653.43
PRJ_NGO_00084_3,PRJ_NGO_00084_3_ITEM_1,Food,Food costs for project,unit,92.04,6624,609672.9600000001
PRJ_NGO_00084_3,PRJ_NGO_00084_3_ITEM_2,Transport,Transport costs for project,trip,2928.18,4,11712.72
PRJ_NGO_00084_3,PRJ_NGO_00084_3_ITEM_3,Staff,Staff costs for project,person-month,82149.97,4,328599.88
PRJ_NGO_00084_3,PRJ_NGO_00084_3_ITEM_4,Admin,Admin costs for project,lump-sum,108980.47,1,108980.47
PRJ_NGO_00084_3,PRJ_NGO_00084_3_ITEM_5,Contingency,Contingency costs for project,lump-sum,160614.75,1,160614.75
PRJ_NGO_00084_2,PRJ_NGO_00084_2_ITEM_1,Food,Food costs for project,unit,56.84,39406,2239837.04
PRJ_NGO_00084_2,PRJ_NGO_00084_2_ITEM_2,Transport,Transport costs for project,trip,48992.37,10,489923.7
PRJ_NGO_00084_2,PRJ_NGO_00084_2_ITEM_3,Staff,Staff costs for project,person-month,75385.72,9,678471.48
PRJ_NGO_00084_2,PRJ_NGO_00084_2_ITEM_4,Admin,Admin costs for project,lump-sum,1727754.87,1,1727754.87
PRJ_NGO_00084_2,PRJ_NGO_00084_2_ITEM_5,Contingency,Contingency costs for project,lump-sum,314019.92,1,314019.92
PRJ_NGO_00084_1,PRJ_NGO_00084_1_ITEM_1,Food,Food costs for project,unit,25.34,32281,818000.54
PRJ_NGO_00084_1,PRJ_NGO_00084_1_ITEM_2,Transport,Transport costs for project,trip,157999.66,8,1263997.28
PRJ_NGO_00084_1,PRJ_NGO_00084_1_ITEM_3,Staff,Staff costs for project,person-month,178225.61,9,1604030.4899999998
PRJ_NGO_00084_1,PRJ_NGO_00084_1_ITEM_4,Admin,Admin costs for project,lump-sum,504681.5,1,504681.5
PRJ_NGO_00084_1,PRJ_NGO_00084_1_ITEM_5,Contingency,Contingency costs for project,lump-sum,168790.4,1,168790.4
PRJ_NGO_00085_5,PRJ_NGO_00085_5_ITEM_1,Materials,Materials costs for project,kit,256.74,3624,930425.76
PRJ_NGO_00085_5,PRJ_NGO_00085_5_ITEM_2,Staff,Staff costs for project,person-month,130743.27,7,915202.89
PRJ_NGO_00085_5,PRJ_NGO_00085_5_ITEM_3,Transport,Transport costs for project,trip,9694.93,18,174508.74
PRJ_NGO_00085_5,PRJ_NGO_00085_5_ITEM_4,Admin,Admin costs for project,lump-sum,6856161.87,1,6856161.87
PRJ_NGO_00085_5,PRJ_NGO_00085_5_ITEM_5,Contingency,Contingency costs for project,lump-sum,3403617.0,1,3403617.0
PRJ_NGO_00085_4,PRJ_NGO_00085_4_ITEM_1,Materials,Materials costs for project,kit,1512.47,4376,6618568.72
PRJ_NGO_00085_4,PRJ_NGO_00085_4_ITEM_2,Staff,Staff costs for project,person-month,38579.04,10,385790.4
PRJ_NGO_00085_4,PRJ_NGO_00085_4_ITEM_3,Transport,Transport costs for project,trip,438519.95,21,9208918.950000001
PRJ_NGO_00085_4,PRJ_NGO_00085_4_ITEM_4,Admin,Admin costs for project,lump-sum,1738605.67,1,1738605.67
PRJ_NGO_00085_4,PRJ_NGO_00085_4_ITEM_5,Contingency,Contingency costs for project,lump-sum,354406.28,1,354406.28
PRJ_NGO_00085_3,PRJ_NGO_00085_3_ITEM_1,Materials,Materials costs for project,kit,8.7,3536,30763.199999999997
PRJ_NGO_00085_3,PRJ_NGO_00085_3_ITEM_2,Staff,Staff costs for project,person-month,120955.0,3,362865.0
PRJ_NGO_00085_3,PRJ_NGO_00085_3_ITEM_3,Transport,Transport costs for project,trip,183411.81,17,3118000.77
PRJ_NGO_00085_3,PRJ_NGO_00085_3_ITEM_4,Admin,Admin costs for project,lump-sum,362231.08,1,362231.08
PRJ_NGO_00085_3,PRJ_NGO_00085_3_ITEM_5,Contingency,Contingency costs for project,lump-sum,2017436.87,1,2017436.87
PRJ_NGO_00085_2,PRJ_NGO_00085_2_ITEM_1,Materials,Materials costs for project,kit,33.6,1774,59606.4
PRJ_NGO_00085_2,PRJ_NGO_00085_2_ITEM_2,Staff,Staff costs for project,person-month,143101.62,3,429304.86
PRJ_NGO_00085_2,PRJ_NGO_00085_2_ITEM_3,Transport,Transport costs for project,trip,90301.12,8,722408.96
PRJ_NGO_00085_2,PRJ_NGO_00085_2_ITEM_4,Admin,Admin costs for project,lump-sum,1287513.7,1,1287513.7
PRJ_NGO_00085_2,PRJ_NGO_00085_2_ITEM_5,Contingency,Contingency costs for project,lump-sum,792958.56,1,792958.56
PRJ_NGO_00085_1,PRJ_NGO_00085_1_ITEM_1,Materials,Materials costs for project,kit,24.75,1684,41679.0
PRJ_NGO_00085_1,PRJ_NGO_00085_1_ITEM_2,Staff,Staff costs for project,person-month,339442.08,4,1357768.32
PRJ_NGO_00085_1,PRJ_NGO_00085_1_ITEM_3,Transport,Transport costs for project,trip,611.67,8,4893.36
PRJ_NGO_00085_1,PRJ_NGO_00085_1_ITEM_4,Admin,Admin costs for project,lump-sum,179008.52,1,179008.52
PRJ_NGO_00085_1,PRJ_NGO_00085_1_ITEM_5,Contingency,Contingency costs for project,lump-sum,2166946.66,1,2166946.66
PRJ_NGO_00086_5,PRJ_NGO_00086_5_ITEM_1,Materials,Materials costs for project,kit,1054.14,2615,2756576.1
PRJ_NGO_00086_5,PRJ_NGO_00086_5_ITEM_2,Staff,Staff costs for project,person-month,286711.15,9,2580400.35
PRJ_NGO_00086_5,PRJ_NGO_00086_5_ITEM_3,Transport,Transport costs for project,trip,118175.13,13,1536276.69
PRJ_NGO_00086_5,PRJ_NGO_00086_5_ITEM_4,Admin,Admin costs for project,lump-sum,2672125.84,1,2672125.84
PRJ_NGO_00086_5,PRJ_NGO_00086_5_ITEM_5,Contingency,Contingency costs for project,lump-sum,441913.86,1,441913.86
PRJ_NGO_00086_6,PRJ_NGO_00086_6_ITEM_1,Materials,Materials costs for project,kit,811.26,2297,1863464.22
PRJ_NGO_00086_6,PRJ_NGO_00086_6_ITEM_2,Staff,Staff costs for project,person-month,153445.45,7,1074118.1500000001
PRJ_NGO_00086_6,PRJ_NGO_00086_6_ITEM_3,Transport,Transport costs for project,trip,86820.11,11,955021.21
PRJ_NGO_00086_6,PRJ_NGO_00086_6_ITEM_4,Admin,Admin costs for project,lump-sum,2581155.16,1,2581155.16
PRJ_NGO_00086_6,PRJ_NGO_00086_6_ITEM_5,Contingency,Contingency costs for project,lump-sum,699951.96,1,699951.96
PRJ_NGO_00086_4,PRJ_NGO_00086_4_ITEM_1,Materials,Materials costs for project,kit,516.73,3223,1665420.79
PRJ_NGO_00086_4,PRJ_NGO_00086_4_ITEM_2,Staff,Staff costs for project,person-month,113750.1,8,910000.8
PRJ_NGO_00086_4,PRJ_NGO_00086_4_ITEM_3,Transport,Transport costs for project,trip,536658.54,16,8586536.64
PRJ_NGO_00086_4,PRJ_NGO_00086_4_ITEM_4,Admin,Admin costs for project,lump-sum,463819.75,1,463819.75
PRJ_NGO_00086_4,PRJ_NGO_00086_4_ITEM_5,Contingency,Contingency costs for project,lump-sum,127115.39,1,127115.39
PRJ_NGO_00086_3,PRJ_NGO_00086_3_ITEM_1,Materials,Materials costs for project,kit,765.61,622,476209.42
PRJ_NGO_00086_3,PRJ_NGO_00086_3_ITEM_2,Staff,Staff costs for project,person-month,146755.09,5,733775.45
PRJ_NGO_00086_3,PRJ_NGO_00086_3_ITEM_3,Transport,Transport costs for project,trip,80570.5,3,241711.5
PRJ_NGO_00086_3,PRJ_NGO_00086_3_ITEM_4,Admin,Admin costs for project,lump-sum,9962.49,1,9962.49
PRJ_NGO_00086_3,PRJ_NGO_00086_3_ITEM_5,Contingency,Contingency costs for project,lump-sum,3939.33,1,3939.33
PRJ_NGO_00086_2,PRJ_NGO_00086_2_ITEM_1,Materials,Materials costs for project,kit,52.59,4570,240336.30000000002
PRJ_NGO_00086_2,PRJ_NGO_00086_2_ITEM_2,Staff,Staff costs for project,person-month,783958.14,6,4703748.84
PRJ_NGO_00086_2,PRJ_NGO_00086_2_ITEM_3,Transport,Transport costs for project,trip,355789.1,22,7827360.199999999
PRJ_NGO_00086_2,PRJ_NGO_00086_2_ITEM_4,Admin,Admin costs for project,lump-sum,341089.22,1,341089.22
PRJ_NGO_00086_2,PRJ_NGO_00086_2_ITEM_5,Contingency,Contingency costs for project,lump-sum,388562.17,1,388562.17
PRJ_NGO_00086_1,PRJ_NGO_00086_1_ITEM_1,Materials,Materials costs for project,kit,262.47,2685,704731.9500000001
PRJ_NGO_00086_1,PRJ_NGO_00086_1_ITEM_2,Staff,Staff costs for project,person-month,573772.96,11,6311502.56
PRJ_NGO_00086_1,PRJ_NGO_00086_1_ITEM_3,Transport,Transport costs for project,trip,244361.54,13,3176700.02
PRJ_NGO_00086_1,PRJ_NGO_00086_1_ITEM_4,Admin,Admin costs for project,lump-sum,3011044.02,1,3011044.02
PRJ_NGO_00086_1,PRJ_NGO_00086_1_ITEM_5,Contingency,Contingency costs for project,lump-sum,31024.74,1,31024.74
PRJ_NGO_00087_7,PRJ_NGO_00087_7_ITEM_1,Materials,Materials costs for project,kit,818.87,4082,3342627.34
PRJ_NGO_00087_7,PRJ_NGO_00087_7_ITEM_2,Staff,Staff costs for project,person-month,459549.73,8,3676397.84
PRJ_NGO_00087_7,PRJ_NGO_00087_7_ITEM_3,Transport,Transport costs for project,trip,74306.16,20,1486123.2000000002
PRJ_NGO_00087_7,PRJ_NGO_00087_7_ITEM_4,Admin,Admin costs for project,lump-sum,252457.71,1,252457.71
PRJ_NGO_00087_7,PRJ_NGO_00087_7_ITEM_5,Contingency,Contingency costs for project,lump-sum,5804378.55,1,5804378.55
PRJ_NGO_00087_6,PRJ_NGO_00087_6_ITEM_1,Materials,Materials costs for project,kit,888.28,1996,1773006.88
PRJ_NGO_00087_6,PRJ_NGO_00087_6_ITEM_2,Staff,Staff costs for project,person-month,56841.05,11,625251.55
PRJ_NGO_00087_6,PRJ_NGO_00087_6_ITEM_3,Transport,Transport costs for project,trip,340900.7,9,3068106.3000000003
PRJ_NGO_00087_6,PRJ_NGO_00087_6_ITEM_4,Admin,Admin costs for project,lump-sum,2835087.73,1,2835087.73
PRJ_NGO_00087_6,PRJ_NGO_00087_6_ITEM_5,Contingency,Contingency costs for project,lump-sum,2272952.81,1,2272952.81
PRJ_NGO_00087_5,PRJ_NGO_00087_5_ITEM_1,Materials,Materials costs for project,kit,383.62,4592,1761583.04
PRJ_NGO_00087_5,PRJ_NGO_00087_5_ITEM_2,Staff,Staff costs for project,person-month,1342943.31,10,13429433.100000001
PRJ_NGO_00087_5,PRJ_NGO_00087_5_ITEM_3,Transport,Transport costs for project,trip,37276.37,22,820080.14
PRJ_NGO_00087_5,PRJ_NGO_00087_5_ITEM_4,Admin,Admin costs for project,lump-sum,1798859.26,1,1798859.26
PRJ_NGO_00087_5,PRJ_NGO_00087_5_ITEM_5,Contingency,Contingency costs for project,lump-sum,5427329.04,1,5427329.04
PRJ_NGO_00087_4,PRJ_NGO_00087_4_ITEM_1,Materials,Materials costs for project,kit,963.55,2214,2133299.6999999997
PRJ_NGO_00087_4,PRJ_NGO_00087_4_ITEM_2,Staff,Staff costs for project,person-month,129182.52,8,1033460.16
PRJ_NGO_00087_4,PRJ_NGO_00087_4_ITEM_3,Transport,Transport costs for project,trip,125718.91,11,1382908.01
PRJ_NGO_00087_4,PRJ_NGO_00087_4_ITEM_4,Admin,Admin costs for project,lump-sum,2491285.7,1,2491285.7
PRJ_NGO_00087_4,PRJ_NGO_00087_4_ITEM_5,Contingency,Contingency costs for project,lump-sum,925652.68,1,925652.68
PRJ_NGO_00087_3,PRJ_NGO_00087_3_ITEM_1,Materials,Materials costs for project,kit,136.89,3088,422716.31999999995
PRJ_NGO_00087_3,PRJ_NGO_00087_3_ITEM_2,Staff,Staff costs for project,person-month,170889.38,5,854446.9
PRJ_NGO_00087_3,PRJ_NGO_00087_3_ITEM_3,Transport,Transport costs for project,trip,181734.87,15,2726023.05
PRJ_NGO_00087_3,PRJ_NGO_00087_3_ITEM_4,Admin,Admin costs for project,lump-sum,181383.21,1,181383.21
PRJ_NGO_00087_3,PRJ_NGO_00087_3_ITEM_5,Contingency,Contingency costs for project,lump-sum,3670028.05,1,3670028.05
PRJ_NGO_00087_2,PRJ_NGO_00087_2_ITEM_1,Materials,Materials costs for project,kit,72.77,4933,358974.41
PRJ_NGO_00087_2,PRJ_NGO_00087_2_ITEM_2,Staff,Staff costs for project,person-month,440329.41,4,1761317.64
PRJ_NGO_00087_2,PRJ_NGO_00087_2_ITEM_3,Transport,Transport costs for project,trip,181537.15,24,4356891.6
PRJ_NGO_00087_2,PRJ_NGO_00087_2_ITEM_4,Admin,Admin costs for project,lump-sum,813603.23,1,813603.23
PRJ_NGO_00087_2,PRJ_NGO_00087_2_ITEM_5,Contingency,Contingency costs for project,lump-sum,3071818.28,1,3071818.28
PRJ_NGO_00087_1,PRJ_NGO_00087_1_ITEM_1,Materials,Materials costs for project,kit,1738.83,2823,4908717.09
PRJ_NGO_00087_1,PRJ_NGO_00087_1_ITEM_2,Staff,Staff costs for project,person-month,12100.67,5,60503.35
PRJ_NGO_00087_1,PRJ_NGO_00087_1_ITEM_3,Transport,Transport costs for project,trip,61643.63,14,863010.82
PRJ_NGO_00087_1,PRJ_NGO_00087_1_ITEM_4,Admin,Admin costs for project,lump-sum,948157.92,1,948157.92
PRJ_NGO_00087_1,PRJ_NGO_00087_1_ITEM_5,Contingency,Contingency costs for project,lump-sum,967717.92,1,967717.92
PRJ_NGO_00088_3,PRJ_NGO_00088_3_ITEM_1,Food,Food costs for project,unit,42.67,32328,1379435.76
PRJ_NGO_00088_3,PRJ_NGO_00088_3_ITEM_2,Transport,Transport costs for project,trip,72934.81,8,583478.48
PRJ_NGO_00088_3,PRJ_NGO_00088_3_ITEM_3,Staff,Staff costs for project,person-month,170360.14,9,1533241.2600000002
PRJ_NGO_00088_3,PRJ_NGO_00088_3_ITEM_4,Admin,Admin costs for project,lump-sum,323670.99,1,323670.99
PRJ_NGO_00088_3,PRJ_NGO_00088_3_ITEM_5,Contingency,Contingency costs for project,lump-sum,336694.11,1,336694.11
PRJ_NGO_00088_2,PRJ_NGO_00088_2_ITEM_1,Food,Food costs for project,unit,79.68,19439,1548899.52
PRJ_NGO_00088_2,PRJ_NGO_00088_2_ITEM_2,Transport,Transport costs for project,trip,30757.57,13,399848.41
PRJ_NGO_00088_2,PRJ_NGO_00088_2_ITEM_3,Staff,Staff costs for project,person-month,47710.76,3,143132.28
PRJ_NGO_00088_2,PRJ_NGO_00088_2_ITEM_4,Admin,Admin costs for project,lump-sum,626246.81,1,626246.81
PRJ_NGO_00088_2,PRJ_NGO_00088_2_ITEM_5,Contingency,Contingency costs for project,lump-sum,432327.68,1,432327.68
PRJ_NGO_00088_1,PRJ_NGO_00088_1_ITEM_1,Food,Food costs for project,unit,40.71,16835,685352.85
PRJ_NGO_00088_1,PRJ_NGO_00088_1_ITEM_2,Transport,Transport costs for project,trip,41034.42,12,492413.04
PRJ_NGO_00088_1,PRJ_NGO_00088_1_ITEM_3,Staff,Staff costs for project,person-month,328981.75,3,986945.25
PRJ_NGO_00088_1,PRJ_NGO_00088_1_ITEM_4,Admin,Admin costs for project,lump-sum,258118.73,1,258118.73
PRJ_NGO_00088_1,PRJ_NGO_00088_1_ITEM_5,Contingency,Contingency costs for project,lump-sum,101936.54,1,101936.54
PRJ_NGO_00089_5,PRJ_NGO_00089_5_ITEM_1,Materials,Materials costs for project,kit,23.85,3898,92967.3
PRJ_NGO_00089_5,PRJ_NGO_00089_5_ITEM_2,Staff,Staff costs for project,person-month,117257.5,4,469030.0
PRJ_NGO_00089_5,PRJ_NGO_00089_5_ITEM_3,Transport,Transport costs for project,trip,19325.97,19,367193.43000000005
PRJ_NGO_00089_5,PRJ_NGO_00089_5_ITEM_4,Admin,Admin costs for project,lump-sum,1134903.94,1,1134903.94
PRJ_NGO_00089_5,PRJ_NGO_00089_5_ITEM_5,Contingency,Contingency costs for project,lump-sum,280314.56,1,280314.56
PRJ_NGO_00089_4,PRJ_NGO_00089_4_ITEM_1,Materials,Materials costs for project,kit,31.05,2264,70297.2
PRJ_NGO_00089_4,PRJ_NGO_00089_4_ITEM_2,Staff,Staff costs for project,person-month,103603.69,9,932433.21
PRJ_NGO_00089_4,PRJ_NGO_00089_4_ITEM_3,Transport,Transport costs for project,trip,51375.99,11,565135.89
PRJ_NGO_00089_4,PRJ_NGO_00089_4_ITEM_4,Admin,Admin costs for project,lump-sum,376521.13,1,376521.13
PRJ_NGO_00089_4,PRJ_NGO_00089_4_ITEM_5,Contingency,Contingency costs for project,lump-sum,505306.74,1,505306.74
PRJ_NGO_00089_3,PRJ_NGO_00089_3_ITEM_1,Materials,Materials costs for project,kit,120.03,4078,489482.34
PRJ_NGO_00089_3,PRJ_NGO_00089_3_ITEM_2,Staff,Staff costs for project,person-month,34786.2,8,278289.6
PRJ_NGO_00089_3,PRJ_NGO_00089_3_ITEM_3,Transport,Transport costs for project,trip,18886.12,20,377722.39999999997
PRJ_NGO_00089_3,PRJ_NGO_00089_3_ITEM_4,Admin,Admin costs for project,lump-sum,2066641.24,1,2066641.24
PRJ_NGO_00089_3,PRJ_NGO_00089_3_ITEM_5,Contingency,Contingency costs for project,lump-sum,1402346.08,1,1402346.08
PRJ_NGO_00089_2,PRJ_NGO_00089_2_ITEM_1,Materials,Materials costs for project,kit,6.11,2822,17242.420000000002
PRJ_NGO_00089_2,PRJ_NGO_00089_2_ITEM_2,Staff,Staff costs for project,person-month,63839.92,5,319199.6
PRJ_NGO_00089_2,PRJ_NGO_00089_2_ITEM_3,Transport,Transport costs for project,trip,6789.5,14,95053.0
PRJ_NGO_00089_2,PRJ_NGO_00089_2_ITEM_4,Admin,Admin costs for project,lump-sum,915478.7,1,915478.7
PRJ_NGO_00089_2,PRJ_NGO_00089_2_ITEM_5,Contingency,Contingency costs for project,lump-sum,430016.49,1,430016.49
PRJ_NGO_00089_1,PRJ_NGO_00089_1_ITEM_1,Materials,Materials costs for project,kit,359.27,2480,890989.6
PRJ_NGO_00089_1,PRJ_NGO_00089_1_ITEM_2,Staff,Staff costs for project,person-month,62512.91,10,625129.1000000001
PRJ_NGO_00089_1,PRJ_NGO_00089_1_ITEM_3,Transport,Transport costs for project,trip,14058.49,12,168701.88
PRJ_NGO_00089_1,PRJ_NGO_00089_1_ITEM_4,Admin,Admin costs for project,lump-sum,985726.94,1,985726.94
PRJ_NGO_00089_1,PRJ_NGO_00089_1_ITEM_5,Contingency,Contingency costs for project,lump-sum,615260.86,1,615260.86
PRJ_NGO_00090_5,PRJ_NGO_00090_5_ITEM_1,Materials,Materials costs for project,kit,780.5,415,323907.5
PRJ_NGO_00090_5,PRJ_NGO_00090_5_ITEM_2,Labor,Labor costs for project,person-month,24637.56,3,73912.68000000001
PRJ_NGO_00090_5,PRJ_NGO_00090_5_ITEM_3,Transport,Transport costs for project,trip,99086.52,2,198173.04
PRJ_NGO_00090_5,PRJ_NGO_00090_5_ITEM_4,Admin,Admin costs for project,lump-sum,19401.32,1,19401.32
PRJ_NGO_00090_5,PRJ_NGO_00090_5_ITEM_5,Contingency,Contingency costs for project,lump-sum,42007.5,1,42007.5
PRJ_NGO_00090_4,PRJ_NGO_00090_4_ITEM_1,Materials,Materials costs for project,kit,129.22,2366,305734.52
PRJ_NGO_00090_4,PRJ_NGO_00090_4_ITEM_2,Labor,Labor costs for project,person-month,85250.69,7,596754.8300000001
PRJ_NGO_00090_4,PRJ_NGO_00090_4_ITEM_3,Transport,Transport costs for project,trip,250232.23,11,2752554.5300000003
PRJ_NGO_00090_4,PRJ_NGO_00090_4_ITEM_4,Admin,Admin costs for project,lump-sum,858359.1,1,858359.1
PRJ_NGO_00090_4,PRJ_NGO_00090_4_ITEM_5,Contingency,Contingency costs for project,lump-sum,1022292.1,1,1022292.1
PRJ_NGO_00090_3,PRJ_NGO_00090_3_ITEM_1,Materials,Materials costs for project,kit,88.9,3582,318439.80000000005
PRJ_NGO_00090_3,PRJ_NGO_00090_3_ITEM_2,Labor,Labor costs for project,person-month,287363.16,8,2298905.28
PRJ_NGO_00090_3,PRJ_NGO_00090_3_ITEM_3,Transport,Transport costs for project,trip,148300.44,17,2521107.48
PRJ_NGO_00090_3,PRJ_NGO_00090_3_ITEM_4,Admin,Admin costs for project,lump-sum,1576538.96,1,1576538.96
PRJ_NGO_00090_3,PRJ_NGO_00090_3_ITEM_5,Contingency,Contingency costs for project,lump-sum,4055024.91,1,4055024.91
PRJ_NGO_00090_2,PRJ_NGO_00090_2_ITEM_1,Materials,Materials costs for project,kit,489.63,4718,2310074.34
PRJ_NGO_00090_2,PRJ_NGO_00090_2_ITEM_2,Labor,Labor costs for project,person-month,100251.79,6,601510.74
PRJ_NGO_00090_2,PRJ_NGO_00090_2_ITEM_3,Transport,Transport costs for project,trip,133125.59,23,3061888.57
PRJ_NGO_00090_2,PRJ_NGO_00090_2_ITEM_4,Admin,Admin costs for project,lump-sum,2353446.55,1,2353446.55
PRJ_NGO_00090_2,PRJ_NGO_00090_2_ITEM_5,Contingency,Contingency costs for project,lump-sum,1394896.77,1,1394896.77
PRJ_NGO_00090_1,PRJ_NGO_00090_1_ITEM_1,Materials,Materials costs for project,kit,18.91,3838,72576.58
PRJ_NGO_00090_1,PRJ_NGO_00090_1_ITEM_2,Labor,Labor costs for project,person-month,130149.71,11,1431646.81
PRJ_NGO_00090_1,PRJ_NGO_00090_1_ITEM_3,Transport,Transport costs for project,trip,342075.01,19,6499425.19
PRJ_NGO_00090_1,PRJ_NGO_00090_1_ITEM_4,Admin,Admin costs for project,lump-sum,4853753.06,1,4853753.06
PRJ_NGO_00090_1,PRJ_NGO_00090_1_ITEM_5,Contingency,Contingency costs for project,lump-sum,2313814.04,1,2313814.04
PRJ_NGO_00091_6,PRJ_NGO_00091_6_ITEM_1,Materials,Materials costs for project,kit,105.78,1886,199501.08000000002
PRJ_NGO_00091_6,PRJ_NGO_00091_6_ITEM_2,Staff,Staff costs for project,person-month,199390.79,7,1395735.53
PRJ_NGO_00091_6,PRJ_NGO_00091_6_ITEM_3,Transport,Transport costs for project,trip,177920.44,9,1601283.96
PRJ_NGO_00091_6,PRJ_NGO_00091_6_ITEM_4,Admin,Admin costs for project,lump-sum,44932.15,1,44932.15
PRJ_NGO_00091_6,PRJ_NGO_00091_6_ITEM_5,Contingency,Contingency costs for project,lump-sum,2432552.29,1,2432552.29
PRJ_NGO_00091_5,PRJ_NGO_00091_5_ITEM_1,Materials,Materials costs for project,kit,1740.05,1616,2811920.8
PRJ_NGO_00091_5,PRJ_NGO_00091_5_ITEM_2,Staff,Staff costs for project,person-month,42722.87,6,256337.22000000003
PRJ_NGO_00091_5,PRJ_NGO_00091_5_ITEM_3,Transport,Transport costs for project,trip,56400.63,8,451205.04
PRJ_NGO_00091_5,PRJ_NGO_00091_5_ITEM_4,Admin,Admin costs for project,lump-sum,72372.11,1,72372.11
PRJ_NGO_00091_5,PRJ_NGO_00091_5_ITEM_5,Contingency,Contingency costs for project,lump-sum,1661757.2,1,1661757.2
PRJ_NGO_00091_4,PRJ_NGO_00091_4_ITEM_1,Materials,Materials costs for project,kit,270.93,4717,1277976.81
PRJ_NGO_00091_4,PRJ_NGO_00091_4_ITEM_2,Staff,Staff costs for project,person-month,539868.9,4,2159475.6
PRJ_NGO_00091_4,PRJ_NGO_00091_4_ITEM_3,Transport,Transport costs for project,trip,80817.8,23,1858809.4000000001
PRJ_NGO_00091_4,PRJ_NGO_00091_4_ITEM_4,Admin,Admin costs for project,lump-sum,2366636.67,1,2366636.67
PRJ_NGO_00091_4,PRJ_NGO_00091_4_ITEM_5,Contingency,Contingency costs for project,lump-sum,1075181.78,1,1075181.78
PRJ_NGO_00091_3,PRJ_NGO_00091_3_ITEM_1,Materials,Materials costs for project,kit,208.93,2000,417860.0
PRJ_NGO_00091_3,PRJ_NGO_00091_3_ITEM_2,Staff,Staff costs for project,person-month,104528.17,8,836225.36
PRJ_NGO_00091_3,PRJ_NGO_00091_3_ITEM_3,Transport,Transport costs for project,trip,24721.82,10,247218.2
PRJ_NGO_00091_3,PRJ_NGO_00091_3_ITEM_4,Admin,Admin costs for project,lump-sum,5948336.79,1,5948336.79
PRJ_NGO_00091_3,PRJ_NGO_00091_3_ITEM_5,Contingency,Contingency costs for project,lump-sum,784768.91,1,784768.91
PRJ_NGO_00091_2,PRJ_NGO_00091_2_ITEM_1,Materials,Materials costs for project,kit,626.88,1448,907722.24
PRJ_NGO_00091_2,PRJ_NGO_00091_2_ITEM_2,Staff,Staff costs for project,person-month,112735.87,11,1240094.5699999998
PRJ_NGO_00091_2,PRJ_NGO_00091_2_ITEM_3,Transport,Transport costs for project,trip,188125.37,7,1316877.5899999999
PRJ_NGO_00091_2,PRJ_NGO_00091_2_ITEM_4,Admin,Admin costs for project,lump-sum,1948070.15,1,1948070.15
PRJ_NGO_00091_2,PRJ_NGO_00091_2_ITEM_5,Contingency,Contingency costs for project,lump-sum,1958335.03,1,1958335.03
PRJ_NGO_00091_1,PRJ_NGO_00091_1_ITEM_1,Materials,Materials costs for project,kit,178.87,2284,408539.08
PRJ_NGO_00091_1,PRJ_NGO_00091_1_ITEM_2,Staff,Staff costs for project,person-month,165062.56,5,825312.8
PRJ_NGO_00091_1,PRJ_NGO_00091_1_ITEM_3,Transport,Transport costs for project,trip,424556.17,11,4670117.87
PRJ_NGO_00091_1,PRJ_NGO_00091_1_ITEM_4,Admin,Admin costs for project,lump-sum,149094.01,1,149094.01
PRJ_NGO_00091_1,PRJ_NGO_00091_1_ITEM_5,Contingency,Contingency costs for project,lump-sum,244028.49,1,244028.49
PRJ_NGO_00092_7,PRJ_NGO_00092_7_ITEM_1,Food,Food costs for project,unit,53.67,10650,571585.5
PRJ_NGO_00092_7,PRJ_NGO_00092_7_ITEM_2,Transport,Transport costs for project,trip,54876.32,5,274381.6
PRJ_NGO_00092_7,PRJ_NGO_00092_7_ITEM_3,Staff,Staff costs for project,person-month,108164.51,5,540822.5499999999
PRJ_NGO_00092_7,PRJ_NGO_00092_7_ITEM_4,Admin,Admin costs for project,lump-sum,198198.33,1,198198.33
PRJ_NGO_00092_7,PRJ_NGO_00092_7_ITEM_5,Contingency,Contingency costs for project,lump-sum,332107.56,1,332107.56
PRJ_NGO_00092_6,PRJ_NGO_00092_6_ITEM_1,Food,Food costs for project,unit,2.46,72352,177985.91999999998
PRJ_NGO_00092_6,PRJ_NGO_00092_6_ITEM_2,Transport,Transport costs for project,trip,178774.35,22,3933035.7
PRJ_NGO_00092_6,PRJ_NGO_00092_6_ITEM_3,Staff,Staff costs for project,person-month,204941.16,8,1639529.28
PRJ_NGO_00092_6,PRJ_NGO_00092_6_ITEM_4,Admin,Admin costs for project,lump-sum,4281104.04,1,4281104.04
PRJ_NGO_00092_6,PRJ_NGO_00092_6_ITEM_5,Contingency,Contingency costs for project,lump-sum,1864786.81,1,1864786.81
PRJ_NGO_00092_5,PRJ_NGO_00092_5_ITEM_1,Food,Food costs for project,unit,0.54,2149,1160.46
PRJ_NGO_00092_5,PRJ_NGO_00092_5_ITEM_2,Transport,Transport costs for project,trip,53682.6,1,53682.6
PRJ_NGO_00092_5,PRJ_NGO_00092_5_ITEM_3,Staff,Staff costs for project,person-month,10772.59,3,32317.77
PRJ_NGO_00092_5,PRJ_NGO_00092_5_ITEM_4,Admin,Admin costs for project,lump-sum,192830.84,1,192830.84
PRJ_NGO_00092_5,PRJ_NGO_00092_5_ITEM_5,Contingency,Contingency costs for project,lump-sum,154218.53,1,154218.53
PRJ_NGO_00092_4,PRJ_NGO_00092_4_ITEM_1,Food,Food costs for project,unit,39.43,38200,1506226.0
PRJ_NGO_00092_4,PRJ_NGO_00092_4_ITEM_2,Transport,Transport costs for project,trip,96684.66,23,2223747.18
PRJ_NGO_00092_4,PRJ_NGO_00092_4_ITEM_3,Staff,Staff costs for project,person-month,256765.19,4,1027060.76
PRJ_NGO_00092_4,PRJ_NGO_00092_4_ITEM_4,Admin,Admin costs for project,lump-sum,932829.91,1,932829.91
PRJ_NGO_00092_4,PRJ_NGO_00092_4_ITEM_5,Contingency,Contingency costs for project,lump-sum,448020.52,1,448020.52
PRJ_NGO_00092_3,PRJ_NGO_00092_3_ITEM_1,Food,Food costs for project,unit,34.79,58156,2023247.24
PRJ_NGO_00092_3,PRJ_NGO_00092_3_ITEM_2,Transport,Transport costs for project,trip,42851.48,20,857029.6000000001
PRJ_NGO_00092_3,PRJ_NGO_00092_3_ITEM_3,Staff,Staff costs for project,person-month,237143.06,7,1660001.42
PRJ_NGO_00092_3,PRJ_NGO_00092_3_ITEM_4,Admin,Admin costs for project,lump-sum,2313437.19,1,2313437.19
PRJ_NGO_00092_3,PRJ_NGO_00092_3_ITEM_5,Contingency,Contingency costs for project,lump-sum,2412842.62,1,2412842.62
PRJ_NGO_00092_2,PRJ_NGO_00092_2_ITEM_1,Food,Food costs for project,unit,11.99,89480,1072865.2
PRJ_NGO_00092_2,PRJ_NGO_00092_2_ITEM_2,Transport,Transport costs for project,trip,73349.55,22,1613690.1
PRJ_NGO_00092_2,PRJ_NGO_00092_2_ITEM_3,Staff,Staff costs for project,person-month,6384.58,10,63845.8
PRJ_NGO_00092_2,PRJ_NGO_00092_2_ITEM_4,Admin,Admin costs for project,lump-sum,2402196.13,1,2402196.13
PRJ_NGO_00092_2,PRJ_NGO_00092_2_ITEM_5,Contingency,Contingency costs for project,lump-sum,6203731.59,1,6203731.59
PRJ_NGO_00092_1,PRJ_NGO_00092_1_ITEM_1,Food,Food costs for project,unit,0.79,28368,22410.72
PRJ_NGO_00092_1,PRJ_NGO_00092_1_ITEM_2,Transport,Transport costs for project,trip,219102.2,5,1095511.0
PRJ_NGO_00092_1,PRJ_NGO_00092_1_ITEM_3,Staff,Staff costs for project,person-month,114088.18,12,1369058.16
PRJ_NGO_00092_1,PRJ_NGO_00092_1_ITEM_4,Admin,Admin costs for project,lump-sum,504060.46,1,504060.46
PRJ_NGO_00092_1,PRJ_NGO_00092_1_ITEM_5,Contingency,Contingency costs for project,lump-sum,1098035.85,1,1098035.85
PRJ_NGO_00093_3,PRJ_NGO_00093_3_ITEM_1,Materials,Materials costs for project,kit,320.22,279,89341.38
PRJ_NGO_00093_3,PRJ_NGO_00093_3_ITEM_2,Staff,Staff costs for project,person-month,11888.56,4,47554.24
PRJ_NGO_00093_3,PRJ_NGO_00093_3_ITEM_3,Transport,Transport costs for project,trip,9148.76,1,9148.76
PRJ_NGO_00093_3,PRJ_NGO_00093_3_ITEM_4,Admin,Admin costs for project,lump-sum,7347.75,1,7347.75
PRJ_NGO_00093_3,PRJ_NGO_00093_3_ITEM_5,Contingency,Contingency costs for project,lump-sum,264807.64,1,264807.64
PRJ_NGO_00093_2,PRJ_NGO_00093_2_ITEM_1,Materials,Materials costs for project,kit,659.89,4087,2696970.43
PRJ_NGO_00093_2,PRJ_NGO_00093_2_ITEM_2,Staff,Staff costs for project,person-month,154389.96,5,771949.7999999999
PRJ_NGO_00093_2,PRJ_NGO_00093_2_ITEM_3,Transport,Transport costs for project,trip,108822.86,20,2176457.2
PRJ_NGO_00093_2,PRJ_NGO_00093_2_ITEM_4,Admin,Admin costs for project,lump-sum,1000275.51,1,1000275.51
PRJ_NGO_00093_2,PRJ_NGO_00093_2_ITEM_5,Contingency,Contingency costs for project,lump-sum,1636954.43,1,1636954.43
PRJ_NGO_00093_1,PRJ_NGO_00093_1_ITEM_1,Materials,Materials costs for project,kit,755.05,1594,1203549.7
PRJ_NGO_00093_1,PRJ_NGO_00093_1_ITEM_2,Staff,Staff costs for project,person-month,164239.58,7,1149677.0599999998
PRJ_NGO_00093_1,PRJ_NGO_00093_1_ITEM_3,Transport,Transport costs for project,trip,77581.35,7,543069.4500000001
PRJ_NGO_00093_1,PRJ_NGO_00093_1_ITEM_4,Admin,Admin costs for project,lump-sum,1198879.02,1,1198879.02
PRJ_NGO_00093_1,PRJ_NGO_00093_1_ITEM_5,Contingency,Contingency costs for project,lump-sum,382831.83,1,382831.83
PRJ_NGO_00094_3,PRJ_NGO_00094_3_ITEM_1,Materials,Materials costs for project,kit,41.28,4819,198928.32
PRJ_NGO_00094_3,PRJ_NGO_00094_3_ITEM_2,Staff,Staff costs for project,person-month,379908.03,7,2659356.21
PRJ_NGO_00094_3,PRJ_NGO_00094_3_ITEM_3,Transport,Transport costs for project,trip,14231.55,24,341557.19999999995
PRJ_NGO_00094_3,PRJ_NGO_00094_3_ITEM_4,Admin,Admin costs for project,lump-sum,1969600.53,1,1969600.53
PRJ_NGO_00094_3,PRJ_NGO_00094_3_ITEM_5,Contingency,Contingency costs for project,lump-sum,76459.51,1,76459.51
PRJ_NGO_00094_2,PRJ_NGO_00094_2_ITEM_1,Materials,Materials costs for project,kit,466.4,3364,1568969.5999999999
PRJ_NGO_00094_2,PRJ_NGO_00094_2_ITEM_2,Staff,Staff costs for project,person-month,77790.8,8,622326.4
PRJ_NGO_00094_2,PRJ_NGO_00094_2_ITEM_3,Transport,Transport costs for project,trip,13631.82,16,218109.12
PRJ_NGO_00094_2,PRJ_NGO_00094_2_ITEM_4,Admin,Admin costs for project,lump-sum,879685.24,1,879685.24
PRJ_NGO_00094_2,PRJ_NGO_00094_2_ITEM_5,Contingency,Contingency costs for project,lump-sum,828009.86,1,828009.86
PRJ_NGO_00094_1,PRJ_NGO_00094_1_ITEM_1,Materials,Materials costs for project,kit,285.56,1811,517149.16000000003
PRJ_NGO_00094_1,PRJ_NGO_00094_1_ITEM_2,Staff,Staff costs for project,person-month,126327.07,7,884289.49
PRJ_NGO_00094_1,PRJ_NGO_00094_1_ITEM_3,Transport,Transport costs for project,trip,54879.64,9,493916.76
PRJ_NGO_00094_1,PRJ_NGO_00094_1_ITEM_4,Admin,Admin costs for project,lump-sum,44699.78,1,44699.78
PRJ_NGO_00094_1,PRJ_NGO_00094_1_ITEM_5,Contingency,Contingency costs for project,lump-sum,93952.5,1,93952.5
PRJ_NGO_00095_1,PRJ_NGO_00095_1_ITEM_1,Materials,Materials costs for project,kit,1477.75,4384,6478456.0
PRJ_NGO_00095_1,PRJ_NGO_00095_1_ITEM_2,Staff,Staff costs for project,person-month,133349.96,4,533399.84
PRJ_NGO_00095_1,PRJ_NGO_00095_1_ITEM_3,Transport,Transport costs for project,trip,24776.96,21,520316.16
PRJ_NGO_00095_1,PRJ_NGO_00095_1_ITEM_4,Admin,Admin costs for project,lump-sum,1719988.15,1,1719988.15
PRJ_NGO_00095_1,PRJ_NGO_00095_1_ITEM_5,Contingency,Contingency costs for project,lump-sum,1659546.92,1,1659546.92
PRJ_NGO_00095_3,PRJ_NGO_00095_3_ITEM_1,Materials,Materials costs for project,kit,205.29,1844,378554.76
PRJ_NGO_00095_3,PRJ_NGO_00095_3_ITEM_2,Staff,Staff costs for project,person-month,243706.84,10,2437068.4
PRJ_NGO_00095_3,PRJ_NGO_00095_3_ITEM_3,Transport,Transport costs for project,trip,37370.29,9,336332.61
PRJ_NGO_00095_3,PRJ_NGO_00095_3_ITEM_4,Admin,Admin costs for project,lump-sum,4911524.36,1,4911524.36
PRJ_NGO_00095_3,PRJ_NGO_00095_3_ITEM_5,Contingency,Contingency costs for project,lump-sum,212217.74,1,212217.74
PRJ_NGO_00095_2,PRJ_NGO_00095_2_ITEM_1,Materials,Materials costs for project,kit,639.45,2031,1298722.9500000002
PRJ_NGO_00095_2,PRJ_NGO_00095_2_ITEM_2,Staff,Staff costs for project,person-month,351978.4,10,3519784.0
PRJ_NGO_00095_2,PRJ_NGO_00095_2_ITEM_3,Transport,Transport costs for project,trip,98629.91,10,986299.1000000001
PRJ_NGO_00095_2,PRJ_NGO_00095_2_ITEM_4,Admin,Admin costs for project,lump-sum,2103488.1,1,2103488.1
PRJ_NGO_00095_2,PRJ_NGO_00095_2_ITEM_5,Contingency,Contingency costs for project,lump-sum,1501108.67,1,1501108.67
PRJ_NGO_00096_2,PRJ_NGO_00096_2_ITEM_1,Food,Food costs for project,unit,45.16,44064,1989930.2399999998
PRJ_NGO_00096_2,PRJ_NGO_00096_2_ITEM_2,Transport,Transport costs for project,trip,338224.43,9,3044019.87
PRJ_NGO_00096_2,PRJ_NGO_00096_2_ITEM_3,Staff,Staff costs for project,person-month,104797.34,12,1257568.08
PRJ_NGO_00096_2,PRJ_NGO_00096_2_ITEM_4,Admin,Admin costs for project,lump-sum,2577710.22,1,2577710.22
PRJ_NGO_00096_2,PRJ_NGO_00096_2_ITEM_5,Contingency,Contingency costs for project,lump-sum,430628.03,1,430628.03
PRJ_NGO_00096_1,PRJ_NGO_00096_1_ITEM_1,Food,Food costs for project,unit,28.09,16980,476968.2
PRJ_NGO_00096_1,PRJ_NGO_00096_1_ITEM_2,Transport,Transport costs for project,trip,25786.58,14,361012.12
PRJ_NGO_00096_1,PRJ_NGO_00096_1_ITEM_3,Staff,Staff costs for project,person-month,538899.08,3,1616697.2399999998
PRJ_NGO_00096_1,PRJ_NGO_00096_1_ITEM_4,Admin,Admin costs for project,lump-sum,1028089.59,1,1028089.59
PRJ_NGO_00096_1,PRJ_NGO_00096_1_ITEM_5,Contingency,Contingency costs for project,lump-sum,226616.52,1,226616.52
PRJ_NGO_00097_7,PRJ_NGO_00097_7_ITEM_1,Food,Food costs for project,unit,13.08,37488,490343.04
PRJ_NGO_00097_7,PRJ_NGO_00097_7_ITEM_2,Transport,Transport costs for project,trip,219913.06,15,3298695.9
PRJ_NGO_00097_7,PRJ_NGO_00097_7_ITEM_3,Staff,Staff costs for project,person-month,48069.16,6,288414.96
PRJ_NGO_00097_7,PRJ_NGO_00097_7_ITEM_4,Admin,Admin costs for project,lump-sum,532933.74,1,532933.74
PRJ_NGO_00097_7,PRJ_NGO_00097_7_ITEM_5,Contingency,Contingency costs for project,lump-sum,477386.61,1,477386.61
PRJ_NGO_00097_6,PRJ_NGO_00097_6_ITEM_1,Food,Food costs for project,unit,2.16,51870,112039.20000000001
PRJ_NGO_00097_6,PRJ_NGO_00097_6_ITEM_2,Transport,Transport costs for project,trip,217704.15,17,3700970.55
PRJ_NGO_00097_6,PRJ_NGO_00097_6_ITEM_3,Staff,Staff costs for project,person-month,318969.48,7,2232786.36
PRJ_NGO_00097_6,PRJ_NGO_00097_6_ITEM_4,Admin,Admin costs for project,lump-sum,547183.51,1,547183.51
PRJ_NGO_00097_6,PRJ_NGO_00097_6_ITEM_5,Contingency,Contingency costs for project,lump-sum,72692.47,1,72692.47
PRJ_NGO_00097_5,PRJ_NGO_00097_5_ITEM_1,Food,Food costs for project,unit,20.27,6138,124417.26
PRJ_NGO_00097_5,PRJ_NGO_00097_5_ITEM_2,Transport,Transport costs for project,trip,193804.1,2,387608.2
PRJ_NGO_00097_5,PRJ_NGO_00097_5_ITEM_3,Staff,Staff costs for project,person-month,69638.91,5,348194.55000000005
PRJ_NGO_00097_5,PRJ_NGO_00097_5_ITEM_4,Admin,Admin costs for project,lump-sum,61340.15,1,61340.15
PRJ_NGO_00097_5,PRJ_NGO_00097_5_ITEM_5,Contingency,Contingency costs for project,lump-sum,81465.33,1,81465.33
PRJ_NGO_00097_4,PRJ_NGO_00097_4_ITEM_1,Food,Food costs for project,unit,20.57,7728,158964.96
PRJ_NGO_00097_4,PRJ_NGO_00097_4_ITEM_2,Transport,Transport costs for project,trip,22867.93,1,22867.93
PRJ_NGO_00097_4,PRJ_NGO_00097_4_ITEM_3,Staff,Staff costs for project,person-month,20345.04,12,244140.48
PRJ_NGO_00097_4,PRJ_NGO_00097_4_ITEM_4,Admin,Admin costs for project,lump-sum,71201.98,1,71201.98
PRJ_NGO_00097_4,PRJ_NGO_00097_4_ITEM_5,Contingency,Contingency costs for project,lump-sum,509257.25,1,509257.25
PRJ_NGO_00097_3,PRJ_NGO_00097_3_ITEM_1,Food,Food costs for project,unit,31.4,14700,461580.0
PRJ_NGO_00097_3,PRJ_NGO_00097_3_ITEM_2,Transport,Transport costs for project,trip,16527.68,10,165276.8
PRJ_NGO_00097_3,PRJ_NGO_00097_3_ITEM_3,Staff,Staff costs for project,person-month,244208.79,3,732626.37
PRJ_NGO_00097_3,PRJ_NGO_00097_3_ITEM_4,Admin,Admin costs for project,lump-sum,1010920.26,1,1010920.26
PRJ_NGO_00097_3,PRJ_NGO_00097_3_ITEM_5,Contingency,Contingency costs for project,lump-sum,346755.65,1,346755.65
PRJ_NGO_00097_2,PRJ_NGO_00097_2_ITEM_1,Food,Food costs for project,unit,5.83,37870,220782.1
PRJ_NGO_00097_2,PRJ_NGO_00097_2_ITEM_2,Transport,Transport costs for project,trip,126663.29,18,2279939.2199999997
PRJ_NGO_00097_2,PRJ_NGO_00097_2_ITEM_3,Staff,Staff costs for project,person-month,277730.76,5,1388653.8
PRJ_NGO_00097_2,PRJ_NGO_00097_2_ITEM_4,Admin,Admin costs for project,lump-sum,1675225.45,1,1675225.45
PRJ_NGO_00097_2,PRJ_NGO_00097_2_ITEM_5,Contingency,Contingency costs for project,lump-sum,767281.03,1,767281.03
PRJ_NGO_00097_1,PRJ_NGO_00097_1_ITEM_1,Food,Food costs for project,unit,38.4,70791,2718374.4
PRJ_NGO_00097_1,PRJ_NGO_00097_1_ITEM_2,Transport,Transport costs for project,trip,193647.44,16,3098359.04
PRJ_NGO_00097_1,PRJ_NGO_00097_1_ITEM_3,Staff,Staff costs for project,person-month,46894.51,10,468945.10000000003
PRJ_NGO_00097_1,PRJ_NGO_00097_1_ITEM_4,Admin,Admin costs for project,lump-sum,2439511.76,1,2439511.76
PRJ_NGO_00097_1,PRJ_NGO_00097_1_ITEM_5,Contingency,Contingency costs for project,lump-sum,495939.37,1,495939.37
PRJ_NGO_00098_3,PRJ_NGO_00098_3_ITEM_1,Relief Kits,Relief Kits costs for project,unit,21.8,33614,732785.2000000001
PRJ_NGO_00098_3,PRJ_NGO_00098_3_ITEM_2,Shelter,Shelter costs for project,family,1622.82,600,973692.0
PRJ_NGO_00098_3,PRJ_NGO_00098_3_ITEM_3,Transport,Transport costs for project,trip,297016.88,12,3564202.56
PRJ_NGO_00098_3,PRJ_NGO_00098_3_ITEM_4,Medical,Medical costs for project,kit,737.98,2401,1771889.98
PRJ_NGO_00098_3,PRJ_NGO_00098_3_ITEM_5,Staff,Staff costs for project,person-month,252772.01,7,1769404.07
PRJ_NGO_00098_6,PRJ_NGO_00098_6_ITEM_1,Relief Kits,Relief Kits costs for project,unit,74.79,66038,4938982.0200000005
PRJ_NGO_00098_6,PRJ_NGO_00098_6_ITEM_2,Shelter,Shelter costs for project,family,2776.3,1179,3273257.7
PRJ_NGO_00098_6,PRJ_NGO_00098_6_ITEM_3,Transport,Transport costs for project,trip,251348.81,23,5781022.63
PRJ_NGO_00098_6,PRJ_NGO_00098_6_ITEM_4,Medical,Medical costs for project,kit,74.97,4717,353633.49
PRJ_NGO_00098_6,PRJ_NGO_00098_6_ITEM_5,Staff,Staff costs for project,person-month,333563.18,7,2334942.26
PRJ_NGO_00098_7,PRJ_NGO_00098_7_ITEM_1,Relief Kits,Relief Kits costs for project,unit,48.8,17388,848534.3999999999
PRJ_NGO_00098_7,PRJ_NGO_00098_7_ITEM_2,Shelter,Shelter costs for project,family,428.17,310,132732.7
PRJ_NGO_00098_7,PRJ_NGO_00098_7_ITEM_3,Transport,Transport costs for project,trip,116502.64,6,699015.84
PRJ_NGO_00098_7,PRJ_NGO_00098_7_ITEM_4,Medical,Medical costs for project,kit,573.98,1242,712883.16
PRJ_NGO_00098_7,PRJ_NGO_00098_7_ITEM_5,Staff,Staff costs for project,person-month,199756.64,7,1398296.48
PRJ_NGO_00098_5,PRJ_NGO_00098_5_ITEM_1,Relief Kits,Relief Kits costs for project,unit,23.32,28931,674670.92
PRJ_NGO_00098_5,PRJ_NGO_00098_5_ITEM_2,Shelter,Shelter costs for project,family,1819.52,1033,1879564.16
PRJ_NGO_00098_5,PRJ_NGO_00098_5_ITEM_3,Transport,Transport costs for project,trip,117086.64,20,2341732.8
PRJ_NGO_00098_5,PRJ_NGO_00098_5_ITEM_4,Medical,Medical costs for project,kit,488.88,4133,2020541.04
PRJ_NGO_00098_5,PRJ_NGO_00098_5_ITEM_5,Staff,Staff costs for project,person-month,182861.34,3,548584.02
PRJ_NGO_00098_4,PRJ_NGO_00098_4_ITEM_1,Relief Kits,Relief Kits costs for project,unit,79.48,26624,2116075.52
PRJ_NGO_00098_4,PRJ_NGO_00098_4_ITEM_2,Shelter,Shelter costs for project,family,4679.55,416,1946692.8
PRJ_NGO_00098_4,PRJ_NGO_00098_4_ITEM_3,Transport,Transport costs for project,trip,78995.3,8,631962.4
PRJ_NGO_00098_4,PRJ_NGO_00098_4_ITEM_4,Medical,Medical costs for project,kit,259.13,1664,431192.32
PRJ_NGO_00098_4,PRJ_NGO_00098_4_ITEM_5,Staff,Staff costs for project,person-month,75797.09,8,606376.72
PRJ_NGO_00098_2,PRJ_NGO_00098_2_ITEM_1,Relief Kits,Relief Kits costs for project,unit,13.58,31458,427199.64
PRJ_NGO_00098_2,PRJ_NGO_00098_2_ITEM_2,Shelter,Shelter costs for project,family,3607.1,561,2023583.0999999999
PRJ_NGO_00098_2,PRJ_NGO_00098_2_ITEM_3,Transport,Transport costs for project,trip,166258.11,11,1828839.21
PRJ_NGO_00098_2,PRJ_NGO_00098_2_ITEM_4,Medical,Medical costs for project,kit,652.45,2247,1466055.1500000001
PRJ_NGO_00098_2,PRJ_NGO_00098_2_ITEM_5,Staff,Staff costs for project,person-month,123461.35,7,864229.4500000001
PRJ_NGO_00098_1,PRJ_NGO_00098_1_ITEM_1,Relief Kits,Relief Kits costs for project,unit,3.47,46522,161431.34
PRJ_NGO_00098_1,PRJ_NGO_00098_1_ITEM_2,Shelter,Shelter costs for project,family,4096.36,830,3399978.8
PRJ_NGO_00098_1,PRJ_NGO_00098_1_ITEM_3,Transport,Transport costs for project,trip,79283.7,16,1268539.2
PRJ_NGO_00098_1,PRJ_NGO_00098_1_ITEM_4,Medical,Medical costs for project,kit,678.82,3323,2255718.8600000003
PRJ_NGO_00098_1,PRJ_NGO_00098_1_ITEM_5,Staff,Staff costs for project,person-month,379593.15,7,2657152.0500000003
PRJ_NGO_00099_1,PRJ_NGO_00099_1_ITEM_1,Materials,Materials costs for project,kit,534.17,4069,2173537.73
PRJ_NGO_00099_1,PRJ_NGO_00099_1_ITEM_2,Staff,Staff costs for project,person-month,71897.68,11,790874.48
PRJ_NGO_00099_1,PRJ_NGO_00099_1_ITEM_3,Transport,Transport costs for project,trip,71036.44,20,1420728.8
PRJ_NGO_00099_1,PRJ_NGO_00099_1_ITEM_4,Admin,Admin costs for project,lump-sum,64911.88,1,64911.88
PRJ_NGO_00099_1,PRJ_NGO_00099_1_ITEM_5,Contingency,Contingency costs for project,lump-sum,2424857.3,1,2424857.3
PRJ_NGO_00099_2,PRJ_NGO_00099_2_ITEM_1,Materials,Materials costs for project,kit,405.81,2892,1173602.52
PRJ_NGO_00099_2,PRJ_NGO_00099_2_ITEM_2,Staff,Staff costs for project,person-month,192892.11,7,1350244.77
PRJ_NGO_00099_2,PRJ_NGO_00099_2_ITEM_3,Transport,Transport costs for project,trip,9795.3,14,137134.19999999998
PRJ_NGO_00099_2,PRJ_NGO_00099_2_ITEM_4,Admin,Admin costs for project,lump-sum,122869.2,1,122869.2
PRJ_NGO_00099_2,PRJ_NGO_00099_2_ITEM_5,Contingency,Contingency costs for project,lump-sum,337555.72,1,337555.72
PRJ_NGO_00101_7,PRJ_NGO_00101_7_ITEM_1,Materials,Materials costs for project,kit,712.23,990,705107.7000000001
PRJ_NGO_00101_7,PRJ_NGO_00101_7_ITEM_2,Staff,Staff costs for project,person-month,63364.46,10,633644.6
PRJ_NGO_00101_7,PRJ_NGO_00101_7_ITEM_3,Transport,Transport costs for project,trip,344197.07,4,1376788.28
PRJ_NGO_00101_7,PRJ_NGO_00101_7_ITEM_4,Admin,Admin costs for project,lump-sum,520655.16,1,520655.16
PRJ_NGO_00101_7,PRJ_NGO_00101_7_ITEM_5,Contingency,Contingency costs for project,lump-sum,500906.58,1,500906.58
PRJ_NGO_00101_6,PRJ_NGO_00101_6_ITEM_1,Materials,Materials costs for project,kit,1019.98,2593,2644808.14
PRJ_NGO_00101_6,PRJ_NGO_00101_6_ITEM_2,Staff,Staff costs for project,person-month,275959.97,7,1931719.7899999998
PRJ_NGO_00101_6,PRJ_NGO_00101_6_ITEM_3,Transport,Transport costs for project,trip,156042.56,12,1872510.72
PRJ_NGO_00101_6,PRJ_NGO_00101_6_ITEM_4,Admin,Admin costs for project,lump-sum,1316845.48,1,1316845.48
PRJ_NGO_00101_6,PRJ_NGO_00101_6_ITEM_5,Contingency,Contingency costs for project,lump-sum,517514.34,1,517514.34
PRJ_NGO_00101_5,PRJ_NGO_00101_5_ITEM_1,Materials,Materials costs for project,kit,190.18,2122,403561.96
PRJ_NGO_00101_5,PRJ_NGO_00101_5_ITEM_2,Staff,Staff costs for project,person-month,22020.93,9,198188.37
PRJ_NGO_00101_5,PRJ_NGO_00101_5_ITEM_3,Transport,Transport costs for project,trip,87989.51,10,879895.1
PRJ_NGO_00101_5,PRJ_NGO_00101_5_ITEM_4,Admin,Admin costs for project,lump-sum,4812641.76,1,4812641.76
PRJ_NGO_00101_5,PRJ_NGO_00101_5_ITEM_5,Contingency,Contingency costs for project,lump-sum,1160005.18,1,1160005.18
PRJ_NGO_00101_4,PRJ_NGO_00101_4_ITEM_1,Materials,Materials costs for project,kit,1362.39,1908,2599440.12
PRJ_NGO_00101_4,PRJ_NGO_00101_4_ITEM_2,Staff,Staff costs for project,person-month,245859.01,11,2704449.1100000003
PRJ_NGO_00101_4,PRJ_NGO_00101_4_ITEM_3,Transport,Transport costs for project,trip,91191.99,9,820727.91
PRJ_NGO_00101_4,PRJ_NGO_00101_4_ITEM_4,Admin,Admin costs for project,lump-sum,2196797.22,1,2196797.22
PRJ_NGO_00101_4,PRJ_NGO_00101_4_ITEM_5,Contingency,Contingency costs for project,lump-sum,755880.49,1,755880.49
PRJ_NGO_00101_3,PRJ_NGO_00101_3_ITEM_1,Materials,Materials costs for project,kit,314.76,926,291467.76
PRJ_NGO_00101_3,PRJ_NGO_00101_3_ITEM_2,Staff,Staff costs for project,person-month,98587.34,5,492936.69999999995
PRJ_NGO_00101_3,PRJ_NGO_00101_3_ITEM_3,Transport,Transport costs for project,trip,16489.75,4,65959.0
PRJ_NGO_00101_3,PRJ_NGO_00101_3_ITEM_4,Admin,Admin costs for project,lump-sum,727349.78,1,727349.78
PRJ_NGO_00101_3,PRJ_NGO_00101_3_ITEM_5,Contingency,Contingency costs for project,lump-sum,591386.34,1,591386.34
PRJ_NGO_00101_2,PRJ_NGO_00101_2_ITEM_1,Materials,Materials costs for project,kit,1.69,4051,6846.19
PRJ_NGO_00101_2,PRJ_NGO_00101_2_ITEM_2,Staff,Staff costs for project,person-month,289570.53,6,1737423.1800000002
PRJ_NGO_00101_2,PRJ_NGO_00101_2_ITEM_3,Transport,Transport costs for project,trip,41578.71,20,831574.2
PRJ_NGO_00101_2,PRJ_NGO_00101_2_ITEM_4,Admin,Admin costs for project,lump-sum,659264.97,1,659264.97
PRJ_NGO_00101_2,PRJ_NGO_00101_2_ITEM_5,Contingency,Contingency costs for project,lump-sum,6829678.46,1,6829678.46
PRJ_NGO_00101_1,PRJ_NGO_00101_1_ITEM_1,Materials,Materials costs for project,kit,594.03,491,291668.73
PRJ_NGO_00101_1,PRJ_NGO_00101_1_ITEM_2,Staff,Staff costs for project,person-month,25615.07,6,153690.41999999998
PRJ_NGO_00101_1,PRJ_NGO_00101_1_ITEM_3,Transport,Transport costs for project,trip,189137.94,2,378275.88
PRJ_NGO_00101_1,PRJ_NGO_00101_1_ITEM_4,Admin,Admin costs for project,lump-sum,336324.74,1,336324.74
PRJ_NGO_00101_1,PRJ_NGO_00101_1_ITEM_5,Contingency,Contingency costs for project,lump-sum,22040.83,1,22040.83
PRJ_NGO_00102_4,PRJ_NGO_00102_4_ITEM_1,Materials,Materials costs for project,kit,102.94,3284,338054.96
PRJ_NGO_00102_4,PRJ_NGO_00102_4_ITEM_2,Staff,Staff costs for project,person-month,479684.74,12,5756216.88
PRJ_NGO_00102_4,PRJ_NGO_00102_4_ITEM_3,Transport,Transport costs for project,trip,25840.56,16,413448.96
PRJ_NGO_00102_4,PRJ_NGO_00102_4_ITEM_4,Admin,Admin costs for project,lump-sum,7645556.95,1,7645556.95
PRJ_NGO_00102_4,PRJ_NGO_00102_4_ITEM_5,Contingency,Contingency costs for project,lump-sum,4193707.31,1,4193707.31
PRJ_NGO_00102_3,PRJ_NGO_00102_3_ITEM_1,Materials,Materials costs for project,kit,824.19,2445,2015144.55
PRJ_NGO_00102_3,PRJ_NGO_00102_3_ITEM_2,Staff,Staff costs for project,person-month,280163.52,3,840490.56
PRJ_NGO_00102_3,PRJ_NGO_00102_3_ITEM_3,Transport,Transport costs for project,trip,40959.27,12,491511.24
PRJ_NGO_00102_3,PRJ_NGO_00102_3_ITEM_4,Admin,Admin costs for project,lump-sum,643136.81,1,643136.81
PRJ_NGO_00102_3,PRJ_NGO_00102_3_ITEM_5,Contingency,Contingency costs for project,lump-sum,198624.29,1,198624.29
PRJ_NGO_00102_2,PRJ_NGO_00102_2_ITEM_1,Materials,Materials costs for project,kit,188.82,3404,642743.28
PRJ_NGO_00102_2,PRJ_NGO_00102_2_ITEM_2,Staff,Staff costs for project,person-month,442022.6,4,1768090.4
PRJ_NGO_00102_2,PRJ_NGO_00102_2_ITEM_3,Transport,Transport costs for project,trip,183164.72,17,3113800.24
PRJ_NGO_00102_2,PRJ_NGO_00102_2_ITEM_4,Admin,Admin costs for project,lump-sum,95932.63,1,95932.63
PRJ_NGO_00102_2,PRJ_NGO_00102_2_ITEM_5,Contingency,Contingency costs for project,lump-sum,2976117.2,1,2976117.2
PRJ_NGO_00102_1,PRJ_NGO_00102_1_ITEM_1,Materials,Materials costs for project,kit,553.84,3602,1994931.6800000002
PRJ_NGO_00102_1,PRJ_NGO_00102_1_ITEM_2,Staff,Staff costs for project,person-month,429899.34,4,1719597.36
PRJ_NGO_00102_1,PRJ_NGO_00102_1_ITEM_3,Transport,Transport costs for project,trip,28717.43,18,516913.74
PRJ_NGO_00102_1,PRJ_NGO_00102_1_ITEM_4,Admin,Admin costs for project,lump-sum,1287412.48,1,1287412.48
PRJ_NGO_00102_1,PRJ_NGO_00102_1_ITEM_5,Contingency,Contingency costs for project,lump-sum,938237.04,1,938237.04
PRJ_NGO_00103_2,PRJ_NGO_00103_2_ITEM_1,Materials,Materials costs for project,kit,973.12,311,302640.32
PRJ_NGO_00103_2,PRJ_NGO_00103_2_ITEM_2,Staff,Staff costs for project,person-month,36887.91,9,331991.19000000006
PRJ_NGO_00103_2,PRJ_NGO_00103_2_ITEM_3,Transport,Transport costs for project,trip,70433.66,1,70433.66
PRJ_NGO_00103_2,PRJ_NGO_00103_2_ITEM_4,Admin,Admin costs for project,lump-sum,689410.38,1,689410.38
PRJ_NGO_00103_2,PRJ_NGO_00103_2_ITEM_5,Contingency,Contingency costs for project,lump-sum,31726.0,1,31726.0
PRJ_NGO_00103_1,PRJ_NGO_00103_1_ITEM_1,Materials,Materials costs for project,kit,495.71,3979,1972430.0899999999
PRJ_NGO_00103_1,PRJ_NGO_00103_1_ITEM_2,Staff,Staff costs for project,person-month,1105723.29,6,6634339.74
PRJ_NGO_00103_1,PRJ_NGO_00103_1_ITEM_3,Transport,Transport costs for project,trip,128597.74,19,2443357.06
PRJ_NGO_00103_1,PRJ_NGO_00103_1_ITEM_4,Admin,Admin costs for project,lump-sum,1384220.12,1,1384220.12
PRJ_NGO_00103_1,PRJ_NGO_00103_1_ITEM_5,Contingency,Contingency costs for project,lump-sum,815372.81,1,815372.81
PRJ_NGO_00104_2,PRJ_NGO_00104_2_ITEM_1,Materials,Materials costs for project,kit,978.62,3421,3347859.02
PRJ_NGO_00104_2,PRJ_NGO_00104_2_ITEM_2,Staff,Staff costs for project,person-month,27957.14,6,167742.84
PRJ_NGO_00104_2,PRJ_NGO_00104_2_ITEM_3,Transport,Transport costs for project,trip,70513.43,17,1198728.3099999998
PRJ_NGO_00104_2,PRJ_NGO_00104_2_ITEM_4,Admin,Admin costs for project,lump-sum,2644197.73,1,2644197.73
PRJ_NGO_00104_2,PRJ_NGO_00104_2_ITEM_5,Contingency,Contingency costs for project,lump-sum,725374.98,1,725374.98
PRJ_NGO_00104_1,PRJ_NGO_00104_1_ITEM_1,Materials,Materials costs for project,kit,908.23,3801,3452182.23
PRJ_NGO_00104_1,PRJ_NGO_00104_1_ITEM_2,Staff,Staff costs for project,person-month,129436.04,5,647180.2
PRJ_NGO_00104_1,PRJ_NGO_00104_1_ITEM_3,Transport,Transport costs for project,trip,59546.18,19,1131377.42
PRJ_NGO_00104_1,PRJ_NGO_00104_1_ITEM_4,Admin,Admin costs for project,lump-sum,207388.36,1,207388.36
PRJ_NGO_00104_1,PRJ_NGO_00104_1_ITEM_5,Contingency,Contingency costs for project,lump-sum,2992178.34,1,2992178.34
PRJ_NGO_00105_2,PRJ_NGO_00105_2_ITEM_1,Materials,Materials costs for project,kit,231.13,2792,645314.96
PRJ_NGO_00105_2,PRJ_NGO_00105_2_ITEM_2,Staff,Staff costs for project,person-month,116303.42,3,348910.26
PRJ_NGO_00105_2,PRJ_NGO_00105_2_ITEM_3,Transport,Transport costs for project,trip,23513.04,13,305669.52
PRJ_NGO_00105_2,PRJ_NGO_00105_2_ITEM_4,Admin,Admin costs for project,lump-sum,1013775.89,1,1013775.89
PRJ_NGO_00105_2,PRJ_NGO_00105_2_ITEM_5,Contingency,Contingency costs for project,lump-sum,2427024.1,1,2427024.1
PRJ_NGO_00105_1,PRJ_NGO_00105_1_ITEM_1,Materials,Materials costs for project,kit,424.8,998,423950.4
PRJ_NGO_00105_1,PRJ_NGO_00105_1_ITEM_2,Staff,Staff costs for project,person-month,147828.88,3,443486.64
PRJ_NGO_00105_1,PRJ_NGO_00105_1_ITEM_3,Transport,Transport costs for project,trip,46875.66,4,187502.64
PRJ_NGO_00105_1,PRJ_NGO_00105_1_ITEM_4,Admin,Admin costs for project,lump-sum,263110.58,1,263110.58
PRJ_NGO_00105_1,PRJ_NGO_00105_1_ITEM_5,Contingency,Contingency costs for project,lump-sum,231947.99,1,231947.99
PRJ_NGO_00106_1,PRJ_NGO_00106_1_ITEM_1,Materials,Materials costs for project,kit,1414.19,2367,3347387.73
PRJ_NGO_00106_1,PRJ_NGO_00106_1_ITEM_2,Staff,Staff costs for project,person-month,193822.23,7,1356755.61
PRJ_NGO_00106_1,PRJ_NGO_00106_1_ITEM_3,Transport,Transport costs for project,trip,152427.9,11,1676706.9
PRJ_NGO_00106_1,PRJ_NGO_00106_1_ITEM_4,Admin,Admin costs for project,lump-sum,234292.75,1,234292.75
PRJ_NGO_00106_1,PRJ_NGO_00106_1_ITEM_5,Contingency,Contingency costs for project,lump-sum,1888756.93,1,1888756.93
PRJ_NGO_00107_3,PRJ_NGO_00107_3_ITEM_1,Materials,Materials costs for project,kit,282.1,2879,812165.9
PRJ_NGO_00107_3,PRJ_NGO_00107_3_ITEM_2,Staff,Staff costs for project,person-month,41605.23,5,208026.15000000002
PRJ_NGO_00107_3,PRJ_NGO_00107_3_ITEM_3,Transport,Transport costs for project,trip,102253.57,14,1431549.98
PRJ_NGO_00107_3,PRJ_NGO_00107_3_ITEM_4,Admin,Admin costs for project,lump-sum,222682.58,1,222682.58
PRJ_NGO_00107_3,PRJ_NGO_00107_3_ITEM_5,Contingency,Contingency costs for project,lump-sum,843286.66,1,843286.66
PRJ_NGO_00107_2,PRJ_NGO_00107_2_ITEM_1,Materials,Materials costs for project,kit,102.93,3282,337816.26
PRJ_NGO_00107_2,PRJ_NGO_00107_2_ITEM_2,Staff,Staff costs for project,person-month,336406.6,6,2018439.5999999999
PRJ_NGO_00107_2,PRJ_NGO_00107_2_ITEM_3,Transport,Transport costs for project,trip,36171.42,16,578742.72
PRJ_NGO_00107_2,PRJ_NGO_00107_2_ITEM_4,Admin,Admin costs for project,lump-sum,617198.82,1,617198.82
PRJ_NGO_00107_2,PRJ_NGO_00107_2_ITEM_5,Contingency,Contingency costs for project,lump-sum,415506.99,1,415506.99
PRJ_NGO_00107_1,PRJ_NGO_00107_1_ITEM_1,Materials,Materials costs for project,kit,7.85,1505,11814.25
PRJ_NGO_00107_1,PRJ_NGO_00107_1_ITEM_2,Staff,Staff costs for project,person-month,12503.15,3,37509.45
PRJ_NGO_00107_1,PRJ_NGO_00107_1_ITEM_3,Transport,Transport costs for project,trip,59608.36,7,417258.52
PRJ_NGO_00107_1,PRJ_NGO_00107_1_ITEM_4,Admin,Admin costs for project,lump-sum,132132.27,1,132132.27
PRJ_NGO_00107_1,PRJ_NGO_00107_1_ITEM_5,Contingency,Contingency costs for project,lump-sum,500780.63,1,500780.63
PRJ_NGO_00108_3,PRJ_NGO_00108_3_ITEM_1,Materials,Materials costs for project,kit,2099.59,2683,5633199.970000001
PRJ_NGO_00108_3,PRJ_NGO_00108_3_ITEM_2,Staff,Staff costs for project,person-month,508856.06,12,6106272.72
PRJ_NGO_00108_3,PRJ_NGO_00108_3_ITEM_3,Transport,Transport costs for project,trip,11847.01,13,154011.13
PRJ_NGO_00108_3,PRJ_NGO_00108_3_ITEM_4,Admin,Admin costs for project,lump-sum,1652563.62,1,1652563.62
PRJ_NGO_00108_3,PRJ_NGO_00108_3_ITEM_5,Contingency,Contingency costs for project,lump-sum,225553.21,1,225553.21
PRJ_NGO_00108_4,PRJ_NGO_00108_4_ITEM_1,Materials,Materials costs for project,kit,1111.21,2451,2723575.71
PRJ_NGO_00108_4,PRJ_NGO_00108_4_ITEM_2,Staff,Staff costs for project,person-month,324373.5,6,1946241.0
PRJ_NGO_00108_4,PRJ_NGO_00108_4_ITEM_3,Transport,Transport costs for project,trip,47933.87,12,575206.4400000001
PRJ_NGO_00108_4,PRJ_NGO_00108_4_ITEM_4,Admin,Admin costs for project,lump-sum,630176.61,1,630176.61
PRJ_NGO_00108_4,PRJ_NGO_00108_4_ITEM_5,Contingency,Contingency costs for project,lump-sum,1040908.15,1,1040908.15
PRJ_NGO_00108_2,PRJ_NGO_00108_2_ITEM_1,Materials,Materials costs for project,kit,1230.0,1706,2098380.0
PRJ_NGO_00108_2,PRJ_NGO_00108_2_ITEM_2,Staff,Staff costs for project,person-month,369919.22,9,3329272.9799999995
PRJ_NGO_00108_2,PRJ_NGO_00108_2_ITEM_3,Transport,Transport costs for project,trip,25923.69,8,207389.52
PRJ_NGO_00108_2,PRJ_NGO_00108_2_ITEM_4,Admin,Admin costs for project,lump-sum,1474747.74,1,1474747.74
PRJ_NGO_00108_2,PRJ_NGO_00108_2_ITEM_5,Contingency,Contingency costs for project,lump-sum,857903.31,1,857903.31
PRJ_NGO_00108_1,PRJ_NGO_00108_1_ITEM_1,Materials,Materials costs for project,kit,157.92,4399,694690.08
PRJ_NGO_00108_1,PRJ_NGO_00108_1_ITEM_2,Staff,Staff costs for project,person-month,668673.85,4,2674695.4
PRJ_NGO_00108_1,PRJ_NGO_00108_1_ITEM_3,Transport,Transport costs for project,trip,53209.35,21,1117396.3499999999
PRJ_NGO_00108_1,PRJ_NGO_00108_1_ITEM_4,Admin,Admin costs for project,lump-sum,3072225.22,1,3072225.22
PRJ_NGO_00108_1,PRJ_NGO_00108_1_ITEM_5,Contingency,Contingency costs for project,lump-sum,3809704.87,1,3809704.87
PRJ_NGO_00109_3,PRJ_NGO_00109_3_ITEM_1,Materials,Materials costs for project,kit,123.2,4388,540601.6
PRJ_NGO_00109_3,PRJ_NGO_00109_3_ITEM_2,Staff,Staff costs for project,person-month,2153.77,9,19383.93
PRJ_NGO_00109_3,PRJ_NGO_00109_3_ITEM_3,Transport,Transport costs for project,trip,191744.3,21,4026630.3
PRJ_NGO_00109_3,PRJ_NGO_00109_3_ITEM_4,Admin,Admin costs for project,lump-sum,1396398.98,1,1396398.98
PRJ_NGO_00109_3,PRJ_NGO_00109_3_ITEM_5,Contingency,Contingency costs for project,lump-sum,2593377.84,1,2593377.84
PRJ_NGO_00109_2,PRJ_NGO_00109_2_ITEM_1,Materials,Materials costs for project,kit,295.57,4065,1201492.05
PRJ_NGO_00109_2,PRJ_NGO_00109_2_ITEM_2,Staff,Staff costs for project,person-month,352955.76,5,1764778.8
PRJ_NGO_00109_2,PRJ_NGO_00109_2_ITEM_3,Transport,Transport costs for project,trip,39028.8,20,780576.0
PRJ_NGO_00109_2,PRJ_NGO_00109_2_ITEM_4,Admin,Admin costs for project,lump-sum,3112766.02,1,3112766.02
PRJ_NGO_00109_2,PRJ_NGO_00109_2_ITEM_5,Contingency,Contingency costs for project,lump-sum,111668.26,1,111668.26
PRJ_NGO_00109_1,PRJ_NGO_00109_1_ITEM_1,Materials,Materials costs for project,kit,522.07,4323,2256908.6100000003
PRJ_NGO_00109_1,PRJ_NGO_00109_1_ITEM_2,Staff,Staff costs for project,person-month,67744.96,6,406469.76
PRJ_NGO_00109_1,PRJ_NGO_00109_1_ITEM_3,Transport,Transport costs for project,trip,81899.63,21,1719892.23
PRJ_NGO_00109_1,PRJ_NGO_00109_1_ITEM_4,Admin,Admin costs for project,lump-sum,1922650.66,1,1922650.66
PRJ_NGO_00109_1,PRJ_NGO_00109_1_ITEM_5,Contingency,Contingency costs for project,lump-sum,1907161.21,1,1907161.21
PRJ_NGO_00110_3,PRJ_NGO_00110_3_ITEM_1,Relief Kits,Relief Kits costs for project,unit,12.44,33960,422462.39999999997
PRJ_NGO_00110_3,PRJ_NGO_00110_3_ITEM_2,Shelter,Shelter costs for project,family,6354.77,353,2243233.81
PRJ_NGO_00110_3,PRJ_NGO_00110_3_ITEM_3,Transport,Transport costs for project,trip,201709.75,7,1411968.25
PRJ_NGO_00110_3,PRJ_NGO_00110_3_ITEM_4,Medical,Medical costs for project,kit,1438.19,1415,2035038.85
PRJ_NGO_00110_3,PRJ_NGO_00110_3_ITEM_5,Staff,Staff costs for project,person-month,47015.06,12,564180.72
PRJ_NGO_00110_4,PRJ_NGO_00110_4_ITEM_1,Relief Kits,Relief Kits costs for project,unit,91.55,90354,8271908.7
PRJ_NGO_00110_4,PRJ_NGO_00110_4_ITEM_2,Shelter,Shelter costs for project,family,2421.16,1026,2484110.1599999997
PRJ_NGO_00110_4,PRJ_NGO_00110_4_ITEM_3,Transport,Transport costs for project,trip,267897.57,20,5357951.4
PRJ_NGO_00110_4,PRJ_NGO_00110_4_ITEM_4,Medical,Medical costs for project,kit,1185.35,4107,4868232.449999999
PRJ_NGO_00110_4,PRJ_NGO_00110_4_ITEM_5,Staff,Staff costs for project,person-month,27335.71,11,300692.81
PRJ_NGO_00110_2,PRJ_NGO_00110_2_ITEM_1,Relief Kits,Relief Kits costs for project,unit,11.98,25940,310761.2
PRJ_NGO_00110_2,PRJ_NGO_00110_2_ITEM_2,Shelter,Shelter costs for project,family,3302.92,648,2140292.16
PRJ_NGO_00110_2,PRJ_NGO_00110_2_ITEM_3,Transport,Transport costs for project,trip,3032.44,12,36389.28
PRJ_NGO_00110_2,PRJ_NGO_00110_2_ITEM_4,Medical,Medical costs for project,kit,780.1,2594,2023579.4000000001
PRJ_NGO_00110_2,PRJ_NGO_00110_2_ITEM_5,Staff,Staff costs for project,person-month,243772.48,5,1218862.4000000001
PRJ_NGO_00110_1,PRJ_NGO_00110_1_ITEM_1,Relief Kits,Relief Kits costs for project,unit,131.48,98232,12915543.36
PRJ_NGO_00110_1,PRJ_NGO_00110_1_ITEM_2,Shelter,Shelter costs for project,family,92.35,1023,94474.04999999999
PRJ_NGO_00110_1,PRJ_NGO_00110_1_ITEM_3,Transport,Transport costs for project,trip,99330.2,20,1986604.0
PRJ_NGO_00110_1,PRJ_NGO_00110_1_ITEM_4,Medical,Medical costs for project,kit,2131.32,4093,8723492.76
PRJ_NGO_00110_1,PRJ_NGO_00110_1_ITEM_5,Staff,Staff costs for project,person-month,1991.32,12,23895.84
PRJ_NGO_00111_5,PRJ_NGO_00111_5_ITEM_1,Materials,Materials costs for project,kit,588.87,1946,1145941.02
PRJ_NGO_00111_5,PRJ_NGO_00111_5_ITEM_2,Staff,Staff costs for project,person-month,116322.88,4,465291.52
PRJ_NGO_00111_5,PRJ_NGO_00111_5_ITEM_3,Transport,Transport costs for project,trip,34739.4,9,312654.60000000003
PRJ_NGO_00111_5,PRJ_NGO_00111_5_ITEM_4,Admin,Admin costs for project,lump-sum,1459273.18,1,1459273.18
PRJ_NGO_00111_5,PRJ_NGO_00111_5_ITEM_5,Contingency,Contingency costs for project,lump-sum,673731.31,1,673731.31
PRJ_NGO_00111_4,PRJ_NGO_00111_4_ITEM_1,Materials,Materials costs for project,kit,1354.22,974,1319010.28
PRJ_NGO_00111_4,PRJ_NGO_00111_4_ITEM_2,Staff,Staff costs for project,person-month,32.39,9,291.51
PRJ_NGO_00111_4,PRJ_NGO_00111_4_ITEM_3,Transport,Transport costs for project,trip,303145.03,4,1212580.12
PRJ_NGO_00111_4,PRJ_NGO_00111_4_ITEM_4,Admin,Admin costs for project,lump-sum,123755.54,1,123755.54
PRJ_NGO_00111_4,PRJ_NGO_00111_4_ITEM_5,Contingency,Contingency costs for project,lump-sum,1019661.72,1,1019661.72
PRJ_NGO_00111_3,PRJ_NGO_00111_3_ITEM_1,Materials,Materials costs for project,kit,98.85,2814,278163.89999999997
PRJ_NGO_00111_3,PRJ_NGO_00111_3_ITEM_2,Staff,Staff costs for project,person-month,341398.26,10,3413982.6
PRJ_NGO_00111_3,PRJ_NGO_00111_3_ITEM_3,Transport,Transport costs for project,trip,41939.23,14,587149.2200000001
PRJ_NGO_00111_3,PRJ_NGO_00111_3_ITEM_4,Admin,Admin costs for project,lump-sum,84259.87,1,84259.87
PRJ_NGO_00111_3,PRJ_NGO_00111_3_ITEM_5,Contingency,Contingency costs for project,lump-sum,5291636.56,1,5291636.56
PRJ_NGO_00111_2,PRJ_NGO_00111_2_ITEM_1,Materials,Materials costs for project,kit,274.13,4797,1315001.6099999999
PRJ_NGO_00111_2,PRJ_NGO_00111_2_ITEM_2,Staff,Staff costs for project,person-month,5449.55,8,43596.4
PRJ_NGO_00111_2,PRJ_NGO_00111_2_ITEM_3,Transport,Transport costs for project,trip,279814.1,23,6435724.3
PRJ_NGO_00111_2,PRJ_NGO_00111_2_ITEM_4,Admin,Admin costs for project,lump-sum,4014692.58,1,4014692.58
PRJ_NGO_00111_2,PRJ_NGO_00111_2_ITEM_5,Contingency,Contingency costs for project,lump-sum,5084996.41,1,5084996.41
PRJ_NGO_00111_1,PRJ_NGO_00111_1_ITEM_1,Materials,Materials costs for project,kit,1639.49,4412,7233429.88
PRJ_NGO_00111_1,PRJ_NGO_00111_1_ITEM_2,Staff,Staff costs for project,person-month,64835.15,11,713186.65
PRJ_NGO_00111_1,PRJ_NGO_00111_1_ITEM_3,Transport,Transport costs for project,trip,45329.24,22,997243.2799999999
PRJ_NGO_00111_1,PRJ_NGO_00111_1_ITEM_4,Admin,Admin costs for project,lump-sum,4842686.02,1,4842686.02
PRJ_NGO_00111_1,PRJ_NGO_00111_1_ITEM_5,Contingency,Contingency costs for project,lump-sum,1595343.93,1,1595343.93
PRJ_NGO_00112_5,PRJ_NGO_00112_5_ITEM_1,Food,Food costs for project,unit,7.13,61632,439436.16
PRJ_NGO_00112_5,PRJ_NGO_00112_5_ITEM_2,Transport,Transport costs for project,trip,131768.64,19,2503604.16
PRJ_NGO_00112_5,PRJ_NGO_00112_5_ITEM_3,Staff,Staff costs for project,person-month,80725.68,8,645805.44
PRJ_NGO_00112_5,PRJ_NGO_00112_5_ITEM_4,Admin,Admin costs for project,lump-sum,622721.14,1,622721.14
PRJ_NGO_00112_5,PRJ_NGO_00112_5_ITEM_5,Contingency,Contingency costs for project,lump-sum,4374133.16,1,4374133.16
PRJ_NGO_00112_6,PRJ_NGO_00112_6_ITEM_1,Food,Food costs for project,unit,0.33,31110,10266.300000000001
PRJ_NGO_00112_6,PRJ_NGO_00112_6_ITEM_2,Transport,Transport costs for project,trip,202458.83,9,1822129.47
PRJ_NGO_00112_6,PRJ_NGO_00112_6_ITEM_3,Staff,Staff costs for project,person-month,30593.57,8,244748.56
PRJ_NGO_00112_6,PRJ_NGO_00112_6_ITEM_4,Admin,Admin costs for project,lump-sum,1984447.86,1,1984447.86
PRJ_NGO_00112_6,PRJ_NGO_00112_6_ITEM_5,Contingency,Contingency costs for project,lump-sum,84023.24,1,84023.24
PRJ_NGO_00112_4,PRJ_NGO_00112_4_ITEM_1,Food,Food costs for project,unit,34.55,109480,3782533.9999999995
PRJ_NGO_00112_4,PRJ_NGO_00112_4_ITEM_2,Transport,Transport costs for project,trip,257195.44,23,5915495.12
PRJ_NGO_00112_4,PRJ_NGO_00112_4_ITEM_3,Staff,Staff costs for project,person-month,557829.16,11,6136120.760000001
PRJ_NGO_00112_4,PRJ_NGO_00112_4_ITEM_4,Admin,Admin costs for project,lump-sum,422866.48,1,422866.48
PRJ_NGO_00112_4,PRJ_NGO_00112_4_ITEM_5,Contingency,Contingency costs for project,lump-sum,399992.77,1,399992.77
PRJ_NGO_00112_3,PRJ_NGO_00112_3_ITEM_1,Food,Food costs for project,unit,28.6,27570,788502.0
PRJ_NGO_00112_3,PRJ_NGO_00112_3_ITEM_2,Transport,Transport costs for project,trip,8674.41,9,78069.69
PRJ_NGO_00112_3,PRJ_NGO_00112_3_ITEM_3,Staff,Staff costs for project,person-month,187651.78,7,1313562.46
PRJ_NGO_00112_3,PRJ_NGO_00112_3_ITEM_4,Admin,Admin costs for project,lump-sum,1531776.85,1,1531776.85
PRJ_NGO_00112_3,PRJ_NGO_00112_3_ITEM_5,Contingency,Contingency costs for project,lump-sum,124740.57,1,124740.57
PRJ_NGO_00112_2,PRJ_NGO_00112_2_ITEM_1,Food,Food costs for project,unit,35.1,16926,594102.6
PRJ_NGO_00112_2,PRJ_NGO_00112_2_ITEM_2,Transport,Transport costs for project,trip,5055.87,4,20223.48
PRJ_NGO_00112_2,PRJ_NGO_00112_2_ITEM_3,Staff,Staff costs for project,person-month,127254.84,10,1272548.4
PRJ_NGO_00112_2,PRJ_NGO_00112_2_ITEM_4,Admin,Admin costs for project,lump-sum,298921.36,1,298921.36
PRJ_NGO_00112_2,PRJ_NGO_00112_2_ITEM_5,Contingency,Contingency costs for project,lump-sum,533830.71,1,533830.71
PRJ_NGO_00112_1,PRJ_NGO_00112_1_ITEM_1,Food,Food costs for project,unit,43.59,27063,1179676.1700000002
PRJ_NGO_00112_1,PRJ_NGO_00112_1_ITEM_2,Transport,Transport costs for project,trip,64638.2,15,969573.0
PRJ_NGO_00112_1,PRJ_NGO_00112_1_ITEM_3,Staff,Staff costs for project,person-month,201819.79,4,807279.16
PRJ_NGO_00112_1,PRJ_NGO_00112_1_ITEM_4,Admin,Admin costs for project,lump-sum,25806.07,1,25806.07
PRJ_NGO_00112_1,PRJ_NGO_00112_1_ITEM_5,Contingency,Contingency costs for project,lump-sum,1819150.71,1,1819150.71
PRJ_NGO_00113_3,PRJ_NGO_00113_3_ITEM_1,Materials,Materials costs for project,kit,1326.11,891,1181564.01
PRJ_NGO_00113_3,PRJ_NGO_00113_3_ITEM_2,Staff,Staff costs for project,person-month,52408.68,7,366860.76
PRJ_NGO_00113_3,PRJ_NGO_00113_3_ITEM_3,Transport,Transport costs for project,trip,135410.98,4,541643.92
PRJ_NGO_00113_3,PRJ_NGO_00113_3_ITEM_4,Admin,Admin costs for project,lump-sum,575241.55,1,575241.55
PRJ_NGO_00113_3,PRJ_NGO_00113_3_ITEM_5,Contingency,Contingency costs for project,lump-sum,85489.53,1,85489.53
PRJ_NGO_00113_2,PRJ_NGO_00113_2_ITEM_1,Materials,Materials costs for project,kit,158.57,1019,161582.83
PRJ_NGO_00113_2,PRJ_NGO_00113_2_ITEM_2,Staff,Staff costs for project,person-month,1743.6,9,15692.4
PRJ_NGO_00113_2,PRJ_NGO_00113_2_ITEM_3,Transport,Transport costs for project,trip,138555.14,5,692775.7000000001
PRJ_NGO_00113_2,PRJ_NGO_00113_2_ITEM_4,Admin,Admin costs for project,lump-sum,415460.73,1,415460.73
PRJ_NGO_00113_2,PRJ_NGO_00113_2_ITEM_5,Contingency,Contingency costs for project,lump-sum,2474586.22,1,2474586.22
PRJ_NGO_00113_1,PRJ_NGO_00113_1_ITEM_1,Materials,Materials costs for project,kit,371.54,2291,851198.14
PRJ_NGO_00113_1,PRJ_NGO_00113_1_ITEM_2,Staff,Staff costs for project,person-month,336373.09,8,2690984.72
PRJ_NGO_00113_1,PRJ_NGO_00113_1_ITEM_3,Transport,Transport costs for project,trip,19702.78,11,216730.58
PRJ_NGO_00113_1,PRJ_NGO_00113_1_ITEM_4,Admin,Admin costs for project,lump-sum,1130284.24,1,1130284.24
PRJ_NGO_00113_1,PRJ_NGO_00113_1_ITEM_5,Contingency,Contingency costs for project,lump-sum,2970893.07,1,2970893.07
PRJ_NGO_00114_3,PRJ_NGO_00114_3_ITEM_1,Materials,Materials costs for project,kit,1818.46,4434,8063051.640000001
PRJ_NGO_00114_3,PRJ_NGO_00114_3_ITEM_2,Labor,Labor costs for project,person-month,724831.75,12,8697981.0
PRJ_NGO_00114_3,PRJ_NGO_00114_3_ITEM_3,Transport,Transport costs for project,trip,6028.21,22,132620.62
PRJ_NGO_00114_3,PRJ_NGO_00114_3_ITEM_4,Admin,Admin costs for project,lump-sum,2586291.7,1,2586291.7
PRJ_NGO_00114_3,PRJ_NGO_00114_3_ITEM_5,Contingency,Contingency costs for project,lump-sum,672468.15,1,672468.15
PRJ_NGO_00114_2,PRJ_NGO_00114_2_ITEM_1,Materials,Materials costs for project,kit,1476.7,2253,3327005.1
PRJ_NGO_00114_2,PRJ_NGO_00114_2_ITEM_2,Labor,Labor costs for project,person-month,354951.78,6,2129710.68
PRJ_NGO_00114_2,PRJ_NGO_00114_2_ITEM_3,Transport,Transport costs for project,trip,34026.17,11,374287.87
PRJ_NGO_00114_2,PRJ_NGO_00114_2_ITEM_4,Admin,Admin costs for project,lump-sum,783197.05,1,783197.05
PRJ_NGO_00114_2,PRJ_NGO_00114_2_ITEM_5,Contingency,Contingency costs for project,lump-sum,12499.61,1,12499.61
PRJ_NGO_00114_1,PRJ_NGO_00114_1_ITEM_1,Materials,Materials costs for project,kit,307.84,873,268744.32
PRJ_NGO_00114_1,PRJ_NGO_00114_1_ITEM_2,Labor,Labor costs for project,person-month,81665.86,5,408329.3
PRJ_NGO_00114_1,PRJ_NGO_00114_1_ITEM_3,Transport,Transport costs for project,trip,83462.62,4,333850.48
PRJ_NGO_00114_1,PRJ_NGO_00114_1_ITEM_4,Admin,Admin costs for project,lump-sum,671925.98,1,671925.98
PRJ_NGO_00114_1,PRJ_NGO_00114_1_ITEM_5,Contingency,Contingency costs for project,lump-sum,76349.42,1,76349.42
PRJ_NGO_00115_5,PRJ_NGO_00115_5_ITEM_1,Relief Kits,Relief Kits costs for project,unit,122.84,16392,2013593.28
PRJ_NGO_00115_5,PRJ_NGO_00115_5_ITEM_2,Shelter,Shelter costs for project,family,1586.97,341,541156.77
PRJ_NGO_00115_5,PRJ_NGO_00115_5_ITEM_3,Transport,Transport costs for project,trip,93934.94,6,563609.64
PRJ_NGO_00115_5,PRJ_NGO_00115_5_ITEM_4,Medical,Medical costs for project,kit,295.21,1366,403256.86
PRJ_NGO_00115_5,PRJ_NGO_00115_5_ITEM_5,Staff,Staff costs for project,person-month,287795.38,6,1726772.28
PRJ_NGO_00115_4,PRJ_NGO_00115_4_ITEM_1,Relief Kits,Relief Kits costs for project,unit,38.51,17550,675850.5
PRJ_NGO_00115_4,PRJ_NGO_00115_4_ITEM_2,Shelter,Shelter costs for project,family,1444.73,337,486874.01
PRJ_NGO_00115_4,PRJ_NGO_00115_4_ITEM_3,Transport,Transport costs for project,trip,220121.45,6,1320728.7000000002
PRJ_NGO_00115_4,PRJ_NGO_00115_4_ITEM_4,Medical,Medical costs for project,kit,988.07,1350,1333894.5
PRJ_NGO_00115_4,PRJ_NGO_00115_4_ITEM_5,Staff,Staff costs for project,person-month,87187.05,6,523122.30000000005
PRJ_NGO_00115_3,PRJ_NGO_00115_3_ITEM_1,Relief Kits,Relief Kits costs for project,unit,100.53,65376,6572249.28
PRJ_NGO_00115_3,PRJ_NGO_00115_3_ITEM_2,Shelter,Shelter costs for project,family,1808.48,908,1642099.84
PRJ_NGO_00115_3,PRJ_NGO_00115_3_ITEM_3,Transport,Transport costs for project,trip,246546.96,18,4437845.28
PRJ_NGO_00115_3,PRJ_NGO_00115_3_ITEM_4,Medical,Medical costs for project,kit,328.89,3632,1194528.48
PRJ_NGO_00115_3,PRJ_NGO_00115_3_ITEM_5,Staff,Staff costs for project,person-month,577849.01,9,5200641.09
PRJ_NGO_00115_2,PRJ_NGO_00115_2_ITEM_1,Relief Kits,Relief Kits costs for project,unit,97.15,28488,2767609.2
PRJ_NGO_00115_2,PRJ_NGO_00115_2_ITEM_2,Shelter,Shelter costs for project,family,2652.85,890,2361036.5
PRJ_NGO_00115_2,PRJ_NGO_00115_2_ITEM_3,Transport,Transport costs for project,trip,175873.67,17,2989852.39
PRJ_NGO_00115_2,PRJ_NGO_00115_2_ITEM_4,Medical,Medical costs for project,kit,449.86,3561,1601951.46
PRJ_NGO_00115_2,PRJ_NGO_00115_2_ITEM_5,Staff,Staff costs for project,person-month,95445.26,4,381781.04
PRJ_NGO_00115_1,PRJ_NGO_00115_1_ITEM_1,Relief Kits,Relief Kits costs for project,unit,74.42,12195,907551.9
PRJ_NGO_00115_1,PRJ_NGO_00115_1_ITEM_2,Shelter,Shelter costs for project,family,1486.02,203,301662.06
PRJ_NGO_00115_1,PRJ_NGO_00115_1_ITEM_3,Transport,Transport costs for project,trip,305431.94,4,1221727.76
PRJ_NGO_00115_1,PRJ_NGO_00115_1_ITEM_4,Medical,Medical costs for project,kit,185.43,813,150754.59
PRJ_NGO_00115_1,PRJ_NGO_00115_1_ITEM_5,Staff,Staff costs for project,person-month,153448.12,7,1074136.8399999999
PRJ_NGO_00116_2,PRJ_NGO_00116_2_ITEM_1,Materials,Materials costs for project,kit,104.03,1969,204835.07
PRJ_NGO_00116_2,PRJ_NGO_00116_2_ITEM_2,Staff,Staff costs for project,person-month,128302.58,9,1154723.22
PRJ_NGO_00116_2,PRJ_NGO_00116_2_ITEM_3,Transport,Transport costs for project,trip,592381.66,9,5331434.94
PRJ_NGO_00116_2,PRJ_NGO_00116_2_ITEM_4,Admin,Admin costs for project,lump-sum,1493397.08,1,1493397.08
PRJ_NGO_00116_2,PRJ_NGO_00116_2_ITEM_5,Contingency,Contingency costs for project,lump-sum,477601.87,1,477601.87
PRJ_NGO_00116_1,PRJ_NGO_00116_1_ITEM_1,Materials,Materials costs for project,kit,203.9,3806,776043.4
PRJ_NGO_00116_1,PRJ_NGO_00116_1_ITEM_2,Staff,Staff costs for project,person-month,513418.12,3,1540254.3599999999
PRJ_NGO_00116_1,PRJ_NGO_00116_1_ITEM_3,Transport,Transport costs for project,trip,107207.08,19,2036934.52
PRJ_NGO_00116_1,PRJ_NGO_00116_1_ITEM_4,Admin,Admin costs for project,lump-sum,2648337.4,1,2648337.4
PRJ_NGO_00116_1,PRJ_NGO_00116_1_ITEM_5,Contingency,Contingency costs for project,lump-sum,828823.83,1,828823.83
PRJ_NGO_00117_4,PRJ_NGO_00117_4_ITEM_1,Materials,Materials costs for project,kit,339.86,3787,1287049.82
PRJ_NGO_00117_4,PRJ_NGO_00117_4_ITEM_2,Staff,Staff costs for project,person-month,23475.21,10,234752.09999999998
PRJ_NGO_00117_4,PRJ_NGO_00117_4_ITEM_3,Transport,Transport costs for project,trip,185242.44,18,3334363.92
PRJ_NGO_00117_4,PRJ_NGO_00117_4_ITEM_4,Admin,Admin costs for project,lump-sum,1681464.49,1,1681464.49
PRJ_NGO_00117_4,PRJ_NGO_00117_4_ITEM_5,Contingency,Contingency costs for project,lump-sum,831168.47,1,831168.47
PRJ_NGO_00117_3,PRJ_NGO_00117_3_ITEM_1,Materials,Materials costs for project,kit,339.49,2066,701386.34
PRJ_NGO_00117_3,PRJ_NGO_00117_3_ITEM_2,Staff,Staff costs for project,person-month,12976.69,8,103813.52
PRJ_NGO_00117_3,PRJ_NGO_00117_3_ITEM_3,Transport,Transport costs for project,trip,119742.91,10,1197429.1
PRJ_NGO_00117_3,PRJ_NGO_00117_3_ITEM_4,Admin,Admin costs for project,lump-sum,1417186.76,1,1417186.76
PRJ_NGO_00117_3,PRJ_NGO_00117_3_ITEM_5,Contingency,Contingency costs for project,lump-sum,132193.33,1,132193.33
PRJ_NGO_00117_2,PRJ_NGO_00117_2_ITEM_1,Materials,Materials costs for project,kit,9.79,4942,48382.17999999999
PRJ_NGO_00117_2,PRJ_NGO_00117_2_ITEM_2,Staff,Staff costs for project,person-month,91869.74,6,551218.4400000001
PRJ_NGO_00117_2,PRJ_NGO_00117_2_ITEM_3,Transport,Transport costs for project,trip,58054.42,24,1393306.08
PRJ_NGO_00117_2,PRJ_NGO_00117_2_ITEM_4,Admin,Admin costs for project,lump-sum,4508447.51,1,4508447.51
PRJ_NGO_00117_2,PRJ_NGO_00117_2_ITEM_5,Contingency,Contingency costs for project,lump-sum,512558.51,1,512558.51
PRJ_NGO_00117_1,PRJ_NGO_00117_1_ITEM_1,Materials,Materials costs for project,kit,131.54,3125,411062.5
PRJ_NGO_00117_1,PRJ_NGO_00117_1_ITEM_2,Staff,Staff costs for project,person-month,16398.23,8,131185.84
PRJ_NGO_00117_1,PRJ_NGO_00117_1_ITEM_3,Transport,Transport costs for project,trip,138691.97,15,2080379.55
PRJ_NGO_00117_1,PRJ_NGO_00117_1_ITEM_4,Admin,Admin costs for project,lump-sum,3211610.19,1,3211610.19
PRJ_NGO_00117_1,PRJ_NGO_00117_1_ITEM_5,Contingency,Contingency costs for project,lump-sum,74368.4,1,74368.4
PRJ_NGO_00118_4,PRJ_NGO_00118_4_ITEM_1,Materials,Materials costs for project,kit,12.6,680,8568.0
PRJ_NGO_00118_4,PRJ_NGO_00118_4_ITEM_2,Staff,Staff costs for project,person-month,9160.42,3,27481.260000000002
PRJ_NGO_00118_4,PRJ_NGO_00118_4_ITEM_3,Transport,Transport costs for project,trip,67138.83,3,201416.49
PRJ_NGO_00118_4,PRJ_NGO_00118_4_ITEM_4,Admin,Admin costs for project,lump-sum,434693.4,1,434693.4
PRJ_NGO_00118_4,PRJ_NGO_00118_4_ITEM_5,Contingency,Contingency costs for project,lump-sum,39343.59,1,39343.59
PRJ_NGO_00118_3,PRJ_NGO_00118_3_ITEM_1,Materials,Materials costs for project,kit,439.5,3195,1404202.5
PRJ_NGO_00118_3,PRJ_NGO_00118_3_ITEM_2,Staff,Staff costs for project,person-month,112323.86,8,898590.88
PRJ_NGO_00118_3,PRJ_NGO_00118_3_ITEM_3,Transport,Transport costs for project,trip,16283.95,15,244259.25
PRJ_NGO_00118_3,PRJ_NGO_00118_3_ITEM_4,Admin,Admin costs for project,lump-sum,796763.67,1,796763.67
PRJ_NGO_00118_3,PRJ_NGO_00118_3_ITEM_5,Contingency,Contingency costs for project,lump-sum,2924180.09,1,2924180.09
PRJ_NGO_00118_2,PRJ_NGO_00118_2_ITEM_1,Materials,Materials costs for project,kit,578.43,4689,2712258.2699999996
PRJ_NGO_00118_2,PRJ_NGO_00118_2_ITEM_2,Staff,Staff costs for project,person-month,355797.51,8,2846380.08
PRJ_NGO_00118_2,PRJ_NGO_00118_2_ITEM_3,Transport,Transport costs for project,trip,112812.19,23,2594680.37
PRJ_NGO_00118_2,PRJ_NGO_00118_2_ITEM_4,Admin,Admin costs for project,lump-sum,285896.68,1,285896.68
PRJ_NGO_00118_2,PRJ_NGO_00118_2_ITEM_5,Contingency,Contingency costs for project,lump-sum,1347083.19,1,1347083.19
PRJ_NGO_00118_1,PRJ_NGO_00118_1_ITEM_1,Materials,Materials costs for project,kit,473.32,4447,2104854.04
PRJ_NGO_00118_1,PRJ_NGO_00118_1_ITEM_2,Staff,Staff costs for project,person-month,170307.86,8,1362462.88
PRJ_NGO_00118_1,PRJ_NGO_00118_1_ITEM_3,Transport,Transport costs for project,trip,885.21,22,19474.620000000003
PRJ_NGO_00118_1,PRJ_NGO_00118_1_ITEM_4,Admin,Admin costs for project,lump-sum,169856.65,1,169856.65
PRJ_NGO_00118_1,PRJ_NGO_00118_1_ITEM_5,Contingency,Contingency costs for project,lump-sum,4245672.84,1,4245672.84
PRJ_NGO_00119_3,PRJ_NGO_00119_3_ITEM_1,Materials,Materials costs for project,kit,717.31,1095,785454.45
PRJ_NGO_00119_3,PRJ_NGO_00119_3_ITEM_2,Staff,Staff costs for project,person-month,75032.31,10,750323.1
PRJ_NGO_00119_3,PRJ_NGO_00119_3_ITEM_3,Transport,Transport costs for project,trip,239210.04,5,1196050.2
PRJ_NGO_00119_3,PRJ_NGO_00119_3_ITEM_4,Admin,Admin costs for project,lump-sum,671697.68,1,671697.68
PRJ_NGO_00119_3,PRJ_NGO_00119_3_ITEM_5,Contingency,Contingency costs for project,lump-sum,2098275.23,1,2098275.23
PRJ_NGO_00119_4,PRJ_NGO_00119_4_ITEM_1,Materials,Materials costs for project,kit,1120.48,2180,2442646.4
PRJ_NGO_00119_4,PRJ_NGO_00119_4_ITEM_2,Staff,Staff costs for project,person-month,82314.63,4,329258.52
PRJ_NGO_00119_4,PRJ_NGO_00119_4_ITEM_3,Transport,Transport costs for project,trip,42837.68,10,428376.8
PRJ_NGO_00119_4,PRJ_NGO_00119_4_ITEM_4,Admin,Admin costs for project,lump-sum,772407.47,1,772407.47
PRJ_NGO_00119_4,PRJ_NGO_00119_4_ITEM_5,Contingency,Contingency costs for project,lump-sum,320211.17,1,320211.17
PRJ_NGO_00119_2,PRJ_NGO_00119_2_ITEM_1,Materials,Materials costs for project,kit,1425.96,908,1294771.68
PRJ_NGO_00119_2,PRJ_NGO_00119_2_ITEM_2,Staff,Staff costs for project,person-month,14188.91,9,127700.19
PRJ_NGO_00119_2,PRJ_NGO_00119_2_ITEM_3,Transport,Transport costs for project,trip,147416.93,4,589667.72
PRJ_NGO_00119_2,PRJ_NGO_00119_2_ITEM_4,Admin,Admin costs for project,lump-sum,904990.02,1,904990.02
PRJ_NGO_00119_2,PRJ_NGO_00119_2_ITEM_5,Contingency,Contingency costs for project,lump-sum,591473.6,1,591473.6
PRJ_NGO_00119_1,PRJ_NGO_00119_1_ITEM_1,Materials,Materials costs for project,kit,486.73,4593,2235550.89
PRJ_NGO_00119_1,PRJ_NGO_00119_1_ITEM_2,Staff,Staff costs for project,person-month,577211.02,9,5194899.18
PRJ_NGO_00119_1,PRJ_NGO_00119_1_ITEM_3,Transport,Transport costs for project,trip,52976.59,22,1165484.98
PRJ_NGO_00119_1,PRJ_NGO_00119_1_ITEM_4,Admin,Admin costs for project,lump-sum,5531792.65,1,5531792.65
PRJ_NGO_00119_1,PRJ_NGO_00119_1_ITEM_5,Contingency,Contingency costs for project,lump-sum,6130963.09,1,6130963.09
PRJ_NGO_00120_4,PRJ_NGO_00120_4_ITEM_1,Food,Food costs for project,unit,15.05,34827,524146.35000000003
PRJ_NGO_00120_4,PRJ_NGO_00120_4_ITEM_2,Transport,Transport costs for project,trip,66013.05,9,594117.4500000001
PRJ_NGO_00120_4,PRJ_NGO_00120_4_ITEM_3,Staff,Staff costs for project,person-month,23589.6,9,212306.4
PRJ_NGO_00120_4,PRJ_NGO_00120_4_ITEM_4,Admin,Admin costs for project,lump-sum,2542660.91,1,2542660.91
PRJ_NGO_00120_4,PRJ_NGO_00120_4_ITEM_5,Contingency,Contingency costs for project,lump-sum,973030.32,1,973030.32
PRJ_NGO_00120_3,PRJ_NGO_00120_3_ITEM_1,Food,Food costs for project,unit,23.4,72936,1706702.4
PRJ_NGO_00120_3,PRJ_NGO_00120_3_ITEM_2,Transport,Transport costs for project,trip,95379.77,20,1907595.4000000001
PRJ_NGO_00120_3,PRJ_NGO_00120_3_ITEM_3,Staff,Staff costs for project,person-month,93385.61,9,840470.49
PRJ_NGO_00120_3,PRJ_NGO_00120_3_ITEM_4,Admin,Admin costs for project,lump-sum,4544179.86,1,4544179.86
PRJ_NGO_00120_3,PRJ_NGO_00120_3_ITEM_5,Contingency,Contingency costs for project,lump-sum,268807.81,1,268807.81
PRJ_NGO_00120_2,PRJ_NGO_00120_2_ITEM_1,Food,Food costs for project,unit,0.77,38124,29355.48
PRJ_NGO_00120_2,PRJ_NGO_00120_2_ITEM_2,Transport,Transport costs for project,trip,51136.4,15,767046.0
PRJ_NGO_00120_2,PRJ_NGO_00120_2_ITEM_3,Staff,Staff costs for project,person-month,100116.65,6,600699.8999999999
PRJ_NGO_00120_2,PRJ_NGO_00120_2_ITEM_4,Admin,Admin costs for project,lump-sum,272935.34,1,272935.34
PRJ_NGO_00120_2,PRJ_NGO_00120_2_ITEM_5,Contingency,Contingency costs for project,lump-sum,2733673.26,1,2733673.26
PRJ_NGO_00120_1,PRJ_NGO_00120_1_ITEM_1,Food,Food costs for project,unit,38.38,81738,3137104.4400000004
PRJ_NGO_00120_1,PRJ_NGO_00120_1_ITEM_2,Transport,Transport costs for project,trip,82782.21,22,1821208.62
PRJ_NGO_00120_1,PRJ_NGO_00120_1_ITEM_3,Staff,Staff costs for project,person-month,438438.43,9,3945945.87
PRJ_NGO_00120_1,PRJ_NGO_00120_1_ITEM_4,Admin,Admin costs for project,lump-sum,445420.46,1,445420.46
PRJ_NGO_00120_1,PRJ_NGO_00120_1_ITEM_5,Contingency,Contingency costs for project,lump-sum,1050140.57,1,1050140.57
PRJ_NGO_00121_5,PRJ_NGO_00121_5_ITEM_1,Food,Food costs for project,unit,8.34,18977,158268.18
PRJ_NGO_00121_5,PRJ_NGO_00121_5_ITEM_2,Transport,Transport costs for project,trip,12868.6,13,167291.80000000002
PRJ_NGO_00121_5,PRJ_NGO_00121_5_ITEM_3,Staff,Staff costs for project,person-month,357647.84,3,1072943.52
PRJ_NGO_00121_5,PRJ_NGO_00121_5_ITEM_4,Admin,Admin costs for project,lump-sum,449596.74,1,449596.74
PRJ_NGO_00121_5,PRJ_NGO_00121_5_ITEM_5,Contingency,Contingency costs for project,lump-sum,583176.98,1,583176.98
PRJ_NGO_00121_4,PRJ_NGO_00121_4_ITEM_1,Food,Food costs for project,unit,26.84,29940,803589.6
PRJ_NGO_00121_4,PRJ_NGO_00121_4_ITEM_2,Transport,Transport costs for project,trip,23749.35,12,284992.19999999995
PRJ_NGO_00121_4,PRJ_NGO_00121_4_ITEM_3,Staff,Staff costs for project,person-month,108733.84,6,652403.04
PRJ_NGO_00121_4,PRJ_NGO_00121_4_ITEM_4,Admin,Admin costs for project,lump-sum,675304.2,1,675304.2
PRJ_NGO_00121_4,PRJ_NGO_00121_4_ITEM_5,Contingency,Contingency costs for project,lump-sum,2035959.61,1,2035959.61
PRJ_NGO_00121_3,PRJ_NGO_00121_3_ITEM_1,Food,Food costs for project,unit,12.45,72284,899935.7999999999
PRJ_NGO_00121_3,PRJ_NGO_00121_3_ITEM_2,Transport,Transport costs for project,trip,137467.33,21,2886813.9299999997
PRJ_NGO_00121_3,PRJ_NGO_00121_3_ITEM_3,Staff,Staff costs for project,person-month,192865.2,8,1542921.6
PRJ_NGO_00121_3,PRJ_NGO_00121_3_ITEM_4,Admin,Admin costs for project,lump-sum,3156726.3,1,3156726.3
PRJ_NGO_00121_3,PRJ_NGO_00121_3_ITEM_5,Contingency,Contingency costs for project,lump-sum,1067797.77,1,1067797.77
PRJ_NGO_00121_2,PRJ_NGO_00121_2_ITEM_1,Food,Food costs for project,unit,0.62,19962,12376.44
PRJ_NGO_00121_2,PRJ_NGO_00121_2_ITEM_2,Transport,Transport costs for project,trip,25938.47,5,129692.35
PRJ_NGO_00121_2,PRJ_NGO_00121_2_ITEM_3,Staff,Staff costs for project,person-month,112897.31,9,1016075.79
PRJ_NGO_00121_2,PRJ_NGO_00121_2_ITEM_4,Admin,Admin costs for project,lump-sum,776338.98,1,776338.98
PRJ_NGO_00121_2,PRJ_NGO_00121_2_ITEM_5,Contingency,Contingency costs for project,lump-sum,279057.71,1,279057.71
PRJ_NGO_00121_1,PRJ_NGO_00121_1_ITEM_1,Food,Food costs for project,unit,6.06,15232,92305.92
PRJ_NGO_00121_1,PRJ_NGO_00121_1_ITEM_2,Transport,Transport costs for project,trip,119922.8,4,479691.2
PRJ_NGO_00121_1,PRJ_NGO_00121_1_ITEM_3,Staff,Staff costs for project,person-month,19700.46,8,157603.68
PRJ_NGO_00121_1,PRJ_NGO_00121_1_ITEM_4,Admin,Admin costs for project,lump-sum,491307.78,1,491307.78
PRJ_NGO_00121_1,PRJ_NGO_00121_1_ITEM_5,Contingency,Contingency costs for project,lump-sum,441454.16,1,441454.16
PRJ_NGO_00122_2,PRJ_NGO_00122_2_ITEM_1,Materials,Materials costs for project,kit,66.05,950,62747.5
PRJ_NGO_00122_2,PRJ_NGO_00122_2_ITEM_2,Staff,Staff costs for project,person-month,19092.67,5,95463.34999999999
PRJ_NGO_00122_2,PRJ_NGO_00122_2_ITEM_3,Transport,Transport costs for project,trip,11537.9,4,46151.6
PRJ_NGO_00122_2,PRJ_NGO_00122_2_ITEM_4,Admin,Admin costs for project,lump-sum,116272.14,1,116272.14
PRJ_NGO_00122_2,PRJ_NGO_00122_2_ITEM_5,Contingency,Contingency costs for project,lump-sum,320962.17,1,320962.17
PRJ_NGO_00122_1,PRJ_NGO_00122_1_ITEM_1,Materials,Materials costs for project,kit,219.43,1199,263096.57
PRJ_NGO_00122_1,PRJ_NGO_00122_1_ITEM_2,Staff,Staff costs for project,person-month,43876.76,4,175507.04
PRJ_NGO_00122_1,PRJ_NGO_00122_1_ITEM_3,Transport,Transport costs for project,trip,48596.42,5,242982.09999999998
PRJ_NGO_00122_1,PRJ_NGO_00122_1_ITEM_4,Admin,Admin costs for project,lump-sum,95527.36,1,95527.36
PRJ_NGO_00122_1,PRJ_NGO_00122_1_ITEM_5,Contingency,Contingency costs for project,lump-sum,94590.88,1,94590.88
PRJ_NGO_00123_5,PRJ_NGO_00123_5_ITEM_1,Materials,Materials costs for project,kit,130.74,1756,229579.44
PRJ_NGO_00123_5,PRJ_NGO_00123_5_ITEM_2,Staff,Staff costs for project,person-month,106405.85,7,744840.9500000001
PRJ_NGO_00123_5,PRJ_NGO_00123_5_ITEM_3,Transport,Transport costs for project,trip,151401.38,8,1211211.04
PRJ_NGO_00123_5,PRJ_NGO_00123_5_ITEM_4,Admin,Admin costs for project,lump-sum,657352.15,1,657352.15
PRJ_NGO_00123_5,PRJ_NGO_00123_5_ITEM_5,Contingency,Contingency costs for project,lump-sum,99721.23,1,99721.23
PRJ_NGO_00123_4,PRJ_NGO_00123_4_ITEM_1,Materials,Materials costs for project,kit,38.66,1820,70361.2
PRJ_NGO_00123_4,PRJ_NGO_00123_4_ITEM_2,Staff,Staff costs for project,person-month,78670.48,7,550693.36
PRJ_NGO_00123_4,PRJ_NGO_00123_4_ITEM_3,Transport,Transport costs for project,trip,40609.18,9,365482.62
PRJ_NGO_00123_4,PRJ_NGO_00123_4_ITEM_4,Admin,Admin costs for project,lump-sum,955726.41,1,955726.41
PRJ_NGO_00123_4,PRJ_NGO_00123_4_ITEM_5,Contingency,Contingency costs for project,lump-sum,1409228.41,1,1409228.41
PRJ_NGO_00123_3,PRJ_NGO_00123_3_ITEM_1,Materials,Materials costs for project,kit,218.9,1706,373443.4
PRJ_NGO_00123_3,PRJ_NGO_00123_3_ITEM_2,Staff,Staff costs for project,person-month,17501.59,5,87507.95
PRJ_NGO_00123_3,PRJ_NGO_00123_3_ITEM_3,Transport,Transport costs for project,trip,78444.76,8,627558.08
PRJ_NGO_00123_3,PRJ_NGO_00123_3_ITEM_4,Admin,Admin costs for project,lump-sum,998646.53,1,998646.53
PRJ_NGO_00123_3,PRJ_NGO_00123_3_ITEM_5,Contingency,Contingency costs for project,lump-sum,397446.83,1,397446.83
PRJ_NGO_00123_2,PRJ_NGO_00123_2_ITEM_1,Materials,Materials costs for project,kit,340.87,3472,1183500.6400000001
PRJ_NGO_00123_2,PRJ_NGO_00123_2_ITEM_2,Staff,Staff costs for project,person-month,35227.37,9,317046.33
PRJ_NGO_00123_2,PRJ_NGO_00123_2_ITEM_3,Transport,Transport costs for project,trip,2450.11,17,41651.87
PRJ_NGO_00123_2,PRJ_NGO_00123_2_ITEM_4,Admin,Admin costs for project,lump-sum,1996274.39,1,1996274.39
PRJ_NGO_00123_2,PRJ_NGO_00123_2_ITEM_5,Contingency,Contingency costs for project,lump-sum,3821511.04,1,3821511.04
PRJ_NGO_00123_1,PRJ_NGO_00123_1_ITEM_1,Materials,Materials costs for project,kit,1258.26,1363,1715008.38
PRJ_NGO_00123_1,PRJ_NGO_00123_1_ITEM_2,Staff,Staff costs for project,person-month,3076.45,10,30764.5
PRJ_NGO_00123_1,PRJ_NGO_00123_1_ITEM_3,Transport,Transport costs for project,trip,105614.14,6,633684.84
PRJ_NGO_00123_1,PRJ_NGO_00123_1_ITEM_4,Admin,Admin costs for project,lump-sum,358508.08,1,358508.08
PRJ_NGO_00123_1,PRJ_NGO_00123_1_ITEM_5,Contingency,Contingency costs for project,lump-sum,11040.37,1,11040.37
PRJ_NGO_00124_6,PRJ_NGO_00124_6_ITEM_1,Materials,Materials costs for project,kit,674.37,408,275142.96
PRJ_NGO_00124_6,PRJ_NGO_00124_6_ITEM_2,Staff,Staff costs for project,person-month,16983.44,9,152850.96
PRJ_NGO_00124_6,PRJ_NGO_00124_6_ITEM_3,Transport,Transport costs for project,trip,201950.8,2,403901.6
PRJ_NGO_00124_6,PRJ_NGO_00124_6_ITEM_4,Admin,Admin costs for project,lump-sum,607849.98,1,607849.98
PRJ_NGO_00124_6,PRJ_NGO_00124_6_ITEM_5,Contingency,Contingency costs for project,lump-sum,399756.24,1,399756.24
PRJ_NGO_00124_5,PRJ_NGO_00124_5_ITEM_1,Materials,Materials costs for project,kit,243.74,4726,1151915.24
PRJ_NGO_00124_5,PRJ_NGO_00124_5_ITEM_2,Staff,Staff costs for project,person-month,369223.62,3,1107670.8599999999
PRJ_NGO_00124_5,PRJ_NGO_00124_5_ITEM_3,Transport,Transport costs for project,trip,62.61,23,1440.03
PRJ_NGO_00124_5,PRJ_NGO_00124_5_ITEM_4,Admin,Admin costs for project,lump-sum,4138637.38,1,4138637.38
PRJ_NGO_00124_5,PRJ_NGO_00124_5_ITEM_5,Contingency,Contingency costs for project,lump-sum,1902254.5,1,1902254.5
PRJ_NGO_00124_4,PRJ_NGO_00124_4_ITEM_1,Materials,Materials costs for project,kit,172.75,1534,264998.5
PRJ_NGO_00124_4,PRJ_NGO_00124_4_ITEM_2,Staff,Staff costs for project,person-month,230336.21,10,2303362.1
PRJ_NGO_00124_4,PRJ_NGO_00124_4_ITEM_3,Transport,Transport costs for project,trip,346767.36,7,2427371.52
PRJ_NGO_00124_4,PRJ_NGO_00124_4_ITEM_4,Admin,Admin costs for project,lump-sum,1074236.48,1,1074236.48
PRJ_NGO_00124_4,PRJ_NGO_00124_4_ITEM_5,Contingency,Contingency costs for project,lump-sum,721926.16,1,721926.16
PRJ_NGO_00124_3,PRJ_NGO_00124_3_ITEM_1,Materials,Materials costs for project,kit,621.8,3838,2386468.4
PRJ_NGO_00124_3,PRJ_NGO_00124_3_ITEM_2,Staff,Staff costs for project,person-month,80044.01,5,400220.05
PRJ_NGO_00124_3,PRJ_NGO_00124_3_ITEM_3,Transport,Transport costs for project,trip,255211.48,19,4849018.12
PRJ_NGO_00124_3,PRJ_NGO_00124_3_ITEM_4,Admin,Admin costs for project,lump-sum,2401503.27,1,2401503.27
PRJ_NGO_00124_3,PRJ_NGO_00124_3_ITEM_5,Contingency,Contingency costs for project,lump-sum,871903.31,1,871903.31
PRJ_NGO_00124_2,PRJ_NGO_00124_2_ITEM_1,Materials,Materials costs for project,kit,1008.37,3219,3245943.03
PRJ_NGO_00124_2,PRJ_NGO_00124_2_ITEM_2,Staff,Staff costs for project,person-month,312084.85,9,2808763.65
PRJ_NGO_00124_2,PRJ_NGO_00124_2_ITEM_3,Transport,Transport costs for project,trip,444710.23,16,7115363.68
PRJ_NGO_00124_2,PRJ_NGO_00124_2_ITEM_4,Admin,Admin costs for project,lump-sum,430368.63,1,430368.63
PRJ_NGO_00124_2,PRJ_NGO_00124_2_ITEM_5,Contingency,Contingency costs for project,lump-sum,364466.71,1,364466.71
PRJ_NGO_00124_1,PRJ_NGO_00124_1_ITEM_1,Materials,Materials costs for project,kit,115.65,2642,305547.3
PRJ_NGO_00124_1,PRJ_NGO_00124_1_ITEM_2,Staff,Staff costs for project,person-month,93561.25,9,842051.25
PRJ_NGO_00124_1,PRJ_NGO_00124_1_ITEM_3,Transport,Transport costs for project,trip,269298.08,13,3500875.04
PRJ_NGO_00124_1,PRJ_NGO_00124_1_ITEM_4,Admin,Admin costs for project,lump-sum,6050967.02,1,6050967.02
PRJ_NGO_00124_1,PRJ_NGO_00124_1_ITEM_5,Contingency,Contingency costs for project,lump-sum,1721169.64,1,1721169.64
PRJ_NGO_00125_6,PRJ_NGO_00125_6_ITEM_1,Food,Food costs for project,unit,26.43,3654,96575.22
PRJ_NGO_00125_6,PRJ_NGO_00125_6_ITEM_2,Transport,Transport costs for project,trip,80338.79,3,241016.37
PRJ_NGO_00125_6,PRJ_NGO_00125_6_ITEM_3,Staff,Staff costs for project,person-month,610.73,3,1832.19
PRJ_NGO_00125_6,PRJ_NGO_00125_6_ITEM_4,Admin,Admin costs for project,lump-sum,139323.23,1,139323.23
PRJ_NGO_00125_6,PRJ_NGO_00125_6_ITEM_5,Contingency,Contingency costs for project,lump-sum,21845.07,1,21845.07
PRJ_NGO_00125_5,PRJ_NGO_00125_5_ITEM_1,Food,Food costs for project,unit,0.33,45463,15002.79
PRJ_NGO_00125_5,PRJ_NGO_00125_5_ITEM_2,Transport,Transport costs for project,trip,33499.51,20,669990.2000000001
PRJ_NGO_00125_5,PRJ_NGO_00125_5_ITEM_3,Staff,Staff costs for project,person-month,769070.33,5,3845351.65
PRJ_NGO_00125_5,PRJ_NGO_00125_5_ITEM_4,Admin,Admin costs for project,lump-sum,699755.99,1,699755.99
PRJ_NGO_00125_5,PRJ_NGO_00125_5_ITEM_5,Contingency,Contingency costs for project,lump-sum,953679.66,1,953679.66
PRJ_NGO_00125_4,PRJ_NGO_00125_4_ITEM_1,Food,Food costs for project,unit,9.29,68672,637962.8799999999
PRJ_NGO_00125_4,PRJ_NGO_00125_4_ITEM_2,Transport,Transport costs for project,trip,409.85,21,8606.85
PRJ_NGO_00125_4,PRJ_NGO_00125_4_ITEM_3,Staff,Staff costs for project,person-month,697836.96,8,5582695.68
PRJ_NGO_00125_4,PRJ_NGO_00125_4_ITEM_4,Admin,Admin costs for project,lump-sum,2003963.23,1,2003963.23
PRJ_NGO_00125_4,PRJ_NGO_00125_4_ITEM_5,Contingency,Contingency costs for project,lump-sum,161843.28,1,161843.28
PRJ_NGO_00125_3,PRJ_NGO_00125_3_ITEM_1,Food,Food costs for project,unit,32.24,47424,1528949.76
PRJ_NGO_00125_3,PRJ_NGO_00125_3_ITEM_2,Transport,Transport costs for project,trip,46431.09,9,417879.80999999994
PRJ_NGO_00125_3,PRJ_NGO_00125_3_ITEM_3,Staff,Staff costs for project,person-month,7357.42,12,88289.04000000001
PRJ_NGO_00125_3,PRJ_NGO_00125_3_ITEM_4,Admin,Admin costs for project,lump-sum,715337.35,1,715337.35
PRJ_NGO_00125_3,PRJ_NGO_00125_3_ITEM_5,Contingency,Contingency costs for project,lump-sum,2711660.81,1,2711660.81
PRJ_NGO_00125_2,PRJ_NGO_00125_2_ITEM_1,Food,Food costs for project,unit,49.29,40275,1985154.75
PRJ_NGO_00125_2,PRJ_NGO_00125_2_ITEM_2,Transport,Transport costs for project,trip,90599.22,13,1177789.86
PRJ_NGO_00125_2,PRJ_NGO_00125_2_ITEM_3,Staff,Staff costs for project,person-month,141632.78,7,991429.46
PRJ_NGO_00125_2,PRJ_NGO_00125_2_ITEM_4,Admin,Admin costs for project,lump-sum,244364.81,1,244364.81
PRJ_NGO_00125_2,PRJ_NGO_00125_2_ITEM_5,Contingency,Contingency costs for project,lump-sum,150259.58,1,150259.58
PRJ_NGO_00125_1,PRJ_NGO_00125_1_ITEM_1,Food,Food costs for project,unit,29.63,5951,176328.13
PRJ_NGO_00125_1,PRJ_NGO_00125_1_ITEM_2,Transport,Transport costs for project,trip,23839.7,2,47679.4
PRJ_NGO_00125_1,PRJ_NGO_00125_1_ITEM_3,Staff,Staff costs for project,person-month,55268.85,5,276344.25
PRJ_NGO_00125_1,PRJ_NGO_00125_1_ITEM_4,Admin,Admin costs for project,lump-sum,84351.5,1,84351.5
PRJ_NGO_00125_1,PRJ_NGO_00125_1_ITEM_5,Contingency,Contingency costs for project,lump-sum,134121.62,1,134121.62
PRJ_NGO_00126_6,PRJ_NGO_00126_6_ITEM_1,Materials,Materials costs for project,kit,341.74,1382,472284.68
PRJ_NGO_00126_6,PRJ_NGO_00126_6_ITEM_2,Staff,Staff costs for project,person-month,73758.65,4,295034.6
PRJ_NGO_00126_6,PRJ_NGO_00126_6_ITEM_3,Transport,Transport costs for project,trip,873.59,6,5241.54
PRJ_NGO_00126_6,PRJ_NGO_00126_6_ITEM_4,Admin,Admin costs for project,lump-sum,64533.79,1,64533.79
PRJ_NGO_00126_6,PRJ_NGO_00126_6_ITEM_5,Contingency,Contingency costs for project,lump-sum,105703.22,1,105703.22
PRJ_NGO_00126_5,PRJ_NGO_00126_5_ITEM_1,Materials,Materials costs for project,kit,15.73,3916,61598.68
PRJ_NGO_00126_5,PRJ_NGO_00126_5_ITEM_2,Staff,Staff costs for project,person-month,29089.04,4,116356.16
PRJ_NGO_00126_5,PRJ_NGO_00126_5_ITEM_3,Transport,Transport costs for project,trip,36430.18,19,692173.42
PRJ_NGO_00126_5,PRJ_NGO_00126_5_ITEM_4,Admin,Admin costs for project,lump-sum,773089.5,1,773089.5
PRJ_NGO_00126_5,PRJ_NGO_00126_5_ITEM_5,Contingency,Contingency costs for project,lump-sum,1051164.56,1,1051164.56
PRJ_NGO_00126_4,PRJ_NGO_00126_4_ITEM_1,Materials,Materials costs for project,kit,122.06,4485,547439.1
PRJ_NGO_00126_4,PRJ_NGO_00126_4_ITEM_2,Staff,Staff costs for project,person-month,384689.73,11,4231587.029999999
PRJ_NGO_00126_4,PRJ_NGO_00126_4_ITEM_3,Transport,Transport costs for project,trip,28456.24,22,626037.28
PRJ_NGO_00126_4,PRJ_NGO_00126_4_ITEM_4,Admin,Admin costs for project,lump-sum,55976.91,1,55976.91
PRJ_NGO_00126_4,PRJ_NGO_00126_4_ITEM_5,Contingency,Contingency costs for project,lump-sum,1332447.85,1,1332447.85
PRJ_NGO_00126_3,PRJ_NGO_00126_3_ITEM_1,Materials,Materials costs for project,kit,26.59,2943,78254.37
PRJ_NGO_00126_3,PRJ_NGO_00126_3_ITEM_2,Staff,Staff costs for project,person-month,69593.39,5,347966.95
PRJ_NGO_00126_3,PRJ_NGO_00126_3_ITEM_3,Transport,Transport costs for project,trip,70864.5,14,992103.0
PRJ_NGO_00126_3,PRJ_NGO_00126_3_ITEM_4,Admin,Admin costs for project,lump-sum,223686.68,1,223686.68
PRJ_NGO_00126_3,PRJ_NGO_00126_3_ITEM_5,Contingency,Contingency costs for project,lump-sum,967600.39,1,967600.39
PRJ_NGO_00126_2,PRJ_NGO_00126_2_ITEM_1,Materials,Materials costs for project,kit,132.72,543,72066.96
PRJ_NGO_00126_2,PRJ_NGO_00126_2_ITEM_2,Staff,Staff costs for project,person-month,376.15,11,4137.65
PRJ_NGO_00126_2,PRJ_NGO_00126_2_ITEM_3,Transport,Transport costs for project,trip,184998.53,2,369997.06
PRJ_NGO_00126_2,PRJ_NGO_00126_2_ITEM_4,Admin,Admin costs for project,lump-sum,98547.78,1,98547.78
PRJ_NGO_00126_2,PRJ_NGO_00126_2_ITEM_5,Contingency,Contingency costs for project,lump-sum,299348.85,1,299348.85
PRJ_NGO_00126_1,PRJ_NGO_00126_1_ITEM_1,Materials,Materials costs for project,kit,77.32,1342,103763.43999999999
PRJ_NGO_00126_1,PRJ_NGO_00126_1_ITEM_2,Staff,Staff costs for project,person-month,69751.69,5,348758.45
PRJ_NGO_00126_1,PRJ_NGO_00126_1_ITEM_3,Transport,Transport costs for project,trip,6114.76,6,36688.56
PRJ_NGO_00126_1,PRJ_NGO_00126_1_ITEM_4,Admin,Admin costs for project,lump-sum,410857.83,1,410857.83
PRJ_NGO_00126_1,PRJ_NGO_00126_1_ITEM_5,Contingency,Contingency costs for project,lump-sum,221128.61,1,221128.61
PRJ_NGO_00128_6,PRJ_NGO_00128_6_ITEM_1,Materials,Materials costs for project,kit,395.2,794,313788.8
PRJ_NGO_00128_6,PRJ_NGO_00128_6_ITEM_2,Staff,Staff costs for project,person-month,17892.5,10,178925.0
PRJ_NGO_00128_6,PRJ_NGO_00128_6_ITEM_3,Transport,Transport costs for project,trip,62335.58,3,187006.74
PRJ_NGO_00128_6,PRJ_NGO_00128_6_ITEM_4,Admin,Admin costs for project,lump-sum,85264.59,1,85264.59
PRJ_NGO_00128_6,PRJ_NGO_00128_6_ITEM_5,Contingency,Contingency costs for project,lump-sum,201715.1,1,201715.1
PRJ_NGO_00128_3,PRJ_NGO_00128_3_ITEM_1,Materials,Materials costs for project,kit,361.23,272,98254.56
PRJ_NGO_00128_3,PRJ_NGO_00128_3_ITEM_2,Staff,Staff costs for project,person-month,4454.6,12,53455.200000000004
PRJ_NGO_00128_3,PRJ_NGO_00128_3_ITEM_3,Transport,Transport costs for project,trip,126673.21,1,126673.21
PRJ_NGO_00128_3,PRJ_NGO_00128_3_ITEM_4,Admin,Admin costs for project,lump-sum,18877.27,1,18877.27
PRJ_NGO_00128_3,PRJ_NGO_00128_3_ITEM_5,Contingency,Contingency costs for project,lump-sum,49540.44,1,49540.44
PRJ_NGO_00128_5,PRJ_NGO_00128_5_ITEM_1,Materials,Materials costs for project,kit,516.21,780,402643.80000000005
PRJ_NGO_00128_5,PRJ_NGO_00128_5_ITEM_2,Staff,Staff costs for project,person-month,16211.0,11,178321.0
PRJ_NGO_00128_5,PRJ_NGO_00128_5_ITEM_3,Transport,Transport costs for project,trip,30940.23,3,92820.69
PRJ_NGO_00128_5,PRJ_NGO_00128_5_ITEM_4,Admin,Admin costs for project,lump-sum,41819.26,1,41819.26
PRJ_NGO_00128_5,PRJ_NGO_00128_5_ITEM_5,Contingency,Contingency costs for project,lump-sum,362296.99,1,362296.99
PRJ_NGO_00128_7,PRJ_NGO_00128_7_ITEM_1,Materials,Materials costs for project,kit,81.74,2350,192089.0
PRJ_NGO_00128_7,PRJ_NGO_00128_7_ITEM_2,Staff,Staff costs for project,person-month,5540.52,8,44324.16
PRJ_NGO_00128_7,PRJ_NGO_00128_7_ITEM_3,Transport,Transport costs for project,trip,52743.41,11,580177.51
PRJ_NGO_00128_7,PRJ_NGO_00128_7_ITEM_4,Admin,Admin costs for project,lump-sum,76911.55,1,76911.55
PRJ_NGO_00128_7,PRJ_NGO_00128_7_ITEM_5,Contingency,Contingency costs for project,lump-sum,1454286.02,1,1454286.02
PRJ_NGO_00128_4,PRJ_NGO_00128_4_ITEM_1,Materials,Materials costs for project,kit,19.86,4089,81207.54
PRJ_NGO_00128_4,PRJ_NGO_00128_4_ITEM_2,Staff,Staff costs for project,person-month,218192.32,6,1309153.92
PRJ_NGO_00128_4,PRJ_NGO_00128_4_ITEM_3,Transport,Transport costs for project,trip,47872.65,20,957453.0
PRJ_NGO_00128_4,PRJ_NGO_00128_4_ITEM_4,Admin,Admin costs for project,lump-sum,49504.62,1,49504.62
PRJ_NGO_00128_4,PRJ_NGO_00128_4_ITEM_5,Contingency,Contingency costs for project,lump-sum,418588.13,1,418588.13
PRJ_NGO_00128_2,PRJ_NGO_00128_2_ITEM_1,Materials,Materials costs for project,kit,417.97,3246,1356730.62
PRJ_NGO_00128_2,PRJ_NGO_00128_2_ITEM_2,Staff,Staff costs for project,person-month,14532.6,9,130793.40000000001
PRJ_NGO_00128_2,PRJ_NGO_00128_2_ITEM_3,Transport,Transport costs for project,trip,30975.27,16,495604.32
PRJ_NGO_00128_2,PRJ_NGO_00128_2_ITEM_4,Admin,Admin costs for project,lump-sum,1372632.65,1,1372632.65
PRJ_NGO_00128_2,PRJ_NGO_00128_2_ITEM_5,Contingency,Contingency costs for project,lump-sum,148126.62,1,148126.62
PRJ_NGO_00128_1,PRJ_NGO_00128_1_ITEM_1,Materials,Materials costs for project,kit,30.57,525,16049.25
PRJ_NGO_00128_1,PRJ_NGO_00128_1_ITEM_2,Staff,Staff costs for project,person-month,1496.43,4,5985.72
PRJ_NGO_00128_1,PRJ_NGO_00128_1_ITEM_3,Transport,Transport costs for project,trip,67563.7,2,135127.4
PRJ_NGO_00128_1,PRJ_NGO_00128_1_ITEM_4,Admin,Admin costs for project,lump-sum,5233.65,1,5233.65
PRJ_NGO_00128_1,PRJ_NGO_00128_1_ITEM_5,Contingency,Contingency costs for project,lump-sum,168702.06,1,168702.06
PRJ_NGO_00129_5,PRJ_NGO_00129_5_ITEM_1,Food,Food costs for project,unit,19.15,43344,830037.6
PRJ_NGO_00129_5,PRJ_NGO_00129_5_ITEM_2,Transport,Transport costs for project,trip,175172.5,15,2627587.5
PRJ_NGO_00129_5,PRJ_NGO_00129_5_ITEM_3,Staff,Staff costs for project,person-month,326113.9,7,2282797.3000000003
PRJ_NGO_00129_5,PRJ_NGO_00129_5_ITEM_4,Admin,Admin costs for project,lump-sum,1598936.31,1,1598936.31
PRJ_NGO_00129_5,PRJ_NGO_00129_5_ITEM_5,Contingency,Contingency costs for project,lump-sum,939853.42,1,939853.42
PRJ_NGO_00129_4,PRJ_NGO_00129_4_ITEM_1,Food,Food costs for project,unit,79.35,52080,4132547.9999999995
PRJ_NGO_00129_4,PRJ_NGO_00129_4_ITEM_2,Transport,Transport costs for project,trip,95468.77,18,1718437.86
PRJ_NGO_00129_4,PRJ_NGO_00129_4_ITEM_3,Staff,Staff costs for project,person-month,698406.55,7,4888845.850000001
PRJ_NGO_00129_4,PRJ_NGO_00129_4_ITEM_4,Admin,Admin costs for project,lump-sum,31471.44,1,31471.44
PRJ_NGO_00129_4,PRJ_NGO_00129_4_ITEM_5,Contingency,Contingency costs for project,lump-sum,304578.78,1,304578.78
PRJ_NGO_00129_3,PRJ_NGO_00129_3_ITEM_1,Food,Food costs for project,unit,3.66,10013,36647.58
PRJ_NGO_00129_3,PRJ_NGO_00129_3_ITEM_2,Transport,Transport costs for project,trip,29550.73,2,59101.46
PRJ_NGO_00129_3,PRJ_NGO_00129_3_ITEM_3,Staff,Staff costs for project,person-month,10003.67,9,90033.03
PRJ_NGO_00129_3,PRJ_NGO_00129_3_ITEM_4,Admin,Admin costs for project,lump-sum,590101.75,1,590101.75
PRJ_NGO_00129_3,PRJ_NGO_00129_3_ITEM_5,Contingency,Contingency costs for project,lump-sum,1223550.28,1,1223550.28
PRJ_NGO_00129_2,PRJ_NGO_00129_2_ITEM_1,Food,Food costs for project,unit,15.12,17304,261636.47999999998
PRJ_NGO_00129_2,PRJ_NGO_00129_2_ITEM_2,Transport,Transport costs for project,trip,7386.01,12,88632.12
PRJ_NGO_00129_2,PRJ_NGO_00129_2_ITEM_3,Staff,Staff costs for project,person-month,97172.85,3,291518.55000000005
PRJ_NGO_00129_2,PRJ_NGO_00129_2_ITEM_4,Admin,Admin costs for project,lump-sum,1501985.69,1,1501985.69
PRJ_NGO_00129_2,PRJ_NGO_00129_2_ITEM_5,Contingency,Contingency costs for project,lump-sum,2244408.98,1,2244408.98
PRJ_NGO_00129_1,PRJ_NGO_00129_1_ITEM_1,Food,Food costs for project,unit,27.07,52535,1422122.45
PRJ_NGO_00129_1,PRJ_NGO_00129_1_ITEM_2,Transport,Transport costs for project,trip,101362.87,13,1317717.31
PRJ_NGO_00129_1,PRJ_NGO_00129_1_ITEM_3,Staff,Staff costs for project,person-month,270873.2,9,2437858.8000000003
PRJ_NGO_00129_1,PRJ_NGO_00129_1_ITEM_4,Admin,Admin costs for project,lump-sum,3407793.57,1,3407793.57
PRJ_NGO_00129_1,PRJ_NGO_00129_1_ITEM_5,Contingency,Contingency costs for project,lump-sum,2158056.74,1,2158056.74
PRJ_NGO_00130_3,PRJ_NGO_00130_3_ITEM_1,Materials,Materials costs for project,kit,32.16,1580,50812.799999999996
PRJ_NGO_00130_3,PRJ_NGO_00130_3_ITEM_2,Staff,Staff costs for project,person-month,687169.9,10,6871699.0
PRJ_NGO_00130_3,PRJ_NGO_00130_3_ITEM_3,Transport,Transport costs for project,trip,125517.84,7,878624.88
PRJ_NGO_00130_3,PRJ_NGO_00130_3_ITEM_4,Admin,Admin costs for project,lump-sum,1082859.23,1,1082859.23
PRJ_NGO_00130_3,PRJ_NGO_00130_3_ITEM_5,Contingency,Contingency costs for project,lump-sum,164507.26,1,164507.26
PRJ_NGO_00130_1,PRJ_NGO_00130_1_ITEM_1,Materials,Materials costs for project,kit,84.77,3145,266601.64999999997
PRJ_NGO_00130_1,PRJ_NGO_00130_1_ITEM_2,Staff,Staff costs for project,person-month,25288.81,12,303465.72000000003
PRJ_NGO_00130_1,PRJ_NGO_00130_1_ITEM_3,Transport,Transport costs for project,trip,219961.48,15,3299422.2
PRJ_NGO_00130_1,PRJ_NGO_00130_1_ITEM_4,Admin,Admin costs for project,lump-sum,276160.07,1,276160.07
PRJ_NGO_00130_1,PRJ_NGO_00130_1_ITEM_5,Contingency,Contingency costs for project,lump-sum,13962835.72,1,13962835.72
PRJ_NGO_00130_2,PRJ_NGO_00130_2_ITEM_1,Materials,Materials costs for project,kit,898.39,3782,3397710.98
PRJ_NGO_00130_2,PRJ_NGO_00130_2_ITEM_2,Staff,Staff costs for project,person-month,367231.24,9,3305081.16
PRJ_NGO_00130_2,PRJ_NGO_00130_2_ITEM_3,Transport,Transport costs for project,trip,540757.53,18,9733635.540000001
PRJ_NGO_00130_2,PRJ_NGO_00130_2_ITEM_4,Admin,Admin costs for project,lump-sum,3216631.1,1,3216631.1
PRJ_NGO_00130_2,PRJ_NGO_00130_2_ITEM_5,Contingency,Contingency costs for project,lump-sum,1113727.69,1,1113727.69
PRJ_NGO_00131_1,PRJ_NGO_00131_1_ITEM_1,Materials,Materials costs for project,kit,2408.0,665,1601320.0
PRJ_NGO_00131_1,PRJ_NGO_00131_1_ITEM_2,Staff,Staff costs for project,person-month,4593.7,11,50530.7
PRJ_NGO_00131_1,PRJ_NGO_00131_1_ITEM_3,Transport,Transport costs for project,trip,61427.37,3,184282.11000000002
PRJ_NGO_00131_1,PRJ_NGO_00131_1_ITEM_4,Admin,Admin costs for project,lump-sum,1290497.19,1,1290497.19
PRJ_NGO_00131_1,PRJ_NGO_00131_1_ITEM_5,Contingency,Contingency costs for project,lump-sum,24073.02,1,24073.02
PRJ_NGO_00131_2,PRJ_NGO_00131_2_ITEM_1,Materials,Materials costs for project,kit,214.44,3208,687923.52
PRJ_NGO_00131_2,PRJ_NGO_00131_2_ITEM_2,Staff,Staff costs for project,person-month,348139.21,5,1740696.05
PRJ_NGO_00131_2,PRJ_NGO_00131_2_ITEM_3,Transport,Transport costs for project,trip,241924.46,16,3870791.36
PRJ_NGO_00131_2,PRJ_NGO_00131_2_ITEM_4,Admin,Admin costs for project,lump-sum,1312951.49,1,1312951.49
PRJ_NGO_00131_2,PRJ_NGO_00131_2_ITEM_5,Contingency,Contingency costs for project,lump-sum,194931.63,1,194931.63
PRJ_NGO_00133_7,PRJ_NGO_00133_7_ITEM_1,Materials,Materials costs for project,kit,386.28,3740,1444687.2
PRJ_NGO_00133_7,PRJ_NGO_00133_7_ITEM_2,Labor,Labor costs for project,person-month,121645.58,9,1094810.22
PRJ_NGO_00133_7,PRJ_NGO_00133_7_ITEM_3,Transport,Transport costs for project,trip,65403.73,18,1177267.1400000001
PRJ_NGO_00133_7,PRJ_NGO_00133_7_ITEM_4,Admin,Admin costs for project,lump-sum,3901188.54,1,3901188.54
PRJ_NGO_00133_7,PRJ_NGO_00133_7_ITEM_5,Contingency,Contingency costs for project,lump-sum,6564959.02,1,6564959.02
PRJ_NGO_00133_6,PRJ_NGO_00133_6_ITEM_1,Materials,Materials costs for project,kit,435.46,1530,666253.7999999999
PRJ_NGO_00133_6,PRJ_NGO_00133_6_ITEM_2,Labor,Labor costs for project,person-month,4145.33,4,16581.32
PRJ_NGO_00133_6,PRJ_NGO_00133_6_ITEM_3,Transport,Transport costs for project,trip,72059.07,7,504413.49000000005
PRJ_NGO_00133_6,PRJ_NGO_00133_6_ITEM_4,Admin,Admin costs for project,lump-sum,1119324.97,1,1119324.97
PRJ_NGO_00133_6,PRJ_NGO_00133_6_ITEM_5,Contingency,Contingency costs for project,lump-sum,375019.68,1,375019.68
PRJ_NGO_00133_5,PRJ_NGO_00133_5_ITEM_1,Materials,Materials costs for project,kit,491.55,3173,1559688.1500000001
PRJ_NGO_00133_5,PRJ_NGO_00133_5_ITEM_2,Labor,Labor costs for project,person-month,562011.82,11,6182130.02
PRJ_NGO_00133_5,PRJ_NGO_00133_5_ITEM_3,Transport,Transport costs for project,trip,67182.82,15,1007742.3
PRJ_NGO_00133_5,PRJ_NGO_00133_5_ITEM_4,Admin,Admin costs for project,lump-sum,2287488.47,1,2287488.47
PRJ_NGO_00133_5,PRJ_NGO_00133_5_ITEM_5,Contingency,Contingency costs for project,lump-sum,2523735.92,1,2523735.92
PRJ_NGO_00133_4,PRJ_NGO_00133_4_ITEM_1,Materials,Materials costs for project,kit,2093.31,1993,4171966.83
PRJ_NGO_00133_4,PRJ_NGO_00133_4_ITEM_2,Labor,Labor costs for project,person-month,102055.12,11,1122606.3199999998
PRJ_NGO_00133_4,PRJ_NGO_00133_4_ITEM_3,Transport,Transport costs for project,trip,206685.31,9,1860167.79
PRJ_NGO_00133_4,PRJ_NGO_00133_4_ITEM_4,Admin,Admin costs for project,lump-sum,925550.32,1,925550.32
PRJ_NGO_00133_4,PRJ_NGO_00133_4_ITEM_5,Contingency,Contingency costs for project,lump-sum,1007500.62,1,1007500.62
PRJ_NGO_00133_3,PRJ_NGO_00133_3_ITEM_1,Materials,Materials costs for project,kit,2112.26,620,1309601.2000000002
PRJ_NGO_00133_3,PRJ_NGO_00133_3_ITEM_2,Labor,Labor costs for project,person-month,19020.21,10,190202.09999999998
PRJ_NGO_00133_3,PRJ_NGO_00133_3_ITEM_3,Transport,Transport costs for project,trip,354857.6,3,1064572.7999999998
PRJ_NGO_00133_3,PRJ_NGO_00133_3_ITEM_4,Admin,Admin costs for project,lump-sum,160641.89,1,160641.89
PRJ_NGO_00133_3,PRJ_NGO_00133_3_ITEM_5,Contingency,Contingency costs for project,lump-sum,13884.05,1,13884.05
PRJ_NGO_00133_2,PRJ_NGO_00133_2_ITEM_1,Materials,Materials costs for project,kit,140.83,3754,528675.8200000001
PRJ_NGO_00133_2,PRJ_NGO_00133_2_ITEM_2,Labor,Labor costs for project,person-month,31942.59,6,191655.54
PRJ_NGO_00133_2,PRJ_NGO_00133_2_ITEM_3,Transport,Transport costs for project,trip,293808.24,18,5288548.32
PRJ_NGO_00133_2,PRJ_NGO_00133_2_ITEM_4,Admin,Admin costs for project,lump-sum,4168178.89,1,4168178.89
PRJ_NGO_00133_2,PRJ_NGO_00133_2_ITEM_5,Contingency,Contingency costs for project,lump-sum,1227647.73,1,1227647.73
PRJ_NGO_00133_1,PRJ_NGO_00133_1_ITEM_1,Materials,Materials costs for project,kit,857.09,1474,1263350.6600000001
PRJ_NGO_00133_1,PRJ_NGO_00133_1_ITEM_2,Labor,Labor costs for project,person-month,206649.97,8,1653199.76
PRJ_NGO_00133_1,PRJ_NGO_00133_1_ITEM_3,Transport,Transport costs for project,trip,116859.17,7,818014.19
PRJ_NGO_00133_1,PRJ_NGO_00133_1_ITEM_4,Admin,Admin costs for project,lump-sum,552329.63,1,552329.63
PRJ_NGO_00133_1,PRJ_NGO_00133_1_ITEM_5,Contingency,Contingency costs for project,lump-sum,412512.05,1,412512.05
PRJ_NGO_00134_5,PRJ_NGO_00134_5_ITEM_1,Food,Food costs for project,unit,10.55,23520,248136.00000000003
PRJ_NGO_00134_5,PRJ_NGO_00134_5_ITEM_2,Transport,Transport costs for project,trip,50893.99,14,712515.86
PRJ_NGO_00134_5,PRJ_NGO_00134_5_ITEM_3,Staff,Staff costs for project,person-month,249251.55,4,997006.2
PRJ_NGO_00134_5,PRJ_NGO_00134_5_ITEM_4,Admin,Admin costs for project,lump-sum,687606.72,1,687606.72
PRJ_NGO_00134_5,PRJ_NGO_00134_5_ITEM_5,Contingency,Contingency costs for project,lump-sum,776238.35,1,776238.35
PRJ_NGO_00134_4,PRJ_NGO_00134_4_ITEM_1,Food,Food costs for project,unit,31.17,91979,2866985.43
PRJ_NGO_00134_4,PRJ_NGO_00134_4_ITEM_2,Transport,Transport costs for project,trip,92159.44,24,2211826.56
PRJ_NGO_00134_4,PRJ_NGO_00134_4_ITEM_3,Staff,Staff costs for project,person-month,44798.13,9,403183.17
PRJ_NGO_00134_4,PRJ_NGO_00134_4_ITEM_4,Admin,Admin costs for project,lump-sum,241217.04,1,241217.04
PRJ_NGO_00134_4,PRJ_NGO_00134_4_ITEM_5,Contingency,Contingency costs for project,lump-sum,6469781.76,1,6469781.76
PRJ_NGO_00134_3,PRJ_NGO_00134_3_ITEM_1,Food,Food costs for project,unit,2.33,76968,179335.44
PRJ_NGO_00134_3,PRJ_NGO_00134_3_ITEM_2,Transport,Transport costs for project,trip,82051.76,21,1723086.96
PRJ_NGO_00134_3,PRJ_NGO_00134_3_ITEM_3,Staff,Staff costs for project,person-month,286377.91,9,2577401.19
PRJ_NGO_00134_3,PRJ_NGO_00134_3_ITEM_4,Admin,Admin costs for project,lump-sum,30176.05,1,30176.05
PRJ_NGO_00134_3,PRJ_NGO_00134_3_ITEM_5,Contingency,Contingency costs for project,lump-sum,4426198.31,1,4426198.31
PRJ_NGO_00134_2,PRJ_NGO_00134_2_ITEM_1,Food,Food costs for project,unit,12.01,54468,654160.6799999999
PRJ_NGO_00134_2,PRJ_NGO_00134_2_ITEM_2,Transport,Transport costs for project,trip,79088.43,15,1186326.45
PRJ_NGO_00134_2,PRJ_NGO_00134_2_ITEM_3,Staff,Staff costs for project,person-month,20808.22,9,187273.98
PRJ_NGO_00134_2,PRJ_NGO_00134_2_ITEM_4,Admin,Admin costs for project,lump-sum,3461402.57,1,3461402.57
PRJ_NGO_00134_2,PRJ_NGO_00134_2_ITEM_5,Contingency,Contingency costs for project,lump-sum,1885254.57,1,1885254.57
PRJ_NGO_00134_1,PRJ_NGO_00134_1_ITEM_1,Food,Food costs for project,unit,15.77,61594,971337.38
PRJ_NGO_00134_1,PRJ_NGO_00134_1_ITEM_2,Transport,Transport costs for project,trip,27403.79,13,356249.27
PRJ_NGO_00134_1,PRJ_NGO_00134_1_ITEM_3,Staff,Staff costs for project,person-month,97110.67,11,1068217.3699999999
PRJ_NGO_00134_1,PRJ_NGO_00134_1_ITEM_4,Admin,Admin costs for project,lump-sum,1218960.34,1,1218960.34
PRJ_NGO_00134_1,PRJ_NGO_00134_1_ITEM_5,Contingency,Contingency costs for project,lump-sum,3582916.18,1,3582916.18
PRJ_NGO_00135_4,PRJ_NGO_00135_4_ITEM_1,Materials,Materials costs for project,kit,99.67,1014,101065.38
PRJ_NGO_00135_4,PRJ_NGO_00135_4_ITEM_2,Staff,Staff costs for project,person-month,47970.06,10,479700.6
PRJ_NGO_00135_4,PRJ_NGO_00135_4_ITEM_3,Transport,Transport costs for project,trip,39692.49,5,198462.44999999998
PRJ_NGO_00135_4,PRJ_NGO_00135_4_ITEM_4,Admin,Admin costs for project,lump-sum,252787.1,1,252787.1
PRJ_NGO_00135_4,PRJ_NGO_00135_4_ITEM_5,Contingency,Contingency costs for project,lump-sum,2196580.75,1,2196580.75
PRJ_NGO_00135_3,PRJ_NGO_00135_3_ITEM_1,Materials,Materials costs for project,kit,37.2,1840,68448.0
PRJ_NGO_00135_3,PRJ_NGO_00135_3_ITEM_2,Staff,Staff costs for project,person-month,207634.32,5,1038171.6000000001
PRJ_NGO_00135_3,PRJ_NGO_00135_3_ITEM_3,Transport,Transport costs for project,trip,237901.49,9,2141113.41
PRJ_NGO_00135_3,PRJ_NGO_00135_3_ITEM_4,Admin,Admin costs for project,lump-sum,15062.2,1,15062.2
PRJ_NGO_00135_3,PRJ_NGO_00135_3_ITEM_5,Contingency,Contingency costs for project,lump-sum,177897.89,1,177897.89
PRJ_NGO_00135_2,PRJ_NGO_00135_2_ITEM_1,Materials,Materials costs for project,kit,1654.75,2555,4227886.25
PRJ_NGO_00135_2,PRJ_NGO_00135_2_ITEM_2,Staff,Staff costs for project,person-month,112605.6,11,1238661.6
PRJ_NGO_00135_2,PRJ_NGO_00135_2_ITEM_3,Transport,Transport costs for project,trip,62850.28,12,754203.36
PRJ_NGO_00135_2,PRJ_NGO_00135_2_ITEM_4,Admin,Admin costs for project,lump-sum,2725102.55,1,2725102.55
PRJ_NGO_00135_2,PRJ_NGO_00135_2_ITEM_5,Contingency,Contingency costs for project,lump-sum,1957852.34,1,1957852.34
PRJ_NGO_00135_1,PRJ_NGO_00135_1_ITEM_1,Materials,Materials costs for project,kit,516.41,4310,2225727.1
PRJ_NGO_00135_1,PRJ_NGO_00135_1_ITEM_2,Staff,Staff costs for project,person-month,245746.94,9,2211722.46
PRJ_NGO_00135_1,PRJ_NGO_00135_1_ITEM_3,Transport,Transport costs for project,trip,110476.48,21,2320006.08
PRJ_NGO_00135_1,PRJ_NGO_00135_1_ITEM_4,Admin,Admin costs for project,lump-sum,5479836.94,1,5479836.94
PRJ_NGO_00135_1,PRJ_NGO_00135_1_ITEM_5,Contingency,Contingency costs for project,lump-sum,171123.0,1,171123.0
PRJ_NGO_00136_1,PRJ_NGO_00136_1_ITEM_1,Materials,Materials costs for project,kit,334.49,4766,1594179.34
PRJ_NGO_00136_1,PRJ_NGO_00136_1_ITEM_2,Staff,Staff costs for project,person-month,236291.74,6,1417750.44
PRJ_NGO_00136_1,PRJ_NGO_00136_1_ITEM_3,Transport,Transport costs for project,trip,296854.82,23,6827660.86
PRJ_NGO_00136_1,PRJ_NGO_00136_1_ITEM_4,Admin,Admin costs for project,lump-sum,547170.77,1,547170.77
PRJ_NGO_00136_1,PRJ_NGO_00136_1_ITEM_5,Contingency,Contingency costs for project,lump-sum,3260159.96,1,3260159.96
PRJ_NGO_00136_2,PRJ_NGO_00136_2_ITEM_1,Materials,Materials costs for project,kit,66.05,3910,258255.5
PRJ_NGO_00136_2,PRJ_NGO_00136_2_ITEM_2,Staff,Staff costs for project,person-month,37746.71,3,113240.13
PRJ_NGO_00136_2,PRJ_NGO_00136_2_ITEM_3,Transport,Transport costs for project,trip,64919.27,19,1233466.13
PRJ_NGO_00136_2,PRJ_NGO_00136_2_ITEM_4,Admin,Admin costs for project,lump-sum,1210884.85,1,1210884.85
PRJ_NGO_00136_2,PRJ_NGO_00136_2_ITEM_5,Contingency,Contingency costs for project,lump-sum,4124453.47,1,4124453.47
PRJ_NGO_00136_3,PRJ_NGO_00136_3_ITEM_1,Materials,Materials costs for project,kit,71.68,3604,258334.72000000003
PRJ_NGO_00136_3,PRJ_NGO_00136_3_ITEM_2,Staff,Staff costs for project,person-month,127933.51,8,1023468.08
PRJ_NGO_00136_3,PRJ_NGO_00136_3_ITEM_3,Transport,Transport costs for project,trip,313964.34,18,5651358.12
PRJ_NGO_00136_3,PRJ_NGO_00136_3_ITEM_4,Admin,Admin costs for project,lump-sum,2027458.81,1,2027458.81
PRJ_NGO_00136_3,PRJ_NGO_00136_3_ITEM_5,Contingency,Contingency costs for project,lump-sum,3387264.94,1,3387264.94
PRJ_NGO_00137_7,PRJ_NGO_00137_7_ITEM_1,Materials,Materials costs for project,kit,100.22,2556,256162.32
PRJ_NGO_00137_7,PRJ_NGO_00137_7_ITEM_2,Staff,Staff costs for project,person-month,5492.11,9,49428.99
PRJ_NGO_00137_7,PRJ_NGO_00137_7_ITEM_3,Transport,Transport costs for project,trip,127588.54,12,1531062.48
PRJ_NGO_00137_7,PRJ_NGO_00137_7_ITEM_4,Admin,Admin costs for project,lump-sum,847499.53,1,847499.53
PRJ_NGO_00137_7,PRJ_NGO_00137_7_ITEM_5,Contingency,Contingency costs for project,lump-sum,2544148.6,1,2544148.6
PRJ_NGO_00137_6,PRJ_NGO_00137_6_ITEM_1,Materials,Materials costs for project,kit,474.21,3382,1603778.22
PRJ_NGO_00137_6,PRJ_NGO_00137_6_ITEM_2,Staff,Staff costs for project,person-month,272215.99,9,2449943.91
PRJ_NGO_00137_6,PRJ_NGO_00137_6_ITEM_3,Transport,Transport costs for project,trip,158083.22,16,2529331.52
PRJ_NGO_00137_6,PRJ_NGO_00137_6_ITEM_4,Admin,Admin costs for project,lump-sum,1186901.62,1,1186901.62
PRJ_NGO_00137_6,PRJ_NGO_00137_6_ITEM_5,Contingency,Contingency costs for project,lump-sum,90445.79,1,90445.79
PRJ_NGO_00137_5,PRJ_NGO_00137_5_ITEM_1,Materials,Materials costs for project,kit,50.3,2438,122631.4
PRJ_NGO_00137_5,PRJ_NGO_00137_5_ITEM_2,Staff,Staff costs for project,person-month,84627.78,3,253883.34
PRJ_NGO_00137_5,PRJ_NGO_00137_5_ITEM_3,Transport,Transport costs for project,trip,75344.49,12,904133.8800000001
PRJ_NGO_00137_5,PRJ_NGO_00137_5_ITEM_4,Admin,Admin costs for project,lump-sum,5042.24,1,5042.24
PRJ_NGO_00137_5,PRJ_NGO_00137_5_ITEM_5,Contingency,Contingency costs for project,lump-sum,508900.04,1,508900.04
PRJ_NGO_00137_4,PRJ_NGO_00137_4_ITEM_1,Materials,Materials costs for project,kit,82.76,1989,164609.64
PRJ_NGO_00137_4,PRJ_NGO_00137_4_ITEM_2,Staff,Staff costs for project,person-month,27376.79,3,82130.37
PRJ_NGO_00137_4,PRJ_NGO_00137_4_ITEM_3,Transport,Transport costs for project,trip,7204.83,9,64843.47
PRJ_NGO_00137_4,PRJ_NGO_00137_4_ITEM_4,Admin,Admin costs for project,lump-sum,276281.62,1,276281.62
PRJ_NGO_00137_4,PRJ_NGO_00137_4_ITEM_5,Contingency,Contingency costs for project,lump-sum,1293943.96,1,1293943.96
PRJ_NGO_00137_3,PRJ_NGO_00137_3_ITEM_1,Materials,Materials costs for project,kit,214.53,2936,629860.08
PRJ_NGO_00137_3,PRJ_NGO_00137_3_ITEM_2,Staff,Staff costs for project,person-month,160348.59,6,962091.54
PRJ_NGO_00137_3,PRJ_NGO_00137_3_ITEM_3,Transport,Transport costs for project,trip,34754.16,14,486558.24000000005
PRJ_NGO_00137_3,PRJ_NGO_00137_3_ITEM_4,Admin,Admin costs for project,lump-sum,359241.61,1,359241.61
PRJ_NGO_00137_3,PRJ_NGO_00137_3_ITEM_5,Contingency,Contingency costs for project,lump-sum,2759747.66,1,2759747.66
PRJ_NGO_00137_2,PRJ_NGO_00137_2_ITEM_1,Materials,Materials costs for project,kit,805.04,3525,2837766.0
PRJ_NGO_00137_2,PRJ_NGO_00137_2_ITEM_2,Staff,Staff costs for project,person-month,353975.11,10,3539751.0999999996
PRJ_NGO_00137_2,PRJ_NGO_00137_2_ITEM_3,Transport,Transport costs for project,trip,61.23,17,1040.9099999999999
PRJ_NGO_00137_2,PRJ_NGO_00137_2_ITEM_4,Admin,Admin costs for project,lump-sum,86155.3,1,86155.3
PRJ_NGO_00137_2,PRJ_NGO_00137_2_ITEM_5,Contingency,Contingency costs for project,lump-sum,1491570.13,1,1491570.13
PRJ_NGO_00137_1,PRJ_NGO_00137_1_ITEM_1,Materials,Materials costs for project,kit,307.91,763,234935.33000000002
PRJ_NGO_00137_1,PRJ_NGO_00137_1_ITEM_2,Staff,Staff costs for project,person-month,43019.33,3,129057.99
PRJ_NGO_00137_1,PRJ_NGO_00137_1_ITEM_3,Transport,Transport costs for project,trip,233.94,3,701.8199999999999
PRJ_NGO_00137_1,PRJ_NGO_00137_1_ITEM_4,Admin,Admin costs for project,lump-sum,139364.96,1,139364.96
PRJ_NGO_00137_1,PRJ_NGO_00137_1_ITEM_5,Contingency,Contingency costs for project,lump-sum,162237.04,1,162237.04
PRJ_NGO_00138_7,PRJ_NGO_00138_7_ITEM_1,Materials,Materials costs for project,kit,1586.47,4693,7445303.71
PRJ_NGO_00138_7,PRJ_NGO_00138_7_ITEM_2,Labor,Labor costs for project,person-month,2116.44,4,8465.76
PRJ_NGO_00138_7,PRJ_NGO_00138_7_ITEM_3,Transport,Transport costs for project,trip,7342.1,23,168868.30000000002
PRJ_NGO_00138_7,PRJ_NGO_00138_7_ITEM_4,Admin,Admin costs for project,lump-sum,3313994.01,1,3313994.01
PRJ_NGO_00138_7,PRJ_NGO_00138_7_ITEM_5,Contingency,Contingency costs for project,lump-sum,1983091.77,1,1983091.77
PRJ_NGO_00138_6,PRJ_NGO_00138_6_ITEM_1,Materials,Materials costs for project,kit,264.93,559,148095.87
PRJ_NGO_00138_6,PRJ_NGO_00138_6_ITEM_2,Labor,Labor costs for project,person-month,34598.25,6,207589.5
PRJ_NGO_00138_6,PRJ_NGO_00138_6_ITEM_3,Transport,Transport costs for project,trip,120678.79,2,241357.58
PRJ_NGO_00138_6,PRJ_NGO_00138_6_ITEM_4,Admin,Admin costs for project,lump-sum,757697.09,1,757697.09
PRJ_NGO_00138_6,PRJ_NGO_00138_6_ITEM_5,Contingency,Contingency costs for project,lump-sum,596660.41,1,596660.41
PRJ_NGO_00138_5,PRJ_NGO_00138_5_ITEM_1,Materials,Materials costs for project,kit,608.42,4807,2924674.94
PRJ_NGO_00138_5,PRJ_NGO_00138_5_ITEM_2,Labor,Labor costs for project,person-month,430139.71,6,2580838.2600000002
PRJ_NGO_00138_5,PRJ_NGO_00138_5_ITEM_3,Transport,Transport costs for project,trip,89222.17,24,2141332.08
PRJ_NGO_00138_5,PRJ_NGO_00138_5_ITEM_4,Admin,Admin costs for project,lump-sum,3757081.96,1,3757081.96
PRJ_NGO_00138_5,PRJ_NGO_00138_5_ITEM_5,Contingency,Contingency costs for project,lump-sum,6770082.35,1,6770082.35
PRJ_NGO_00138_4,PRJ_NGO_00138_4_ITEM_1,Materials,Materials costs for project,kit,1165.52,2953,3441780.56
PRJ_NGO_00138_4,PRJ_NGO_00138_4_ITEM_2,Labor,Labor costs for project,person-month,698877.06,8,5591016.48
PRJ_NGO_00138_4,PRJ_NGO_00138_4_ITEM_3,Transport,Transport costs for project,trip,165963.38,14,2323487.3200000003
PRJ_NGO_00138_4,PRJ_NGO_00138_4_ITEM_4,Admin,Admin costs for project,lump-sum,2683118.89,1,2683118.89
PRJ_NGO_00138_4,PRJ_NGO_00138_4_ITEM_5,Contingency,Contingency costs for project,lump-sum,1588799.48,1,1588799.48
PRJ_NGO_00138_3,PRJ_NGO_00138_3_ITEM_1,Materials,Materials costs for project,kit,1844.61,3123,5760717.029999999
PRJ_NGO_00138_3,PRJ_NGO_00138_3_ITEM_2,Labor,Labor costs for project,person-month,1007218.94,12,12086627.28
PRJ_NGO_00138_3,PRJ_NGO_00138_3_ITEM_3,Transport,Transport costs for project,trip,89524.43,15,1342866.45
PRJ_NGO_00138_3,PRJ_NGO_00138_3_ITEM_4,Admin,Admin costs for project,lump-sum,3286906.59,1,3286906.59
PRJ_NGO_00138_3,PRJ_NGO_00138_3_ITEM_5,Contingency,Contingency costs for project,lump-sum,606880.91,1,606880.91
PRJ_NGO_00138_2,PRJ_NGO_00138_2_ITEM_1,Materials,Materials costs for project,kit,784.7,2427,1904466.9000000001
PRJ_NGO_00138_2,PRJ_NGO_00138_2_ITEM_2,Labor,Labor costs for project,person-month,334639.71,9,3011757.39
PRJ_NGO_00138_2,PRJ_NGO_00138_2_ITEM_3,Transport,Transport costs for project,trip,62400.14,12,748801.6799999999
PRJ_NGO_00138_2,PRJ_NGO_00138_2_ITEM_4,Admin,Admin costs for project,lump-sum,1344945.26,1,1344945.26
PRJ_NGO_00138_2,PRJ_NGO_00138_2_ITEM_5,Contingency,Contingency costs for project,lump-sum,7003326.55,1,7003326.55
PRJ_NGO_00138_1,PRJ_NGO_00138_1_ITEM_1,Materials,Materials costs for project,kit,2.94,211,620.34
PRJ_NGO_00138_1,PRJ_NGO_00138_1_ITEM_2,Labor,Labor costs for project,person-month,29841.1,12,358093.19999999995
PRJ_NGO_00138_1,PRJ_NGO_00138_1_ITEM_3,Transport,Transport costs for project,trip,571727.73,1,571727.73
PRJ_NGO_00138_1,PRJ_NGO_00138_1_ITEM_4,Admin,Admin costs for project,lump-sum,178949.33,1,178949.33
PRJ_NGO_00138_1,PRJ_NGO_00138_1_ITEM_5,Contingency,Contingency costs for project,lump-sum,171409.06,1,171409.06
PRJ_NGO_00139_5,PRJ_NGO_00139_5_ITEM_1,Relief Kits,Relief Kits costs for project,unit,25.37,32634,827924.5800000001
PRJ_NGO_00139_5,PRJ_NGO_00139_5_ITEM_2,Shelter,Shelter costs for project,family,5545.31,582,3227370.4200000004
PRJ_NGO_00139_5,PRJ_NGO_00139_5_ITEM_3,Transport,Transport costs for project,trip,149204.32,11,1641247.52
PRJ_NGO_00139_5,PRJ_NGO_00139_5_ITEM_4,Medical,Medical costs for project,kit,571.88,2331,1333052.28
PRJ_NGO_00139_5,PRJ_NGO_00139_5_ITEM_5,Staff,Staff costs for project,person-month,148910.27,7,1042371.8899999999
PRJ_NGO_00139_4,PRJ_NGO_00139_4_ITEM_1,Relief Kits,Relief Kits costs for project,unit,80.37,45218,3634170.66
PRJ_NGO_00139_4,PRJ_NGO_00139_4_ITEM_2,Shelter,Shelter costs for project,family,12.78,491,6274.98
PRJ_NGO_00139_4,PRJ_NGO_00139_4_ITEM_3,Transport,Transport costs for project,trip,140756.37,9,1266807.33
PRJ_NGO_00139_4,PRJ_NGO_00139_4_ITEM_4,Medical,Medical costs for project,kit,1274.91,1966,2506473.06
PRJ_NGO_00139_4,PRJ_NGO_00139_4_ITEM_5,Staff,Staff costs for project,person-month,251365.56,11,2765021.16
PRJ_NGO_00139_3,PRJ_NGO_00139_3_ITEM_1,Relief Kits,Relief Kits costs for project,unit,17.09,66444,1135527.96
PRJ_NGO_00139_3,PRJ_NGO_00139_3_ITEM_2,Shelter,Shelter costs for project,family,3378.27,1186,4006628.22
PRJ_NGO_00139_3,PRJ_NGO_00139_3_ITEM_3,Transport,Transport costs for project,trip,91547.22,23,2105586.06
PRJ_NGO_00139_3,PRJ_NGO_00139_3_ITEM_4,Medical,Medical costs for project,kit,359.9,4746,1708085.4
PRJ_NGO_00139_3,PRJ_NGO_00139_3_ITEM_5,Staff,Staff costs for project,person-month,868539.1,7,6079773.7
PRJ_NGO_00139_2,PRJ_NGO_00139_2_ITEM_1,Relief Kits,Relief Kits costs for project,unit,61.01,28800,1757088.0
PRJ_NGO_00139_2,PRJ_NGO_00139_2_ITEM_2,Shelter,Shelter costs for project,family,2306.72,900,2076047.9999999998
PRJ_NGO_00139_2,PRJ_NGO_00139_2_ITEM_3,Transport,Transport costs for project,trip,90250.69,18,1624512.42
PRJ_NGO_00139_2,PRJ_NGO_00139_2_ITEM_4,Medical,Medical costs for project,kit,298.42,3600,1074312.0
PRJ_NGO_00139_2,PRJ_NGO_00139_2_ITEM_5,Staff,Staff costs for project,person-month,332347.38,4,1329389.52
PRJ_NGO_00139_1,PRJ_NGO_00139_1_ITEM_1,Relief Kits,Relief Kits costs for project,unit,33.61,11438,384431.18
PRJ_NGO_00139_1,PRJ_NGO_00139_1_ITEM_2,Shelter,Shelter costs for project,family,383.87,408,156618.96
PRJ_NGO_00139_1,PRJ_NGO_00139_1_ITEM_3,Transport,Transport costs for project,trip,140030.79,8,1120246.32
PRJ_NGO_00139_1,PRJ_NGO_00139_1_ITEM_4,Medical,Medical costs for project,kit,53.73,1634,87794.81999999999
PRJ_NGO_00139_1,PRJ_NGO_00139_1_ITEM_5,Staff,Staff costs for project,person-month,291991.89,3,875975.67
PRJ_NGO_00140_5,PRJ_NGO_00140_5_ITEM_1,Materials,Materials costs for project,kit,97.93,4028,394462.04000000004
PRJ_NGO_00140_5,PRJ_NGO_00140_5_ITEM_2,Labor,Labor costs for project,person-month,674034.61,11,7414380.71
PRJ_NGO_00140_5,PRJ_NGO_00140_5_ITEM_3,Transport,Transport costs for project,trip,56589.92,20,1131798.4
PRJ_NGO_00140_5,PRJ_NGO_00140_5_ITEM_4,Admin,Admin costs for project,lump-sum,3960197.39,1,3960197.39
PRJ_NGO_00140_5,PRJ_NGO_00140_5_ITEM_5,Contingency,Contingency costs for project,lump-sum,2204764.07,1,2204764.07
PRJ_NGO_00140_4,PRJ_NGO_00140_4_ITEM_1,Materials,Materials costs for project,kit,997.58,2567,2560787.8600000003
PRJ_NGO_00140_4,PRJ_NGO_00140_4_ITEM_2,Labor,Labor costs for project,person-month,391406.3,5,1957031.5
PRJ_NGO_00140_4,PRJ_NGO_00140_4_ITEM_3,Transport,Transport costs for project,trip,39401.22,12,472814.64
PRJ_NGO_00140_4,PRJ_NGO_00140_4_ITEM_4,Admin,Admin costs for project,lump-sum,435672.66,1,435672.66
PRJ_NGO_00140_4,PRJ_NGO_00140_4_ITEM_5,Contingency,Contingency costs for project,lump-sum,228993.77,1,228993.77
PRJ_NGO_00140_6,PRJ_NGO_00140_6_ITEM_1,Materials,Materials costs for project,kit,921.82,3295,3037396.9000000004
PRJ_NGO_00140_6,PRJ_NGO_00140_6_ITEM_2,Labor,Labor costs for project,person-month,50394.04,7,352758.28
PRJ_NGO_00140_6,PRJ_NGO_00140_6_ITEM_3,Transport,Transport costs for project,trip,105710.01,16,1691360.16
PRJ_NGO_00140_6,PRJ_NGO_00140_6_ITEM_4,Admin,Admin costs for project,lump-sum,1580915.14,1,1580915.14
PRJ_NGO_00140_6,PRJ_NGO_00140_6_ITEM_5,Contingency,Contingency costs for project,lump-sum,1816771.94,1,1816771.94
PRJ_NGO_00140_3,PRJ_NGO_00140_3_ITEM_1,Materials,Materials costs for project,kit,399.02,4105,1637977.0999999999
PRJ_NGO_00140_3,PRJ_NGO_00140_3_ITEM_2,Labor,Labor costs for project,person-month,44887.57,12,538650.84
PRJ_NGO_00140_3,PRJ_NGO_00140_3_ITEM_3,Transport,Transport costs for project,trip,48383.69,20,967673.8
PRJ_NGO_00140_3,PRJ_NGO_00140_3_ITEM_4,Admin,Admin costs for project,lump-sum,9447042.44,1,9447042.44
PRJ_NGO_00140_3,PRJ_NGO_00140_3_ITEM_5,Contingency,Contingency costs for project,lump-sum,3678738.14,1,3678738.14
PRJ_NGO_00140_2,PRJ_NGO_00140_2_ITEM_1,Materials,Materials costs for project,kit,1864.47,2336,4355401.92
PRJ_NGO_00140_2,PRJ_NGO_00140_2_ITEM_2,Labor,Labor costs for project,person-month,133805.86,7,936641.0199999999
PRJ_NGO_00140_2,PRJ_NGO_00140_2_ITEM_3,Transport,Transport costs for project,trip,44015.76,11,484173.36000000004
PRJ_NGO_00140_2,PRJ_NGO_00140_2_ITEM_4,Admin,Admin costs for project,lump-sum,1218810.06,1,1218810.06
PRJ_NGO_00140_2,PRJ_NGO_00140_2_ITEM_5,Contingency,Contingency costs for project,lump-sum,782971.66,1,782971.66
PRJ_NGO_00140_1,PRJ_NGO_00140_1_ITEM_1,Materials,Materials costs for project,kit,521.82,3094,1614511.08
PRJ_NGO_00140_1,PRJ_NGO_00140_1_ITEM_2,Labor,Labor costs for project,person-month,591904.39,3,1775713.17
PRJ_NGO_00140_1,PRJ_NGO_00140_1_ITEM_3,Transport,Transport costs for project,trip,52052.41,15,780786.15
PRJ_NGO_00140_1,PRJ_NGO_00140_1_ITEM_4,Admin,Admin costs for project,lump-sum,548452.69,1,548452.69
PRJ_NGO_00140_1,PRJ_NGO_00140_1_ITEM_5,Contingency,Contingency costs for project,lump-sum,436132.3,1,436132.3
PRJ_NGO_00141_4,PRJ_NGO_00141_4_ITEM_1,Materials,Materials costs for project,kit,490.17,4652,2280270.84
PRJ_NGO_00141_4,PRJ_NGO_00141_4_ITEM_2,Staff,Staff costs for project,person-month,60032.56,8,480260.48
PRJ_NGO_00141_4,PRJ_NGO_00141_4_ITEM_3,Transport,Transport costs for project,trip,293160.81,23,6742698.63
PRJ_NGO_00141_4,PRJ_NGO_00141_4_ITEM_4,Admin,Admin costs for project,lump-sum,1028113.17,1,1028113.17
PRJ_NGO_00141_4,PRJ_NGO_00141_4_ITEM_5,Contingency,Contingency costs for project,lump-sum,968738.79,1,968738.79
PRJ_NGO_00141_3,PRJ_NGO_00141_3_ITEM_1,Materials,Materials costs for project,kit,1111.16,3105,3450151.8000000003
PRJ_NGO_00141_3,PRJ_NGO_00141_3_ITEM_2,Staff,Staff costs for project,person-month,291882.05,9,2626938.4499999997
PRJ_NGO_00141_3,PRJ_NGO_00141_3_ITEM_3,Transport,Transport costs for project,trip,91368.67,15,1370530.05
PRJ_NGO_00141_3,PRJ_NGO_00141_3_ITEM_4,Admin,Admin costs for project,lump-sum,219025.09,1,219025.09
PRJ_NGO_00141_3,PRJ_NGO_00141_3_ITEM_5,Contingency,Contingency costs for project,lump-sum,1039444.79,1,1039444.79
PRJ_NGO_00141_2,PRJ_NGO_00141_2_ITEM_1,Materials,Materials costs for project,kit,1088.84,873,950557.32
PRJ_NGO_00141_2,PRJ_NGO_00141_2_ITEM_2,Staff,Staff costs for project,person-month,24243.6,7,169705.19999999998
PRJ_NGO_00141_2,PRJ_NGO_00141_2_ITEM_3,Transport,Transport costs for project,trip,32516.92,4,130067.68
PRJ_NGO_00141_2,PRJ_NGO_00141_2_ITEM_4,Admin,Admin costs for project,lump-sum,181457.17,1,181457.17
PRJ_NGO_00141_2,PRJ_NGO_00141_2_ITEM_5,Contingency,Contingency costs for project,lump-sum,770916.21,1,770916.21
PRJ_NGO_00141_1,PRJ_NGO_00141_1_ITEM_1,Materials,Materials costs for project,kit,50.4,3638,183355.19999999998
PRJ_NGO_00141_1,PRJ_NGO_00141_1_ITEM_2,Staff,Staff costs for project,person-month,91811.07,3,275433.21
PRJ_NGO_00141_1,PRJ_NGO_00141_1_ITEM_3,Transport,Transport costs for project,trip,35288.95,18,635201.1
PRJ_NGO_00141_1,PRJ_NGO_00141_1_ITEM_4,Admin,Admin costs for project,lump-sum,847344.72,1,847344.72
PRJ_NGO_00141_1,PRJ_NGO_00141_1_ITEM_5,Contingency,Contingency costs for project,lump-sum,1489971.84,1,1489971.84
PRJ_NGO_00142_2,PRJ_NGO_00142_2_ITEM_1,Materials,Materials costs for project,kit,124.71,1180,147157.8
PRJ_NGO_00142_2,PRJ_NGO_00142_2_ITEM_2,Staff,Staff costs for project,person-month,284557.52,7,1991902.6400000001
PRJ_NGO_00142_2,PRJ_NGO_00142_2_ITEM_3,Transport,Transport costs for project,trip,47440.17,5,237200.84999999998
PRJ_NGO_00142_2,PRJ_NGO_00142_2_ITEM_4,Admin,Admin costs for project,lump-sum,911915.76,1,911915.76
PRJ_NGO_00142_2,PRJ_NGO_00142_2_ITEM_5,Contingency,Contingency costs for project,lump-sum,23418.95,1,23418.95
PRJ_NGO_00142_1,PRJ_NGO_00142_1_ITEM_1,Materials,Materials costs for project,kit,424.3,2202,934308.6
PRJ_NGO_00142_1,PRJ_NGO_00142_1_ITEM_2,Staff,Staff costs for project,person-month,46830.08,11,515130.88
PRJ_NGO_00142_1,PRJ_NGO_00142_1_ITEM_3,Transport,Transport costs for project,trip,212939.66,11,2342336.2600000002
PRJ_NGO_00142_1,PRJ_NGO_00142_1_ITEM_4,Admin,Admin costs for project,lump-sum,3322830.81,1,3322830.81
PRJ_NGO_00142_1,PRJ_NGO_00142_1_ITEM_5,Contingency,Contingency costs for project,lump-sum,1606787.35,1,1606787.35
PRJ_NGO_00143_2,PRJ_NGO_00143_2_ITEM_1,Materials,Materials costs for project,kit,1208.62,2690,3251187.8
PRJ_NGO_00143_2,PRJ_NGO_00143_2_ITEM_2,Staff,Staff costs for project,person-month,17577.46,4,70309.84
PRJ_NGO_00143_2,PRJ_NGO_00143_2_ITEM_3,Transport,Transport costs for project,trip,42785.4,13,556210.2000000001
PRJ_NGO_00143_2,PRJ_NGO_00143_2_ITEM_4,Admin,Admin costs for project,lump-sum,287510.79,1,287510.79
PRJ_NGO_00143_2,PRJ_NGO_00143_2_ITEM_5,Contingency,Contingency costs for project,lump-sum,504192.61,1,504192.61
PRJ_NGO_00143_1,PRJ_NGO_00143_1_ITEM_1,Materials,Materials costs for project,kit,248.94,1368,340549.92
PRJ_NGO_00143_1,PRJ_NGO_00143_1_ITEM_2,Staff,Staff costs for project,person-month,232991.7,9,2096925.3
PRJ_NGO_00143_1,PRJ_NGO_00143_1_ITEM_3,Transport,Transport costs for project,trip,327698.02,6,1966188.12
PRJ_NGO_00143_1,PRJ_NGO_00143_1_ITEM_4,Admin,Admin costs for project,lump-sum,618946.49,1,618946.49
PRJ_NGO_00143_1,PRJ_NGO_00143_1_ITEM_5,Contingency,Contingency costs for project,lump-sum,295287.21,1,295287.21
PRJ_NGO_00145_3,PRJ_NGO_00145_3_ITEM_1,Materials,Materials costs for project,kit,327.39,3878,1269618.42
PRJ_NGO_00145_3,PRJ_NGO_00145_3_ITEM_2,Staff,Staff costs for project,person-month,304162.13,5,1520810.65
PRJ_NGO_00145_3,PRJ_NGO_00145_3_ITEM_3,Transport,Transport costs for project,trip,81673.89,19,1551803.91
PRJ_NGO_00145_3,PRJ_NGO_00145_3_ITEM_4,Admin,Admin costs for project,lump-sum,1456406.23,1,1456406.23
PRJ_NGO_00145_3,PRJ_NGO_00145_3_ITEM_5,Contingency,Contingency costs for project,lump-sum,317155.55,1,317155.55
PRJ_NGO_00145_2,PRJ_NGO_00145_2_ITEM_1,Materials,Materials costs for project,kit,455.85,337,153621.45
PRJ_NGO_00145_2,PRJ_NGO_00145_2_ITEM_2,Staff,Staff costs for project,person-month,14767.61,7,103373.27
PRJ_NGO_00145_2,PRJ_NGO_00145_2_ITEM_3,Transport,Transport costs for project,trip,373218.56,1,373218.56
PRJ_NGO_00145_2,PRJ_NGO_00145_2_ITEM_4,Admin,Admin costs for project,lump-sum,196.71,1,196.71
PRJ_NGO_00145_2,PRJ_NGO_00145_2_ITEM_5,Contingency,Contingency costs for project,lump-sum,21189.18,1,21189.18
PRJ_NGO_00145_1,PRJ_NGO_00145_1_ITEM_1,Materials,Materials costs for project,kit,243.92,3831,934457.5199999999
PRJ_NGO_00145_1,PRJ_NGO_00145_1_ITEM_2,Staff,Staff costs for project,person-month,235237.04,6,1411422.24
PRJ_NGO_00145_1,PRJ_NGO_00145_1_ITEM_3,Transport,Transport costs for project,trip,61247.17,19,1163696.23
PRJ_NGO_00145_1,PRJ_NGO_00145_1_ITEM_4,Admin,Admin costs for project,lump-sum,1952638.42,1,1952638.42
PRJ_NGO_00145_1,PRJ_NGO_00145_1_ITEM_5,Contingency,Contingency costs for project,lump-sum,453704.5,1,453704.5
PRJ_NGO_00146_5,PRJ_NGO_00146_5_ITEM_1,Materials,Materials costs for project,kit,204.61,2190,448095.9
PRJ_NGO_00146_5,PRJ_NGO_00146_5_ITEM_2,Labor,Labor costs for project,person-month,88452.76,6,530716.5599999999
PRJ_NGO_00146_5,PRJ_NGO_00146_5_ITEM_3,Transport,Transport costs for project,trip,107884.49,10,1078844.9000000001
PRJ_NGO_00146_5,PRJ_NGO_00146_5_ITEM_4,Admin,Admin costs for project,lump-sum,2285122.35,1,2285122.35
PRJ_NGO_00146_5,PRJ_NGO_00146_5_ITEM_5,Contingency,Contingency costs for project,lump-sum,998923.19,1,998923.19
PRJ_NGO_00146_4,PRJ_NGO_00146_4_ITEM_1,Materials,Materials costs for project,kit,75.11,4673,350989.02999999997
PRJ_NGO_00146_4,PRJ_NGO_00146_4_ITEM_2,Labor,Labor costs for project,person-month,787622.21,5,3938111.05
PRJ_NGO_00146_4,PRJ_NGO_00146_4_ITEM_3,Transport,Transport costs for project,trip,248893.78,23,5724556.94
PRJ_NGO_00146_4,PRJ_NGO_00146_4_ITEM_4,Admin,Admin costs for project,lump-sum,843135.99,1,843135.99
PRJ_NGO_00146_4,PRJ_NGO_00146_4_ITEM_5,Contingency,Contingency costs for project,lump-sum,1517698.11,1,1517698.11
PRJ_NGO_00146_3,PRJ_NGO_00146_3_ITEM_1,Materials,Materials costs for project,kit,188.19,4592,864168.48
PRJ_NGO_00146_3,PRJ_NGO_00146_3_ITEM_2,Labor,Labor costs for project,person-month,152238.25,4,608953.0
PRJ_NGO_00146_3,PRJ_NGO_00146_3_ITEM_3,Transport,Transport costs for project,trip,85830.47,22,1888270.34
PRJ_NGO_00146_3,PRJ_NGO_00146_3_ITEM_4,Admin,Admin costs for project,lump-sum,1596615.41,1,1596615.41
PRJ_NGO_00146_3,PRJ_NGO_00146_3_ITEM_5,Contingency,Contingency costs for project,lump-sum,2294011.81,1,2294011.81
PRJ_NGO_00146_2,PRJ_NGO_00146_2_ITEM_1,Materials,Materials costs for project,kit,243.77,1595,388813.15
PRJ_NGO_00146_2,PRJ_NGO_00146_2_ITEM_2,Labor,Labor costs for project,person-month,392300.0,10,3923000.0
PRJ_NGO_00146_2,PRJ_NGO_00146_2_ITEM_3,Transport,Transport costs for project,trip,47645.17,7,333516.19
PRJ_NGO_00146_2,PRJ_NGO_00146_2_ITEM_4,Admin,Admin costs for project,lump-sum,312042.79,1,312042.79
PRJ_NGO_00146_2,PRJ_NGO_00146_2_ITEM_5,Contingency,Contingency costs for project,lump-sum,850727.2,1,850727.2
PRJ_NGO_00146_1,PRJ_NGO_00146_1_ITEM_1,Materials,Materials costs for project,kit,95.39,4053,386615.67
PRJ_NGO_00146_1,PRJ_NGO_00146_1_ITEM_2,Labor,Labor costs for project,person-month,708726.28,4,2834905.12
PRJ_NGO_00146_1,PRJ_NGO_00146_1_ITEM_3,Transport,Transport costs for project,trip,10845.81,20,216916.19999999998
PRJ_NGO_00146_1,PRJ_NGO_00146_1_ITEM_4,Admin,Admin costs for project,lump-sum,3444944.48,1,3444944.48
PRJ_NGO_00146_1,PRJ_NGO_00146_1_ITEM_5,Contingency,Contingency costs for project,lump-sum,754527.34,1,754527.34
PRJ_NGO_00147_7,PRJ_NGO_00147_7_ITEM_1,Materials,Materials costs for project,kit,1426.66,4343,6195984.380000001
PRJ_NGO_00147_7,PRJ_NGO_00147_7_ITEM_2,Staff,Staff costs for project,person-month,230924.34,12,2771092.08
PRJ_NGO_00147_7,PRJ_NGO_00147_7_ITEM_3,Transport,Transport costs for project,trip,195753.16,21,4110816.36
PRJ_NGO_00147_7,PRJ_NGO_00147_7_ITEM_4,Admin,Admin costs for project,lump-sum,221103.23,1,221103.23
PRJ_NGO_00147_7,PRJ_NGO_00147_7_ITEM_5,Contingency,Contingency costs for project,lump-sum,5549391.53,1,5549391.53
PRJ_NGO_00147_6,PRJ_NGO_00147_6_ITEM_1,Materials,Materials costs for project,kit,930.16,4559,4240599.4399999995
PRJ_NGO_00147_6,PRJ_NGO_00147_6_ITEM_2,Staff,Staff costs for project,person-month,157190.19,10,1571901.9
PRJ_NGO_00147_6,PRJ_NGO_00147_6_ITEM_3,Transport,Transport costs for project,trip,180169.95,22,3963738.9000000004
PRJ_NGO_00147_6,PRJ_NGO_00147_6_ITEM_4,Admin,Admin costs for project,lump-sum,4958954.86,1,4958954.86
PRJ_NGO_00147_6,PRJ_NGO_00147_6_ITEM_5,Contingency,Contingency costs for project,lump-sum,2860596.09,1,2860596.09
PRJ_NGO_00147_5,PRJ_NGO_00147_5_ITEM_1,Materials,Materials costs for project,kit,462.55,3902,1804870.1
PRJ_NGO_00147_5,PRJ_NGO_00147_5_ITEM_2,Staff,Staff costs for project,person-month,822357.65,5,4111788.25
PRJ_NGO_00147_5,PRJ_NGO_00147_5_ITEM_3,Transport,Transport costs for project,trip,74891.37,19,1422936.0299999998
PRJ_NGO_00147_5,PRJ_NGO_00147_5_ITEM_4,Admin,Admin costs for project,lump-sum,414920.22,1,414920.22
PRJ_NGO_00147_5,PRJ_NGO_00147_5_ITEM_5,Contingency,Contingency costs for project,lump-sum,1326198.08,1,1326198.08
PRJ_NGO_00147_4,PRJ_NGO_00147_4_ITEM_1,Materials,Materials costs for project,kit,418.76,3490,1461472.4
PRJ_NGO_00147_4,PRJ_NGO_00147_4_ITEM_2,Staff,Staff costs for project,person-month,67709.58,6,406257.48
PRJ_NGO_00147_4,PRJ_NGO_00147_4_ITEM_3,Transport,Transport costs for project,trip,55673.4,17,946447.8
PRJ_NGO_00147_4,PRJ_NGO_00147_4_ITEM_4,Admin,Admin costs for project,lump-sum,1856324.05,1,1856324.05
PRJ_NGO_00147_4,PRJ_NGO_00147_4_ITEM_5,Contingency,Contingency costs for project,lump-sum,3470891.69,1,3470891.69
PRJ_NGO_00147_3,PRJ_NGO_00147_3_ITEM_1,Materials,Materials costs for project,kit,1852.15,3950,7315992.5
PRJ_NGO_00147_3,PRJ_NGO_00147_3_ITEM_2,Staff,Staff costs for project,person-month,13973.72,11,153710.91999999998
PRJ_NGO_00147_3,PRJ_NGO_00147_3_ITEM_3,Transport,Transport costs for project,trip,38044.61,19,722847.59
PRJ_NGO_00147_3,PRJ_NGO_00147_3_ITEM_4,Admin,Admin costs for project,lump-sum,1023539.38,1,1023539.38
PRJ_NGO_00147_3,PRJ_NGO_00147_3_ITEM_5,Contingency,Contingency costs for project,lump-sum,6123815.59,1,6123815.59
PRJ_NGO_00147_2,PRJ_NGO_00147_2_ITEM_1,Materials,Materials costs for project,kit,973.91,4395,4280334.45
PRJ_NGO_00147_2,PRJ_NGO_00147_2_ITEM_2,Staff,Staff costs for project,person-month,257939.59,8,2063516.72
PRJ_NGO_00147_2,PRJ_NGO_00147_2_ITEM_3,Transport,Transport costs for project,trip,137357.31,21,2884503.51
PRJ_NGO_00147_2,PRJ_NGO_00147_2_ITEM_4,Admin,Admin costs for project,lump-sum,4448689.63,1,4448689.63
PRJ_NGO_00147_2,PRJ_NGO_00147_2_ITEM_5,Contingency,Contingency costs for project,lump-sum,1579434.25,1,1579434.25
PRJ_NGO_00147_1,PRJ_NGO_00147_1_ITEM_1,Materials,Materials costs for project,kit,1151.69,2254,2595909.2600000002
PRJ_NGO_00147_1,PRJ_NGO_00147_1_ITEM_2,Staff,Staff costs for project,person-month,216359.96,11,2379959.56
PRJ_NGO_00147_1,PRJ_NGO_00147_1_ITEM_3,Transport,Transport costs for project,trip,101598.87,11,1117587.5699999998
PRJ_NGO_00147_1,PRJ_NGO_00147_1_ITEM_4,Admin,Admin costs for project,lump-sum,3751792.71,1,3751792.71
PRJ_NGO_00147_1,PRJ_NGO_00147_1_ITEM_5,Contingency,Contingency costs for project,lump-sum,28843.73,1,28843.73
PRJ_NGO_00148_4,PRJ_NGO_00148_4_ITEM_1,Materials,Materials costs for project,kit,371.16,2885,1070796.6
PRJ_NGO_00148_4,PRJ_NGO_00148_4_ITEM_2,Staff,Staff costs for project,person-month,316216.73,4,1264866.92
PRJ_NGO_00148_4,PRJ_NGO_00148_4_ITEM_3,Transport,Transport costs for project,trip,3584.51,14,50183.14
PRJ_NGO_00148_4,PRJ_NGO_00148_4_ITEM_4,Admin,Admin costs for project,lump-sum,97211.15,1,97211.15
PRJ_NGO_00148_4,PRJ_NGO_00148_4_ITEM_5,Contingency,Contingency costs for project,lump-sum,160433.03,1,160433.03
PRJ_NGO_00148_3,PRJ_NGO_00148_3_ITEM_1,Materials,Materials costs for project,kit,31.97,1921,61414.369999999995
PRJ_NGO_00148_3,PRJ_NGO_00148_3_ITEM_2,Staff,Staff costs for project,person-month,124387.56,4,497550.24
PRJ_NGO_00148_3,PRJ_NGO_00148_3_ITEM_3,Transport,Transport costs for project,trip,14051.73,9,126465.56999999999
PRJ_NGO_00148_3,PRJ_NGO_00148_3_ITEM_4,Admin,Admin costs for project,lump-sum,523822.54,1,523822.54
PRJ_NGO_00148_3,PRJ_NGO_00148_3_ITEM_5,Contingency,Contingency costs for project,lump-sum,402350.58,1,402350.58
PRJ_NGO_00148_2,PRJ_NGO_00148_2_ITEM_1,Materials,Materials costs for project,kit,259.15,584,151343.59999999998
PRJ_NGO_00148_2,PRJ_NGO_00148_2_ITEM_2,Staff,Staff costs for project,person-month,3982.12,10,39821.2
PRJ_NGO_00148_2,PRJ_NGO_00148_2_ITEM_3,Transport,Transport costs for project,trip,51942.35,2,103884.7
PRJ_NGO_00148_2,PRJ_NGO_00148_2_ITEM_4,Admin,Admin costs for project,lump-sum,353278.59,1,353278.59
PRJ_NGO_00148_2,PRJ_NGO_00148_2_ITEM_5,Contingency,Contingency costs for project,lump-sum,440069.43,1,440069.43
PRJ_NGO_00148_1,PRJ_NGO_00148_1_ITEM_1,Materials,Materials costs for project,kit,52.69,1182,62279.579999999994
PRJ_NGO_00148_1,PRJ_NGO_00148_1_ITEM_2,Staff,Staff costs for project,person-month,5779.37,7,40455.59
PRJ_NGO_00148_1,PRJ_NGO_00148_1_ITEM_3,Transport,Transport costs for project,trip,52201.77,5,261008.84999999998
PRJ_NGO_00148_1,PRJ_NGO_00148_1_ITEM_4,Admin,Admin costs for project,lump-sum,55559.61,1,55559.61
PRJ_NGO_00148_1,PRJ_NGO_00148_1_ITEM_5,Contingency,Contingency costs for project,lump-sum,933890.63,1,933890.63
PRJ_NGO_00149_3,PRJ_NGO_00149_3_ITEM_1,Materials,Materials costs for project,kit,1990.79,4292,8544470.68
PRJ_NGO_00149_3,PRJ_NGO_00149_3_ITEM_2,Labor,Labor costs for project,person-month,579224.14,10,5792241.4
PRJ_NGO_00149_3,PRJ_NGO_00149_3_ITEM_3,Transport,Transport costs for project,trip,96277.73,21,2021832.3299999998
PRJ_NGO_00149_3,PRJ_NGO_00149_3_ITEM_4,Admin,Admin costs for project,lump-sum,487496.23,1,487496.23
PRJ_NGO_00149_3,PRJ_NGO_00149_3_ITEM_5,Contingency,Contingency costs for project,lump-sum,173846.82,1,173846.82
PRJ_NGO_00149_2,PRJ_NGO_00149_2_ITEM_1,Materials,Materials costs for project,kit,543.96,2684,1459988.6400000001
PRJ_NGO_00149_2,PRJ_NGO_00149_2_ITEM_2,Labor,Labor costs for project,person-month,333703.72,4,1334814.88
PRJ_NGO_00149_2,PRJ_NGO_00149_2_ITEM_3,Transport,Transport costs for project,trip,36697.1,13,477062.3
PRJ_NGO_00149_2,PRJ_NGO_00149_2_ITEM_4,Admin,Admin costs for project,lump-sum,1342672.44,1,1342672.44
PRJ_NGO_00149_2,PRJ_NGO_00149_2_ITEM_5,Contingency,Contingency costs for project,lump-sum,1081249.4,1,1081249.4
PRJ_NGO_00149_1,PRJ_NGO_00149_1_ITEM_1,Materials,Materials costs for project,kit,86.12,4474,385300.88
PRJ_NGO_00149_1,PRJ_NGO_00149_1_ITEM_2,Labor,Labor costs for project,person-month,125361.25,10,1253612.5
PRJ_NGO_00149_1,PRJ_NGO_00149_1_ITEM_3,Transport,Transport costs for project,trip,236693.8,22,5207263.6
PRJ_NGO_00149_1,PRJ_NGO_00149_1_ITEM_4,Admin,Admin costs for project,lump-sum,2928717.38,1,2928717.38
PRJ_NGO_00149_1,PRJ_NGO_00149_1_ITEM_5,Contingency,Contingency costs for project,lump-sum,7810716.11,1,7810716.11
PRJ_NGO_00150_5,PRJ_NGO_00150_5_ITEM_1,Materials,Materials costs for project,kit,100.94,4947,499350.18
PRJ_NGO_00150_5,PRJ_NGO_00150_5_ITEM_2,Staff,Staff costs for project,person-month,318350.56,8,2546804.48
PRJ_NGO_00150_5,PRJ_NGO_00150_5_ITEM_3,Transport,Transport costs for project,trip,70760.56,24,1698253.44
PRJ_NGO_00150_5,PRJ_NGO_00150_5_ITEM_4,Admin,Admin costs for project,lump-sum,1950854.51,1,1950854.51
PRJ_NGO_00150_5,PRJ_NGO_00150_5_ITEM_5,Contingency,Contingency costs for project,lump-sum,999933.4,1,999933.4
PRJ_NGO_00150_4,PRJ_NGO_00150_4_ITEM_1,Materials,Materials costs for project,kit,28.9,4038,116698.2
PRJ_NGO_00150_4,PRJ_NGO_00150_4_ITEM_2,Staff,Staff costs for project,person-month,50100.29,8,400802.32
PRJ_NGO_00150_4,PRJ_NGO_00150_4_ITEM_3,Transport,Transport costs for project,trip,187977.38,20,3759547.6
PRJ_NGO_00150_4,PRJ_NGO_00150_4_ITEM_4,Admin,Admin costs for project,lump-sum,348751.93,1,348751.93
PRJ_NGO_00150_4,PRJ_NGO_00150_4_ITEM_5,Contingency,Contingency costs for project,lump-sum,1037411.03,1,1037411.03
PRJ_NGO_00150_3,PRJ_NGO_00150_3_ITEM_1,Materials,Materials costs for project,kit,458.26,1730,792789.7999999999
PRJ_NGO_00150_3,PRJ_NGO_00150_3_ITEM_2,Staff,Staff costs for project,person-month,72375.21,10,723752.1000000001
PRJ_NGO_00150_3,PRJ_NGO_00150_3_ITEM_3,Transport,Transport costs for project,trip,69889.41,8,559115.28
PRJ_NGO_00150_3,PRJ_NGO_00150_3_ITEM_4,Admin,Admin costs for project,lump-sum,597231.12,1,597231.12
PRJ_NGO_00150_3,PRJ_NGO_00150_3_ITEM_5,Contingency,Contingency costs for project,lump-sum,477818.09,1,477818.09
PRJ_NGO_00150_2,PRJ_NGO_00150_2_ITEM_1,Materials,Materials costs for project,kit,331.51,4280,1418862.8
PRJ_NGO_00150_2,PRJ_NGO_00150_2_ITEM_2,Staff,Staff costs for project,person-month,80517.15,7,563620.0499999999
PRJ_NGO_00150_2,PRJ_NGO_00150_2_ITEM_3,Transport,Transport costs for project,trip,66042.9,21,1386900.9
PRJ_NGO_00150_2,PRJ_NGO_00150_2_ITEM_4,Admin,Admin costs for project,lump-sum,568403.35,1,568403.35
PRJ_NGO_00150_2,PRJ_NGO_00150_2_ITEM_5,Contingency,Contingency costs for project,lump-sum,2057630.49,1,2057630.49
PRJ_NGO_00150_1,PRJ_NGO_00150_1_ITEM_1,Materials,Materials costs for project,kit,121.87,3420,416795.4
PRJ_NGO_00150_1,PRJ_NGO_00150_1_ITEM_2,Staff,Staff costs for project,person-month,169116.04,6,1014696.24
PRJ_NGO_00150_1,PRJ_NGO_00150_1_ITEM_3,Transport,Transport costs for project,trip,28446.94,17,483597.98
PRJ_NGO_00150_1,PRJ_NGO_00150_1_ITEM_4,Admin,Admin costs for project,lump-sum,79458.19,1,79458.19
PRJ_NGO_00150_1,PRJ_NGO_00150_1_ITEM_5,Contingency,Contingency costs for project,lump-sum,2095052.81,1,2095052.81
PRJ_NGO_00151_1,PRJ_NGO_00151_1_ITEM_1,Materials,Materials costs for project,kit,371.44,1143,424555.92
PRJ_NGO_00151_1,PRJ_NGO_00151_1_ITEM_2,Staff,Staff costs for project,person-month,73792.06,4,295168.24
PRJ_NGO_00151_1,PRJ_NGO_00151_1_ITEM_3,Transport,Transport costs for project,trip,15329.1,5,76645.5
PRJ_NGO_00151_1,PRJ_NGO_00151_1_ITEM_4,Admin,Admin costs for project,lump-sum,552443.86,1,552443.86
PRJ_NGO_00151_1,PRJ_NGO_00151_1_ITEM_5,Contingency,Contingency costs for project,lump-sum,506986.63,1,506986.63
PRJ_NGO_00152_6,PRJ_NGO_00152_6_ITEM_1,Materials,Materials costs for project,kit,1029.42,4746,4885627.32
PRJ_NGO_00152_6,PRJ_NGO_00152_6_ITEM_2,Staff,Staff costs for project,person-month,716857.58,4,2867430.32
PRJ_NGO_00152_6,PRJ_NGO_00152_6_ITEM_3,Transport,Transport costs for project,trip,17177.32,23,395078.36
PRJ_NGO_00152_6,PRJ_NGO_00152_6_ITEM_4,Admin,Admin costs for project,lump-sum,1080873.63,1,1080873.63
PRJ_NGO_00152_6,PRJ_NGO_00152_6_ITEM_5,Contingency,Contingency costs for project,lump-sum,1893975.5,1,1893975.5
PRJ_NGO_00152_5,PRJ_NGO_00152_5_ITEM_1,Materials,Materials costs for project,kit,2152.22,4128,8884364.159999998
PRJ_NGO_00152_5,PRJ_NGO_00152_5_ITEM_2,Staff,Staff costs for project,person-month,29067.41,6,174404.46
PRJ_NGO_00152_5,PRJ_NGO_00152_5_ITEM_3,Transport,Transport costs for project,trip,73208.47,20,1464169.4
PRJ_NGO_00152_5,PRJ_NGO_00152_5_ITEM_4,Admin,Admin costs for project,lump-sum,778495.02,1,778495.02
PRJ_NGO_00152_5,PRJ_NGO_00152_5_ITEM_5,Contingency,Contingency costs for project,lump-sum,2680957.58,1,2680957.58
PRJ_NGO_00152_4,PRJ_NGO_00152_4_ITEM_1,Materials,Materials costs for project,kit,330.73,3827,1265703.71
PRJ_NGO_00152_4,PRJ_NGO_00152_4_ITEM_2,Staff,Staff costs for project,person-month,559954.76,4,2239819.04
PRJ_NGO_00152_4,PRJ_NGO_00152_4_ITEM_3,Transport,Transport costs for project,trip,62114.3,19,1180171.7
PRJ_NGO_00152_4,PRJ_NGO_00152_4_ITEM_4,Admin,Admin costs for project,lump-sum,1528097.24,1,1528097.24
PRJ_NGO_00152_4,PRJ_NGO_00152_4_ITEM_5,Contingency,Contingency costs for project,lump-sum,1360504.7,1,1360504.7
PRJ_NGO_00152_3,PRJ_NGO_00152_3_ITEM_1,Materials,Materials costs for project,kit,85.9,4266,366449.4
PRJ_NGO_00152_3,PRJ_NGO_00152_3_ITEM_2,Staff,Staff costs for project,person-month,87182.26,8,697458.08
PRJ_NGO_00152_3,PRJ_NGO_00152_3_ITEM_3,Transport,Transport costs for project,trip,39361.25,21,826586.25
PRJ_NGO_00152_3,PRJ_NGO_00152_3_ITEM_4,Admin,Admin costs for project,lump-sum,14018367.58,1,14018367.58
PRJ_NGO_00152_3,PRJ_NGO_00152_3_ITEM_5,Contingency,Contingency costs for project,lump-sum,291228.7,1,291228.7
PRJ_NGO_00152_2,PRJ_NGO_00152_2_ITEM_1,Materials,Materials costs for project,kit,78.38,2538,198928.44
PRJ_NGO_00152_2,PRJ_NGO_00152_2_ITEM_2,Staff,Staff costs for project,person-month,7085.62,3,21256.86
PRJ_NGO_00152_2,PRJ_NGO_00152_2_ITEM_3,Transport,Transport costs for project,trip,68088.3,12,817059.6000000001
PRJ_NGO_00152_2,PRJ_NGO_00152_2_ITEM_4,Admin,Admin costs for project,lump-sum,1669201.41,1,1669201.41
PRJ_NGO_00152_2,PRJ_NGO_00152_2_ITEM_5,Contingency,Contingency costs for project,lump-sum,1523942.31,1,1523942.31
PRJ_NGO_00152_1,PRJ_NGO_00152_1_ITEM_1,Materials,Materials costs for project,kit,421.41,2505,1055632.05
PRJ_NGO_00152_1,PRJ_NGO_00152_1_ITEM_2,Staff,Staff costs for project,person-month,217827.66,5,1089138.3
PRJ_NGO_00152_1,PRJ_NGO_00152_1_ITEM_3,Transport,Transport costs for project,trip,67633.93,12,811607.1599999999
PRJ_NGO_00152_1,PRJ_NGO_00152_1_ITEM_4,Admin,Admin costs for project,lump-sum,990228.24,1,990228.24
PRJ_NGO_00152_1,PRJ_NGO_00152_1_ITEM_5,Contingency,Contingency costs for project,lump-sum,1540184.42,1,1540184.42
PRJ_NGO_00153_2,PRJ_NGO_00153_2_ITEM_1,Materials,Materials costs for project,kit,1958.69,4655,9117701.950000001
PRJ_NGO_00153_2,PRJ_NGO_00153_2_ITEM_2,Staff,Staff costs for project,person-month,379454.18,12,4553450.16
PRJ_NGO_00153_2,PRJ_NGO_00153_2_ITEM_3,Transport,Transport costs for project,trip,148373.68,23,3412594.6399999997
PRJ_NGO_00153_2,PRJ_NGO_00153_2_ITEM_4,Admin,Admin costs for project,lump-sum,4646220.87,1,4646220.87
PRJ_NGO_00153_2,PRJ_NGO_00153_2_ITEM_5,Contingency,Contingency costs for project,lump-sum,272944.26,1,272944.26
PRJ_NGO_00153_1,PRJ_NGO_00153_1_ITEM_1,Materials,Materials costs for project,kit,1399.49,1218,1704578.82
PRJ_NGO_00153_1,PRJ_NGO_00153_1_ITEM_2,Staff,Staff costs for project,person-month,248171.25,10,2481712.5
PRJ_NGO_00153_1,PRJ_NGO_00153_1_ITEM_3,Transport,Transport costs for project,trip,11633.19,6,69799.14
PRJ_NGO_00153_1,PRJ_NGO_00153_1_ITEM_4,Admin,Admin costs for project,lump-sum,372443.06,1,372443.06
PRJ_NGO_00153_1,PRJ_NGO_00153_1_ITEM_5,Contingency,Contingency costs for project,lump-sum,1375766.57,1,1375766.57
PRJ_NGO_00154_6,PRJ_NGO_00154_6_ITEM_1,Materials,Materials costs for project,kit,296.26,888,263078.88
PRJ_NGO_00154_6,PRJ_NGO_00154_6_ITEM_2,Labor,Labor costs for project,person-month,32503.89,9,292535.01
PRJ_NGO_00154_6,PRJ_NGO_00154_6_ITEM_3,Transport,Transport costs for project,trip,326293.74,4,1305174.96
PRJ_NGO_00154_6,PRJ_NGO_00154_6_ITEM_4,Admin,Admin costs for project,lump-sum,1270313.24,1,1270313.24
PRJ_NGO_00154_6,PRJ_NGO_00154_6_ITEM_5,Contingency,Contingency costs for project,lump-sum,98294.55,1,98294.55
PRJ_NGO_00154_5,PRJ_NGO_00154_5_ITEM_1,Materials,Materials costs for project,kit,933.4,967,902597.7999999999
PRJ_NGO_00154_5,PRJ_NGO_00154_5_ITEM_2,Labor,Labor costs for project,person-month,117601.39,8,940811.12
PRJ_NGO_00154_5,PRJ_NGO_00154_5_ITEM_3,Transport,Transport costs for project,trip,68797.23,4,275188.92
PRJ_NGO_00154_5,PRJ_NGO_00154_5_ITEM_4,Admin,Admin costs for project,lump-sum,601873.73,1,601873.73
PRJ_NGO_00154_5,PRJ_NGO_00154_5_ITEM_5,Contingency,Contingency costs for project,lump-sum,61225.69,1,61225.69
PRJ_NGO_00154_4,PRJ_NGO_00154_4_ITEM_1,Materials,Materials costs for project,kit,305.59,705,215440.94999999998
PRJ_NGO_00154_4,PRJ_NGO_00154_4_ITEM_2,Labor,Labor costs for project,person-month,34765.57,11,382421.27
PRJ_NGO_00154_4,PRJ_NGO_00154_4_ITEM_3,Transport,Transport costs for project,trip,87597.36,3,262792.08
PRJ_NGO_00154_4,PRJ_NGO_00154_4_ITEM_4,Admin,Admin costs for project,lump-sum,987631.5,1,987631.5
PRJ_NGO_00154_4,PRJ_NGO_00154_4_ITEM_5,Contingency,Contingency costs for project,lump-sum,1008211.25,1,1008211.25
PRJ_NGO_00154_3,PRJ_NGO_00154_3_ITEM_1,Materials,Materials costs for project,kit,878.53,4403,3868167.59
PRJ_NGO_00154_3,PRJ_NGO_00154_3_ITEM_2,Labor,Labor costs for project,person-month,212396.4,8,1699171.2
PRJ_NGO_00154_3,PRJ_NGO_00154_3_ITEM_3,Transport,Transport costs for project,trip,9047.45,22,199043.90000000002
PRJ_NGO_00154_3,PRJ_NGO_00154_3_ITEM_4,Admin,Admin costs for project,lump-sum,675583.7,1,675583.7
PRJ_NGO_00154_3,PRJ_NGO_00154_3_ITEM_5,Contingency,Contingency costs for project,lump-sum,6915445.65,1,6915445.65
PRJ_NGO_00154_2,PRJ_NGO_00154_2_ITEM_1,Materials,Materials costs for project,kit,80.08,2330,186586.4
PRJ_NGO_00154_2,PRJ_NGO_00154_2_ITEM_2,Labor,Labor costs for project,person-month,9001.13,11,99012.43
PRJ_NGO_00154_2,PRJ_NGO_00154_2_ITEM_3,Transport,Transport costs for project,trip,106952.62,11,1176478.8199999998
PRJ_NGO_00154_2,PRJ_NGO_00154_2_ITEM_4,Admin,Admin costs for project,lump-sum,4369164.89,1,4369164.89
PRJ_NGO_00154_2,PRJ_NGO_00154_2_ITEM_5,Contingency,Contingency costs for project,lump-sum,2674668.68,1,2674668.68
PRJ_NGO_00154_1,PRJ_NGO_00154_1_ITEM_1,Materials,Materials costs for project,kit,868.55,3840,3335232.0
PRJ_NGO_00154_1,PRJ_NGO_00154_1_ITEM_2,Labor,Labor costs for project,person-month,209959.44,4,839837.76
PRJ_NGO_00154_1,PRJ_NGO_00154_1_ITEM_3,Transport,Transport costs for project,trip,65702.02,19,1248338.3800000001
PRJ_NGO_00154_1,PRJ_NGO_00154_1_ITEM_4,Admin,Admin costs for project,lump-sum,1025253.84,1,1025253.84
PRJ_NGO_00154_1,PRJ_NGO_00154_1_ITEM_5,Contingency,Contingency costs for project,lump-sum,2259022.18,1,2259022.18
PRJ_NGO_00155_3,PRJ_NGO_00155_3_ITEM_1,Materials,Materials costs for project,kit,429.98,4259,1831284.82
PRJ_NGO_00155_3,PRJ_NGO_00155_3_ITEM_2,Staff,Staff costs for project,person-month,630722.4,7,4415056.8
PRJ_NGO_00155_3,PRJ_NGO_00155_3_ITEM_3,Transport,Transport costs for project,trip,78803.19,21,1654866.99
PRJ_NGO_00155_3,PRJ_NGO_00155_3_ITEM_4,Admin,Admin costs for project,lump-sum,1404854.66,1,1404854.66
PRJ_NGO_00155_3,PRJ_NGO_00155_3_ITEM_5,Contingency,Contingency costs for project,lump-sum,2551744.58,1,2551744.58
PRJ_NGO_00155_2,PRJ_NGO_00155_2_ITEM_1,Materials,Materials costs for project,kit,98.34,973,95684.82
PRJ_NGO_00155_2,PRJ_NGO_00155_2_ITEM_2,Staff,Staff costs for project,person-month,260289.39,11,2863183.29
PRJ_NGO_00155_2,PRJ_NGO_00155_2_ITEM_3,Transport,Transport costs for project,trip,69032.76,4,276131.04
PRJ_NGO_00155_2,PRJ_NGO_00155_2_ITEM_4,Admin,Admin costs for project,lump-sum,315662.28,1,315662.28
PRJ_NGO_00155_2,PRJ_NGO_00155_2_ITEM_5,Contingency,Contingency costs for project,lump-sum,306434.7,1,306434.7
PRJ_NGO_00155_1,PRJ_NGO_00155_1_ITEM_1,Materials,Materials costs for project,kit,25.85,2999,77524.15000000001
PRJ_NGO_00155_1,PRJ_NGO_00155_1_ITEM_2,Staff,Staff costs for project,person-month,281004.81,9,2529043.29
PRJ_NGO_00155_1,PRJ_NGO_00155_1_ITEM_3,Transport,Transport costs for project,trip,280817.24,14,3931441.36
PRJ_NGO_00155_1,PRJ_NGO_00155_1_ITEM_4,Admin,Admin costs for project,lump-sum,2094409.98,1,2094409.98
PRJ_NGO_00155_1,PRJ_NGO_00155_1_ITEM_5,Contingency,Contingency costs for project,lump-sum,2516171.75,1,2516171.75
PRJ_NGO_00156_3,PRJ_NGO_00156_3_ITEM_1,Materials,Materials costs for project,kit,615.29,3042,1871712.18
PRJ_NGO_00156_3,PRJ_NGO_00156_3_ITEM_2,Staff,Staff costs for project,person-month,488325.12,8,3906600.96
PRJ_NGO_00156_3,PRJ_NGO_00156_3_ITEM_3,Transport,Transport costs for project,trip,80198.1,15,1202971.5
PRJ_NGO_00156_3,PRJ_NGO_00156_3_ITEM_4,Admin,Admin costs for project,lump-sum,913077.4,1,913077.4
PRJ_NGO_00156_3,PRJ_NGO_00156_3_ITEM_5,Contingency,Contingency costs for project,lump-sum,1487443.79,1,1487443.79
PRJ_NGO_00156_2,PRJ_NGO_00156_2_ITEM_1,Materials,Materials costs for project,kit,604.36,3630,2193826.8000000003
PRJ_NGO_00156_2,PRJ_NGO_00156_2_ITEM_2,Staff,Staff costs for project,person-month,353214.1,5,1766070.5
PRJ_NGO_00156_2,PRJ_NGO_00156_2_ITEM_3,Transport,Transport costs for project,trip,103028.47,18,1854512.46
PRJ_NGO_00156_2,PRJ_NGO_00156_2_ITEM_4,Admin,Admin costs for project,lump-sum,2529792.06,1,2529792.06
PRJ_NGO_00156_2,PRJ_NGO_00156_2_ITEM_5,Contingency,Contingency costs for project,lump-sum,74981.6,1,74981.6
PRJ_NGO_00156_1,PRJ_NGO_00156_1_ITEM_1,Materials,Materials costs for project,kit,907.44,1271,1153356.24
PRJ_NGO_00156_1,PRJ_NGO_00156_1_ITEM_2,Staff,Staff costs for project,person-month,61925.39,3,185776.16999999998
PRJ_NGO_00156_1,PRJ_NGO_00156_1_ITEM_3,Transport,Transport costs for project,trip,39823.68,6,238942.08000000002
PRJ_NGO_00156_1,PRJ_NGO_00156_1_ITEM_4,Admin,Admin costs for project,lump-sum,471454.55,1,471454.55
PRJ_NGO_00156_1,PRJ_NGO_00156_1_ITEM_5,Contingency,Contingency costs for project,lump-sum,177074.34,1,177074.34
PRJ_NGO_00157_2,PRJ_NGO_00157_2_ITEM_1,Materials,Materials costs for project,kit,496.65,1590,789673.5
PRJ_NGO_00157_2,PRJ_NGO_00157_2_ITEM_2,Staff,Staff costs for project,person-month,244587.12,11,2690458.32
PRJ_NGO_00157_2,PRJ_NGO_00157_2_ITEM_3,Transport,Transport costs for project,trip,93594.82,7,655163.74
PRJ_NGO_00157_2,PRJ_NGO_00157_2_ITEM_4,Admin,Admin costs for project,lump-sum,1342778.94,1,1342778.94
PRJ_NGO_00157_2,PRJ_NGO_00157_2_ITEM_5,Contingency,Contingency costs for project,lump-sum,922927.43,1,922927.43
PRJ_NGO_00157_1,PRJ_NGO_00157_1_ITEM_1,Materials,Materials costs for project,kit,533.43,2604,1389051.72
PRJ_NGO_00157_1,PRJ_NGO_00157_1_ITEM_2,Staff,Staff costs for project,person-month,267235.83,6,1603414.98
PRJ_NGO_00157_1,PRJ_NGO_00157_1_ITEM_3,Transport,Transport costs for project,trip,35983.27,13,467782.50999999995
PRJ_NGO_00157_1,PRJ_NGO_00157_1_ITEM_4,Admin,Admin costs for project,lump-sum,1935819.56,1,1935819.56
PRJ_NGO_00157_1,PRJ_NGO_00157_1_ITEM_5,Contingency,Contingency costs for project,lump-sum,1458831.52,1,1458831.52
PRJ_NGO_00158_2,PRJ_NGO_00158_2_ITEM_1,Relief Kits,Relief Kits costs for project,unit,33.96,3663,124395.48
PRJ_NGO_00158_2,PRJ_NGO_00158_2_ITEM_2,Shelter,Shelter costs for project,family,603.6,83,50098.8
PRJ_NGO_00158_2,PRJ_NGO_00158_2_ITEM_3,Transport,Transport costs for project,trip,156382.3,1,156382.3
PRJ_NGO_00158_2,PRJ_NGO_00158_2_ITEM_4,Medical,Medical costs for project,kit,1660.78,333,553039.74
PRJ_NGO_00158_2,PRJ_NGO_00158_2_ITEM_5,Staff,Staff costs for project,person-month,9735.85,5,48679.25
PRJ_NGO_00158_1,PRJ_NGO_00158_1_ITEM_1,Relief Kits,Relief Kits costs for project,unit,51.12,16716,854521.9199999999
PRJ_NGO_00158_1,PRJ_NGO_00158_1_ITEM_2,Shelter,Shelter costs for project,family,999.17,348,347711.16
PRJ_NGO_00158_1,PRJ_NGO_00158_1_ITEM_3,Transport,Transport costs for project,trip,74365.0,6,446190.0
PRJ_NGO_00158_1,PRJ_NGO_00158_1_ITEM_4,Medical,Medical costs for project,kit,27.53,1393,38349.29
PRJ_NGO_00158_1,PRJ_NGO_00158_1_ITEM_5,Staff,Staff costs for project,person-month,387157.39,6,2322944.34
PRJ_NGO_00159_2,PRJ_NGO_00159_2_ITEM_1,Materials,Materials costs for project,kit,231.34,4779,1105573.86
PRJ_NGO_00159_2,PRJ_NGO_00159_2_ITEM_2,Staff,Staff costs for project,person-month,605275.75,11,6658033.25
PRJ_NGO_00159_2,PRJ_NGO_00159_2_ITEM_3,Transport,Transport costs for project,trip,299982.17,23,6899589.909999999
PRJ_NGO_00159_2,PRJ_NGO_00159_2_ITEM_4,Admin,Admin costs for project,lump-sum,8822041.56,1,8822041.56
PRJ_NGO_00159_2,PRJ_NGO_00159_2_ITEM_5,Contingency,Contingency costs for project,lump-sum,1624579.46,1,1624579.46
PRJ_NGO_00159_1,PRJ_NGO_00159_1_ITEM_1,Materials,Materials costs for project,kit,1536.02,912,1400850.24
PRJ_NGO_00159_1,PRJ_NGO_00159_1_ITEM_2,Staff,Staff costs for project,person-month,80887.05,5,404435.25
PRJ_NGO_00159_1,PRJ_NGO_00159_1_ITEM_3,Transport,Transport costs for project,trip,129308.62,4,517234.48
PRJ_NGO_00159_1,PRJ_NGO_00159_1_ITEM_4,Admin,Admin costs for project,lump-sum,140683.26,1,140683.26
PRJ_NGO_00159_1,PRJ_NGO_00159_1_ITEM_5,Contingency,Contingency costs for project,lump-sum,187595.8,1,187595.8
PRJ_NGO_00160_1,PRJ_NGO_00160_1_ITEM_1,Materials,Materials costs for project,kit,16.77,1534,25725.18
PRJ_NGO_00160_1,PRJ_NGO_00160_1_ITEM_2,Staff,Staff costs for project,person-month,224.3,5,1121.5
PRJ_NGO_00160_1,PRJ_NGO_00160_1_ITEM_3,Transport,Transport costs for project,trip,129309.51,7,905166.57
PRJ_NGO_00160_1,PRJ_NGO_00160_1_ITEM_4,Admin,Admin costs for project,lump-sum,15117.53,1,15117.53
PRJ_NGO_00160_1,PRJ_NGO_00160_1_ITEM_5,Contingency,Contingency costs for project,lump-sum,273366.71,1,273366.71
PRJ_NGO_00161_2,PRJ_NGO_00161_2_ITEM_1,Materials,Materials costs for project,kit,816.69,779,636201.51
PRJ_NGO_00161_2,PRJ_NGO_00161_2_ITEM_2,Staff,Staff costs for project,person-month,42721.46,4,170885.84
PRJ_NGO_00161_2,PRJ_NGO_00161_2_ITEM_3,Transport,Transport costs for project,trip,13501.47,3,40504.409999999996
PRJ_NGO_00161_2,PRJ_NGO_00161_2_ITEM_4,Admin,Admin costs for project,lump-sum,659332.21,1,659332.21
PRJ_NGO_00161_2,PRJ_NGO_00161_2_ITEM_5,Contingency,Contingency costs for project,lump-sum,337276.03,1,337276.03
PRJ_NGO_00161_1,PRJ_NGO_00161_1_ITEM_1,Materials,Materials costs for project,kit,7.61,4416,33605.76
PRJ_NGO_00161_1,PRJ_NGO_00161_1_ITEM_2,Staff,Staff costs for project,person-month,670211.57,4,2680846.28
PRJ_NGO_00161_1,PRJ_NGO_00161_1_ITEM_3,Transport,Transport costs for project,trip,97694.13,22,2149270.8600000003
PRJ_NGO_00161_1,PRJ_NGO_00161_1_ITEM_4,Admin,Admin costs for project,lump-sum,3225568.49,1,3225568.49
PRJ_NGO_00161_1,PRJ_NGO_00161_1_ITEM_5,Contingency,Contingency costs for project,lump-sum,1866203.76,1,1866203.76
PRJ_NGO_00162_3,PRJ_NGO_00162_3_ITEM_1,Materials,Materials costs for project,kit,370.25,429,158837.25
PRJ_NGO_00162_3,PRJ_NGO_00162_3_ITEM_2,Staff,Staff costs for project,person-month,62101.12,12,745213.4400000001
PRJ_NGO_00162_3,PRJ_NGO_00162_3_ITEM_3,Transport,Transport costs for project,trip,434582.95,2,869165.9
PRJ_NGO_00162_3,PRJ_NGO_00162_3_ITEM_4,Admin,Admin costs for project,lump-sum,1126515.63,1,1126515.63
PRJ_NGO_00162_3,PRJ_NGO_00162_3_ITEM_5,Contingency,Contingency costs for project,lump-sum,350467.4,1,350467.4
PRJ_NGO_00162_2,PRJ_NGO_00162_2_ITEM_1,Materials,Materials costs for project,kit,542.51,1766,958072.66
PRJ_NGO_00162_2,PRJ_NGO_00162_2_ITEM_2,Staff,Staff costs for project,person-month,314541.02,4,1258164.08
PRJ_NGO_00162_2,PRJ_NGO_00162_2_ITEM_3,Transport,Transport costs for project,trip,142146.55,8,1137172.4
PRJ_NGO_00162_2,PRJ_NGO_00162_2_ITEM_4,Admin,Admin costs for project,lump-sum,962848.09,1,962848.09
PRJ_NGO_00162_2,PRJ_NGO_00162_2_ITEM_5,Contingency,Contingency costs for project,lump-sum,546644.6,1,546644.6
PRJ_NGO_00162_1,PRJ_NGO_00162_1_ITEM_1,Materials,Materials costs for project,kit,295.62,3805,1124834.1
PRJ_NGO_00162_1,PRJ_NGO_00162_1_ITEM_2,Staff,Staff costs for project,person-month,594204.17,12,7130450.040000001
PRJ_NGO_00162_1,PRJ_NGO_00162_1_ITEM_3,Transport,Transport costs for project,trip,538685.41,19,10235022.790000001
PRJ_NGO_00162_1,PRJ_NGO_00162_1_ITEM_4,Admin,Admin costs for project,lump-sum,4825773.14,1,4825773.14
PRJ_NGO_00162_1,PRJ_NGO_00162_1_ITEM_5,Contingency,Contingency costs for project,lump-sum,4464205.59,1,4464205.59
PRJ_NGO_00164_5,PRJ_NGO_00164_5_ITEM_1,Food,Food costs for project,unit,110.2,14400,1586880.0
PRJ_NGO_00164_5,PRJ_NGO_00164_5_ITEM_2,Transport,Transport costs for project,trip,85873.28,8,686986.24
PRJ_NGO_00164_5,PRJ_NGO_00164_5_ITEM_3,Staff,Staff costs for project,person-month,90991.32,4,363965.28
PRJ_NGO_00164_5,PRJ_NGO_00164_5_ITEM_4,Admin,Admin costs for project,lump-sum,305408.52,1,305408.52
PRJ_NGO_00164_5,PRJ_NGO_00164_5_ITEM_5,Contingency,Contingency costs for project,lump-sum,272225.96,1,272225.96
PRJ_NGO_00164_4,PRJ_NGO_00164_4_ITEM_1,Food,Food costs for project,unit,36.66,51821,1899757.8599999999
PRJ_NGO_00164_4,PRJ_NGO_00164_4_ITEM_2,Transport,Transport costs for project,trip,82574.58,23,1899215.34
PRJ_NGO_00164_4,PRJ_NGO_00164_4_ITEM_3,Staff,Staff costs for project,person-month,708175.72,5,3540878.5999999996
PRJ_NGO_00164_4,PRJ_NGO_00164_4_ITEM_4,Admin,Admin costs for project,lump-sum,535978.15,1,535978.15
PRJ_NGO_00164_4,PRJ_NGO_00164_4_ITEM_5,Contingency,Contingency costs for project,lump-sum,3623963.37,1,3623963.37
PRJ_NGO_00164_3,PRJ_NGO_00164_3_ITEM_1,Food,Food costs for project,unit,79.34,7392,586481.28
PRJ_NGO_00164_3,PRJ_NGO_00164_3_ITEM_2,Transport,Transport costs for project,trip,36063.0,6,216378.0
PRJ_NGO_00164_3,PRJ_NGO_00164_3_ITEM_3,Staff,Staff costs for project,person-month,49988.45,3,149965.34999999998
PRJ_NGO_00164_3,PRJ_NGO_00164_3_ITEM_4,Admin,Admin costs for project,lump-sum,581055.54,1,581055.54
PRJ_NGO_00164_3,PRJ_NGO_00164_3_ITEM_5,Contingency,Contingency costs for project,lump-sum,373135.71,1,373135.71
PRJ_NGO_00164_2,PRJ_NGO_00164_2_ITEM_1,Food,Food costs for project,unit,9.21,61940,570467.4
PRJ_NGO_00164_2,PRJ_NGO_00164_2_ITEM_2,Transport,Transport costs for project,trip,133712.07,15,2005681.05
PRJ_NGO_00164_2,PRJ_NGO_00164_2_ITEM_3,Staff,Staff costs for project,person-month,417651.63,10,4176516.3
PRJ_NGO_00164_2,PRJ_NGO_00164_2_ITEM_4,Admin,Admin costs for project,lump-sum,4088415.91,1,4088415.91
PRJ_NGO_00164_2,PRJ_NGO_00164_2_ITEM_5,Contingency,Contingency costs for project,lump-sum,2855922.31,1,2855922.31
PRJ_NGO_00164_1,PRJ_NGO_00164_1_ITEM_1,Food,Food costs for project,unit,71.27,15176,1081593.52
PRJ_NGO_00164_1,PRJ_NGO_00164_1_ITEM_2,Transport,Transport costs for project,trip,85698.17,10,856981.7
PRJ_NGO_00164_1,PRJ_NGO_00164_1_ITEM_3,Staff,Staff costs for project,person-month,255276.5,3,765829.5
PRJ_NGO_00164_1,PRJ_NGO_00164_1_ITEM_4,Admin,Admin costs for project,lump-sum,290660.21,1,290660.21
PRJ_NGO_00164_1,PRJ_NGO_00164_1_ITEM_5,Contingency,Contingency costs for project,lump-sum,1161080.91,1,1161080.91
PRJ_NGO_00166_7,PRJ_NGO_00166_7_ITEM_1,Relief Kits,Relief Kits costs for project,unit,46.26,39915,1846467.9
PRJ_NGO_00166_7,PRJ_NGO_00166_7_ITEM_2,Shelter,Shelter costs for project,family,5823.44,665,3872587.5999999996
PRJ_NGO_00166_7,PRJ_NGO_00166_7_ITEM_3,Transport,Transport costs for project,trip,229999.76,13,2989996.88
PRJ_NGO_00166_7,PRJ_NGO_00166_7_ITEM_4,Medical,Medical costs for project,kit,36.2,2661,96328.20000000001
PRJ_NGO_00166_7,PRJ_NGO_00166_7_ITEM_5,Staff,Staff costs for project,person-month,222047.0,7,1554329.0
PRJ_NGO_00166_6,PRJ_NGO_00166_6_ITEM_1,Relief Kits,Relief Kits costs for project,unit,73.11,35160,2570547.6
PRJ_NGO_00166_6,PRJ_NGO_00166_6_ITEM_2,Shelter,Shelter costs for project,family,1673.74,1098,1837766.52
PRJ_NGO_00166_6,PRJ_NGO_00166_6_ITEM_3,Transport,Transport costs for project,trip,230610.5,21,4842820.5
PRJ_NGO_00166_6,PRJ_NGO_00166_6_ITEM_4,Medical,Medical costs for project,kit,369.38,4395,1623425.1
PRJ_NGO_00166_6,PRJ_NGO_00166_6_ITEM_5,Staff,Staff costs for project,person-month,237618.86,4,950475.44
PRJ_NGO_00166_5,PRJ_NGO_00166_5_ITEM_1,Relief Kits,Relief Kits costs for project,unit,11.24,75468,848260.3200000001
PRJ_NGO_00166_5,PRJ_NGO_00166_5_ITEM_2,Shelter,Shelter costs for project,family,987.16,993,980249.88
PRJ_NGO_00166_5,PRJ_NGO_00166_5_ITEM_3,Transport,Transport costs for project,trip,214197.34,19,4069749.46
PRJ_NGO_00166_5,PRJ_NGO_00166_5_ITEM_4,Medical,Medical costs for project,kit,3428.12,3972,13616492.639999999
PRJ_NGO_00166_5,PRJ_NGO_00166_5_ITEM_5,Staff,Staff costs for project,person-month,214645.62,9,1931810.58
PRJ_NGO_00166_4,PRJ_NGO_00166_4_ITEM_1,Relief Kits,Relief Kits costs for project,unit,81.25,90384,7343700.0
PRJ_NGO_00166_4,PRJ_NGO_00166_4_ITEM_2,Shelter,Shelter costs for project,family,784.73,1076,844369.48
PRJ_NGO_00166_4,PRJ_NGO_00166_4_ITEM_3,Transport,Transport costs for project,trip,84287.11,21,1770029.31
PRJ_NGO_00166_4,PRJ_NGO_00166_4_ITEM_4,Medical,Medical costs for project,kit,1694.74,4304,7294160.96
PRJ_NGO_00166_4,PRJ_NGO_00166_4_ITEM_5,Staff,Staff costs for project,person-month,508875.77,10,5088757.7
PRJ_NGO_00166_3,PRJ_NGO_00166_3_ITEM_1,Relief Kits,Relief Kits costs for project,unit,42.75,27504,1175796.0
PRJ_NGO_00166_3,PRJ_NGO_00166_3_ITEM_2,Shelter,Shelter costs for project,family,3745.33,382,1430716.06
PRJ_NGO_00166_3,PRJ_NGO_00166_3_ITEM_3,Transport,Transport costs for project,trip,388943.93,7,2722607.51
PRJ_NGO_00166_3,PRJ_NGO_00166_3_ITEM_4,Medical,Medical costs for project,kit,687.19,1528,1050026.32
PRJ_NGO_00166_3,PRJ_NGO_00166_3_ITEM_5,Staff,Staff costs for project,person-month,15716.93,9,141452.37
PRJ_NGO_00166_2,PRJ_NGO_00166_2_ITEM_1,Relief Kits,Relief Kits costs for project,unit,67.94,5256,357092.64
PRJ_NGO_00166_2,PRJ_NGO_00166_2_ITEM_2,Shelter,Shelter costs for project,family,2950.79,109,321636.11
PRJ_NGO_00166_2,PRJ_NGO_00166_2_ITEM_3,Transport,Transport costs for project,trip,186912.12,2,373824.24
PRJ_NGO_00166_2,PRJ_NGO_00166_2_ITEM_4,Medical,Medical costs for project,kit,185.21,438,81121.98000000001
PRJ_NGO_00166_2,PRJ_NGO_00166_2_ITEM_5,Staff,Staff costs for project,person-month,29954.79,6,179728.74
PRJ_NGO_00166_1,PRJ_NGO_00166_1_ITEM_1,Relief Kits,Relief Kits costs for project,unit,6.86,69237,474965.82
PRJ_NGO_00166_1,PRJ_NGO_00166_1_ITEM_2,Shelter,Shelter costs for project,family,2723.96,824,2244543.04
PRJ_NGO_00166_1,PRJ_NGO_00166_1_ITEM_3,Transport,Transport costs for project,trip,232383.6,16,3718137.6
PRJ_NGO_00166_1,PRJ_NGO_00166_1_ITEM_4,Medical,Medical costs for project,kit,872.78,3297,2877555.6599999997
PRJ_NGO_00166_1,PRJ_NGO_00166_1_ITEM_5,Staff,Staff costs for project,person-month,1011809.81,10,10118098.100000001
PRJ_NGO_00167_6,PRJ_NGO_00167_6_ITEM_1,Food,Food costs for project,unit,10.79,40950,441850.49999999994
PRJ_NGO_00167_6,PRJ_NGO_00167_6_ITEM_2,Transport,Transport costs for project,trip,337226.0,13,4383938.0
PRJ_NGO_00167_6,PRJ_NGO_00167_6_ITEM_3,Staff,Staff costs for project,person-month,53947.21,7,377630.47
PRJ_NGO_00167_6,PRJ_NGO_00167_6_ITEM_4,Admin,Admin costs for project,lump-sum,708896.96,1,708896.96
PRJ_NGO_00167_6,PRJ_NGO_00167_6_ITEM_5,Contingency,Contingency costs for project,lump-sum,73885.76,1,73885.76
PRJ_NGO_00167_3,PRJ_NGO_00167_3_ITEM_1,Food,Food costs for project,unit,29.34,14772,433410.48
PRJ_NGO_00167_3,PRJ_NGO_00167_3_ITEM_2,Transport,Transport costs for project,trip,20484.33,12,245811.96000000002
PRJ_NGO_00167_3,PRJ_NGO_00167_3_ITEM_3,Staff,Staff costs for project,person-month,634981.59,3,1904944.77
PRJ_NGO_00167_3,PRJ_NGO_00167_3_ITEM_4,Admin,Admin costs for project,lump-sum,358029.6,1,358029.6
PRJ_NGO_00167_3,PRJ_NGO_00167_3_ITEM_5,Contingency,Contingency costs for project,lump-sum,38574.63,1,38574.63
PRJ_NGO_00167_4,PRJ_NGO_00167_4_ITEM_1,Food,Food costs for project,unit,3.75,15183,56936.25
PRJ_NGO_00167_4,PRJ_NGO_00167_4_ITEM_2,Transport,Transport costs for project,trip,6034.9,8,48279.2
PRJ_NGO_00167_4,PRJ_NGO_00167_4_ITEM_3,Staff,Staff costs for project,person-month,55050.7,4,220202.8
PRJ_NGO_00167_4,PRJ_NGO_00167_4_ITEM_4,Admin,Admin costs for project,lump-sum,194611.58,1,194611.58
PRJ_NGO_00167_4,PRJ_NGO_00167_4_ITEM_5,Contingency,Contingency costs for project,lump-sum,1919913.72,1,1919913.72
PRJ_NGO_00167_5,PRJ_NGO_00167_5_ITEM_1,Food,Food costs for project,unit,10.12,69720,705566.3999999999
PRJ_NGO_00167_5,PRJ_NGO_00167_5_ITEM_2,Transport,Transport costs for project,trip,163347.07,24,3920329.68
PRJ_NGO_00167_5,PRJ_NGO_00167_5_ITEM_3,Staff,Staff costs for project,person-month,264183.96,7,1849287.7200000002
PRJ_NGO_00167_5,PRJ_NGO_00167_5_ITEM_4,Admin,Admin costs for project,lump-sum,4085641.9,1,4085641.9
PRJ_NGO_00167_5,PRJ_NGO_00167_5_ITEM_5,Contingency,Contingency costs for project,lump-sum,1291144.11,1,1291144.11
PRJ_NGO_00167_2,PRJ_NGO_00167_2_ITEM_1,Food,Food costs for project,unit,1.95,82848,161553.6
PRJ_NGO_00167_2,PRJ_NGO_00167_2_ITEM_2,Transport,Transport costs for project,trip,34800.21,17,591603.57
PRJ_NGO_00167_2,PRJ_NGO_00167_2_ITEM_3,Staff,Staff costs for project,person-month,92131.17,12,1105574.04
PRJ_NGO_00167_2,PRJ_NGO_00167_2_ITEM_4,Admin,Admin costs for project,lump-sum,5725119.8,1,5725119.8
PRJ_NGO_00167_2,PRJ_NGO_00167_2_ITEM_5,Contingency,Contingency costs for project,lump-sum,3181551.25,1,3181551.25
PRJ_NGO_00167_1,PRJ_NGO_00167_1_ITEM_1,Food,Food costs for project,unit,25.29,65978,1668583.6199999999
PRJ_NGO_00167_1,PRJ_NGO_00167_1_ITEM_2,Transport,Transport costs for project,trip,300106.37,14,4201489.18
PRJ_NGO_00167_1,PRJ_NGO_00167_1_ITEM_3,Staff,Staff costs for project,person-month,237556.21,11,2613118.31
PRJ_NGO_00167_1,PRJ_NGO_00167_1_ITEM_4,Admin,Admin costs for project,lump-sum,162679.04,1,162679.04
PRJ_NGO_00167_1,PRJ_NGO_00167_1_ITEM_5,Contingency,Contingency costs for project,lump-sum,1105120.92,1,1105120.92
PRJ_NGO_00168_6,PRJ_NGO_00168_6_ITEM_1,Materials,Materials costs for project,kit,618.35,2047,1265762.45
PRJ_NGO_00168_6,PRJ_NGO_00168_6_ITEM_2,Staff,Staff costs for project,person-month,150807.03,6,904842.1799999999
PRJ_NGO_00168_6,PRJ_NGO_00168_6_ITEM_3,Transport,Transport costs for project,trip,48421.03,10,484210.3
PRJ_NGO_00168_6,PRJ_NGO_00168_6_ITEM_4,Admin,Admin costs for project,lump-sum,1081515.11,1,1081515.11
PRJ_NGO_00168_6,PRJ_NGO_00168_6_ITEM_5,Contingency,Contingency costs for project,lump-sum,1756463.39,1,1756463.39
PRJ_NGO_00168_5,PRJ_NGO_00168_5_ITEM_1,Materials,Materials costs for project,kit,900.43,1757,1582055.51
PRJ_NGO_00168_5,PRJ_NGO_00168_5_ITEM_2,Staff,Staff costs for project,person-month,21864.71,6,131188.26
PRJ_NGO_00168_5,PRJ_NGO_00168_5_ITEM_3,Transport,Transport costs for project,trip,293587.5,8,2348700.0
PRJ_NGO_00168_5,PRJ_NGO_00168_5_ITEM_4,Admin,Admin costs for project,lump-sum,166482.3,1,166482.3
PRJ_NGO_00168_5,PRJ_NGO_00168_5_ITEM_5,Contingency,Contingency costs for project,lump-sum,1246576.51,1,1246576.51
PRJ_NGO_00168_4,PRJ_NGO_00168_4_ITEM_1,Materials,Materials costs for project,kit,192.5,2122,408485.0
PRJ_NGO_00168_4,PRJ_NGO_00168_4_ITEM_2,Staff,Staff costs for project,person-month,108053.24,8,864425.92
PRJ_NGO_00168_4,PRJ_NGO_00168_4_ITEM_3,Transport,Transport costs for project,trip,510841.7,10,5108417.0
PRJ_NGO_00168_4,PRJ_NGO_00168_4_ITEM_4,Admin,Admin costs for project,lump-sum,1229272.31,1,1229272.31
PRJ_NGO_00168_4,PRJ_NGO_00168_4_ITEM_5,Contingency,Contingency costs for project,lump-sum,1180995.32,1,1180995.32
PRJ_NGO_00168_3,PRJ_NGO_00168_3_ITEM_1,Materials,Materials costs for project,kit,1242.77,4170,5182350.9
PRJ_NGO_00168_3,PRJ_NGO_00168_3_ITEM_2,Staff,Staff costs for project,person-month,66568.61,5,332843.05
PRJ_NGO_00168_3,PRJ_NGO_00168_3_ITEM_3,Transport,Transport costs for project,trip,90570.45,20,1811409.0
PRJ_NGO_00168_3,PRJ_NGO_00168_3_ITEM_4,Admin,Admin costs for project,lump-sum,3509781.53,1,3509781.53
PRJ_NGO_00168_3,PRJ_NGO_00168_3_ITEM_5,Contingency,Contingency costs for project,lump-sum,1771012.09,1,1771012.09
PRJ_NGO_00168_2,PRJ_NGO_00168_2_ITEM_1,Materials,Materials costs for project,kit,584.62,1462,854714.4400000001
PRJ_NGO_00168_2,PRJ_NGO_00168_2_ITEM_2,Staff,Staff costs for project,person-month,4775.81,8,38206.48
PRJ_NGO_00168_2,PRJ_NGO_00168_2_ITEM_3,Transport,Transport costs for project,trip,271732.95,7,1902130.6500000001
PRJ_NGO_00168_2,PRJ_NGO_00168_2_ITEM_4,Admin,Admin costs for project,lump-sum,1879665.32,1,1879665.32
PRJ_NGO_00168_2,PRJ_NGO_00168_2_ITEM_5,Contingency,Contingency costs for project,lump-sum,1416680.49,1,1416680.49
PRJ_NGO_00168_1,PRJ_NGO_00168_1_ITEM_1,Materials,Materials costs for project,kit,305.89,1547,473211.82999999996
PRJ_NGO_00168_1,PRJ_NGO_00168_1_ITEM_2,Staff,Staff costs for project,person-month,172443.64,4,689774.56
PRJ_NGO_00168_1,PRJ_NGO_00168_1_ITEM_3,Transport,Transport costs for project,trip,12862.44,7,90037.08
PRJ_NGO_00168_1,PRJ_NGO_00168_1_ITEM_4,Admin,Admin costs for project,lump-sum,264980.57,1,264980.57
PRJ_NGO_00168_1,PRJ_NGO_00168_1_ITEM_5,Contingency,Contingency costs for project,lump-sum,1250900.67,1,1250900.67
PRJ_NGO_00169_4,PRJ_NGO_00169_4_ITEM_1,Materials,Materials costs for project,kit,99.92,1932,193045.44
PRJ_NGO_00169_4,PRJ_NGO_00169_4_ITEM_2,Staff,Staff costs for project,person-month,681999.35,12,8183992.199999999
PRJ_NGO_00169_4,PRJ_NGO_00169_4_ITEM_3,Transport,Transport costs for project,trip,434359.77,9,3909237.93
PRJ_NGO_00169_4,PRJ_NGO_00169_4_ITEM_4,Admin,Admin costs for project,lump-sum,1148205.77,1,1148205.77
PRJ_NGO_00169_4,PRJ_NGO_00169_4_ITEM_5,Contingency,Contingency costs for project,lump-sum,1784621.63,1,1784621.63
PRJ_NGO_00169_3,PRJ_NGO_00169_3_ITEM_1,Materials,Materials costs for project,kit,1341.54,3708,4974430.32
PRJ_NGO_00169_3,PRJ_NGO_00169_3_ITEM_2,Staff,Staff costs for project,person-month,41705.98,8,333647.84
PRJ_NGO_00169_3,PRJ_NGO_00169_3_ITEM_3,Transport,Transport costs for project,trip,168062.66,18,3025127.88
PRJ_NGO_00169_3,PRJ_NGO_00169_3_ITEM_4,Admin,Admin costs for project,lump-sum,3933932.75,1,3933932.75
PRJ_NGO_00169_3,PRJ_NGO_00169_3_ITEM_5,Contingency,Contingency costs for project,lump-sum,6716477.86,1,6716477.86
PRJ_NGO_00169_2,PRJ_NGO_00169_2_ITEM_1,Materials,Materials costs for project,kit,706.3,908,641320.3999999999
PRJ_NGO_00169_2,PRJ_NGO_00169_2_ITEM_2,Staff,Staff costs for project,person-month,256081.64,4,1024326.56
PRJ_NGO_00169_2,PRJ_NGO_00169_2_ITEM_3,Transport,Transport costs for project,trip,66830.4,4,267321.6
PRJ_NGO_00169_2,PRJ_NGO_00169_2_ITEM_4,Admin,Admin costs for project,lump-sum,688234.84,1,688234.84
PRJ_NGO_00169_2,PRJ_NGO_00169_2_ITEM_5,Contingency,Contingency costs for project,lump-sum,104893.0,1,104893.0
PRJ_NGO_00169_1,PRJ_NGO_00169_1_ITEM_1,Materials,Materials costs for project,kit,448.92,2808,1260567.36
PRJ_NGO_00169_1,PRJ_NGO_00169_1_ITEM_2,Staff,Staff costs for project,person-month,546497.31,3,1639491.9300000002
PRJ_NGO_00169_1,PRJ_NGO_00169_1_ITEM_3,Transport,Transport costs for project,trip,66143.86,14,926014.04
PRJ_NGO_00169_1,PRJ_NGO_00169_1_ITEM_4,Admin,Admin costs for project,lump-sum,1428396.24,1,1428396.24
PRJ_NGO_00169_1,PRJ_NGO_00169_1_ITEM_5,Contingency,Contingency costs for project,lump-sum,3779026.77,1,3779026.77
PRJ_NGO_00170_5,PRJ_NGO_00170_5_ITEM_1,Materials,Materials costs for project,kit,335.18,1831,613714.58
PRJ_NGO_00170_5,PRJ_NGO_00170_5_ITEM_2,Staff,Staff costs for project,person-month,65262.44,6,391574.64
PRJ_NGO_00170_5,PRJ_NGO_00170_5_ITEM_3,Transport,Transport costs for project,trip,141976.83,9,1277791.47
PRJ_NGO_00170_5,PRJ_NGO_00170_5_ITEM_4,Admin,Admin costs for project,lump-sum,1388200.65,1,1388200.65
PRJ_NGO_00170_5,PRJ_NGO_00170_5_ITEM_5,Contingency,Contingency costs for project,lump-sum,482613.19,1,482613.19
PRJ_NGO_00170_4,PRJ_NGO_00170_4_ITEM_1,Materials,Materials costs for project,kit,259.81,470,122110.7
PRJ_NGO_00170_4,PRJ_NGO_00170_4_ITEM_2,Staff,Staff costs for project,person-month,44484.22,7,311389.54000000004
PRJ_NGO_00170_4,PRJ_NGO_00170_4_ITEM_3,Transport,Transport costs for project,trip,251325.69,2,502651.38
PRJ_NGO_00170_4,PRJ_NGO_00170_4_ITEM_4,Admin,Admin costs for project,lump-sum,103189.07,1,103189.07
PRJ_NGO_00170_4,PRJ_NGO_00170_4_ITEM_5,Contingency,Contingency costs for project,lump-sum,111358.79,1,111358.79
PRJ_NGO_00170_3,PRJ_NGO_00170_3_ITEM_1,Materials,Materials costs for project,kit,645.09,1849,1192771.4100000001
PRJ_NGO_00170_3,PRJ_NGO_00170_3_ITEM_2,Staff,Staff costs for project,person-month,116961.16,4,467844.64
PRJ_NGO_00170_3,PRJ_NGO_00170_3_ITEM_3,Transport,Transport costs for project,trip,53956.5,9,485608.5
PRJ_NGO_00170_3,PRJ_NGO_00170_3_ITEM_4,Admin,Admin costs for project,lump-sum,723622.71,1,723622.71
PRJ_NGO_00170_3,PRJ_NGO_00170_3_ITEM_5,Contingency,Contingency costs for project,lump-sum,96853.14,1,96853.14
PRJ_NGO_00170_2,PRJ_NGO_00170_2_ITEM_1,Materials,Materials costs for project,kit,803.54,3484,2799533.36
PRJ_NGO_00170_2,PRJ_NGO_00170_2_ITEM_2,Staff,Staff costs for project,person-month,34366.4,9,309297.60000000003
PRJ_NGO_00170_2,PRJ_NGO_00170_2_ITEM_3,Transport,Transport costs for project,trip,15859.65,17,269614.05
PRJ_NGO_00170_2,PRJ_NGO_00170_2_ITEM_4,Admin,Admin costs for project,lump-sum,4749832.28,1,4749832.28
PRJ_NGO_00170_2,PRJ_NGO_00170_2_ITEM_5,Contingency,Contingency costs for project,lump-sum,2658507.69,1,2658507.69
PRJ_NGO_00170_1,PRJ_NGO_00170_1_ITEM_1,Materials,Materials costs for project,kit,10.95,3647,39934.649999999994
PRJ_NGO_00170_1,PRJ_NGO_00170_1_ITEM_2,Staff,Staff costs for project,person-month,557274.31,3,1671822.9300000002
PRJ_NGO_00170_1,PRJ_NGO_00170_1_ITEM_3,Transport,Transport costs for project,trip,110038.64,18,1980695.52
PRJ_NGO_00170_1,PRJ_NGO_00170_1_ITEM_4,Admin,Admin costs for project,lump-sum,438510.72,1,438510.72
PRJ_NGO_00170_1,PRJ_NGO_00170_1_ITEM_5,Contingency,Contingency costs for project,lump-sum,436423.71,1,436423.71
PRJ_NGO_00171_4,PRJ_NGO_00171_4_ITEM_1,Materials,Materials costs for project,kit,30.21,1317,39786.57
PRJ_NGO_00171_4,PRJ_NGO_00171_4_ITEM_2,Staff,Staff costs for project,person-month,31616.85,8,252934.8
PRJ_NGO_00171_4,PRJ_NGO_00171_4_ITEM_3,Transport,Transport costs for project,trip,75881.85,6,455291.10000000003
PRJ_NGO_00171_4,PRJ_NGO_00171_4_ITEM_4,Admin,Admin costs for project,lump-sum,1541341.44,1,1541341.44
PRJ_NGO_00171_4,PRJ_NGO_00171_4_ITEM_5,Contingency,Contingency costs for project,lump-sum,118251.73,1,118251.73
PRJ_NGO_00171_3,PRJ_NGO_00171_3_ITEM_1,Materials,Materials costs for project,kit,296.47,2030,601834.1000000001
PRJ_NGO_00171_3,PRJ_NGO_00171_3_ITEM_2,Staff,Staff costs for project,person-month,62454.34,5,312271.69999999995
PRJ_NGO_00171_3,PRJ_NGO_00171_3_ITEM_3,Transport,Transport costs for project,trip,56186.98,10,561869.8
PRJ_NGO_00171_3,PRJ_NGO_00171_3_ITEM_4,Admin,Admin costs for project,lump-sum,817531.88,1,817531.88
PRJ_NGO_00171_3,PRJ_NGO_00171_3_ITEM_5,Contingency,Contingency costs for project,lump-sum,290099.47,1,290099.47
PRJ_NGO_00171_2,PRJ_NGO_00171_2_ITEM_1,Materials,Materials costs for project,kit,19.85,2478,49188.3
PRJ_NGO_00171_2,PRJ_NGO_00171_2_ITEM_2,Staff,Staff costs for project,person-month,277109.41,3,831328.23
PRJ_NGO_00171_2,PRJ_NGO_00171_2_ITEM_3,Transport,Transport costs for project,trip,33765.26,12,405183.12
PRJ_NGO_00171_2,PRJ_NGO_00171_2_ITEM_4,Admin,Admin costs for project,lump-sum,1270566.32,1,1270566.32
PRJ_NGO_00171_2,PRJ_NGO_00171_2_ITEM_5,Contingency,Contingency costs for project,lump-sum,114042.44,1,114042.44
PRJ_NGO_00171_1,PRJ_NGO_00171_1_ITEM_1,Materials,Materials costs for project,kit,50.35,4071,204974.85
PRJ_NGO_00171_1,PRJ_NGO_00171_1_ITEM_2,Staff,Staff costs for project,person-month,33140.8,8,265126.4
PRJ_NGO_00171_1,PRJ_NGO_00171_1_ITEM_3,Transport,Transport costs for project,trip,297179.99,20,5943599.8
PRJ_NGO_00171_1,PRJ_NGO_00171_1_ITEM_4,Admin,Admin costs for project,lump-sum,2673172.05,1,2673172.05
PRJ_NGO_00171_1,PRJ_NGO_00171_1_ITEM_5,Contingency,Contingency costs for project,lump-sum,444539.79,1,444539.79
PRJ_NGO_00172_2,PRJ_NGO_00172_2_ITEM_1,Materials,Materials costs for project,kit,247.86,3937,975824.8200000001
PRJ_NGO_00172_2,PRJ_NGO_00172_2_ITEM_2,Labor,Labor costs for project,person-month,656791.76,4,2627167.04
PRJ_NGO_00172_2,PRJ_NGO_00172_2_ITEM_3,Transport,Transport costs for project,trip,78732.81,19,1495923.39
PRJ_NGO_00172_2,PRJ_NGO_00172_2_ITEM_4,Admin,Admin costs for project,lump-sum,885337.84,1,885337.84
PRJ_NGO_00172_2,PRJ_NGO_00172_2_ITEM_5,Contingency,Contingency costs for project,lump-sum,1045250.87,1,1045250.87
PRJ_NGO_00172_1,PRJ_NGO_00172_1_ITEM_1,Materials,Materials costs for project,kit,651.64,1997,1301325.08
PRJ_NGO_00172_1,PRJ_NGO_00172_1_ITEM_2,Labor,Labor costs for project,person-month,116694.91,6,700169.46
PRJ_NGO_00172_1,PRJ_NGO_00172_1_ITEM_3,Transport,Transport costs for project,trip,145425.93,9,1308833.3699999999
PRJ_NGO_00172_1,PRJ_NGO_00172_1_ITEM_4,Admin,Admin costs for project,lump-sum,1664291.21,1,1664291.21
PRJ_NGO_00172_1,PRJ_NGO_00172_1_ITEM_5,Contingency,Contingency costs for project,lump-sum,670784.13,1,670784.13
PRJ_NGO_00173_3,PRJ_NGO_00173_3_ITEM_1,Food,Food costs for project,unit,43.67,9315,406786.05
PRJ_NGO_00173_3,PRJ_NGO_00173_3_ITEM_2,Transport,Transport costs for project,trip,13131.01,5,65655.05
PRJ_NGO_00173_3,PRJ_NGO_00173_3_ITEM_3,Staff,Staff costs for project,person-month,74300.82,4,297203.28
PRJ_NGO_00173_3,PRJ_NGO_00173_3_ITEM_4,Admin,Admin costs for project,lump-sum,148733.9,1,148733.9
PRJ_NGO_00173_3,PRJ_NGO_00173_3_ITEM_5,Contingency,Contingency costs for project,lump-sum,1021362.41,1,1021362.41
PRJ_NGO_00173_5,PRJ_NGO_00173_5_ITEM_1,Food,Food costs for project,unit,6.13,20730,127074.9
PRJ_NGO_00173_5,PRJ_NGO_00173_5_ITEM_2,Transport,Transport costs for project,trip,26314.2,6,157885.2
PRJ_NGO_00173_5,PRJ_NGO_00173_5_ITEM_3,Staff,Staff costs for project,person-month,141550.77,7,990855.3899999999
PRJ_NGO_00173_5,PRJ_NGO_00173_5_ITEM_4,Admin,Admin costs for project,lump-sum,1514960.28,1,1514960.28
PRJ_NGO_00173_5,PRJ_NGO_00173_5_ITEM_5,Contingency,Contingency costs for project,lump-sum,387628.22,1,387628.22
PRJ_NGO_00173_6,PRJ_NGO_00173_6_ITEM_1,Food,Food costs for project,unit,35.6,46662,1661167.2
PRJ_NGO_00173_6,PRJ_NGO_00173_6_ITEM_2,Transport,Transport costs for project,trip,42408.07,16,678529.12
PRJ_NGO_00173_6,PRJ_NGO_00173_6_ITEM_3,Staff,Staff costs for project,person-month,420212.14,7,2941484.98
PRJ_NGO_00173_6,PRJ_NGO_00173_6_ITEM_4,Admin,Admin costs for project,lump-sum,1387137.28,1,1387137.28
PRJ_NGO_00173_6,PRJ_NGO_00173_6_ITEM_5,Contingency,Contingency costs for project,lump-sum,1527623.98,1,1527623.98
PRJ_NGO_00173_4,PRJ_NGO_00173_4_ITEM_1,Food,Food costs for project,unit,18.9,28056,530258.3999999999
PRJ_NGO_00173_4,PRJ_NGO_00173_4_ITEM_2,Transport,Transport costs for project,trip,50941.02,10,509410.19999999995
PRJ_NGO_00173_4,PRJ_NGO_00173_4_ITEM_3,Staff,Staff costs for project,person-month,37503.7,7,262525.89999999997
PRJ_NGO_00173_4,PRJ_NGO_00173_4_ITEM_4,Admin,Admin costs for project,lump-sum,3324705.55,1,3324705.55
PRJ_NGO_00173_4,PRJ_NGO_00173_4_ITEM_5,Contingency,Contingency costs for project,lump-sum,1053957.45,1,1053957.45
PRJ_NGO_00173_2,PRJ_NGO_00173_2_ITEM_1,Food,Food costs for project,unit,73.71,10480,772480.7999999999
PRJ_NGO_00173_2,PRJ_NGO_00173_2_ITEM_2,Transport,Transport costs for project,trip,171268.24,5,856341.2
PRJ_NGO_00173_2,PRJ_NGO_00173_2_ITEM_3,Staff,Staff costs for project,person-month,17670.82,5,88354.1
PRJ_NGO_00173_2,PRJ_NGO_00173_2_ITEM_4,Admin,Admin costs for project,lump-sum,126035.22,1,126035.22
PRJ_NGO_00173_2,PRJ_NGO_00173_2_ITEM_5,Contingency,Contingency costs for project,lump-sum,290225.6,1,290225.6
PRJ_NGO_00173_1,PRJ_NGO_00173_1_ITEM_1,Food,Food costs for project,unit,13.81,83400,1151754.0
PRJ_NGO_00173_1,PRJ_NGO_00173_1_ITEM_2,Transport,Transport costs for project,trip,360739.14,20,7214782.800000001
PRJ_NGO_00173_1,PRJ_NGO_00173_1_ITEM_3,Staff,Staff costs for project,person-month,180778.86,10,1807788.5999999999
PRJ_NGO_00173_1,PRJ_NGO_00173_1_ITEM_4,Admin,Admin costs for project,lump-sum,1258303.5,1,1258303.5
PRJ_NGO_00173_1,PRJ_NGO_00173_1_ITEM_5,Contingency,Contingency costs for project,lump-sum,1516846.86,1,1516846.86
PRJ_NGO_00174_7,PRJ_NGO_00174_7_ITEM_1,Materials,Materials costs for project,kit,29.95,3766,112791.7
PRJ_NGO_00174_7,PRJ_NGO_00174_7_ITEM_2,Staff,Staff costs for project,person-month,75077.45,7,525542.15
PRJ_NGO_00174_7,PRJ_NGO_00174_7_ITEM_3,Transport,Transport costs for project,trip,325916.09,18,5866489.62
PRJ_NGO_00174_7,PRJ_NGO_00174_7_ITEM_4,Admin,Admin costs for project,lump-sum,775208.63,1,775208.63
PRJ_NGO_00174_7,PRJ_NGO_00174_7_ITEM_5,Contingency,Contingency costs for project,lump-sum,685580.89,1,685580.89
PRJ_NGO_00174_6,PRJ_NGO_00174_6_ITEM_1,Materials,Materials costs for project,kit,476.92,4466,2129924.72
PRJ_NGO_00174_6,PRJ_NGO_00174_6_ITEM_2,Staff,Staff costs for project,person-month,337918.62,6,2027511.72
PRJ_NGO_00174_6,PRJ_NGO_00174_6_ITEM_3,Transport,Transport costs for project,trip,13285.75,22,292286.5
PRJ_NGO_00174_6,PRJ_NGO_00174_6_ITEM_4,Admin,Admin costs for project,lump-sum,2536486.85,1,2536486.85
PRJ_NGO_00174_6,PRJ_NGO_00174_6_ITEM_5,Contingency,Contingency costs for project,lump-sum,284588.78,1,284588.78
PRJ_NGO_00174_5,PRJ_NGO_00174_5_ITEM_1,Materials,Materials costs for project,kit,66.1,3380,223417.99999999997
PRJ_NGO_00174_5,PRJ_NGO_00174_5_ITEM_2,Staff,Staff costs for project,person-month,19258.01,3,57774.03
PRJ_NGO_00174_5,PRJ_NGO_00174_5_ITEM_3,Transport,Transport costs for project,trip,93680.28,16,1498884.48
PRJ_NGO_00174_5,PRJ_NGO_00174_5_ITEM_4,Admin,Admin costs for project,lump-sum,1230527.07,1,1230527.07
PRJ_NGO_00174_5,PRJ_NGO_00174_5_ITEM_5,Contingency,Contingency costs for project,lump-sum,424686.88,1,424686.88
PRJ_NGO_00174_4,PRJ_NGO_00174_4_ITEM_1,Materials,Materials costs for project,kit,451.09,4601,2075465.0899999999
PRJ_NGO_00174_4,PRJ_NGO_00174_4_ITEM_2,Staff,Staff costs for project,person-month,609623.47,7,4267364.29
PRJ_NGO_00174_4,PRJ_NGO_00174_4_ITEM_3,Transport,Transport costs for project,trip,15669.28,23,360393.44
PRJ_NGO_00174_4,PRJ_NGO_00174_4_ITEM_4,Admin,Admin costs for project,lump-sum,910908.01,1,910908.01
PRJ_NGO_00174_4,PRJ_NGO_00174_4_ITEM_5,Contingency,Contingency costs for project,lump-sum,211352.62,1,211352.62
PRJ_NGO_00174_3,PRJ_NGO_00174_3_ITEM_1,Materials,Materials costs for project,kit,16.12,2640,42556.8
PRJ_NGO_00174_3,PRJ_NGO_00174_3_ITEM_2,Staff,Staff costs for project,person-month,46645.57,10,466455.7
PRJ_NGO_00174_3,PRJ_NGO_00174_3_ITEM_3,Transport,Transport costs for project,trip,208583.66,13,2711587.58
PRJ_NGO_00174_3,PRJ_NGO_00174_3_ITEM_4,Admin,Admin costs for project,lump-sum,2146121.79,1,2146121.79
PRJ_NGO_00174_3,PRJ_NGO_00174_3_ITEM_5,Contingency,Contingency costs for project,lump-sum,1421685.74,1,1421685.74
PRJ_NGO_00174_2,PRJ_NGO_00174_2_ITEM_1,Materials,Materials costs for project,kit,396.24,3251,1288176.24
PRJ_NGO_00174_2,PRJ_NGO_00174_2_ITEM_2,Staff,Staff costs for project,person-month,248805.0,11,2736855.0
PRJ_NGO_00174_2,PRJ_NGO_00174_2_ITEM_3,Transport,Transport costs for project,trip,76005.81,16,1216092.96
PRJ_NGO_00174_2,PRJ_NGO_00174_2_ITEM_4,Admin,Admin costs for project,lump-sum,2017914.8,1,2017914.8
PRJ_NGO_00174_2,PRJ_NGO_00174_2_ITEM_5,Contingency,Contingency costs for project,lump-sum,927354.33,1,927354.33
PRJ_NGO_00174_1,PRJ_NGO_00174_1_ITEM_1,Materials,Materials costs for project,kit,6.08,1443,8773.44
PRJ_NGO_00174_1,PRJ_NGO_00174_1_ITEM_2,Staff,Staff costs for project,person-month,25884.89,4,103539.56
PRJ_NGO_00174_1,PRJ_NGO_00174_1_ITEM_3,Transport,Transport costs for project,trip,54371.26,7,380598.82
PRJ_NGO_00174_1,PRJ_NGO_00174_1_ITEM_4,Admin,Admin costs for project,lump-sum,177999.67,1,177999.67
PRJ_NGO_00174_1,PRJ_NGO_00174_1_ITEM_5,Contingency,Contingency costs for project,lump-sum,885595.37,1,885595.37
PRJ_NGO_00175_2,PRJ_NGO_00175_2_ITEM_1,Materials,Materials costs for project,kit,161.76,2124,343578.24
PRJ_NGO_00175_2,PRJ_NGO_00175_2_ITEM_2,Staff,Staff costs for project,person-month,94260.61,6,565563.66
PRJ_NGO_00175_2,PRJ_NGO_00175_2_ITEM_3,Transport,Transport costs for project,trip,62362.1,10,623621.0
PRJ_NGO_00175_2,PRJ_NGO_00175_2_ITEM_4,Admin,Admin costs for project,lump-sum,265671.76,1,265671.76
PRJ_NGO_00175_2,PRJ_NGO_00175_2_ITEM_5,Contingency,Contingency costs for project,lump-sum,223173.21,1,223173.21
PRJ_NGO_00175_1,PRJ_NGO_00175_1_ITEM_1,Materials,Materials costs for project,kit,128.52,231,29688.120000000003
PRJ_NGO_00175_1,PRJ_NGO_00175_1_ITEM_2,Staff,Staff costs for project,person-month,8704.58,6,52227.479999999996
PRJ_NGO_00175_1,PRJ_NGO_00175_1_ITEM_3,Transport,Transport costs for project,trip,41325.36,1,41325.36
PRJ_NGO_00175_1,PRJ_NGO_00175_1_ITEM_4,Admin,Admin costs for project,lump-sum,39060.05,1,39060.05
PRJ_NGO_00175_1,PRJ_NGO_00175_1_ITEM_5,Contingency,Contingency costs for project,lump-sum,5197.95,1,5197.95
PRJ_NGO_00176_5,PRJ_NGO_00176_5_ITEM_1,Materials,Materials costs for project,kit,532.28,3840,2043955.2
PRJ_NGO_00176_5,PRJ_NGO_00176_5_ITEM_2,Staff,Staff costs for project,person-month,529629.48,9,4766665.32
PRJ_NGO_00176_5,PRJ_NGO_00176_5_ITEM_3,Transport,Transport costs for project,trip,134962.18,19,2564281.42
PRJ_NGO_00176_5,PRJ_NGO_00176_5_ITEM_4,Admin,Admin costs for project,lump-sum,9934069.37,1,9934069.37
PRJ_NGO_00176_5,PRJ_NGO_00176_5_ITEM_5,Contingency,Contingency costs for project,lump-sum,233640.69,1,233640.69
PRJ_NGO_00176_4,PRJ_NGO_00176_4_ITEM_1,Materials,Materials costs for project,kit,473.8,4832,2289401.6
PRJ_NGO_00176_4,PRJ_NGO_00176_4_ITEM_2,Staff,Staff costs for project,person-month,28982.3,11,318805.3
PRJ_NGO_00176_4,PRJ_NGO_00176_4_ITEM_3,Transport,Transport costs for project,trip,89890.99,24,2157383.7600000002
PRJ_NGO_00176_4,PRJ_NGO_00176_4_ITEM_4,Admin,Admin costs for project,lump-sum,82094.13,1,82094.13
PRJ_NGO_00176_4,PRJ_NGO_00176_4_ITEM_5,Contingency,Contingency costs for project,lump-sum,25239830.05,1,25239830.05
PRJ_NGO_00176_3,PRJ_NGO_00176_3_ITEM_1,Materials,Materials costs for project,kit,1684.23,971,1635387.33
PRJ_NGO_00176_3,PRJ_NGO_00176_3_ITEM_2,Staff,Staff costs for project,person-month,178572.42,8,1428579.36
PRJ_NGO_00176_3,PRJ_NGO_00176_3_ITEM_3,Transport,Transport costs for project,trip,368456.94,4,1473827.76
PRJ_NGO_00176_3,PRJ_NGO_00176_3_ITEM_4,Admin,Admin costs for project,lump-sum,640490.09,1,640490.09
PRJ_NGO_00176_3,PRJ_NGO_00176_3_ITEM_5,Contingency,Contingency costs for project,lump-sum,323013.68,1,323013.68
PRJ_NGO_00176_2,PRJ_NGO_00176_2_ITEM_1,Materials,Materials costs for project,kit,1556.72,3287,5116938.64
PRJ_NGO_00176_2,PRJ_NGO_00176_2_ITEM_2,Staff,Staff costs for project,person-month,138734.7,5,693673.5
PRJ_NGO_00176_2,PRJ_NGO_00176_2_ITEM_3,Transport,Transport costs for project,trip,15708.12,16,251329.92
PRJ_NGO_00176_2,PRJ_NGO_00176_2_ITEM_4,Admin,Admin costs for project,lump-sum,2052186.19,1,2052186.19
PRJ_NGO_00176_2,PRJ_NGO_00176_2_ITEM_5,Contingency,Contingency costs for project,lump-sum,4375083.22,1,4375083.22
PRJ_NGO_00176_1,PRJ_NGO_00176_1_ITEM_1,Materials,Materials costs for project,kit,88.23,2648,233633.04
PRJ_NGO_00176_1,PRJ_NGO_00176_1_ITEM_2,Staff,Staff costs for project,person-month,729915.63,6,4379493.78
PRJ_NGO_00176_1,PRJ_NGO_00176_1_ITEM_3,Transport,Transport costs for project,trip,151556.69,13,1970236.97
PRJ_NGO_00176_1,PRJ_NGO_00176_1_ITEM_4,Admin,Admin costs for project,lump-sum,6374163.43,1,6374163.43
PRJ_NGO_00176_1,PRJ_NGO_00176_1_ITEM_5,Contingency,Contingency costs for project,lump-sum,105664.86,1,105664.86
PRJ_NGO_00178_2,PRJ_NGO_00178_2_ITEM_1,Food,Food costs for project,unit,0.73,18819,13737.869999999999
PRJ_NGO_00178_2,PRJ_NGO_00178_2_ITEM_2,Transport,Transport costs for project,trip,26554.38,10,265543.8
PRJ_NGO_00178_2,PRJ_NGO_00178_2_ITEM_3,Staff,Staff costs for project,person-month,7308.56,4,29234.24
PRJ_NGO_00178_2,PRJ_NGO_00178_2_ITEM_4,Admin,Admin costs for project,lump-sum,1410181.56,1,1410181.56
PRJ_NGO_00178_2,PRJ_NGO_00178_2_ITEM_5,Contingency,Contingency costs for project,lump-sum,1151173.27,1,1151173.27
PRJ_NGO_00178_1,PRJ_NGO_00178_1_ITEM_1,Food,Food costs for project,unit,18.32,8645,158376.4
PRJ_NGO_00178_1,PRJ_NGO_00178_1_ITEM_2,Transport,Transport costs for project,trip,29668.31,2,59336.62
PRJ_NGO_00178_1,PRJ_NGO_00178_1_ITEM_3,Staff,Staff costs for project,person-month,26598.48,9,239386.32
PRJ_NGO_00178_1,PRJ_NGO_00178_1_ITEM_4,Admin,Admin costs for project,lump-sum,242853.99,1,242853.99
PRJ_NGO_00178_1,PRJ_NGO_00178_1_ITEM_5,Contingency,Contingency costs for project,lump-sum,475873.79,1,475873.79
PRJ_NGO_00179_4,PRJ_NGO_00179_4_ITEM_1,Food,Food costs for project,unit,7.99,46580,372174.2
PRJ_NGO_00179_4,PRJ_NGO_00179_4_ITEM_2,Transport,Transport costs for project,trip,221893.71,11,2440830.81
PRJ_NGO_00179_4,PRJ_NGO_00179_4_ITEM_3,Staff,Staff costs for project,person-month,207707.6,10,2077076.0
PRJ_NGO_00179_4,PRJ_NGO_00179_4_ITEM_4,Admin,Admin costs for project,lump-sum,1011996.73,1,1011996.73
PRJ_NGO_00179_4,PRJ_NGO_00179_4_ITEM_5,Contingency,Contingency costs for project,lump-sum,93500.6,1,93500.6
PRJ_NGO_00179_3,PRJ_NGO_00179_3_ITEM_1,Food,Food costs for project,unit,4.82,59670,287609.4
PRJ_NGO_00179_3,PRJ_NGO_00179_3_ITEM_2,Transport,Transport costs for project,trip,13638.01,19,259122.19
PRJ_NGO_00179_3,PRJ_NGO_00179_3_ITEM_3,Staff,Staff costs for project,person-month,260469.54,7,1823286.78
PRJ_NGO_00179_3,PRJ_NGO_00179_3_ITEM_4,Admin,Admin costs for project,lump-sum,4455220.14,1,4455220.14
PRJ_NGO_00179_3,PRJ_NGO_00179_3_ITEM_5,Contingency,Contingency costs for project,lump-sum,2510368.21,1,2510368.21
PRJ_NGO_00179_2,PRJ_NGO_00179_2_ITEM_1,Food,Food costs for project,unit,6.89,67179,462863.31
PRJ_NGO_00179_2,PRJ_NGO_00179_2_ITEM_2,Transport,Transport costs for project,trip,108312.94,15,1624694.1
PRJ_NGO_00179_2,PRJ_NGO_00179_2_ITEM_3,Staff,Staff costs for project,person-month,195799.2,10,1957992.0
PRJ_NGO_00179_2,PRJ_NGO_00179_2_ITEM_4,Admin,Admin costs for project,lump-sum,6909230.7,1,6909230.7
PRJ_NGO_00179_2,PRJ_NGO_00179_2_ITEM_5,Contingency,Contingency costs for project,lump-sum,90028.05,1,90028.05
PRJ_NGO_00179_1,PRJ_NGO_00179_1_ITEM_1,Food,Food costs for project,unit,35.91,19089,685485.99
PRJ_NGO_00179_1,PRJ_NGO_00179_1_ITEM_2,Transport,Transport costs for project,trip,141213.47,13,1835775.11
PRJ_NGO_00179_1,PRJ_NGO_00179_1_ITEM_3,Staff,Staff costs for project,person-month,15399.92,3,46199.76
PRJ_NGO_00179_1,PRJ_NGO_00179_1_ITEM_4,Admin,Admin costs for project,lump-sum,242822.67,1,242822.67
PRJ_NGO_00179_1,PRJ_NGO_00179_1_ITEM_5,Contingency,Contingency costs for project,lump-sum,796533.12,1,796533.12
PRJ_NGO_00180_1,PRJ_NGO_00180_1_ITEM_1,Materials,Materials costs for project,kit,813.34,4129,3358280.8600000003
PRJ_NGO_00180_1,PRJ_NGO_00180_1_ITEM_2,Staff,Staff costs for project,person-month,426614.1,11,4692755.1
PRJ_NGO_00180_1,PRJ_NGO_00180_1_ITEM_3,Transport,Transport costs for project,trip,227289.34,20,4545786.8
PRJ_NGO_00180_1,PRJ_NGO_00180_1_ITEM_4,Admin,Admin costs for project,lump-sum,7549985.85,1,7549985.85
PRJ_NGO_00180_1,PRJ_NGO_00180_1_ITEM_5,Contingency,Contingency costs for project,lump-sum,2865998.29,1,2865998.29
PRJ_NGO_00181_1,PRJ_NGO_00181_1_ITEM_1,Materials,Materials costs for project,kit,892.53,1509,1346827.77
PRJ_NGO_00181_1,PRJ_NGO_00181_1_ITEM_2,Staff,Staff costs for project,person-month,185206.99,9,1666862.91
PRJ_NGO_00181_1,PRJ_NGO_00181_1_ITEM_3,Transport,Transport costs for project,trip,142770.82,7,999395.74
PRJ_NGO_00181_1,PRJ_NGO_00181_1_ITEM_4,Admin,Admin costs for project,lump-sum,398926.95,1,398926.95
PRJ_NGO_00181_1,PRJ_NGO_00181_1_ITEM_5,Contingency,Contingency costs for project,lump-sum,2379187.4,1,2379187.4
PRJ_NGO_00182_7,PRJ_NGO_00182_7_ITEM_1,Materials,Materials costs for project,kit,13.88,4469,62029.72
PRJ_NGO_00182_7,PRJ_NGO_00182_7_ITEM_2,Staff,Staff costs for project,person-month,181221.21,7,1268548.47
PRJ_NGO_00182_7,PRJ_NGO_00182_7_ITEM_3,Transport,Transport costs for project,trip,116988.52,22,2573747.44
PRJ_NGO_00182_7,PRJ_NGO_00182_7_ITEM_4,Admin,Admin costs for project,lump-sum,881590.36,1,881590.36
PRJ_NGO_00182_7,PRJ_NGO_00182_7_ITEM_5,Contingency,Contingency costs for project,lump-sum,741485.08,1,741485.08
PRJ_NGO_00182_6,PRJ_NGO_00182_6_ITEM_1,Materials,Materials costs for project,kit,31.65,3655,115680.75
PRJ_NGO_00182_6,PRJ_NGO_00182_6_ITEM_2,Staff,Staff costs for project,person-month,105071.03,5,525355.15
PRJ_NGO_00182_6,PRJ_NGO_00182_6_ITEM_3,Transport,Transport costs for project,trip,133890.74,18,2410033.32
PRJ_NGO_00182_6,PRJ_NGO_00182_6_ITEM_4,Admin,Admin costs for project,lump-sum,29056.34,1,29056.34
PRJ_NGO_00182_6,PRJ_NGO_00182_6_ITEM_5,Contingency,Contingency costs for project,lump-sum,53486.9,1,53486.9
PRJ_NGO_00182_5,PRJ_NGO_00182_5_ITEM_1,Materials,Materials costs for project,kit,86.72,4362,378272.64
PRJ_NGO_00182_5,PRJ_NGO_00182_5_ITEM_2,Staff,Staff costs for project,person-month,279374.02,3,838122.06
PRJ_NGO_00182_5,PRJ_NGO_00182_5_ITEM_3,Transport,Transport costs for project,trip,7483.79,21,157159.59
PRJ_NGO_00182_5,PRJ_NGO_00182_5_ITEM_4,Admin,Admin costs for project,lump-sum,818371.82,1,818371.82
PRJ_NGO_00182_5,PRJ_NGO_00182_5_ITEM_5,Contingency,Contingency costs for project,lump-sum,129452.2,1,129452.2
PRJ_NGO_00182_4,PRJ_NGO_00182_4_ITEM_1,Materials,Materials costs for project,kit,81.75,3311,270674.25
PRJ_NGO_00182_4,PRJ_NGO_00182_4_ITEM_2,Staff,Staff costs for project,person-month,107726.02,4,430904.08
PRJ_NGO_00182_4,PRJ_NGO_00182_4_ITEM_3,Transport,Transport costs for project,trip,78254.32,16,1252069.12
PRJ_NGO_00182_4,PRJ_NGO_00182_4_ITEM_4,Admin,Admin costs for project,lump-sum,113372.14,1,113372.14
PRJ_NGO_00182_4,PRJ_NGO_00182_4_ITEM_5,Contingency,Contingency costs for project,lump-sum,255172.02,1,255172.02
PRJ_NGO_00182_3,PRJ_NGO_00182_3_ITEM_1,Materials,Materials costs for project,kit,275.65,3276,903029.3999999999
PRJ_NGO_00182_3,PRJ_NGO_00182_3_ITEM_2,Staff,Staff costs for project,person-month,105632.22,8,845057.76
PRJ_NGO_00182_3,PRJ_NGO_00182_3_ITEM_3,Transport,Transport costs for project,trip,46898.36,16,750373.76
PRJ_NGO_00182_3,PRJ_NGO_00182_3_ITEM_4,Admin,Admin costs for project,lump-sum,400850.29,1,400850.29
PRJ_NGO_00182_3,PRJ_NGO_00182_3_ITEM_5,Contingency,Contingency costs for project,lump-sum,401878.9,1,401878.9
PRJ_NGO_00182_2,PRJ_NGO_00182_2_ITEM_1,Materials,Materials costs for project,kit,263.41,940,247605.40000000002
PRJ_NGO_00182_2,PRJ_NGO_00182_2_ITEM_2,Staff,Staff costs for project,person-month,2963.85,8,23710.8
PRJ_NGO_00182_2,PRJ_NGO_00182_2_ITEM_3,Transport,Transport costs for project,trip,34523.0,4,138092.0
PRJ_NGO_00182_2,PRJ_NGO_00182_2_ITEM_4,Admin,Admin costs for project,lump-sum,435078.14,1,435078.14
PRJ_NGO_00182_2,PRJ_NGO_00182_2_ITEM_5,Contingency,Contingency costs for project,lump-sum,146815.84,1,146815.84
PRJ_NGO_00182_1,PRJ_NGO_00182_1_ITEM_1,Materials,Materials costs for project,kit,86.75,3093,268317.75
PRJ_NGO_00182_1,PRJ_NGO_00182_1_ITEM_2,Staff,Staff costs for project,person-month,2885.52,6,17313.12
PRJ_NGO_00182_1,PRJ_NGO_00182_1_ITEM_3,Transport,Transport costs for project,trip,87250.59,15,1308758.8499999999
PRJ_NGO_00182_1,PRJ_NGO_00182_1_ITEM_4,Admin,Admin costs for project,lump-sum,616153.21,1,616153.21
PRJ_NGO_00182_1,PRJ_NGO_00182_1_ITEM_5,Contingency,Contingency costs for project,lump-sum,384250.73,1,384250.73
PRJ_NGO_00183_4,PRJ_NGO_00183_4_ITEM_1,Materials,Materials costs for project,kit,92.25,1123,103596.75
PRJ_NGO_00183_4,PRJ_NGO_00183_4_ITEM_2,Staff,Staff costs for project,person-month,5541.07,3,16623.21
PRJ_NGO_00183_4,PRJ_NGO_00183_4_ITEM_3,Transport,Transport costs for project,trip,39441.53,5,197207.65
PRJ_NGO_00183_4,PRJ_NGO_00183_4_ITEM_4,Admin,Admin costs for project,lump-sum,78769.86,1,78769.86
PRJ_NGO_00183_4,PRJ_NGO_00183_4_ITEM_5,Contingency,Contingency costs for project,lump-sum,188899.23,1,188899.23
PRJ_NGO_00183_3,PRJ_NGO_00183_3_ITEM_1,Materials,Materials costs for project,kit,20.17,314,6333.38
PRJ_NGO_00183_3,PRJ_NGO_00183_3_ITEM_2,Staff,Staff costs for project,person-month,4843.62,10,48436.2
PRJ_NGO_00183_3,PRJ_NGO_00183_3_ITEM_3,Transport,Transport costs for project,trip,29054.88,1,29054.88
PRJ_NGO_00183_3,PRJ_NGO_00183_3_ITEM_4,Admin,Admin costs for project,lump-sum,67579.96,1,67579.96
PRJ_NGO_00183_3,PRJ_NGO_00183_3_ITEM_5,Contingency,Contingency costs for project,lump-sum,318896.61,1,318896.61
PRJ_NGO_00183_2,PRJ_NGO_00183_2_ITEM_1,Materials,Materials costs for project,kit,19.2,3142,60326.399999999994
PRJ_NGO_00183_2,PRJ_NGO_00183_2_ITEM_2,Staff,Staff costs for project,person-month,150171.73,10,1501717.3
PRJ_NGO_00183_2,PRJ_NGO_00183_2_ITEM_3,Transport,Transport costs for project,trip,31439.95,15,471599.25
PRJ_NGO_00183_2,PRJ_NGO_00183_2_ITEM_4,Admin,Admin costs for project,lump-sum,750732.75,1,750732.75
PRJ_NGO_00183_2,PRJ_NGO_00183_2_ITEM_5,Contingency,Contingency costs for project,lump-sum,1525919.21,1,1525919.21
PRJ_NGO_00183_1,PRJ_NGO_00183_1_ITEM_1,Materials,Materials costs for project,kit,158.34,1906,301796.04
PRJ_NGO_00183_1,PRJ_NGO_00183_1_ITEM_2,Staff,Staff costs for project,person-month,141652.27,6,849913.6199999999
PRJ_NGO_00183_1,PRJ_NGO_00183_1_ITEM_3,Transport,Transport costs for project,trip,6128.55,9,55156.950000000004
PRJ_NGO_00183_1,PRJ_NGO_00183_1_ITEM_4,Admin,Admin costs for project,lump-sum,38817.29,1,38817.29
PRJ_NGO_00183_1,PRJ_NGO_00183_1_ITEM_5,Contingency,Contingency costs for project,lump-sum,465908.85,1,465908.85
PRJ_NGO_00184_2,PRJ_NGO_00184_2_ITEM_1,Food,Food costs for project,unit,35.42,2008,71123.36
PRJ_NGO_00184_2,PRJ_NGO_00184_2_ITEM_2,Transport,Transport costs for project,trip,83886.41,1,83886.41
PRJ_NGO_00184_2,PRJ_NGO_00184_2_ITEM_3,Staff,Staff costs for project,person-month,33611.25,4,134445.0
PRJ_NGO_00184_2,PRJ_NGO_00184_2_ITEM_4,Admin,Admin costs for project,lump-sum,113613.55,1,113613.55
PRJ_NGO_00184_2,PRJ_NGO_00184_2_ITEM_5,Contingency,Contingency costs for project,lump-sum,59427.98,1,59427.98
PRJ_NGO_00184_1,PRJ_NGO_00184_1_ITEM_1,Food,Food costs for project,unit,28.91,56608,1636537.28
PRJ_NGO_00184_1,PRJ_NGO_00184_1_ITEM_2,Transport,Transport costs for project,trip,73048.68,17,1241827.5599999998
PRJ_NGO_00184_1,PRJ_NGO_00184_1_ITEM_3,Staff,Staff costs for project,person-month,1940.1,8,15520.8
PRJ_NGO_00184_1,PRJ_NGO_00184_1_ITEM_4,Admin,Admin costs for project,lump-sum,2921236.08,1,2921236.08
PRJ_NGO_00184_1,PRJ_NGO_00184_1_ITEM_5,Contingency,Contingency costs for project,lump-sum,4915022.57,1,4915022.57
PRJ_NGO_00186_3,PRJ_NGO_00186_3_ITEM_1,Materials,Materials costs for project,kit,1240.59,1577,1956410.43
PRJ_NGO_00186_3,PRJ_NGO_00186_3_ITEM_2,Staff,Staff costs for project,person-month,111955.64,5,559778.2
PRJ_NGO_00186_3,PRJ_NGO_00186_3_ITEM_3,Transport,Transport costs for project,trip,119588.01,7,837116.07
PRJ_NGO_00186_3,PRJ_NGO_00186_3_ITEM_4,Admin,Admin costs for project,lump-sum,622035.79,1,622035.79
PRJ_NGO_00186_3,PRJ_NGO_00186_3_ITEM_5,Contingency,Contingency costs for project,lump-sum,784565.99,1,784565.99
PRJ_NGO_00186_2,PRJ_NGO_00186_2_ITEM_1,Materials,Materials costs for project,kit,3210.83,1160,3724562.8
PRJ_NGO_00186_2,PRJ_NGO_00186_2_ITEM_2,Staff,Staff costs for project,person-month,41003.51,11,451038.61000000004
PRJ_NGO_00186_2,PRJ_NGO_00186_2_ITEM_3,Transport,Transport costs for project,trip,261774.39,5,1308871.9500000002
PRJ_NGO_00186_2,PRJ_NGO_00186_2_ITEM_4,Admin,Admin costs for project,lump-sum,549303.95,1,549303.95
PRJ_NGO_00186_2,PRJ_NGO_00186_2_ITEM_5,Contingency,Contingency costs for project,lump-sum,45518.17,1,45518.17
PRJ_NGO_00186_1,PRJ_NGO_00186_1_ITEM_1,Materials,Materials costs for project,kit,506.73,2403,1217672.19
PRJ_NGO_00186_1,PRJ_NGO_00186_1_ITEM_2,Staff,Staff costs for project,person-month,259587.99,7,1817115.93
PRJ_NGO_00186_1,PRJ_NGO_00186_1_ITEM_3,Transport,Transport costs for project,trip,138754.71,12,1665056.52
PRJ_NGO_00186_1,PRJ_NGO_00186_1_ITEM_4,Admin,Admin costs for project,lump-sum,119998.62,1,119998.62
PRJ_NGO_00186_1,PRJ_NGO_00186_1_ITEM_5,Contingency,Contingency costs for project,lump-sum,5675566.27,1,5675566.27
PRJ_NGO_00188_1,PRJ_NGO_00188_1_ITEM_1,Materials,Materials costs for project,kit,131.2,4548,596697.6
PRJ_NGO_00188_1,PRJ_NGO_00188_1_ITEM_2,Labor,Labor costs for project,person-month,661073.1,5,3305365.5
PRJ_NGO_00188_1,PRJ_NGO_00188_1_ITEM_3,Transport,Transport costs for project,trip,158719.06,22,3491819.32
PRJ_NGO_00188_1,PRJ_NGO_00188_1_ITEM_4,Admin,Admin costs for project,lump-sum,445742.43,1,445742.43
PRJ_NGO_00188_1,PRJ_NGO_00188_1_ITEM_5,Contingency,Contingency costs for project,lump-sum,120787.93,1,120787.93
PRJ_NGO_00189_4,PRJ_NGO_00189_4_ITEM_1,Materials,Materials costs for project,kit,22.63,4223,95566.48999999999
PRJ_NGO_00189_4,PRJ_NGO_00189_4_ITEM_2,Staff,Staff costs for project,person-month,134961.62,9,1214654.58
PRJ_NGO_00189_4,PRJ_NGO_00189_4_ITEM_3,Transport,Transport costs for project,trip,152604.47,21,3204693.87
PRJ_NGO_00189_4,PRJ_NGO_00189_4_ITEM_4,Admin,Admin costs for project,lump-sum,533522.24,1,533522.24
PRJ_NGO_00189_4,PRJ_NGO_00189_4_ITEM_5,Contingency,Contingency costs for project,lump-sum,268881.25,1,268881.25
PRJ_NGO_00189_3,PRJ_NGO_00189_3_ITEM_1,Materials,Materials costs for project,kit,338.5,2732,924782.0
PRJ_NGO_00189_3,PRJ_NGO_00189_3_ITEM_2,Staff,Staff costs for project,person-month,16127.41,10,161274.1
PRJ_NGO_00189_3,PRJ_NGO_00189_3_ITEM_3,Transport,Transport costs for project,trip,132072.93,13,1716948.0899999999
PRJ_NGO_00189_3,PRJ_NGO_00189_3_ITEM_4,Admin,Admin costs for project,lump-sum,698201.65,1,698201.65
PRJ_NGO_00189_3,PRJ_NGO_00189_3_ITEM_5,Contingency,Contingency costs for project,lump-sum,914190.71,1,914190.71
PRJ_NGO_00189_2,PRJ_NGO_00189_2_ITEM_1,Materials,Materials costs for project,kit,635.1,406,257850.6
PRJ_NGO_00189_2,PRJ_NGO_00189_2_ITEM_2,Staff,Staff costs for project,person-month,3128.19,7,21897.33
PRJ_NGO_00189_2,PRJ_NGO_00189_2_ITEM_3,Transport,Transport costs for project,trip,50550.19,2,101100.38
PRJ_NGO_00189_2,PRJ_NGO_00189_2_ITEM_4,Admin,Admin costs for project,lump-sum,52184.09,1,52184.09
PRJ_NGO_00189_2,PRJ_NGO_00189_2_ITEM_5,Contingency,Contingency costs for project,lump-sum,17468.65,1,17468.65
PRJ_NGO_00189_1,PRJ_NGO_00189_1_ITEM_1,Materials,Materials costs for project,kit,73.16,1655,121079.79999999999
PRJ_NGO_00189_1,PRJ_NGO_00189_1_ITEM_2,Staff,Staff costs for project,person-month,1574.51,3,4723.53
PRJ_NGO_00189_1,PRJ_NGO_00189_1_ITEM_3,Transport,Transport costs for project,trip,31424.26,8,251394.08
PRJ_NGO_00189_1,PRJ_NGO_00189_1_ITEM_4,Admin,Admin costs for project,lump-sum,154041.53,1,154041.53
PRJ_NGO_00189_1,PRJ_NGO_00189_1_ITEM_5,Contingency,Contingency costs for project,lump-sum,529953.03,1,529953.03
PRJ_NGO_00190_4,PRJ_NGO_00190_4_ITEM_1,Materials,Materials costs for project,kit,212.38,1919,407557.22
PRJ_NGO_00190_4,PRJ_NGO_00190_4_ITEM_2,Staff,Staff costs for project,person-month,555225.66,3,1665676.98
PRJ_NGO_00190_4,PRJ_NGO_00190_4_ITEM_3,Transport,Transport costs for project,trip,14849.99,9,133649.91
PRJ_NGO_00190_4,PRJ_NGO_00190_4_ITEM_4,Admin,Admin costs for project,lump-sum,498684.16,1,498684.16
PRJ_NGO_00190_4,PRJ_NGO_00190_4_ITEM_5,Contingency,Contingency costs for project,lump-sum,496326.66,1,496326.66
PRJ_NGO_00190_3,PRJ_NGO_00190_3_ITEM_1,Materials,Materials costs for project,kit,462.12,3859,1783321.08
PRJ_NGO_00190_3,PRJ_NGO_00190_3_ITEM_2,Staff,Staff costs for project,person-month,744933.0,6,4469598.0
PRJ_NGO_00190_3,PRJ_NGO_00190_3_ITEM_3,Transport,Transport costs for project,trip,128137.43,19,2434611.17
PRJ_NGO_00190_3,PRJ_NGO_00190_3_ITEM_4,Admin,Admin costs for project,lump-sum,118694.79,1,118694.79
PRJ_NGO_00190_3,PRJ_NGO_00190_3_ITEM_5,Contingency,Contingency costs for project,lump-sum,1285383.32,1,1285383.32
PRJ_NGO_00190_2,PRJ_NGO_00190_2_ITEM_1,Materials,Materials costs for project,kit,854.03,633,540600.99
PRJ_NGO_00190_2,PRJ_NGO_00190_2_ITEM_2,Staff,Staff costs for project,person-month,17381.36,11,191194.96000000002
PRJ_NGO_00190_2,PRJ_NGO_00190_2_ITEM_3,Transport,Transport costs for project,trip,305842.13,3,917526.39
PRJ_NGO_00190_2,PRJ_NGO_00190_2_ITEM_4,Admin,Admin costs for project,lump-sum,717496.28,1,717496.28
PRJ_NGO_00190_2,PRJ_NGO_00190_2_ITEM_5,Contingency,Contingency costs for project,lump-sum,48482.65,1,48482.65
PRJ_NGO_00190_1,PRJ_NGO_00190_1_ITEM_1,Materials,Materials costs for project,kit,758.11,2163,1639791.93
PRJ_NGO_00190_1,PRJ_NGO_00190_1_ITEM_2,Staff,Staff costs for project,person-month,22662.87,9,203965.83
PRJ_NGO_00190_1,PRJ_NGO_00190_1_ITEM_3,Transport,Transport costs for project,trip,288131.69,10,2881316.9
PRJ_NGO_00190_1,PRJ_NGO_00190_1_ITEM_4,Admin,Admin costs for project,lump-sum,622264.8,1,622264.8
PRJ_NGO_00190_1,PRJ_NGO_00190_1_ITEM_5,Contingency,Contingency costs for project,lump-sum,1856761.77,1,1856761.77
PRJ_NGO_00191_4,PRJ_NGO_00191_4_ITEM_1,Food,Food costs for project,unit,5.16,44110,227607.6
PRJ_NGO_00191_4,PRJ_NGO_00191_4_ITEM_2,Transport,Transport costs for project,trip,275670.59,10,2756705.9000000004
PRJ_NGO_00191_4,PRJ_NGO_00191_4_ITEM_3,Staff,Staff costs for project,person-month,5990.51,11,65895.61
PRJ_NGO_00191_4,PRJ_NGO_00191_4_ITEM_4,Admin,Admin costs for project,lump-sum,2631280.32,1,2631280.32
PRJ_NGO_00191_4,PRJ_NGO_00191_4_ITEM_5,Contingency,Contingency costs for project,lump-sum,237599.31,1,237599.31
PRJ_NGO_00191_3,PRJ_NGO_00191_3_ITEM_1,Food,Food costs for project,unit,4.19,41472,173767.68000000002
PRJ_NGO_00191_3,PRJ_NGO_00191_3_ITEM_2,Transport,Transport costs for project,trip,44153.13,23,1015521.99
PRJ_NGO_00191_3,PRJ_NGO_00191_3_ITEM_3,Staff,Staff costs for project,person-month,218393.51,4,873574.04
PRJ_NGO_00191_3,PRJ_NGO_00191_3_ITEM_4,Admin,Admin costs for project,lump-sum,3494438.1,1,3494438.1
PRJ_NGO_00191_3,PRJ_NGO_00191_3_ITEM_5,Contingency,Contingency costs for project,lump-sum,744589.09,1,744589.09
PRJ_NGO_00191_2,PRJ_NGO_00191_2_ITEM_1,Food,Food costs for project,unit,6.78,38172,258806.16
PRJ_NGO_00191_2,PRJ_NGO_00191_2_ITEM_2,Transport,Transport costs for project,trip,65484.15,15,982262.25
PRJ_NGO_00191_2,PRJ_NGO_00191_2_ITEM_3,Staff,Staff costs for project,person-month,147848.77,6,887092.6199999999
PRJ_NGO_00191_2,PRJ_NGO_00191_2_ITEM_4,Admin,Admin costs for project,lump-sum,886354.34,1,886354.34
PRJ_NGO_00191_2,PRJ_NGO_00191_2_ITEM_5,Contingency,Contingency costs for project,lump-sum,3778883.15,1,3778883.15
PRJ_NGO_00191_1,PRJ_NGO_00191_1_ITEM_1,Food,Food costs for project,unit,10.45,26391,275785.94999999995
PRJ_NGO_00191_1,PRJ_NGO_00191_1_ITEM_2,Transport,Transport costs for project,trip,85322.55,6,511935.30000000005
PRJ_NGO_00191_1,PRJ_NGO_00191_1_ITEM_3,Staff,Staff costs for project,person-month,179447.4,9,1615026.5999999999
PRJ_NGO_00191_1,PRJ_NGO_00191_1_ITEM_4,Admin,Admin costs for project,lump-sum,985084.91,1,985084.91
PRJ_NGO_00191_1,PRJ_NGO_00191_1_ITEM_5,Contingency,Contingency costs for project,lump-sum,213568.67,1,213568.67
PRJ_NGO_00193_6,PRJ_NGO_00193_6_ITEM_1,Materials,Materials costs for project,kit,506.5,4149,2101468.5
PRJ_NGO_00193_6,PRJ_NGO_00193_6_ITEM_2,Staff,Staff costs for project,person-month,54823.61,5,274118.05
PRJ_NGO_00193_6,PRJ_NGO_00193_6_ITEM_3,Transport,Transport costs for project,trip,81499.78,20,1629995.6
PRJ_NGO_00193_6,PRJ_NGO_00193_6_ITEM_4,Admin,Admin costs for project,lump-sum,2908686.65,1,2908686.65
PRJ_NGO_00193_6,PRJ_NGO_00193_6_ITEM_5,Contingency,Contingency costs for project,lump-sum,2150948.12,1,2150948.12
PRJ_NGO_00193_5,PRJ_NGO_00193_5_ITEM_1,Materials,Materials costs for project,kit,12.97,1266,16420.02
PRJ_NGO_00193_5,PRJ_NGO_00193_5_ITEM_2,Staff,Staff costs for project,person-month,141129.61,6,846777.6599999999
PRJ_NGO_00193_5,PRJ_NGO_00193_5_ITEM_3,Transport,Transport costs for project,trip,33107.04,6,198642.24
PRJ_NGO_00193_5,PRJ_NGO_00193_5_ITEM_4,Admin,Admin costs for project,lump-sum,463380.07,1,463380.07
PRJ_NGO_00193_5,PRJ_NGO_00193_5_ITEM_5,Contingency,Contingency costs for project,lump-sum,1641674.55,1,1641674.55
PRJ_NGO_00193_4,PRJ_NGO_00193_4_ITEM_1,Materials,Materials costs for project,kit,111.17,426,47358.42
PRJ_NGO_00193_4,PRJ_NGO_00193_4_ITEM_2,Staff,Staff costs for project,person-month,163784.84,4,655139.36
PRJ_NGO_00193_4,PRJ_NGO_00193_4_ITEM_3,Transport,Transport costs for project,trip,3340.92,2,6681.84
PRJ_NGO_00193_4,PRJ_NGO_00193_4_ITEM_4,Admin,Admin costs for project,lump-sum,46810.98,1,46810.98
PRJ_NGO_00193_4,PRJ_NGO_00193_4_ITEM_5,Contingency,Contingency costs for project,lump-sum,12711.48,1,12711.48
PRJ_NGO_00193_3,PRJ_NGO_00193_3_ITEM_1,Materials,Materials costs for project,kit,508.94,3995,2033215.3
PRJ_NGO_00193_3,PRJ_NGO_00193_3_ITEM_2,Staff,Staff costs for project,person-month,85107.02,10,851070.2000000001
PRJ_NGO_00193_3,PRJ_NGO_00193_3_ITEM_3,Transport,Transport costs for project,trip,110287.27,19,2095458.1300000001
PRJ_NGO_00193_3,PRJ_NGO_00193_3_ITEM_4,Admin,Admin costs for project,lump-sum,6219430.91,1,6219430.91
PRJ_NGO_00193_3,PRJ_NGO_00193_3_ITEM_5,Contingency,Contingency costs for project,lump-sum,2912344.1,1,2912344.1
PRJ_NGO_00193_2,PRJ_NGO_00193_2_ITEM_1,Materials,Materials costs for project,kit,61.75,2774,171294.5
PRJ_NGO_00193_2,PRJ_NGO_00193_2_ITEM_2,Staff,Staff costs for project,person-month,2768.07,7,19376.49
PRJ_NGO_00193_2,PRJ_NGO_00193_2_ITEM_3,Transport,Transport costs for project,trip,302549.18,13,3933139.34
PRJ_NGO_00193_2,PRJ_NGO_00193_2_ITEM_4,Admin,Admin costs for project,lump-sum,376170.61,1,376170.61
PRJ_NGO_00193_2,PRJ_NGO_00193_2_ITEM_5,Contingency,Contingency costs for project,lump-sum,2666215.28,1,2666215.28
PRJ_NGO_00193_1,PRJ_NGO_00193_1_ITEM_1,Materials,Materials costs for project,kit,1153.87,3625,4182778.7499999995
PRJ_NGO_00193_1,PRJ_NGO_00193_1_ITEM_2,Staff,Staff costs for project,person-month,236101.67,6,1416610.02
PRJ_NGO_00193_1,PRJ_NGO_00193_1_ITEM_3,Transport,Transport costs for project,trip,126147.38,18,2270652.84
PRJ_NGO_00193_1,PRJ_NGO_00193_1_ITEM_4,Admin,Admin costs for project,lump-sum,839227.97,1,839227.97
PRJ_NGO_00193_1,PRJ_NGO_00193_1_ITEM_5,Contingency,Contingency costs for project,lump-sum,865621.15,1,865621.15
PRJ_NGO_00195_5,PRJ_NGO_00195_5_ITEM_1,Materials,Materials costs for project,kit,18.37,2204,40487.48
PRJ_NGO_00195_5,PRJ_NGO_00195_5_ITEM_2,Staff,Staff costs for project,person-month,61752.1,3,185256.3
PRJ_NGO_00195_5,PRJ_NGO_00195_5_ITEM_3,Transport,Transport costs for project,trip,4815.2,11,52967.2
PRJ_NGO_00195_5,PRJ_NGO_00195_5_ITEM_4,Admin,Admin costs for project,lump-sum,437864.01,1,437864.01
PRJ_NGO_00195_5,PRJ_NGO_00195_5_ITEM_5,Contingency,Contingency costs for project,lump-sum,1281723.28,1,1281723.28
PRJ_NGO_00195_4,PRJ_NGO_00195_4_ITEM_1,Materials,Materials costs for project,kit,74.31,1620,120382.2
PRJ_NGO_00195_4,PRJ_NGO_00195_4_ITEM_2,Staff,Staff costs for project,person-month,131374.24,12,1576490.88
PRJ_NGO_00195_4,PRJ_NGO_00195_4_ITEM_3,Transport,Transport costs for project,trip,81071.43,8,648571.44
PRJ_NGO_00195_4,PRJ_NGO_00195_4_ITEM_4,Admin,Admin costs for project,lump-sum,794170.55,1,794170.55
PRJ_NGO_00195_4,PRJ_NGO_00195_4_ITEM_5,Contingency,Contingency costs for project,lump-sum,1490590.33,1,1490590.33
PRJ_NGO_00195_3,PRJ_NGO_00195_3_ITEM_1,Materials,Materials costs for project,kit,519.04,466,241872.63999999998
PRJ_NGO_00195_3,PRJ_NGO_00195_3_ITEM_2,Staff,Staff costs for project,person-month,46465.98,7,325261.86000000004
PRJ_NGO_00195_3,PRJ_NGO_00195_3_ITEM_3,Transport,Transport costs for project,trip,135841.67,2,271683.34
PRJ_NGO_00195_3,PRJ_NGO_00195_3_ITEM_4,Admin,Admin costs for project,lump-sum,24336.77,1,24336.77
PRJ_NGO_00195_3,PRJ_NGO_00195_3_ITEM_5,Contingency,Contingency costs for project,lump-sum,73346.47,1,73346.47
PRJ_NGO_00195_2,PRJ_NGO_00195_2_ITEM_1,Materials,Materials costs for project,kit,339.24,1607,545158.68
PRJ_NGO_00195_2,PRJ_NGO_00195_2_ITEM_2,Staff,Staff costs for project,person-month,297437.2,4,1189748.8
PRJ_NGO_00195_2,PRJ_NGO_00195_2_ITEM_3,Transport,Transport costs for project,trip,7609.3,8,60874.4
PRJ_NGO_00195_2,PRJ_NGO_00195_2_ITEM_4,Admin,Admin costs for project,lump-sum,180673.04,1,180673.04
PRJ_NGO_00195_2,PRJ_NGO_00195_2_ITEM_5,Contingency,Contingency costs for project,lump-sum,103747.2,1,103747.2
PRJ_NGO_00195_1,PRJ_NGO_00195_1_ITEM_1,Materials,Materials costs for project,kit,258.98,3176,822520.4800000001
PRJ_NGO_00195_1,PRJ_NGO_00195_1_ITEM_2,Staff,Staff costs for project,person-month,69127.05,9,622143.4500000001
PRJ_NGO_00195_1,PRJ_NGO_00195_1_ITEM_3,Transport,Transport costs for project,trip,2157.28,15,32359.200000000004
PRJ_NGO_00195_1,PRJ_NGO_00195_1_ITEM_4,Admin,Admin costs for project,lump-sum,2717820.22,1,2717820.22
PRJ_NGO_00195_1,PRJ_NGO_00195_1_ITEM_5,Contingency,Contingency costs for project,lump-sum,2035957.12,1,2035957.12
PRJ_NGO_00196_4,PRJ_NGO_00196_4_ITEM_1,Materials,Materials costs for project,kit,1558.88,1824,2843397.12
PRJ_NGO_00196_4,PRJ_NGO_00196_4_ITEM_2,Staff,Staff costs for project,person-month,193899.69,9,1745097.21
PRJ_NGO_00196_4,PRJ_NGO_00196_4_ITEM_3,Transport,Transport costs for project,trip,84721.48,9,762493.32
PRJ_NGO_00196_4,PRJ_NGO_00196_4_ITEM_4,Admin,Admin costs for project,lump-sum,1136841.57,1,1136841.57
PRJ_NGO_00196_4,PRJ_NGO_00196_4_ITEM_5,Contingency,Contingency costs for project,lump-sum,900775.25,1,900775.25
PRJ_NGO_00196_5,PRJ_NGO_00196_5_ITEM_1,Materials,Materials costs for project,kit,480.26,980,470654.8
PRJ_NGO_00196_5,PRJ_NGO_00196_5_ITEM_2,Staff,Staff costs for project,person-month,7568.04,9,68112.36
PRJ_NGO_00196_5,PRJ_NGO_00196_5_ITEM_3,Transport,Transport costs for project,trip,431464.26,4,1725857.04
PRJ_NGO_00196_5,PRJ_NGO_00196_5_ITEM_4,Admin,Admin costs for project,lump-sum,789475.31,1,789475.31
PRJ_NGO_00196_5,PRJ_NGO_00196_5_ITEM_5,Contingency,Contingency costs for project,lump-sum,529199.38,1,529199.38
PRJ_NGO_00196_3,PRJ_NGO_00196_3_ITEM_1,Materials,Materials costs for project,kit,1029.69,2678,2757509.8200000003
PRJ_NGO_00196_3,PRJ_NGO_00196_3_ITEM_2,Staff,Staff costs for project,person-month,558841.71,5,2794208.55
PRJ_NGO_00196_3,PRJ_NGO_00196_3_ITEM_3,Transport,Transport costs for project,trip,5073.22,13,65951.86
PRJ_NGO_00196_3,PRJ_NGO_00196_3_ITEM_4,Admin,Admin costs for project,lump-sum,391051.95,1,391051.95
PRJ_NGO_00196_3,PRJ_NGO_00196_3_ITEM_5,Contingency,Contingency costs for project,lump-sum,1502276.14,1,1502276.14
PRJ_NGO_00196_2,PRJ_NGO_00196_2_ITEM_1,Materials,Materials costs for project,kit,1709.08,2135,3648885.8
PRJ_NGO_00196_2,PRJ_NGO_00196_2_ITEM_2,Staff,Staff costs for project,person-month,346740.96,11,3814150.56
PRJ_NGO_00196_2,PRJ_NGO_00196_2_ITEM_3,Transport,Transport costs for project,trip,79995.75,10,799957.5
PRJ_NGO_00196_2,PRJ_NGO_00196_2_ITEM_4,Admin,Admin costs for project,lump-sum,3021541.35,1,3021541.35
PRJ_NGO_00196_2,PRJ_NGO_00196_2_ITEM_5,Contingency,Contingency costs for project,lump-sum,45663.36,1,45663.36
PRJ_NGO_00196_1,PRJ_NGO_00196_1_ITEM_1,Materials,Materials costs for project,kit,1362.15,1239,1687703.85
PRJ_NGO_00196_1,PRJ_NGO_00196_1_ITEM_2,Staff,Staff costs for project,person-month,84440.8,10,844408.0
PRJ_NGO_00196_1,PRJ_NGO_00196_1_ITEM_3,Transport,Transport costs for project,trip,75673.2,6,454039.19999999995
PRJ_NGO_00196_1,PRJ_NGO_00196_1_ITEM_4,Admin,Admin costs for project,lump-sum,1111674.13,1,1111674.13
PRJ_NGO_00196_1,PRJ_NGO_00196_1_ITEM_5,Contingency,Contingency costs for project,lump-sum,1282971.18,1,1282971.18
PRJ_NGO_00197_7,PRJ_NGO_00197_7_ITEM_1,Materials,Materials costs for project,kit,676.11,649,438795.39
PRJ_NGO_00197_7,PRJ_NGO_00197_7_ITEM_2,Staff,Staff costs for project,person-month,134157.29,4,536629.16
PRJ_NGO_00197_7,PRJ_NGO_00197_7_ITEM_3,Transport,Transport costs for project,trip,29298.31,3,87894.93000000001
PRJ_NGO_00197_7,PRJ_NGO_00197_7_ITEM_4,Admin,Admin costs for project,lump-sum,271744.97,1,271744.97
PRJ_NGO_00197_7,PRJ_NGO_00197_7_ITEM_5,Contingency,Contingency costs for project,lump-sum,79534.66,1,79534.66
PRJ_NGO_00197_6,PRJ_NGO_00197_6_ITEM_1,Materials,Materials costs for project,kit,1495.49,3979,5950554.71
PRJ_NGO_00197_6,PRJ_NGO_00197_6_ITEM_2,Staff,Staff costs for project,person-month,136017.36,11,1496190.96
PRJ_NGO_00197_6,PRJ_NGO_00197_6_ITEM_3,Transport,Transport costs for project,trip,50155.16,19,952948.04
PRJ_NGO_00197_6,PRJ_NGO_00197_6_ITEM_4,Admin,Admin costs for project,lump-sum,4759369.93,1,4759369.93
PRJ_NGO_00197_6,PRJ_NGO_00197_6_ITEM_5,Contingency,Contingency costs for project,lump-sum,2415030.82,1,2415030.82
PRJ_NGO_00197_5,PRJ_NGO_00197_5_ITEM_1,Materials,Materials costs for project,kit,291.84,2020,589516.7999999999
PRJ_NGO_00197_5,PRJ_NGO_00197_5_ITEM_2,Staff,Staff costs for project,person-month,27052.89,4,108211.56
PRJ_NGO_00197_5,PRJ_NGO_00197_5_ITEM_3,Transport,Transport costs for project,trip,22669.12,10,226691.19999999998
PRJ_NGO_00197_5,PRJ_NGO_00197_5_ITEM_4,Admin,Admin costs for project,lump-sum,1870023.94,1,1870023.94
PRJ_NGO_00197_5,PRJ_NGO_00197_5_ITEM_5,Contingency,Contingency costs for project,lump-sum,1858750.61,1,1858750.61
PRJ_NGO_00197_4,PRJ_NGO_00197_4_ITEM_1,Materials,Materials costs for project,kit,381.01,1655,630571.5499999999
PRJ_NGO_00197_4,PRJ_NGO_00197_4_ITEM_2,Staff,Staff costs for project,person-month,143283.43,6,859700.58
PRJ_NGO_00197_4,PRJ_NGO_00197_4_ITEM_3,Transport,Transport costs for project,trip,6366.78,8,50934.24
PRJ_NGO_00197_4,PRJ_NGO_00197_4_ITEM_4,Admin,Admin costs for project,lump-sum,1687632.81,1,1687632.81
PRJ_NGO_00197_4,PRJ_NGO_00197_4_ITEM_5,Contingency,Contingency costs for project,lump-sum,853263.26,1,853263.26
PRJ_NGO_00197_3,PRJ_NGO_00197_3_ITEM_1,Materials,Materials costs for project,kit,766.27,813,622977.51
PRJ_NGO_00197_3,PRJ_NGO_00197_3_ITEM_2,Staff,Staff costs for project,person-month,16402.98,6,98417.88
PRJ_NGO_00197_3,PRJ_NGO_00197_3_ITEM_3,Transport,Transport costs for project,trip,143053.87,4,572215.48
PRJ_NGO_00197_3,PRJ_NGO_00197_3_ITEM_4,Admin,Admin costs for project,lump-sum,583405.82,1,583405.82
PRJ_NGO_00197_3,PRJ_NGO_00197_3_ITEM_5,Contingency,Contingency costs for project,lump-sum,215779.27,1,215779.27
PRJ_NGO_00197_2,PRJ_NGO_00197_2_ITEM_1,Materials,Materials costs for project,kit,1282.71,1716,2201130.36
PRJ_NGO_00197_2,PRJ_NGO_00197_2_ITEM_2,Staff,Staff costs for project,person-month,28024.58,9,252221.22000000003
PRJ_NGO_00197_2,PRJ_NGO_00197_2_ITEM_3,Transport,Transport costs for project,trip,175492.56,8,1403940.48
PRJ_NGO_00197_2,PRJ_NGO_00197_2_ITEM_4,Admin,Admin costs for project,lump-sum,1071486.74,1,1071486.74
PRJ_NGO_00197_2,PRJ_NGO_00197_2_ITEM_5,Contingency,Contingency costs for project,lump-sum,1482125.4,1,1482125.4
PRJ_NGO_00197_1,PRJ_NGO_00197_1_ITEM_1,Materials,Materials costs for project,kit,662.82,202,133889.64
PRJ_NGO_00197_1,PRJ_NGO_00197_1_ITEM_2,Staff,Staff costs for project,person-month,5530.19,9,49771.71
PRJ_NGO_00197_1,PRJ_NGO_00197_1_ITEM_3,Transport,Transport costs for project,trip,41428.74,1,41428.74
PRJ_NGO_00197_1,PRJ_NGO_00197_1_ITEM_4,Admin,Admin costs for project,lump-sum,313265.99,1,313265.99
PRJ_NGO_00197_1,PRJ_NGO_00197_1_ITEM_5,Contingency,Contingency costs for project,lump-sum,172044.33,1,172044.33
PRJ_NGO_00198_1,PRJ_NGO_00198_1_ITEM_1,Food,Food costs for project,unit,29.49,59696,1760435.0399999998
PRJ_NGO_00198_1,PRJ_NGO_00198_1_ITEM_2,Transport,Transport costs for project,trip,75923.27,21,1594388.6700000002
PRJ_NGO_00198_1,PRJ_NGO_00198_1_ITEM_3,Staff,Staff costs for project,person-month,16421.13,7,114947.91
PRJ_NGO_00198_1,PRJ_NGO_00198_1_ITEM_4,Admin,Admin costs for project,lump-sum,1245250.22,1,1245250.22
PRJ_NGO_00198_1,PRJ_NGO_00198_1_ITEM_5,Contingency,Contingency costs for project,lump-sum,7543580.79,1,7543580.79
PRJ_NGO_00199_6,PRJ_NGO_00199_6_ITEM_1,Materials,Materials costs for project,kit,384.06,3561,1367637.66
PRJ_NGO_00199_6,PRJ_NGO_00199_6_ITEM_2,Staff,Staff costs for project,person-month,66979.67,5,334898.35
PRJ_NGO_00199_6,PRJ_NGO_00199_6_ITEM_3,Transport,Transport costs for project,trip,144769.55,17,2461082.3499999996
PRJ_NGO_00199_6,PRJ_NGO_00199_6_ITEM_4,Admin,Admin costs for project,lump-sum,1553371.48,1,1553371.48
PRJ_NGO_00199_6,PRJ_NGO_00199_6_ITEM_5,Contingency,Contingency costs for project,lump-sum,4295810.08,1,4295810.08
PRJ_NGO_00199_4,PRJ_NGO_00199_4_ITEM_1,Materials,Materials costs for project,kit,433.33,2212,958525.96
PRJ_NGO_00199_4,PRJ_NGO_00199_4_ITEM_2,Staff,Staff costs for project,person-month,60073.83,12,720885.96
PRJ_NGO_00199_4,PRJ_NGO_00199_4_ITEM_3,Transport,Transport costs for project,trip,588930.58,11,6478236.38
PRJ_NGO_00199_4,PRJ_NGO_00199_4_ITEM_4,Admin,Admin costs for project,lump-sum,1529008.8,1,1529008.8
PRJ_NGO_00199_4,PRJ_NGO_00199_4_ITEM_5,Contingency,Contingency costs for project,lump-sum,1217636.82,1,1217636.82
PRJ_NGO_00199_5,PRJ_NGO_00199_5_ITEM_1,Materials,Materials costs for project,kit,773.61,3514,2718465.54
PRJ_NGO_00199_5,PRJ_NGO_00199_5_ITEM_2,Staff,Staff costs for project,person-month,170417.73,6,1022506.3800000001
PRJ_NGO_00199_5,PRJ_NGO_00199_5_ITEM_3,Transport,Transport costs for project,trip,31804.97,17,540684.49
PRJ_NGO_00199_5,PRJ_NGO_00199_5_ITEM_4,Admin,Admin costs for project,lump-sum,2930118.11,1,2930118.11
PRJ_NGO_00199_5,PRJ_NGO_00199_5_ITEM_5,Contingency,Contingency costs for project,lump-sum,1910120.26,1,1910120.26
PRJ_NGO_00199_7,PRJ_NGO_00199_7_ITEM_1,Materials,Materials costs for project,kit,239.95,4353,1044502.35
PRJ_NGO_00199_7,PRJ_NGO_00199_7_ITEM_2,Staff,Staff costs for project,person-month,824130.79,10,8241307.9
PRJ_NGO_00199_7,PRJ_NGO_00199_7_ITEM_3,Transport,Transport costs for project,trip,52688.87,21,1106466.27
PRJ_NGO_00199_7,PRJ_NGO_00199_7_ITEM_4,Admin,Admin costs for project,lump-sum,306341.78,1,306341.78
PRJ_NGO_00199_7,PRJ_NGO_00199_7_ITEM_5,Contingency,Contingency costs for project,lump-sum,6662790.58,1,6662790.58
PRJ_NGO_00199_3,PRJ_NGO_00199_3_ITEM_1,Materials,Materials costs for project,kit,42.89,499,21402.11
PRJ_NGO_00199_3,PRJ_NGO_00199_3_ITEM_2,Staff,Staff costs for project,person-month,25132.12,3,75396.36
PRJ_NGO_00199_3,PRJ_NGO_00199_3_ITEM_3,Transport,Transport costs for project,trip,277747.84,2,555495.68
PRJ_NGO_00199_3,PRJ_NGO_00199_3_ITEM_4,Admin,Admin costs for project,lump-sum,263021.15,1,263021.15
PRJ_NGO_00199_3,PRJ_NGO_00199_3_ITEM_5,Contingency,Contingency costs for project,lump-sum,23583.91,1,23583.91
PRJ_NGO_00199_2,PRJ_NGO_00199_2_ITEM_1,Materials,Materials costs for project,kit,471.56,2576,1214738.56
PRJ_NGO_00199_2,PRJ_NGO_00199_2_ITEM_2,Staff,Staff costs for project,person-month,448785.89,9,4039073.0100000002
PRJ_NGO_00199_2,PRJ_NGO_00199_2_ITEM_3,Transport,Transport costs for project,trip,1413.69,12,16964.28
PRJ_NGO_00199_2,PRJ_NGO_00199_2_ITEM_4,Admin,Admin costs for project,lump-sum,2959441.93,1,2959441.93
PRJ_NGO_00199_2,PRJ_NGO_00199_2_ITEM_5,Contingency,Contingency costs for project,lump-sum,1049586.75,1,1049586.75
PRJ_NGO_00199_1,PRJ_NGO_00199_1_ITEM_1,Materials,Materials costs for project,kit,532.71,2723,1450569.33
PRJ_NGO_00199_1,PRJ_NGO_00199_1_ITEM_2,Staff,Staff costs for project,person-month,554520.45,3,1663561.3499999999
PRJ_NGO_00199_1,PRJ_NGO_00199_1_ITEM_3,Transport,Transport costs for project,trip,122287.11,13,1589732.43
PRJ_NGO_00199_1,PRJ_NGO_00199_1_ITEM_4,Admin,Admin costs for project,lump-sum,71364.07,1,71364.07
PRJ_NGO_00199_1,PRJ_NGO_00199_1_ITEM_5,Contingency,Contingency costs for project,lump-sum,195568.49,1,195568.49
PRJ_NGO_00200_6,PRJ_NGO_00200_6_ITEM_1,Materials,Materials costs for project,kit,1854.21,2420,4487188.2
PRJ_NGO_00200_6,PRJ_NGO_00200_6_ITEM_2,Staff,Staff costs for project,person-month,36597.15,9,329374.35000000003
PRJ_NGO_00200_6,PRJ_NGO_00200_6_ITEM_3,Transport,Transport costs for project,trip,116475.46,12,1397705.52
PRJ_NGO_00200_6,PRJ_NGO_00200_6_ITEM_4,Admin,Admin costs for project,lump-sum,3995621.11,1,3995621.11
PRJ_NGO_00200_6,PRJ_NGO_00200_6_ITEM_5,Contingency,Contingency costs for project,lump-sum,48304.71,1,48304.71
PRJ_NGO_00200_4,PRJ_NGO_00200_4_ITEM_1,Materials,Materials costs for project,kit,179.62,4399,790148.38
PRJ_NGO_00200_4,PRJ_NGO_00200_4_ITEM_2,Staff,Staff costs for project,person-month,663691.07,6,3982146.42
PRJ_NGO_00200_4,PRJ_NGO_00200_4_ITEM_3,Transport,Transport costs for project,trip,23276.74,21,488811.54000000004
PRJ_NGO_00200_4,PRJ_NGO_00200_4_ITEM_4,Admin,Admin costs for project,lump-sum,2967746.64,1,2967746.64
PRJ_NGO_00200_4,PRJ_NGO_00200_4_ITEM_5,Contingency,Contingency costs for project,lump-sum,6593537.06,1,6593537.06
PRJ_NGO_00200_7,PRJ_NGO_00200_7_ITEM_1,Materials,Materials costs for project,kit,788.18,1043,822071.74
PRJ_NGO_00200_7,PRJ_NGO_00200_7_ITEM_2,Staff,Staff costs for project,person-month,151694.26,12,1820331.12
PRJ_NGO_00200_7,PRJ_NGO_00200_7_ITEM_3,Transport,Transport costs for project,trip,67116.5,5,335582.5
PRJ_NGO_00200_7,PRJ_NGO_00200_7_ITEM_4,Admin,Admin costs for project,lump-sum,1180001.02,1,1180001.02
PRJ_NGO_00200_7,PRJ_NGO_00200_7_ITEM_5,Contingency,Contingency costs for project,lump-sum,1749916.08,1,1749916.08
PRJ_NGO_00200_5,PRJ_NGO_00200_5_ITEM_1,Materials,Materials costs for project,kit,228.52,4613,1054162.76
PRJ_NGO_00200_5,PRJ_NGO_00200_5_ITEM_2,Staff,Staff costs for project,person-month,1544676.7,4,6178706.8
PRJ_NGO_00200_5,PRJ_NGO_00200_5_ITEM_3,Transport,Transport costs for project,trip,14384.11,23,330834.53
PRJ_NGO_00200_5,PRJ_NGO_00200_5_ITEM_4,Admin,Admin costs for project,lump-sum,2807653.48,1,2807653.48
PRJ_NGO_00200_5,PRJ_NGO_00200_5_ITEM_5,Contingency,Contingency costs for project,lump-sum,554247.59,1,554247.59
PRJ_NGO_00200_3,PRJ_NGO_00200_3_ITEM_1,Materials,Materials costs for project,kit,954.62,216,206197.92
PRJ_NGO_00200_3,PRJ_NGO_00200_3_ITEM_2,Staff,Staff costs for project,person-month,13126.87,10,131268.7
PRJ_NGO_00200_3,PRJ_NGO_00200_3_ITEM_3,Transport,Transport costs for project,trip,189365.36,1,189365.36
PRJ_NGO_00200_3,PRJ_NGO_00200_3_ITEM_4,Admin,Admin costs for project,lump-sum,285534.04,1,285534.04
PRJ_NGO_00200_3,PRJ_NGO_00200_3_ITEM_5,Contingency,Contingency costs for project,lump-sum,116433.39,1,116433.39
PRJ_NGO_00200_2,PRJ_NGO_00200_2_ITEM_1,Materials,Materials costs for project,kit,158.99,419,66616.81
PRJ_NGO_00200_2,PRJ_NGO_00200_2_ITEM_2,Staff,Staff costs for project,person-month,54657.13,9,491914.17
PRJ_NGO_00200_2,PRJ_NGO_00200_2_ITEM_3,Transport,Transport costs for project,trip,350862.9,2,701725.8
PRJ_NGO_00200_2,PRJ_NGO_00200_2_ITEM_4,Admin,Admin costs for project,lump-sum,499349.04,1,499349.04
PRJ_NGO_00200_2,PRJ_NGO_00200_2_ITEM_5,Contingency,Contingency costs for project,lump-sum,37094.22,1,37094.22
PRJ_NGO_00200_1,PRJ_NGO_00200_1_ITEM_1,Materials,Materials costs for project,kit,1565.69,357,558951.3300000001
PRJ_NGO_00200_1,PRJ_NGO_00200_1_ITEM_2,Staff,Staff costs for project,person-month,52207.18,7,365450.26
PRJ_NGO_00200_1,PRJ_NGO_00200_1_ITEM_3,Transport,Transport costs for project,trip,197006.83,1,197006.83
PRJ_NGO_00200_1,PRJ_NGO_00200_1_ITEM_4,Admin,Admin costs for project,lump-sum,44741.62,1,44741.62
PRJ_NGO_00200_1,PRJ_NGO_00200_1_ITEM_5,Contingency,Contingency costs for project,lump-sum,423850.12,1,423850.12
